{"type":"FeatureCollection","source":{"dataset":"geoBoundaries gbOpen PHL ADM3","commit":"9469f09","license":"CC BY 3.0 IGO","boundary_year":2020,"url":"https://media.githubusercontent.com/media/wmgeolab/geoBoundaries/9469f09/releaseData/gbOpen/PHL/ADM3/geoBoundaries-PHL-ADM3_simplified.geojson","upstream_sources":["NAMRIA","PSA","OCHA Philippines"],"reference":"https://ulap-nga.georisk.gov.ph/arcgis/rest/services/PSA/Municipal/MapServer/0","psgc_reference":"https://psa.gov.ph/classification/psgc/provinces/0400000000","area_notes":"Noveleta uses government polygon spherical area; Cavinti uses government exterior-ring area including interior water. Other references use munarea_sqkm. See CALABARZON_BOUNDARY_SOURCES.md.","notice":"Approximate planning/reference boundaries, not legal, cadastral, or survey-grade."},"features":[{"type":"Feature","properties":{"shapeName":"Agoncillo","shapeISO":"","shapeID":"30758251B30231322331435","shapeGroup":"PHL","shapeType":"ADM3","psgc_code":"0401001000","legacy_psgc_code":"041001000","province":"Batangas"},"geometry":{"type":"Polygon","coordinates":[[[120.95581318900008,14.014248794000025],[120.95235748000005,14.021105586000033],[120.92556242300009,14.01014944900004],[120.91497341600007,14.008423622000066],[120.91332842200006,14.009237579000057],[120.91217341100003,14.007504698000048],[120.91291340100008,14.005919795000068],[120.90501174000008,13.995453320000024],[120.903014,13.991170930000067],[120.90319262000003,13.987262360000045],[120.9005410960001,13.983333308000056],[120.90204093800003,13.975234164000028],[120.90091605700002,13.963535401000058],[120.90331580300005,13.95656113800004],[120.90399073200001,13.946512201000075],[120.90887307900005,13.941345524000042],[120.91054796000003,13.933888452000076],[120.90567162900004,13.923537088000046],[120.91052305300002,13.919550628000025],[120.91602095000007,13.909093193000047],[120.92547165700012,13.919064736000053],[120.93837533300007,13.922341602000074],[120.94299022500002,13.92168633700004],[120.94666291300007,13.927341385000034],[120.94945798800006,13.928786192000075],[120.94947076400001,13.930707361000032],[120.9461477530001,13.939097530000026],[120.94722400500007,13.94529968300003],[120.94332891300007,13.950627466000071],[120.94144191400005,13.959368862000076],[120.94343997500005,13.966807147000054],[120.94653431800009,13.971505756000056],[120.95826391800006,13.980124142000022],[120.9593977830001,13.982638069000075],[120.95173663300011,13.988173091000021],[120.95118870300007,13.990492265000057],[120.952733265,13.99374453400003],[120.94986762600001,14.000891143000047],[120.95063316500011,14.004922200000067],[120.95383079900012,14.009460927000077],[120.95286518000012,14.014445267000042],[120.95581318900008,14.014248794000025]]]}},{"type":"Feature","properties":{"shapeName":"Alitagtag","shapeISO":"","shapeID":"30758251B37438092207200","shapeGroup":"PHL","shapeType":"ADM3","psgc_code":"0401002000","legacy_psgc_code":"041002000","province":"Batangas"},"geometry":{"type":"Polygon","coordinates":[[[121.0451984770001,13.863345224000057],[121.03802618200007,13.862402947000021],[121.03604087500003,13.873900777000074],[121.03985946300008,13.876508829000045],[121.03981055500003,13.878269502000023],[121.03649297400011,13.881046419000029],[121.03193070000009,13.897543625000026],[121.02719563800008,13.895061927000029],[121.01948650000008,13.896373505000042],[121.0200806900001,13.891172104000077],[121.01773804800007,13.887702433000072],[121.00955495900007,13.888028762000033],[121.00664771800007,13.89059399100006],[121.0015282380001,13.88373163700004],[120.99342625100007,13.877633014000025],[120.98959066000009,13.87844859200004],[120.98919153000008,13.874874110000064],[120.99302150100004,13.864181988000041],[120.99090683400004,13.860029420000046],[120.98483811400001,13.85030189300005],[120.98273638100011,13.843373878000023],[120.98420137000005,13.841596984000034],[120.98353709500009,13.838329540000075],[120.98929532200009,13.840442438000025],[120.99909359600008,13.840767499000037],[121.00633438800003,13.846148561000064],[121.0143223880001,13.846617485000024],[121.02132226600008,13.84522994300005],[121.03224339600001,13.849182215000042],[121.03595430000007,13.851534292000053],[121.03838274300006,13.856231646000026],[121.04409245600004,13.859783461000063],[121.0450154670001,13.861805325000034],[121.0451984770001,13.863345224000057]]]}},{"type":"Feature","properties":{"shapeName":"Balayan","shapeISO":"","shapeID":"30758251B27285986197002","shapeGroup":"PHL","shapeType":"ADM3","psgc_code":"0401003000","legacy_psgc_code":"041003000","province":"Batangas"},"geometry":{"type":"Polygon","coordinates":[[[120.7772048810001,13.926413582000066],[120.77830770000003,13.93859053600005],[120.77308068700006,13.949859987000025],[120.77309892100004,13.952503814000067],[120.77146400200002,13.952509892000023],[120.77247291100002,13.956308493000051],[120.77052194900011,13.959268364000025],[120.77171926800008,13.959207586000048],[120.77183474600008,13.962021590000063],[120.76908277200005,13.966696350000063],[120.77072047900003,13.971329490000073],[120.77027276100011,13.985603309000055],[120.77376139700004,13.988532791000068],[120.77483716100005,13.992683903000056],[120.78084958700003,13.995219849000023],[120.78436253400002,13.99847753000006],[120.78413157900002,14.00121252300005],[120.78644720700004,14.004026527000065],[120.79123648400002,14.006402932000071],[120.79501674700009,14.010540326000068],[120.79948781100006,14.00930801800007],[120.80023035500005,14.010777308000058],[120.8015258580001,14.010034764000068],[120.80838348800012,14.014164878000031],[120.81408957400004,14.02846792400004],[120.81827060100011,14.032964610000022],[120.82177090700009,14.053919467000071],[120.80883891200006,14.05273485600003],[120.80280570800005,14.049623630000042],[120.8007766930001,14.047086805000049],[120.78940160400009,14.03196584400007],[120.78825654100001,14.02170951100004],[120.78583851400003,14.017221814000038],[120.78086351600007,14.017350835000059],[120.77561370100011,14.014735519000055],[120.77287764800008,14.011291956000036],[120.7684814700001,14.009220430000028],[120.76448844600009,13.997956109000029],[120.74707355100008,13.987692114000026],[120.74416029600002,13.987418853000065],[120.73943769400012,13.982873914000038],[120.73721647500008,13.983199984000066],[120.73449600900005,13.981375280000066],[120.73262349200002,13.977277959000048],[120.73098614700007,13.977660976000038],[120.7277286750001,13.973636881000061],[120.72405280500004,13.972133116000066],[120.71795118400007,13.960240879000025],[120.71648718600011,13.960464873000035],[120.71396121500004,13.96517358500006],[120.71148253000001,13.97737053000003],[120.7125197690001,13.980283763000045],[120.7078273520001,13.987226201000055],[120.7015793710001,13.989989060000028],[120.69906938800011,13.992631905000053],[120.6904404070001,13.99536278000005],[120.68744139800003,13.99381489700005],[120.68622840300009,13.994589854000026],[120.67442631100005,13.978949930000056],[120.66692620800006,13.961976066000034],[120.66609407300007,13.939866494000057],[120.66781902800005,13.932572954000022],[120.67244198800006,13.926264333000063],[120.67754589800006,13.91172424000007],[120.69879697400006,13.907055411000044],[120.70525231900001,13.918598186000054],[120.71133726300002,13.925276386000064],[120.7208420180001,13.928887618000033],[120.72570848100008,13.928305718000047],[120.72764347300006,13.925553254000022],[120.72780869000007,13.927537691000055],[120.72871516600003,13.927006150000068],[120.73283078800011,13.932406171000025],[120.74099969100007,13.936309202000075],[120.7540217400001,13.931628326000066],[120.7772048810001,13.926413582000066]]]}},{"type":"Feature","properties":{"shapeName":"Balete","shapeISO":"","shapeID":"30758251B9712922067328","shapeGroup":"PHL","shapeType":"ADM3","psgc_code":"0401004000","legacy_psgc_code":"041004000","province":"Batangas"},"geometry":{"type":"MultiPolygon","coordinates":[[[[121.01028517100008,13.993290193000064],[121.01275661900002,13.992538314000058],[121.01468164900007,13.994762187000049],[121.01456144100007,13.999384186000043],[121.01780557500001,14.006545262000031],[121.01999243000012,14.017260436000072],[121.01628010400009,14.013680974000067],[121.00305074800008,14.01057568300007],[121.00208805000011,14.007753050000076],[121.01028517100008,13.993290193000064]]],[[[121.14435338500004,14.001297737000073],[121.14362123600006,14.004651875000036],[121.14123969900004,14.005989503000023],[121.14230091700006,14.00758184800003],[121.14048413300009,14.011831826000048],[121.13857002100008,14.013064644000053],[121.13850513600005,14.017347064000035],[121.1342876000001,14.020007356000065],[121.13314255800003,14.02247600100003],[121.12650403500004,14.024755167000023],[121.12232661300004,14.029455729000063],[121.11672853200002,14.030640990000052],[121.11322632100007,14.02989945400003],[121.11190495200003,14.027785263000055],[121.10584545600011,14.027550269000074],[121.10429935600007,14.030242108000039],[121.104346727,14.036936837000042],[121.10021844800008,14.03935585000005],[121.09006050100004,14.033777960000066],[121.07570148100001,14.029366329000027],[121.06093028300006,14.027532824000048],[121.06170047100011,14.024450270000045],[121.05850568900007,14.020300297000063],[121.05993491600009,14.01774285700003],[121.06301904400004,14.020450935000042],[121.06430628900011,14.02429169100003],[121.07692964800003,14.027688443000045],[121.09103512500008,14.021899045000055],[121.09558580400005,14.01570917600003],[121.0940057140001,14.011198904000025],[121.09601847300007,14.01047961100005],[121.0956714460001,14.009261859000048],[121.09805934600001,14.009171195000022],[121.1016688410001,13.99459149300003],[121.10937724500002,13.993561440000065],[121.12035617900005,13.983672014000035],[121.12207315700005,13.980149231000041],[121.12657418200001,13.984559920000038],[121.1310832370001,13.993901291000043],[121.14435338500004,14.001297737000073]]]]}},{"type":"Feature","properties":{"shapeName":"Batangas City","shapeISO":"","shapeID":"30758251B42170064226471","shapeGroup":"PHL","shapeType":"ADM3","psgc_code":"0401005000","legacy_psgc_code":"041005000","province":"Batangas"},"geometry":{"type":"MultiPolygon","coordinates":[[[[121.08896686700007,13.569401490000075],[121.08563880200006,13.573763254000028],[121.08204795000006,13.570113468000045],[121.07616041100005,13.569024802000058],[121.06784664700001,13.563777979000065],[121.06043150200003,13.562763894000057],[121.04904134600008,13.565912327000035],[121.04448129800005,13.572882327000059],[121.04257831600012,13.572547160000056],[121.04241371700004,13.570844325000053],[121.04404850100002,13.566093543000022],[121.04397547700012,13.55907579500007],[121.0497187200001,13.555865105000066],[121.05291730200008,13.555690214000037],[121.05709437300004,13.548012479000022],[121.06609570900002,13.541275259000031],[121.06703835400003,13.538113481000039],[121.0676831080001,13.538777776000074],[121.07190682600003,13.534532307000063],[121.07441274300004,13.529881376000048],[121.08033677600008,13.526216527000031],[121.0834525680001,13.526416931000028],[121.09939364400009,13.533844163000026],[121.09713550000004,13.536909998000056],[121.0928492270001,13.564528282000026],[121.08896686700007,13.569401490000075]]],[[[121.16248412900006,13.766540862000056],[121.15564886200002,13.770107621000022],[121.14726390800001,13.777055219000033],[121.14659292500005,13.779793045000076],[121.141650948,13.783248850000064],[121.13775022200002,13.790152808000073],[121.13238825000008,13.79162352000003],[121.12708755800008,13.788957855000035],[121.12432997300004,13.790673686000048],[121.12031615400008,13.787701621000053],[121.11896612600003,13.788892451000038],[121.1130064460001,13.789164583000058],[121.11179482700004,13.79142124200007],[121.10542519300009,13.789846410000052],[121.10312720500008,13.787027545000058],[121.10004600700006,13.789827664000029],[121.09621593100007,13.789246222000031],[121.0950623970001,13.792593245000035],[121.09749010200005,13.793740402000026],[121.09639630100003,13.798889272000054],[121.09871729400004,13.80203728600003],[121.0986136250001,13.805045248000056],[121.10094330600009,13.805330964000063],[121.10402024400003,13.809155158000067],[121.10360060100004,13.817231347000074],[121.10028112500004,13.81800215800007],[121.1007773560001,13.820027938000067],[121.09907030400007,13.822936476000052],[121.1017852650001,13.832529889000057],[121.104379289,13.836634608000054],[121.10361630800003,13.839717413000074],[121.0994893940001,13.842756955000027],[121.09405797600004,13.84305054500004],[121.08908813800008,13.840944320000062],[121.08699230400009,13.83794262400005],[121.07351830200002,13.836593790000052],[121.06038027500006,13.83113221900004],[121.05867121500012,13.82125886800003],[121.05455218500003,13.81592323700005],[121.05365915900006,13.811689517000048],[121.0517591570001,13.811093566000068],[121.04912388100001,13.802975685000035],[121.04460953900002,13.798302675000059],[121.04477651600007,13.79292590800003],[121.03750412900001,13.788942976000044],[121.03347688600002,13.783877138000037],[121.0286633610001,13.769723293000027],[121.0333906520001,13.766702085000077],[121.03223722300004,13.765401226000051],[121.0313035910001,13.766476276000049],[121.03240972300011,13.765060522000056],[121.03352233400005,13.764753649000056],[121.03224202400008,13.76530215200006],[121.0334401130001,13.76667005400003],[121.03632838500005,13.76498044400006],[121.03773556700003,13.762184177000051],[121.04275526000004,13.766517362000059],[121.04536968600007,13.762035580000031],[121.04121023700009,13.760015448000047],[121.0427673590001,13.757288080000023],[121.04093612300005,13.759857786000055],[121.038953923,13.756510486000025],[121.03965673200003,13.755238145000021],[121.04070574000002,13.755785347000028],[121.04056274800007,13.753773613000021],[121.04277656900001,13.753922897000052],[121.04109053000002,13.752586114000053],[121.04249317100005,13.752413500000046],[121.0421182990001,13.750763391000078],[121.04481066800008,13.75183049800006],[121.04804639100007,13.745745174000035],[121.04672041100002,13.744556028000034],[121.04917159900003,13.74281084100005],[121.05238065900005,13.743266471000027],[121.05094484300002,13.74071341900003],[121.05557199600003,13.736621022000065],[121.05822993100003,13.73882657200005],[121.06016673900001,13.738544390000072],[121.05938812400007,13.735241188000032],[121.05635618000008,13.73349059800006],[121.05922860500004,13.731508880000035],[121.05817827400006,13.731000460000075],[121.06018979500004,13.725967155000035],[121.05673449000005,13.723927569000068],[121.05851163800003,13.723274128000071],[121.0591961560001,13.720798671000068],[121.05776019400002,13.720395602000053],[121.05946631100005,13.720664684000042],[121.05847534400004,13.717525636000062],[121.06026931100007,13.720672273000048],[121.06015557500007,13.71756363000003],[121.06156899100006,13.716257206000023],[121.06124025600002,13.711497249000047],[121.05964735200007,13.710734648000027],[121.06104766800001,13.711327145000041],[121.06092818500008,13.710281709000071],[121.05916389700008,13.70982033000007],[121.06089181000004,13.71016217700003],[121.06051419300002,13.707631827000057],[121.05404651300012,13.702298511000038],[121.05101522500001,13.692837129000054],[121.04898349300004,13.69327118900003],[121.05097559700005,13.692802753000024],[121.0502813810001,13.689150803000075],[121.04899101800004,13.689484595000067],[121.05031763500006,13.688987153000028],[121.04941504700002,13.687449111000035],[121.05050194800003,13.686712210000053],[121.04896558700011,13.683511598000052],[121.05076615300004,13.682199051000055],[121.05070134300001,13.678119256000059],[121.05358264800009,13.670413241000062],[121.05329770100002,13.66560448000007],[121.05049755100003,13.661536393000063],[121.04872595200004,13.653981593000026],[121.03894569200008,13.642417124000076],[121.03564347600002,13.635693643000025],[121.03637554800002,13.63389436600005],[121.04254237400005,13.63264120100007],[121.04720261800003,13.63581096300004],[121.05168296600004,13.635734889000048],[121.05532615600009,13.629317333000074],[121.05858512200007,13.627358970000046],[121.06454706900001,13.630751909000026],[121.06958473000009,13.630870551000044],[121.07390948300008,13.626107157000035],[121.0762690030001,13.619884828000068],[121.07813141400004,13.618885026000044],[121.08948169100006,13.624111629000026],[121.10417468500009,13.624955483000065],[121.11598640300008,13.631570429000021],[121.14172024700008,13.634862199000054],[121.15663004500004,13.64215630800004],[121.16681613500009,13.644037285000024],[121.1758797220001,13.643866771000035],[121.17371413800004,13.651052245000074],[121.17145332900009,13.652671679000036],[121.17113518600001,13.658939748000023],[121.16700023300007,13.666325291000021],[121.16938833100005,13.682850204000033],[121.17660633900005,13.684772038000062],[121.17733834700005,13.686201941000036],[121.17206637800007,13.690929664000066],[121.18018438400009,13.692607508000037],[121.17733841600011,13.697754191000058],[121.17867345000002,13.703474811000035],[121.1747594630001,13.70541270800004],[121.17324948600003,13.709006483000053],[121.17527153200001,13.716915958000072],[121.1784665450001,13.71934678200006],[121.17607258100008,13.725097423000022],[121.17941267300012,13.736036458000058],[121.17788434400006,13.746836995000024],[121.17575180900008,13.748278686000049],[121.17312096700005,13.753780061000043],[121.17061032000004,13.753672975000029],[121.16888989800009,13.756260275000045],[121.1654908480001,13.75783184100004],[121.16248412900006,13.766540862000056]]]]}},{"type":"Feature","properties":{"shapeName":"Bauan","shapeISO":"","shapeID":"30758251B51291858387925","shapeGroup":"PHL","shapeType":"ADM3","psgc_code":"0401006000","legacy_psgc_code":"041006000","province":"Batangas"},"geometry":{"type":"Polygon","coordinates":[[[120.98353709500009,13.838329540000075],[120.98260834900009,13.83647204700003],[120.97787597900003,13.839568362000023],[120.97301860300001,13.833438280000053],[120.9705889710001,13.825209700000073],[120.96253090200003,13.820217752000076],[120.9648912350001,13.818170611000028],[120.95788720100006,13.812055047000058],[120.950571179,13.808016351000049],[120.93522017200007,13.805853580000075],[120.92794917800006,13.806380588000025],[120.91894808000006,13.810128190000057],[120.9120283100001,13.809711156000049],[120.91132134700001,13.800923906000037],[120.91485434900005,13.80129684800005],[120.91874995800003,13.798576468000022],[120.92036683800006,13.79496169500004],[120.91895906700006,13.787703777000047],[120.92554959400002,13.784977404000074],[120.92822152500003,13.78092222400005],[120.92817422400003,13.774504334000028],[120.92440567300002,13.770395722000046],[120.92634787200006,13.768561285000033],[120.92685420700002,13.763825204000057],[120.93501141000002,13.766113640000071],[120.94223035900006,13.764867226000035],[120.94500462000008,13.766990543000077],[120.9468994340001,13.76628018200006],[120.95821353800011,13.771443745000056],[120.96180974800006,13.772122356000068],[120.96272560800003,13.771160999000074],[120.96602346500003,13.771816018000038],[120.96859258100005,13.775967091000041],[120.97278501200003,13.775903680000056],[120.97375532900003,13.778858506000063],[120.97644808700011,13.777051663000066],[120.974715736,13.779042582000045],[120.97722865600008,13.781921372000056],[120.9782905400001,13.780715477000058],[120.97812476700005,13.782259345000057],[120.9831782650001,13.78281419800004],[120.98373250800012,13.780973894000056],[120.98388459800003,13.782533638000075],[120.98489326100002,13.781360014000029],[120.98465755000007,13.782826993000072],[120.98668384900009,13.782382210000037],[120.9868982370001,13.783533398000031],[120.99287073100004,13.782920365000052],[120.99330267500011,13.780890141000043],[120.99335834500005,13.782798655000022],[121.00250565500005,13.781504458000029],[121.00756654400004,13.779945347000023],[121.00765841500004,13.778296222000051],[121.00851348600008,13.77960773500007],[121.01138138400006,13.77866777500003],[121.00933589700003,13.777568508000059],[121.01211689600007,13.778767641000059],[121.01743776400008,13.775533482000071],[121.01933397100004,13.77817288500006],[121.01908298800004,13.78094870700005],[121.02117298900009,13.781209678000039],[121.02143999600003,13.782477594000056],[121.01341467400005,13.785912763000056],[121.01454306900007,13.794021887000042],[121.00586892900003,13.794254280000075],[121.0071474240001,13.796700016000045],[121.00445779100005,13.802577022000037],[121.00117219300012,13.803764734000026],[121.00223019000009,13.808337450000067],[121.00555864400008,13.810251738000034],[121.00835889000007,13.815774525000052],[121.00716494900007,13.817356552000035],[121.00895659800005,13.81982779200007],[121.00765919700007,13.821495878000064],[121.01385631200003,13.83410329700007],[121.0143223880001,13.846617485000024],[121.00633438800003,13.846148561000064],[120.99909359600008,13.840767499000037],[120.98929532200009,13.840442438000025],[120.98353709500009,13.838329540000075]]]}},{"type":"Feature","properties":{"shapeName":"Calaca","shapeISO":"","shapeID":"30758251B68856681488998","shapeGroup":"PHL","shapeType":"ADM3","psgc_code":"0401007000","legacy_psgc_code":"041007000","province":"Batangas"},"geometry":{"type":"Polygon","coordinates":[[[120.7772048810001,13.926413582000066],[120.78504436800006,13.927900454000053],[120.78610561700009,13.925256388000037],[120.78763296600005,13.926881020000053],[120.78801185300006,13.923973128000057],[120.78829886900007,13.927730991000033],[120.79015372700007,13.928058977000035],[120.7908465380001,13.923423348000028],[120.79287982000005,13.924170150000066],[120.79201324400003,13.922278262000077],[120.79384007400006,13.922291225000038],[120.79293277600004,13.924172248000048],[120.79904977300009,13.924289247000047],[120.8065960450001,13.922010319000037],[120.81037491000006,13.91901593700004],[120.82124875700003,13.917558841000073],[120.82400463400006,13.916329140000073],[120.82359568800007,13.91516596300005],[120.82135595300008,13.915570139000067],[120.82368916000007,13.914832722000028],[120.82408113500003,13.91602578100003],[120.8270713610001,13.916411313000026],[120.83336054500012,13.914571787000057],[120.83389773800002,13.911538041000028],[120.83410110200009,13.914120411000056],[120.84547246600005,13.908927026000072],[120.84734267400006,13.909268498000074],[120.84879513700002,13.91550951000005],[120.85226209500001,13.917615727000054],[120.85364755600006,13.921236693000026],[120.85438295900008,13.93050499800006],[120.85996802300008,13.941143280000063],[120.86077008100006,13.950780654000027],[120.86364110400007,13.95469838400004],[120.86632016200008,13.964331748000063],[120.86632623100002,13.975530026000058],[120.8634532860001,13.984221483000056],[120.86375105400009,13.99239784200006],[120.86104437000006,13.997784624000076],[120.86284346200011,14.012917639000023],[120.85884207700008,14.020453969000073],[120.85727545100008,14.035364810000033],[120.85516667600007,14.047182479000071],[120.84648442900004,14.050762839000072],[120.84363850900002,14.053211653000062],[120.84298026800002,14.05675646900005],[120.82177090700009,14.053919467000071],[120.81827060100011,14.032964610000022],[120.81408957400004,14.02846792400004],[120.80838348800012,14.014164878000031],[120.8015258580001,14.010034764000068],[120.80023035500005,14.010777308000058],[120.79948781100006,14.00930801800007],[120.79501674700009,14.010540326000068],[120.79123648400002,14.006402932000071],[120.78644720700004,14.004026527000065],[120.78413157900002,14.00121252300005],[120.78436253400002,13.99847753000006],[120.78084958700003,13.995219849000023],[120.77483716100005,13.992683903000056],[120.77376139700004,13.988532791000068],[120.77027276100011,13.985603309000055],[120.77072047900003,13.971329490000073],[120.76908277200005,13.966696350000063],[120.77183474600008,13.962021590000063],[120.77171926800008,13.959207586000048],[120.77052194900011,13.959268364000025],[120.77247291100002,13.956308493000051],[120.77146400200002,13.952509892000023],[120.77309892100004,13.952503814000067],[120.77308068700006,13.949859987000025],[120.77830770000003,13.93859053600005],[120.7772048810001,13.926413582000066]]]}},{"type":"Feature","properties":{"shapeName":"Calatagan","shapeISO":"","shapeID":"30758251B80871387182551","shapeGroup":"PHL","shapeType":"ADM3","psgc_code":"0401008000","legacy_psgc_code":"041008000","province":"Batangas"},"geometry":{"type":"Polygon","coordinates":[[[120.67244198800006,13.926264333000063],[120.66545298800008,13.926013390000037],[120.65523300600012,13.928508289000035],[120.65221900100005,13.927530370000056],[120.64727601900006,13.930304220000039],[120.6418100190001,13.930007271000022],[120.63442803200007,13.931820197000036],[120.62027418700006,13.93015872500007],[120.62051901200005,13.924146049000058],[120.6179953300001,13.922624015000054],[120.6202389880001,13.92200400300004],[120.621240854,13.919890378000048],[120.61910191900006,13.918366437000032],[120.61831216600001,13.91248016700007],[120.62240668000004,13.91107329600004],[120.62424779000003,13.905271920000075],[120.6214812830001,13.901407627000026],[120.62571201600008,13.89581583100005],[120.61887297300007,13.890205620000074],[120.618066085,13.881492320000064],[120.61666260100003,13.882080655000038],[120.61813451300009,13.877643005000039],[120.61989777500003,13.876966545000073],[120.62042016100008,13.872669806000033],[120.61727342100005,13.866677267000057],[120.62048482600005,13.86524907300003],[120.62288530100011,13.860922212000048],[120.62344055000005,13.856162740000059],[120.62246526800004,13.852367782000044],[120.61960951100002,13.850244904000022],[120.62148435300003,13.849827853000022],[120.6216919200001,13.848008196000023],[120.62313632300004,13.848432951000063],[120.62403132600002,13.846401085000025],[120.61986196200007,13.842583336000075],[120.6185534010001,13.83885544900005],[120.61936108000009,13.836268596000025],[120.61806105000005,13.835449974000028],[120.61890016400002,13.834211050000022],[120.62133328700008,13.834860035000077],[120.62061940800004,13.831636452000055],[120.62417598000002,13.831032739000023],[120.62229894200004,13.82749728400006],[120.62444399700007,13.826047817000074],[120.6220965660001,13.821541358000047],[120.62694865900005,13.825314569000057],[120.62824023200005,13.824712859000044],[120.62790499400012,13.821946407000041],[120.62988097200002,13.822837942000035],[120.6308301150001,13.821210435000069],[120.6269772390001,13.818600582000045],[120.62878541400005,13.817052076000039],[120.62676350100003,13.814812731000075],[120.62416102000009,13.814118888000053],[120.62214659900008,13.815812508000022],[120.62137359200005,13.81119910700005],[120.623325743,13.810577842000043],[120.62451051000005,13.807763528000066],[120.62879857300004,13.80792365800005],[120.62946798700011,13.805785],[120.63114190700003,13.807176041000048],[120.63082313300004,13.804499148000048],[120.63361632600004,13.799679131000062],[120.63266804200009,13.79941920400006],[120.63389472200004,13.799178399000027],[120.6351763880001,13.800268568000035],[120.63810940300004,13.797792542000025],[120.64613740300001,13.783956346000025],[120.64426070000002,13.782314521000046],[120.64641132200006,13.783163169000034],[120.65153445200008,13.774168957000029],[120.65037356700009,13.772172458000057],[120.65183456500006,13.77341715600005],[120.65297948000011,13.770488744000033],[120.65782438200006,13.76840289100005],[120.66162970300002,13.76863022200007],[120.66604765200009,13.771020775000068],[120.67487600700008,13.783581640000023],[120.67614737300005,13.789206088000071],[120.674221396,13.79406291500004],[120.67204520200005,13.795818457000053],[120.67363323100005,13.798048145000053],[120.67256544000008,13.80114572900004],[120.67032209400008,13.805618841000069],[120.66580694900006,13.809736901000065],[120.66650050800001,13.81095520200006],[120.66400970500001,13.813495300000056],[120.6591570060001,13.825674410000033],[120.65482081900007,13.831571439000072],[120.65167045200008,13.829856969000048],[120.65196191700011,13.83267716100005],[120.65446211100004,13.83279122500005],[120.65377078000006,13.834278778000055],[120.65594649200011,13.837590111000054],[120.65559975400004,13.845797642000036],[120.65209119700012,13.846731244000068],[120.65143142500006,13.848380502000055],[120.65418422500011,13.849192420000065],[120.6569191640001,13.847153160000062],[120.65416357600009,13.849314796000044],[120.65465952700004,13.851021034000041],[120.65660328100012,13.851034844000026],[120.6545749170001,13.851224801000058],[120.65607277700008,13.851755152000067],[120.65573874100005,13.853066198000022],[120.65734417500005,13.851998284000047],[120.65881972000011,13.853597180000065],[120.65609319200007,13.854997505000028],[120.65641510500006,13.85652503800003],[120.66088431700007,13.85574090700004],[120.66461387100003,13.859578507000037],[120.66621705500006,13.856863691000058],[120.66624715000012,13.858578020000039],[120.66837489200009,13.857862227000055],[120.66710839900009,13.856659144000048],[120.66886354500002,13.856177600000024],[120.66876601500007,13.857785353000054],[120.67751338800008,13.854475665000052],[120.68675044300005,13.854447920000041],[120.7033329730001,13.843668365000042],[120.712101028,13.839910987000053],[120.71791482700007,13.842165874000045],[120.72269216400002,13.84888681600006],[120.72240091300011,13.858548443000075],[120.71728351100012,13.867273122000029],[120.71542472300007,13.867747636000047],[120.7158386960001,13.869456181000032],[120.7126136930001,13.875212928000053],[120.70016776400007,13.88481211100003],[120.69750751600009,13.892656917000068],[120.69879697400006,13.907055411000044],[120.67754589800006,13.91172424000007],[120.67244198800006,13.926264333000063]]]}},{"type":"Feature","properties":{"shapeName":"Cuenca","shapeISO":"","shapeID":"30758251B33118282824163","shapeGroup":"PHL","shapeType":"ADM3","psgc_code":"0401009000","legacy_psgc_code":"041009000","province":"Batangas"},"geometry":{"type":"Polygon","coordinates":[[[121.0451984770001,13.863345224000057],[121.05140849200006,13.866278998000041],[121.05152048000002,13.864890030000026],[121.05538894800009,13.863930839000034],[121.06117738700004,13.866056146000062],[121.06115951000004,13.869861710000066],[121.05697196900007,13.873491515000069],[121.05688655000006,13.876195325000026],[121.06081559300003,13.883551827000076],[121.06607261900001,13.888084503000073],[121.0678656660001,13.895971983000038],[121.07287369800008,13.901666586000033],[121.07866881200005,13.920613328000059],[121.07404586400003,13.928870822000022],[121.06443296200007,13.944233886000063],[121.06287597100004,13.94562180500003],[121.05968767900004,13.942098656000042],[121.05478895100009,13.941759102000049],[121.05132124600004,13.939439564000054],[121.04653374400004,13.940204126000026],[121.04535434800005,13.939109854000037],[121.0357902720001,13.93867649300006],[121.03893337800002,13.934285099000022],[121.0391663050001,13.926987583000027],[121.03869219100011,13.92373933600004],[121.03555049900001,13.920689702000061],[121.03330735700001,13.915675620000059],[121.02974472000005,13.913762352000049],[121.03296428800002,13.912746341000059],[121.03308304300003,13.908339227000056],[121.03499285400005,13.904958805000035],[121.03193070000009,13.897543625000026],[121.03649297400011,13.881046419000029],[121.03981055500003,13.878269502000023],[121.03985946300008,13.876508829000045],[121.03604087500003,13.873900777000074],[121.03802618200007,13.862402947000021],[121.0451984770001,13.863345224000057]]]}},{"type":"Feature","properties":{"shapeName":"Ibaan","shapeISO":"","shapeID":"30758251B8254101193317","shapeGroup":"PHL","shapeType":"ADM3","psgc_code":"0401010000","legacy_psgc_code":"041010000","province":"Batangas"},"geometry":{"type":"Polygon","coordinates":[[[121.16248412900006,13.766540862000056],[121.18024080500004,13.762563968000052],[121.18655510200006,13.767261869000038],[121.18194683100012,13.772771042000045],[121.18482820600002,13.775525438000045],[121.18270067100002,13.778938235000055],[121.18345285900011,13.784253604000071],[121.18038107000007,13.787376247000054],[121.18058063,13.789285362000044],[121.17947373000004,13.788399552000044],[121.17887506200009,13.78984244700007],[121.17732549900006,13.789431618000037],[121.17392142500012,13.793115194000052],[121.17141291500002,13.794223045000024],[121.16957866400003,13.793425702000036],[121.16635246100009,13.795944813000062],[121.16768010800001,13.799618094000039],[121.17057909500011,13.800906533000045],[121.16968709900004,13.802715302000024],[121.17077731600011,13.803508187000034],[121.17163813500008,13.816367531000026],[121.16925018400002,13.824384025000029],[121.16956422800001,13.831608556000049],[121.16609321500005,13.840551402000074],[121.16609321500005,13.845012680000025],[121.16884865400004,13.848929203000068],[121.16478141000005,13.861184669000068],[121.15692343900002,13.865339446000064],[121.13792648200001,13.870880198000066],[121.13312748700002,13.871416191000037],[121.12848041000007,13.870060143000046],[121.12835984100002,13.867723397000077],[121.12073008000004,13.866401538000048],[121.11475982000002,13.85833139400006],[121.11117047700009,13.855865632000075],[121.1068299850001,13.849703685000065],[121.10361630800003,13.839717413000074],[121.104379289,13.836634608000054],[121.1017852650001,13.832529889000057],[121.09907030400007,13.822936476000052],[121.1007773560001,13.820027938000067],[121.10028112500004,13.81800215800007],[121.10360060100004,13.817231347000074],[121.10402024400003,13.809155158000067],[121.10094330600009,13.805330964000063],[121.0986136250001,13.805045248000056],[121.09871729400004,13.80203728600003],[121.09639630100003,13.798889272000054],[121.09749010200005,13.793740402000026],[121.0950623970001,13.792593245000035],[121.09621593100007,13.789246222000031],[121.10004600700006,13.789827664000029],[121.10312720500008,13.787027545000058],[121.10542519300009,13.789846410000052],[121.11179482700004,13.79142124200007],[121.1130064460001,13.789164583000058],[121.11896612600003,13.788892451000038],[121.12031615400008,13.787701621000053],[121.12432997300004,13.790673686000048],[121.12708755800008,13.788957855000035],[121.13238825000008,13.79162352000003],[121.13775022200002,13.790152808000073],[121.141650948,13.783248850000064],[121.14659292500005,13.779793045000076],[121.14726390800001,13.777055219000033],[121.15564886200002,13.770107621000022],[121.16248412900006,13.766540862000056]]]}},{"type":"Feature","properties":{"shapeName":"Laurel","shapeISO":"","shapeID":"30758251B77759274087167","shapeGroup":"PHL","shapeType":"ADM3","psgc_code":"0401011000","legacy_psgc_code":"041011000","province":"Batangas"},"geometry":{"type":"Polygon","coordinates":[[[120.95581318900008,14.014248794000025],[120.9571834510001,14.014536700000065],[120.955363282,14.01944420600006],[120.951403862,14.023337419000029],[120.94963300500001,14.02793022800006],[120.95068393600002,14.029273832000058],[120.94916213700003,14.029308903000071],[120.94723161800005,14.032457755000053],[120.94819985000004,14.037678196000059],[120.95146672600004,14.038575496000021],[120.95355313900006,14.042724444000044],[120.94845772600002,14.04342790100003],[120.94684188700012,14.047621846000027],[120.94907509400002,14.051163508000059],[120.94650204000004,14.050994503000027],[120.94347115000005,14.05565755200007],[120.93929933900006,14.05669741500003],[120.93756703600002,14.058736655000075],[120.93833779200008,14.060833070000058],[120.93627782500005,14.061375577000035],[120.9361793270001,14.06271595800007],[120.93677250300004,14.064499070000068],[120.94070247500008,14.065530143000046],[120.94244483600005,14.06933039300003],[120.94575108800007,14.071476408000024],[120.94930085100009,14.071522682000023],[120.951964771,14.069407571000056],[120.95375080200006,14.070078874000046],[120.95517055100004,14.068298256000048],[120.95726108600002,14.068485156000065],[120.96297878700011,14.075268430000051],[120.96184246300004,14.075520007000023],[120.96051323200004,14.076542909000068],[120.95716251500005,14.094669594000038],[120.951283794,14.091332195000064],[120.94644609600005,14.093322387000057],[120.93759739600011,14.085943367000027],[120.91904568400003,14.083255956000073],[120.90250537600002,14.07679061400006],[120.89766449500007,14.07912759100003],[120.89272050800002,14.087613034000071],[120.87804649400005,14.083808497000064],[120.86919557200008,14.077406169000028],[120.86241478200009,14.07542182900005],[120.85750998600008,14.069445402000042],[120.854688269,14.068178509000063],[120.8545119690001,14.066589986000054],[120.84895781700004,14.063459012000067],[120.846773675,14.056573745000037],[120.84298026800002,14.05675646900005],[120.84363850900002,14.053211653000062],[120.84648442900004,14.050762839000072],[120.85516667600007,14.047182479000071],[120.85727545100008,14.035364810000033],[120.87574720100008,14.025260923000076],[120.89219549100005,14.019303055000023],[120.90346044600005,14.012531425000077],[120.90843444300003,14.012399404000064],[120.91332842200006,14.009237579000057],[120.91497341600007,14.008423622000066],[120.92556242300009,14.01014944900004],[120.95235748000005,14.021105586000033],[120.95581318900008,14.014248794000025]]]}},{"type":"Feature","properties":{"shapeName":"Lemery","shapeISO":"","shapeID":"30758251B5665377491734","shapeGroup":"PHL","shapeType":"ADM3","psgc_code":"0401012000","legacy_psgc_code":"041012000","province":"Batangas"},"geometry":{"type":"Polygon","coordinates":[[[120.91332842200006,14.009237579000057],[120.90843444300003,14.012399404000064],[120.90346044600005,14.012531425000077],[120.89219549100005,14.019303055000023],[120.87574720100008,14.025260923000076],[120.85727545100008,14.035364810000033],[120.85884207700008,14.020453969000073],[120.86284346200011,14.012917639000023],[120.86104437000006,13.997784624000076],[120.86375105400009,13.99239784200006],[120.8634532860001,13.984221483000056],[120.86632623100002,13.975530026000058],[120.86632016200008,13.964331748000063],[120.86364110400007,13.95469838400004],[120.86077008100006,13.950780654000027],[120.85996802300008,13.941143280000063],[120.85438295900008,13.93050499800006],[120.85364755600006,13.921236693000026],[120.85226209500001,13.917615727000054],[120.84879513700002,13.91550951000005],[120.84734267400006,13.909268498000074],[120.87584927600005,13.902849396000022],[120.88776386500001,13.897294860000045],[120.897642098,13.890389196000058],[120.8995983210001,13.890384934000053],[120.9059815170001,13.884600301000035],[120.91211606700006,13.876049289000036],[120.91377773800002,13.871177006000039],[120.91885309000008,13.880218200000058],[120.91791296200006,13.884330259000023],[120.9123051900001,13.889689077000071],[120.9117429050001,13.891843609000034],[120.91350259100011,13.899844998000049],[120.91202856400002,13.903681221000056],[120.91602095000007,13.909093193000047],[120.91052305300002,13.919550628000025],[120.90567162900004,13.923537088000046],[120.91054796000003,13.933888452000076],[120.90887307900005,13.941345524000042],[120.90399073200001,13.946512201000075],[120.90331580300005,13.95656113800004],[120.90091605700002,13.963535401000058],[120.90204093800003,13.975234164000028],[120.9005410960001,13.983333308000056],[120.90319262000003,13.987262360000045],[120.903014,13.991170930000067],[120.90501174000008,13.995453320000024],[120.91291340100008,14.005919795000068],[120.91217341100003,14.007504698000048],[120.91332842200006,14.009237579000057]]]}},{"type":"Feature","properties":{"shapeName":"Lian","shapeISO":"","shapeID":"30758251B81633231484096","shapeGroup":"PHL","shapeType":"ADM3","psgc_code":"0401013000","legacy_psgc_code":"041013000","province":"Batangas"},"geometry":{"type":"Polygon","coordinates":[[[120.68622840300009,13.994589854000026],[120.68550451300007,14.012346716000025],[120.68735760800007,14.027923704000045],[120.68865766500005,14.037231098000063],[120.69318808500009,14.045848395000064],[120.68634123700008,14.04442063600004],[120.68028086400011,14.039194723000037],[120.679031957,14.043246428000032],[120.67635023800005,14.046092237000039],[120.67626362300007,14.049357987000064],[120.67435313100009,14.050423721000072],[120.66952871400008,14.04532798400004],[120.66758215200002,14.045366089000026],[120.66610727800003,14.047777273000065],[120.66260238600012,14.048292146000051],[120.6569594660001,14.046674236000058],[120.65138297200008,14.042192735000071],[120.64736373000005,14.042202878000069],[120.6462678360001,14.051610101000051],[120.64312422700004,14.054982643000073],[120.6365000290001,14.05400805000005],[120.63118621900003,14.055007958000033],[120.625167787,14.058747972000049],[120.62401574100011,14.05781650800003],[120.62218670200002,14.038398900000061],[120.61804482500008,14.033528205000039],[120.61430994600005,14.03253516600006],[120.6159305540001,14.028274371000066],[120.61727517000008,14.028405900000052],[120.619626347,14.025492538000037],[120.61800592500003,14.020251790000032],[120.61941406800008,14.019889598000077],[120.61987726300003,14.01704273100006],[120.61546962700004,14.012397763000024],[120.61800068000002,14.00694984200004],[120.62658408000004,14.003862021000032],[120.62605959700011,14.000363520000064],[120.62274432900006,13.995436802000029],[120.63222926000003,13.983951722000029],[120.62946143400006,13.97869606100005],[120.63072065500012,13.976483446000032],[120.62699839900006,13.973070300000074],[120.62699289000011,13.970955680000031],[120.62502540700007,13.97141231300003],[120.62628533200007,13.969567251000058],[120.62521190700011,13.968754483000055],[120.61799618000009,13.969421804000035],[120.6139379650001,13.967386829000077],[120.61174646400002,13.96843695800004],[120.60403779400008,13.979220069000064],[120.60272388500005,13.974092881000047],[120.60479512500001,13.96612015200003],[120.61611197500008,13.960642397000072],[120.61870491400009,13.95481043600006],[120.61884871100006,13.95139359600006],[120.61417930400012,13.946041199000035],[120.61231654200003,13.939875046000054],[120.61719291400004,13.937814220000064],[120.61749859200006,13.933421710000061],[120.61639147800008,13.932373993000056],[120.62027418700006,13.93015872500007],[120.63442803200007,13.931820197000036],[120.6418100190001,13.930007271000022],[120.64727601900006,13.930304220000039],[120.65221900100005,13.927530370000056],[120.65523300600012,13.928508289000035],[120.66545298800008,13.926013390000037],[120.67244198800006,13.926264333000063],[120.66781902800005,13.932572954000022],[120.66609407300007,13.939866494000057],[120.66692620800006,13.961976066000034],[120.67442631100005,13.978949930000056],[120.68622840300009,13.994589854000026]]]}},{"type":"Feature","properties":{"shapeName":"Lipa City","shapeISO":"","shapeID":"30758251B54075680975044","shapeGroup":"PHL","shapeType":"ADM3","psgc_code":"0401014000","legacy_psgc_code":"041014000","province":"Batangas"},"geometry":{"type":"Polygon","coordinates":[[[121.12207315700005,13.980149231000041],[121.12006081800007,13.978701914000055],[121.125430047,13.962469352000028],[121.12014029700003,13.946092942000064],[121.11654532000011,13.945143102000031],[121.11138107400006,13.947471245000031],[121.10803701400005,13.955767902000048],[121.10852317700005,13.960360711000021],[121.10670780600003,13.961336956000025],[121.08751204000009,13.958583825000062],[121.0827876730001,13.96119058100004],[121.081683053,13.960324747000072],[121.07804142100008,13.962187511000025],[121.07526862300006,13.961683366000045],[121.0742918420001,13.954562317000068],[121.06858870100007,13.947724850000043],[121.06741595500011,13.943301929000029],[121.06443296200007,13.944233886000063],[121.07404586400003,13.928870822000022],[121.07743337000011,13.925407373000041],[121.08673443700002,13.926493437000033],[121.08739322100007,13.924581887000045],[121.10913543000004,13.92482283000004],[121.11225379400003,13.920123164000074],[121.11486278400002,13.918739238000057],[121.119043669,13.90026240800006],[121.12555866700006,13.900451358000055],[121.12202657800003,13.885588339000037],[121.13383244300007,13.882368616000065],[121.13129311800003,13.879771708000021],[121.12848041000007,13.870060143000046],[121.13312748700002,13.871416191000037],[121.13792648200001,13.870880198000066],[121.15692343900002,13.865339446000064],[121.16478141000005,13.861184669000068],[121.18475550500011,13.87831744500005],[121.19192652600009,13.882414138000058],[121.19467355000006,13.88657485300007],[121.19752654800004,13.886517840000067],[121.2022575630001,13.889356629000076],[121.205043939,13.89956419200007],[121.21403214500003,13.90511089100005],[121.22658602100012,13.897848203000024],[121.22895767500006,13.894323636000024],[121.23215029500011,13.893726643000036],[121.23382483300009,13.89129342700005],[121.24260657700006,13.888284484000053],[121.26382987500006,13.884940866000022],[121.27208522500007,13.887571265000076],[121.27261323900007,13.891021864000038],[121.26828895000006,13.891083215000037],[121.26883084700012,13.892223925000053],[121.2628037720001,13.890411925000024],[121.26158741400002,13.893692233000024],[121.26047617300003,13.892525773000045],[121.25797649000003,13.895589718000053],[121.25537834900001,13.894792390000077],[121.25519664,13.896254214000066],[121.25296014900005,13.896176008000054],[121.25006679100011,13.89944485500007],[121.24671108300004,13.899425680000036],[121.24042152600009,13.905063270000028],[121.24001423200002,13.910698823000075],[121.23739180100006,13.916645259000063],[121.2384656270001,13.92115149600005],[121.23696057100005,13.930894544000068],[121.24213681300012,13.948381851000022],[121.24647366500005,13.963490883000077],[121.24809656500008,13.984388119000073],[121.23926711500008,13.990509283000051],[121.2306621240001,13.983335389000047],[121.22426811900004,13.981980514000043],[121.21394738400011,13.983937110000056],[121.20833116400001,13.988001219000068],[121.20352417300012,13.989074178000067],[121.19764048500008,13.996270495000033],[121.1945538760001,14.00900252300005],[121.18411315700007,14.030561055000021],[121.1801441560001,14.030003940000029],[121.174795302,14.026186918000064],[121.1774320610001,14.01900488900003],[121.17517334400009,14.014591697000071],[121.16764331800005,14.009854047000033],[121.16118927900004,14.002906533000044],[121.15324626200004,13.999517798000056],[121.152262231,13.99439813400005],[121.14712022100002,13.992393294000067],[121.14435338500004,14.001297737000073],[121.1310832370001,13.993901291000043],[121.12657418200001,13.984559920000038],[121.12207315700005,13.980149231000041]]]}},{"type":"Feature","properties":{"shapeName":"Lobo","shapeISO":"","shapeID":"30758251B32727086192084","shapeGroup":"PHL","shapeType":"ADM3","psgc_code":"0401015000","legacy_psgc_code":"041015000","province":"Batangas"},"geometry":{"type":"Polygon","coordinates":[[[121.1758797220001,13.643866771000035],[121.18030633100011,13.645074779000026],[121.18971277900005,13.642987796000057],[121.197226354,13.631832974000076],[121.20035194000002,13.631692620000024],[121.19904274300006,13.629870384000071],[121.20484415600004,13.627296115000036],[121.2098115010001,13.626589282000054],[121.2210515050001,13.629484277000074],[121.22581169300008,13.62788475800005],[121.2332565160001,13.627795713000069],[121.24581241100009,13.616207322000037],[121.24816262900003,13.611792356000024],[121.25625607800009,13.605596821000063],[121.25936584500005,13.597865702000036],[121.28548723800009,13.596989127000029],[121.29445899300003,13.60020148600006],[121.30441376200008,13.612642557000072],[121.30812214900004,13.613591149000058],[121.31277833100012,13.612488624000036],[121.31491503200004,13.621478988000035],[121.32273491100011,13.628744576000031],[121.32616490700002,13.634319918000074],[121.33300588100008,13.638213138000026],[121.33842350700002,13.64404440100003],[121.34844729600002,13.645948572000066],[121.35878909300004,13.654856910000035],[121.36049718400011,13.674860628000033],[121.35188334800011,13.70147694700006],[121.34731337300002,13.70523472900004],[121.34164038400002,13.706495679000056],[121.3401443790001,13.705475754000076],[121.33686471800002,13.701902596000025],[121.33482137700003,13.704645839000023],[121.33199537400003,13.703900903000033],[121.33040634600002,13.699107224000045],[121.32616334200009,13.69802431900007],[121.32700633000002,13.696130437000022],[121.32177334100004,13.697456381000052],[121.31903533800005,13.696748443000047],[121.31777631700004,13.693197681000072],[121.3167643160001,13.692936703000044],[121.31608533200006,13.69552653900007],[121.31383332300004,13.693835662000026],[121.30920432500011,13.693738695000036],[121.3084847340001,13.691018385000064],[121.30590031500003,13.691749843000025],[121.30246930100009,13.689212028000043],[121.3017393130001,13.691034913000067],[121.30044731100008,13.690642946000025],[121.29632133200005,13.693747768000037],[121.29364431200008,13.69011701900007],[121.29280733300004,13.693547801000022],[121.29093634100002,13.69474473400004],[121.28874533700002,13.69389280200005],[121.28779734900002,13.695897677000062],[121.28817735900009,13.697470573000032],[121.29044635600007,13.697189578000064],[121.29432039300002,13.703749130000062],[121.29274241500002,13.707321906000061],[121.29382843200005,13.710177715000043],[121.29248446600002,13.715797357000042],[121.29397947300004,13.716973272000075],[121.29251748200011,13.71831919300007],[121.29406249100009,13.720043073000056],[121.29281949900007,13.721206004000067],[121.29234754200002,13.728402539000058],[121.29095756700008,13.732304294000073],[121.27965655500009,13.73422094800003],[121.26705456800005,13.730394556000022],[121.26915188800001,13.728082989000029],[121.26732560800008,13.721529866000026],[121.2724905870001,13.696025851000059],[121.27097816800006,13.695532229000037],[121.25475650300007,13.71433217300006],[121.2541705000001,13.718090429000029],[121.24958646400012,13.711673872000063],[121.24751346000005,13.710859936000077],[121.24225446500009,13.711234942000033],[121.23924548700006,13.714581742000064],[121.2335194850001,13.713785827000038],[121.22591979300012,13.716849704000026],[121.2209667520001,13.71594366000005],[121.21462444200006,13.712983916000042],[121.21270995200007,13.710137068000051],[121.20508077700003,13.705554353000025],[121.20079216800002,13.70585636800007],[121.19822578300011,13.71594708300006],[121.18491653000001,13.717258881000078],[121.1784665450001,13.71934678200006],[121.17527153200001,13.716915958000072],[121.17324948600003,13.709006483000053],[121.1747594630001,13.70541270800004],[121.17867345000002,13.703474811000035],[121.17733841600011,13.697754191000058],[121.18018438400009,13.692607508000037],[121.17206637800007,13.690929664000066],[121.17733834700005,13.686201941000036],[121.17660633900005,13.684772038000062],[121.16938833100005,13.682850204000033],[121.16700023300007,13.666325291000021],[121.17113518600001,13.658939748000023],[121.17145332900009,13.652671679000036],[121.17371413800004,13.651052245000074],[121.1758797220001,13.643866771000035]]]}},{"type":"Feature","properties":{"shapeName":"Mabini","shapeISO":"","shapeID":"30758251B64129218321366","shapeGroup":"PHL","shapeType":"ADM3","psgc_code":"0401016000","legacy_psgc_code":"041016000","province":"Batangas"},"geometry":{"type":"Polygon","coordinates":[[[120.92685420700002,13.763825204000057],[120.92698372600012,13.758956325000042],[120.92437505800001,13.756870273000061],[120.91968159200007,13.755980639000029],[120.91469566500007,13.756991936000077],[120.9068774970001,13.755375567000044],[120.90524783700005,13.751626483000052],[120.89217752600007,13.740159772000027],[120.8826464120001,13.72450849200004],[120.87800971800004,13.72457715400003],[120.87338905100012,13.719511616000034],[120.8724428480001,13.715741162000029],[120.87399869100011,13.710299225000028],[120.89169096500007,13.688747370000044],[120.89288217700005,13.682676938000043],[120.89657480400001,13.688432785000032],[120.91738559800001,13.699869628000044],[120.92220524700008,13.713442049000037],[120.92568574200004,13.717684150000025],[120.93019613400008,13.727436730000022],[120.9376307760001,13.735420472000044],[120.94763679700009,13.741626594000024],[120.94806018800011,13.745438738000075],[120.95246422000002,13.748609828000042],[120.95636307400002,13.755208812000035],[120.95717469100009,13.757721424000067],[120.95575232800002,13.760139607000042],[120.95994135800004,13.761811561000059],[120.96172750900007,13.764820515000054],[120.96122262600011,13.767796753000027],[120.96272560800003,13.771160999000074],[120.96180974800006,13.772122356000068],[120.95821353800011,13.771443745000056],[120.9468994340001,13.76628018200006],[120.94500462000008,13.766990543000077],[120.94223035900006,13.764867226000035],[120.93501141000002,13.766113640000071],[120.92685420700002,13.763825204000057]]]}},{"type":"Feature","properties":{"shapeName":"Malvar","shapeISO":"","shapeID":"30758251B86715159474326","shapeGroup":"PHL","shapeType":"ADM3","psgc_code":"0401017000","legacy_psgc_code":"041017000","province":"Batangas"},"geometry":{"type":"Polygon","coordinates":[[[121.14435338500004,14.001297737000073],[121.14712022100002,13.992393294000067],[121.152262231,13.99439813400005],[121.15324626200004,13.999517798000056],[121.16118927900004,14.002906533000044],[121.16764331800005,14.009854047000033],[121.17517334400009,14.014591697000071],[121.1774320610001,14.01900488900003],[121.174795302,14.026186918000064],[121.1801441560001,14.030003940000029],[121.18411315700007,14.030561055000021],[121.18272985700003,14.033297206000043],[121.18028515500009,14.034028006000028],[121.18000592400006,14.047258856000042],[121.17457129200011,14.04951918100005],[121.17278164000004,14.052950716000055],[121.17298961100005,14.057356435000031],[121.16730869700007,14.059709800000064],[121.16601473900005,14.063650968000047],[121.16315650000001,14.065293245000078],[121.16414966700006,14.070068269000046],[121.15900211000007,14.074031289000061],[121.15917468400005,14.071764729000051],[121.16116102,14.07005403100004],[121.16065998400006,14.066600082000036],[121.15472638000006,14.05821121200006],[121.14564767600007,14.054900240000052],[121.14511624500005,14.056003005000036],[121.13873800500005,14.051780996000048],[121.13630959800003,14.052849459000072],[121.12214156300001,14.04607997900007],[121.10715756000002,14.04446517100007],[121.1037581380001,14.041838084000062],[121.10169484300002,14.042928309000047],[121.10021844800008,14.03935585000005],[121.104346727,14.036936837000042],[121.10429935600007,14.030242108000039],[121.10584545600011,14.027550269000074],[121.11190495200003,14.027785263000055],[121.11322632100007,14.02989945400003],[121.11672853200002,14.030640990000052],[121.12232661300004,14.029455729000063],[121.12650403500004,14.024755167000023],[121.13314255800003,14.02247600100003],[121.1342876000001,14.020007356000065],[121.13850513600005,14.017347064000035],[121.13857002100008,14.013064644000053],[121.14048413300009,14.011831826000048],[121.14230091700006,14.00758184800003],[121.14123969900004,14.005989503000023],[121.14362123600006,14.004651875000036],[121.14435338500004,14.001297737000073]]]}},{"type":"Feature","properties":{"shapeName":"Mataasnakahoy","shapeISO":"","shapeID":"30758251B55651779812419","shapeGroup":"PHL","shapeType":"ADM3","psgc_code":"0401018000","legacy_psgc_code":"041018000","province":"Batangas"},"geometry":{"type":"Polygon","coordinates":[[[121.0940057140001,14.011198904000025],[121.09154853700011,14.006244930000037],[121.09175611800003,14.003260946000069],[121.08433841800002,13.993571133000046],[121.08287328100005,13.989358862000074],[121.08383992000006,13.983559183000068],[121.08072232100005,13.975890351000032],[121.0830415150001,13.968309700000077],[121.0818761490001,13.965955891000021],[121.08481841100001,13.963463622000063],[121.0827876730001,13.96119058100004],[121.08751204000009,13.958583825000062],[121.10670780600003,13.961336956000025],[121.10852317700005,13.960360711000021],[121.10803701400005,13.955767902000048],[121.11138107400006,13.947471245000031],[121.11654532000011,13.945143102000031],[121.12014029700003,13.946092942000064],[121.125430047,13.962469352000028],[121.12006081800007,13.978701914000055],[121.12207315700005,13.980149231000041],[121.12035617900005,13.983672014000035],[121.10937724500002,13.993561440000065],[121.1016688410001,13.99459149300003],[121.09805934600001,14.009171195000022],[121.0956714460001,14.009261859000048],[121.09601847300007,14.01047961100005],[121.0940057140001,14.011198904000025]]]}},{"type":"Feature","properties":{"shapeName":"Nasugbu","shapeISO":"","shapeID":"30758251B8927375136038","shapeGroup":"PHL","shapeType":"ADM3","psgc_code":"0401019000","legacy_psgc_code":"041019000","province":"Batangas"},"geometry":{"type":"MultiPolygon","coordinates":[[[[120.48736857800009,14.06156674600004],[120.49083583600009,14.055166763000045],[120.4954339630001,14.05200310400005],[120.49497611100003,14.055287536000037],[120.48936881500003,14.061491033000038],[120.48736857800009,14.06156674600004]]],[[[120.57099805200005,14.150479420000067],[120.56952429000012,14.149282714000037],[120.5716108260001,14.149381100000028],[120.57099805200005,14.150479420000067]]],[[[120.57188141200004,14.151852306000023],[120.57192917800012,14.150006095000037],[120.57526859000006,14.14887849300004],[120.57590467600005,14.150125071000048],[120.57188141200004,14.151852306000023]]],[[[120.5799538650001,14.192515712000045],[120.57811510400006,14.190186371000038],[120.5805202030001,14.190651781000042],[120.5799538650001,14.192515712000045]]],[[[120.57862863300011,14.199654447000057],[120.57837618000008,14.198317774000031],[120.580347361,14.198788858000057],[120.57862863300011,14.199654447000057]]],[[[120.76968880100003,14.126114803000064],[120.76888523800005,14.133428447000028],[120.76475045300003,14.135811744000023],[120.75999951900008,14.13504378500005],[120.75462380500005,14.137074321000057],[120.7513827570001,14.136215248000042],[120.75034145600011,14.137634020000064],[120.7424145550001,14.135239028000058],[120.7411129300001,14.133481834000065],[120.739160491,14.134366939000074],[120.73766362200001,14.133390720000023],[120.73468289900006,14.138258800000074],[120.7294194100001,14.140384557000061],[120.72609529200008,14.13355438800005],[120.71593295800005,14.126534449000076],[120.71531312800005,14.128523672000028],[120.71372751500007,14.128076818000068],[120.70887849000007,14.132143653000071],[120.70684771100002,14.132195725000031],[120.70865284800004,14.13480796500005],[120.70709071100009,14.137671883000053],[120.70259522700007,14.13735945600007],[120.70174473000009,14.136022960000048],[120.70060639500002,14.137319920000039],[120.69822050500011,14.136949860000072],[120.69888632700008,14.141342136000048],[120.70129724600008,14.144440355000029],[120.69978303900007,14.147388227000022],[120.6967385150001,14.14840306800005],[120.69731842400006,14.150636792000057],[120.69353156900002,14.156514067000046],[120.69417606800005,14.159554782000043],[120.6919692570001,14.160500003000038],[120.6923513160001,14.163429119000057],[120.70796727100003,14.172113275000072],[120.7038167290001,14.175249303000044],[120.6947720710001,14.17361631500006],[120.69046880700012,14.175236460000065],[120.68905019200008,14.176307337000026],[120.68879729200012,14.180104799000048],[120.67516195900009,14.182324317000052],[120.67160067600003,14.18783680000007],[120.67056367500004,14.186172139000064],[120.66873527700011,14.187059049000027],[120.66621099600002,14.18570821700007],[120.66120336800009,14.186649706000026],[120.65840315100002,14.185721820000026],[120.66118118300005,14.189946257000031],[120.65691414700007,14.193512744000031],[120.65420380800003,14.200107724000077],[120.64924910500008,14.203513937000025],[120.65117905600005,14.214442581000071],[120.64901149200011,14.213760666000042],[120.64732706200004,14.21502638800007],[120.64555377700003,14.211928594000028],[120.64127248300008,14.211184781000043],[120.63090464800007,14.215378767000061],[120.62210105600002,14.215106724000066],[120.62115079700004,14.218518589000041],[120.61888377800005,14.218541259000062],[120.61834722200001,14.220246020000047],[120.6121997890001,14.22212062400007],[120.61254656200003,14.226101779000032],[120.60838407900007,14.229108603000043],[120.60922584000002,14.226017700000057],[120.6075425680001,14.225278246000073],[120.60449920500002,14.226698113000054],[120.60371311200004,14.224651038000047],[120.60555841700011,14.222879276000072],[120.6013444780001,14.220087227000022],[120.5974068380001,14.222638739000047],[120.59816304600008,14.225979944000073],[120.59669519200008,14.226543058000061],[120.59591988700004,14.229770985000073],[120.59402223100005,14.228265061000059],[120.58958758200004,14.230228047000026],[120.58776613000009,14.229512258000057],[120.59199592400012,14.226467832000026],[120.59120018200008,14.222695246000058],[120.58824323100009,14.222702062000053],[120.59076065700003,14.219043635000048],[120.58873515900007,14.217184426000074],[120.5852305300001,14.217214178000063],[120.58822996700007,14.216397433000054],[120.58890716600001,14.21478935700003],[120.58498708600007,14.21412144900006],[120.5854845660001,14.212593897000033],[120.58399085200006,14.211956752000049],[120.59249894000004,14.211564317000068],[120.594885771,14.209945254000047],[120.59068110300007,14.207838730000049],[120.59313539800007,14.206302985000036],[120.5925464280001,14.202865092000025],[120.58372267900006,14.203974282000047],[120.58481488500001,14.19895499100005],[120.5820385720001,14.198401491000027],[120.58606331300007,14.198148391000075],[120.58637348500008,14.195979138000041],[120.58295833700004,14.193582080000056],[120.58739359100002,14.193734489000065],[120.58827933000009,14.191426868000065],[120.58641515700003,14.189902010000026],[120.58695616900002,14.187688711000021],[120.59028136200004,14.187447681000037],[120.5920808950001,14.190041489000066],[120.59744521700009,14.189284371000042],[120.59681168800012,14.183733820000043],[120.5931654210001,14.184205699000074],[120.59163773800003,14.18225822900007],[120.594659621,14.182024353000031],[120.59392358800005,14.180324562000067],[120.60042091800005,14.179910709000069],[120.60002342000007,14.181304971000031],[120.6022907150001,14.182063327000037],[120.60239980500012,14.183552832000032],[120.60757102700006,14.185825714000032],[120.60817821700005,14.184120116000031],[120.61021812000001,14.18394122500007],[120.60950646300012,14.182572239000024],[120.61076902400009,14.182139316000075],[120.61130079600002,14.178694103000055],[120.613414282,14.178083332000028],[120.6082024960001,14.175087660000031],[120.60595299500005,14.176434193000034],[120.60712652900008,14.174792736000029],[120.60564893800006,14.174057446000063],[120.59706626700006,14.175388783000074],[120.59487980300003,14.173556474000065],[120.59141718400008,14.175627132000045],[120.5866765400001,14.175548616000071],[120.58539660400004,14.173630444000025],[120.58205722000002,14.17331045800006],[120.58137164000004,14.171678438000072],[120.5794333120001,14.172939629000041],[120.57973003000006,14.17206612900003],[120.57541243800006,14.170900767000035],[120.5785940720001,14.16924602000006],[120.57883001800008,14.167481176000024],[120.58160967000003,14.167158997000058],[120.58456513500005,14.169655472000045],[120.59047543800011,14.168445847000044],[120.58924637000007,14.165669741000045],[120.59607960800008,14.164085487000023],[120.59661316200004,14.162103328000057],[120.59202437500005,14.160495298000058],[120.58626906600011,14.161344287000077],[120.58709594400011,14.15981537600004],[120.5850322870001,14.156996890000073],[120.5905460680001,14.15748079900004],[120.59222710100005,14.156573426000023],[120.59149962900005,14.155239498000071],[120.59474693200002,14.154113722000034],[120.59866549100002,14.155810668000072],[120.60360921200004,14.153587389000052],[120.60478530000012,14.155714760000023],[120.60847286100011,14.15265673600004],[120.6099353410001,14.145538643000066],[120.60931621800012,14.14323868300005],[120.60693878300003,14.141840239000032],[120.58636482300005,14.143701796000073],[120.58619742300004,14.142211528000075],[120.58885156500003,14.141955710000047],[120.58892718000004,14.139391040000078],[120.59296217500003,14.138472722000074],[120.59483613200007,14.135484592000068],[120.59320863700009,14.135485711000058],[120.59485659600011,14.13498517100004],[120.59327323100001,14.13307071500003],[120.58645729400007,14.135745125000028],[120.58113328400009,14.134243137000055],[120.57490284200003,14.136624210000036],[120.56833634500003,14.134578256000054],[120.57675208800003,14.134784534000062],[120.57892194900012,14.131832721000023],[120.57577721100006,14.13069162000005],[120.58043461500006,14.13140590200004],[120.58640496800001,14.128985398000054],[120.58800636300009,14.130552823000073],[120.58983013800002,14.129692254000076],[120.5884279930001,14.13045452800003],[120.58924984700002,14.131109218000063],[120.59654759600005,14.13017846200006],[120.59527621600012,14.128368368000054],[120.58994555700008,14.128015091000066],[120.59195028700003,14.126594071000056],[120.59180190400002,14.12249612100004],[120.59027017400001,14.12216466500007],[120.59436653500006,14.118647275000058],[120.59630541400008,14.118942309000033],[120.59650105300011,14.121068388000026],[120.59845986900007,14.122043978000022],[120.60696012200003,14.120938672000023],[120.60688130800008,14.116091514000061],[120.60905327400008,14.11385296900005],[120.61597123900003,14.118051798000067],[120.61987042300007,14.116086492000022],[120.61984245400004,14.111801344000071],[120.62261876800005,14.111646970000038],[120.62416505600004,14.108380499000077],[120.6178855930001,14.103398261000052],[120.62205006200008,14.101758499000027],[120.61829773400007,14.097695286000032],[120.62054036000006,14.098193974000026],[120.62224173600009,14.096320971000068],[120.61913934800009,14.08995920700005],[120.61711249200005,14.089668219000032],[120.61706325800003,14.085928745000047],[120.619228926,14.082974507000074],[120.62085369600004,14.085349045000044],[120.62267168900007,14.085343823000073],[120.62004146900006,14.082192131000056],[120.62119557400001,14.082974026000045],[120.62337887700005,14.08009454200004],[120.625167787,14.058747972000049],[120.63118621900003,14.055007958000033],[120.6365000290001,14.05400805000005],[120.64312422700004,14.054982643000073],[120.6462678360001,14.051610101000051],[120.64736373000005,14.042202878000069],[120.65138297200008,14.042192735000071],[120.6569594660001,14.046674236000058],[120.66260238600012,14.048292146000051],[120.66610727800003,14.047777273000065],[120.66758215200002,14.045366089000026],[120.66952871400008,14.04532798400004],[120.67435313100009,14.050423721000072],[120.67626362300007,14.049357987000064],[120.67635023800005,14.046092237000039],[120.679031957,14.043246428000032],[120.68028086400011,14.039194723000037],[120.68634123700008,14.04442063600004],[120.69318808500009,14.045848395000064],[120.69280537400005,14.051821072000052],[120.69717018500012,14.055033540000068],[120.697099997,14.059881920000066],[120.69837398700008,14.060989265000046],[120.70107678600004,14.061758284000064],[120.70175320300007,14.058985199000062],[120.70389556200007,14.062064504000034],[120.70806735200006,14.059250066000061],[120.7087961420001,14.060427049000054],[120.71787930500011,14.05857157500003],[120.72016992100009,14.060960360000024],[120.72064440600002,14.058718829000043],[120.72339314500005,14.06048587500004],[120.72538925300012,14.057671690000063],[120.7275816990001,14.059487821000062],[120.72859611500007,14.057328098000028],[120.73049405400002,14.057131759000072],[120.73289920000002,14.058309790000067],[120.73372954900003,14.062302007000028],[120.73611015300003,14.062351091000039],[120.74031097900001,14.06523072300007],[120.74170171000003,14.063610930000038],[120.74289610200003,14.066032438000036],[120.74836085700008,14.067455892000055],[120.75222218100009,14.07213529300003],[120.75544540500005,14.072822478000035],[120.7597157670001,14.076209317000064],[120.7622190830001,14.074998563000065],[120.76990118800006,14.075949965000063],[120.7722814550001,14.077378629000066],[120.77171009800009,14.079039020000039],[120.7741703160001,14.080099752000024],[120.77579771300009,14.07868342300003],[120.78319867900007,14.083449291000022],[120.78907278100007,14.083268],[120.78966883300006,14.069176450000043],[120.7910037900001,14.062175892000027],[120.79325377300006,14.059587045000058],[120.79326172600008,14.051971535000064],[120.79555869800004,14.047547806000068],[120.8007766930001,14.047086805000049],[120.80280570800005,14.049623630000042],[120.80883891200006,14.05273485600003],[120.82177090700009,14.053919467000071],[120.84298026800002,14.05675646900005],[120.84496460900004,14.076248139000029],[120.84064876700006,14.082311134000065],[120.84179780800002,14.085874827000055],[120.83929156600004,14.088780735000057],[120.83629406800003,14.089280318000021],[120.8267634990001,14.096231647000025],[120.82207340100001,14.097762215000046],[120.81683667200002,14.102638167000066],[120.8160301260001,14.101803435000022],[120.80208450500004,14.10530428900006],[120.79938249600002,14.105224028000066],[120.7968772590001,14.103118018000032],[120.76768094300007,14.117736821000051],[120.76968880100003,14.126114803000064]]],[[[120.58996251200006,14.239791472000036],[120.58953054000006,14.237763793000056],[120.58740989000012,14.236988436000047],[120.59035304000008,14.236256726000022],[120.58983658600005,14.235180118000073],[120.59466088600004,14.230998667000051],[120.59473648800008,14.233081661000028],[120.58996251200006,14.239791472000036]]]]}},{"type":"Feature","properties":{"shapeName":"Padre Garcia","shapeISO":"","shapeID":"30758251B75041728100669","shapeGroup":"PHL","shapeType":"ADM3","psgc_code":"0401020000","legacy_psgc_code":"041020000","province":"Batangas"},"geometry":{"type":"Polygon","coordinates":[[[121.18475550500011,13.87831744500005],[121.19013446000008,13.871330865000061],[121.19162348100008,13.863231819000077],[121.19325693600001,13.862328207000076],[121.20270741700006,13.865338180000037],[121.20456841200007,13.86466921300007],[121.20859736300008,13.856963688000064],[121.21658535200004,13.855752720000055],[121.24610334700003,13.857344445000024],[121.2518027530001,13.859464428000024],[121.25925593900001,13.85730585500005],[121.26349163000009,13.859097878000057],[121.2758525160001,13.857937135000043],[121.28531829400004,13.859405736000042],[121.29727471900003,13.85854710600006],[121.30968192400007,13.863570092000032],[121.31361015700008,13.86296905100005],[121.31822529400006,13.864707777000035],[121.32009489100005,13.867621497000073],[121.30795183300006,13.867019690000063],[121.30141317400012,13.871760668000036],[121.2998538170001,13.875671105000038],[121.29597471000011,13.875880126000027],[121.29377954600011,13.873095914000032],[121.29068787300002,13.872114263000071],[121.28272368900002,13.872247323000067],[121.28264004100004,13.87390795600004],[121.27405599100007,13.875915683000073],[121.27160968300007,13.878059858000029],[121.27208522500007,13.887571265000076],[121.26382987500006,13.884940866000022],[121.24260657700006,13.888284484000053],[121.23382483300009,13.89129342700005],[121.23215029500011,13.893726643000036],[121.22895767500006,13.894323636000024],[121.22658602100012,13.897848203000024],[121.21403214500003,13.90511089100005],[121.205043939,13.89956419200007],[121.2022575630001,13.889356629000076],[121.19752654800004,13.886517840000067],[121.19467355000006,13.88657485300007],[121.19192652600009,13.882414138000058],[121.18475550500011,13.87831744500005]]]}},{"type":"Feature","properties":{"shapeName":"Rosario","shapeISO":"","shapeID":"30758251B26885487370879","shapeGroup":"PHL","shapeType":"ADM3","psgc_code":"0401021000","legacy_psgc_code":"041021000","province":"Batangas"},"geometry":{"type":"Polygon","coordinates":[[[121.17392142500012,13.793115194000052],[121.17596974500009,13.798497412000074],[121.18045594400007,13.797790631000055],[121.183082194,13.801105062000033],[121.18596139600004,13.801291057000071],[121.19298456800004,13.805740058000026],[121.19958172600002,13.807703194000055],[121.20879980300003,13.806321984000022],[121.21789777400011,13.803319354000052],[121.21826301300007,13.800080316000049],[121.22273399100004,13.801073485000074],[121.22452420200011,13.800030401000072],[121.22704523700008,13.790613591000067],[121.231490011,13.782671803000028],[121.24134376900008,13.77907979300005],[121.24610075600003,13.779128334000063],[121.25065168300011,13.78540931200007],[121.25714987700007,13.78075734500004],[121.26632349500005,13.778316632000042],[121.26638090400002,13.774384561000034],[121.26965157300003,13.770658785000023],[121.27972429400006,13.770719424000049],[121.28217054100003,13.763564231000032],[121.28354771500005,13.756336777000058],[121.26637966300007,13.74260094400006],[121.27653645300006,13.74156487600004],[121.27715340300006,13.736219262000077],[121.27965655500009,13.73422094800003],[121.29095756700008,13.732304294000073],[121.29234754200002,13.728402539000058],[121.29281949900007,13.721206004000067],[121.29406249100009,13.720043073000056],[121.29251748200011,13.71831919300007],[121.29397947300004,13.716973272000075],[121.29248446600002,13.715797357000042],[121.29382843200005,13.710177715000043],[121.29274241500002,13.707321906000061],[121.29432039300002,13.703749130000062],[121.29044635600007,13.697189578000064],[121.28817735900009,13.697470573000032],[121.28779734900002,13.695897677000062],[121.28874533700002,13.69389280200005],[121.29093634100002,13.69474473400004],[121.29280733300004,13.693547801000022],[121.29364431200008,13.69011701900007],[121.29632133200005,13.693747768000037],[121.30044731100008,13.690642946000025],[121.3017393130001,13.691034913000067],[121.30246930100009,13.689212028000043],[121.30590031500003,13.691749843000025],[121.3084847340001,13.691018385000064],[121.30920432500011,13.693738695000036],[121.31383332300004,13.693835662000026],[121.31608533200006,13.69552653900007],[121.3167643160001,13.692936703000044],[121.31777631700004,13.693197681000072],[121.31903533800005,13.696748443000047],[121.32177334100004,13.697456381000052],[121.32700633000002,13.696130437000022],[121.32616334200009,13.69802431900007],[121.33040634600002,13.699107224000045],[121.33199537400003,13.703900903000033],[121.33482137700003,13.704645839000023],[121.33686471800002,13.701902596000025],[121.3401443790001,13.705475754000076],[121.33758781000006,13.709085562000041],[121.33994975100006,13.713409139000078],[121.33536449300004,13.718920626000056],[121.33004152300009,13.735259272000064],[121.32864378700003,13.738249776000032],[121.32701213400003,13.73860959700005],[121.32839263100004,13.746324168000058],[121.32878281300009,13.776449210000067],[121.33180586300011,13.802069724000035],[121.33131358600008,13.815996486000074],[121.33352264900009,13.824164632000077],[121.33609464200003,13.827610640000046],[121.34117693000007,13.847905927000056],[121.34803924500011,13.849496362000025],[121.35001526100007,13.852350166000065],[121.35408461800012,13.853594500000042],[121.35882732000005,13.862868433000074],[121.36854044100005,13.869130992000066],[121.3619217690001,13.869814126000051],[121.35786931100006,13.866986466000071],[121.35437069900001,13.867427596000027],[121.34761355500007,13.862437553000063],[121.34285038500002,13.862471215000028],[121.33896242700007,13.865416638000056],[121.33803672300007,13.864255300000025],[121.3358991880001,13.86644332800006],[121.33371116,13.86632551100007],[121.33145150100006,13.870016755000051],[121.32497587700004,13.867217554000035],[121.32009489100005,13.867621497000073],[121.31822529400006,13.864707777000035],[121.31361015700008,13.86296905100005],[121.30968192400007,13.863570092000032],[121.29727471900003,13.85854710600006],[121.28531829400004,13.859405736000042],[121.2758525160001,13.857937135000043],[121.26349163000009,13.859097878000057],[121.25925593900001,13.85730585500005],[121.2518027530001,13.859464428000024],[121.24610334700003,13.857344445000024],[121.21658535200004,13.855752720000055],[121.20859736300008,13.856963688000064],[121.20456841200007,13.86466921300007],[121.20270741700006,13.865338180000037],[121.19325693600001,13.862328207000076],[121.19162348100008,13.863231819000077],[121.19013446000008,13.871330865000061],[121.18475550500011,13.87831744500005],[121.16478141000005,13.861184669000068],[121.16884865400004,13.848929203000068],[121.16609321500005,13.845012680000025],[121.16609321500005,13.840551402000074],[121.16956422800001,13.831608556000049],[121.16925018400002,13.824384025000029],[121.17163813500008,13.816367531000026],[121.17077731600011,13.803508187000034],[121.16968709900004,13.802715302000024],[121.17057909500011,13.800906533000045],[121.16768010800001,13.799618094000039],[121.16635246100009,13.795944813000062],[121.16957866400003,13.793425702000036],[121.17141291500002,13.794223045000024],[121.17392142500012,13.793115194000052]]]}},{"type":"Feature","properties":{"shapeName":"San Jose","shapeISO":"","shapeID":"30758251B22922317245242","shapeGroup":"PHL","shapeType":"ADM3","psgc_code":"0401022000","legacy_psgc_code":"041022000","province":"Batangas"},"geometry":{"type":"Polygon","coordinates":[[[121.0450154670001,13.861805325000034],[121.05709232000004,13.838457764000054],[121.05779429100005,13.833692069000051],[121.06038027500006,13.83113221900004],[121.07351830200002,13.836593790000052],[121.08699230400009,13.83794262400005],[121.08908813800008,13.840944320000062],[121.09405797600004,13.84305054500004],[121.0994893940001,13.842756955000027],[121.10361630800003,13.839717413000074],[121.1068299850001,13.849703685000065],[121.11117047700009,13.855865632000075],[121.11475982000002,13.85833139400006],[121.12073008000004,13.866401538000048],[121.12835984100002,13.867723397000077],[121.12848041000007,13.870060143000046],[121.13129311800003,13.879771708000021],[121.13383244300007,13.882368616000065],[121.12202657800003,13.885588339000037],[121.12555866700006,13.900451358000055],[121.119043669,13.90026240800006],[121.11486278400002,13.918739238000057],[121.11225379400003,13.920123164000074],[121.10913543000004,13.92482283000004],[121.08739322100007,13.924581887000045],[121.08673443700002,13.926493437000033],[121.07743337000011,13.925407373000041],[121.07404586400003,13.928870822000022],[121.07866881200005,13.920613328000059],[121.07287369800008,13.901666586000033],[121.0678656660001,13.895971983000038],[121.06607261900001,13.888084503000073],[121.06081559300003,13.883551827000076],[121.05688655000006,13.876195325000026],[121.05697196900007,13.873491515000069],[121.06115951000004,13.869861710000066],[121.06117738700004,13.866056146000062],[121.05538894800009,13.863930839000034],[121.05152048000002,13.864890030000026],[121.05140849200006,13.866278998000041],[121.0451984770001,13.863345224000057],[121.0450154670001,13.861805325000034]]]}},{"type":"Feature","properties":{"shapeName":"San Juan","shapeISO":"","shapeID":"30758251B36989213936618","shapeGroup":"PHL","shapeType":"ADM3","psgc_code":"0401023000","legacy_psgc_code":"041023000","province":"Batangas"},"geometry":{"type":"Polygon","coordinates":[[[121.39811067200003,13.845612200000062],[121.39552782700002,13.84550994700004],[121.39553095000008,13.843121780000047],[121.39231832000007,13.845912751000071],[121.38767822800003,13.844806436000056],[121.38356483600012,13.848711901000058],[121.37944064800001,13.850237836000076],[121.3783460090001,13.852355187000057],[121.37956358200006,13.856001212000024],[121.3750440770001,13.859404078000068],[121.37428327600003,13.866905087000077],[121.37087022100002,13.867053481000028],[121.36854044100005,13.869130992000066],[121.35882732000005,13.862868433000074],[121.35408461800012,13.853594500000042],[121.35001526100007,13.852350166000065],[121.34803924500011,13.849496362000025],[121.34117693000007,13.847905927000056],[121.33609464200003,13.827610640000046],[121.33352264900009,13.824164632000077],[121.33131358600008,13.815996486000074],[121.33180586300011,13.802069724000035],[121.32878281300009,13.776449210000067],[121.32839263100004,13.746324168000058],[121.32701213400003,13.73860959700005],[121.32864378700003,13.738249776000032],[121.33004152300009,13.735259272000064],[121.33536449300004,13.718920626000056],[121.33994975100006,13.713409139000078],[121.33758781000006,13.709085562000041],[121.3401443790001,13.705475754000076],[121.34164038400002,13.706495679000056],[121.34731337300002,13.70523472900004],[121.35188334800011,13.70147694700006],[121.36049718400011,13.674860628000033],[121.35878909300004,13.654856910000035],[121.36354559300003,13.658750345000044],[121.36926786700008,13.660801789000061],[121.37192494200008,13.660173968000038],[121.38767872800008,13.669898468000042],[121.3965285160001,13.672278454000036],[121.40937125300002,13.667177652000078],[121.41906437900002,13.654745006000041],[121.42349544600006,13.655630718000054],[121.43049125200002,13.65963576400003],[121.43493312200007,13.659542688000045],[121.4427386860001,13.667431643000043],[121.45388435200005,13.673282924000034],[121.46225978000007,13.680152183000075],[121.46725945700007,13.681977849000077],[121.47042027000009,13.68544231800007],[121.47158062100004,13.69024220700004],[121.47003154200002,13.692220211000063],[121.46358665600007,13.695390553000038],[121.4624347670001,13.698808288000066],[121.45749440300006,13.70145141200004],[121.454351545,13.701644458000033],[121.44982663100006,13.699569680000025],[121.45206142000006,13.69736380200004],[121.44694955800003,13.69425185800003],[121.44653156700008,13.695710793000046],[121.44268921700007,13.695887114000072],[121.44462114100008,13.700361846000021],[121.44402831500008,13.702188785000033],[121.44747215400002,13.708203817000026],[121.44709669100007,13.714607207000029],[121.4500890060001,13.720166285000062],[121.44902808900008,13.721919898000067],[121.45167255800004,13.722903356000074],[121.44880439000008,13.722308078000026],[121.439354094,13.734052966000036],[121.43465484100011,13.747362320000036],[121.43242988200006,13.75992999400006],[121.43260238200003,13.765987947000042],[121.43837150500008,13.791902489000051],[121.44200196800011,13.797660949000033],[121.4582355870001,13.811687788000029],[121.45665641300002,13.818242209000061],[121.45064150500002,13.820044984000049],[121.45009019500003,13.821878691000052],[121.45229543700009,13.826528877000044],[121.44933513900003,13.830687677000071],[121.44642278000003,13.830459961000031],[121.44295710200004,13.824241419000032],[121.4407367440001,13.829096767000067],[121.43642077100003,13.828306719000068],[121.42961843600006,13.834167226000034],[121.42751214400005,13.83471750800004],[121.42494565800007,13.831986484000026],[121.42395368700011,13.83423668200004],[121.42487732500001,13.835650523000027],[121.4306124310001,13.836064172000022],[121.42720971500012,13.838078787000029],[121.4201441990001,13.840539084000056],[121.41748513700009,13.843874380000045],[121.41249446000006,13.842026618000034],[121.41038544500009,13.846072469000035],[121.40889403400001,13.843356831000051],[121.4094639440001,13.840060569000059],[121.40701075000004,13.839331241000025],[121.39843480400009,13.843615126000032],[121.39811067200003,13.845612200000062]]]}},{"type":"Feature","properties":{"shapeName":"San Luis","shapeISO":"","shapeID":"30758251B60634471978235","shapeGroup":"PHL","shapeType":"ADM3","psgc_code":"0401024000","legacy_psgc_code":"041024000","province":"Batangas"},"geometry":{"type":"Polygon","coordinates":[[[120.99090683400004,13.860029420000046],[120.98541621100003,13.862464766000073],[120.97894825600008,13.862515587000075],[120.97717083200007,13.858286379000049],[120.95877939900004,13.855423444000053],[120.94595708000008,13.857133087000022],[120.94486009700006,13.857900990000076],[120.94522178300008,13.863091201000032],[120.94037851400003,13.862574882000047],[120.93736450100005,13.860300047000067],[120.92957451900008,13.86266893900006],[120.91491533400006,13.856249859000059],[120.91677629800006,13.848076649000063],[120.91522935300009,13.82994631300005],[120.91086821700003,13.824490069000035],[120.90163208400008,13.821868144000064],[120.90700089400002,13.815419078000048],[120.91093182000009,13.813123603000065],[120.9120283100001,13.809711156000049],[120.91894808000006,13.810128190000057],[120.92794917800006,13.806380588000025],[120.93522017200007,13.805853580000075],[120.950571179,13.808016351000049],[120.95788720100006,13.812055047000058],[120.9648912350001,13.818170611000028],[120.96253090200003,13.820217752000076],[120.9705889710001,13.825209700000073],[120.97301860300001,13.833438280000053],[120.97787597900003,13.839568362000023],[120.98260834900009,13.83647204700003],[120.98353709500009,13.838329540000075],[120.98420137000005,13.841596984000034],[120.98273638100011,13.843373878000023],[120.98483811400001,13.85030189300005],[120.99090683400004,13.860029420000046]]]}},{"type":"Feature","properties":{"shapeName":"San Nicolas","shapeISO":"","shapeID":"30758251B83345334824937","shapeGroup":"PHL","shapeType":"ADM3","psgc_code":"0401025000","legacy_psgc_code":"041025000","province":"Batangas"},"geometry":{"type":"MultiPolygon","coordinates":[[[[120.92547165700012,13.919064736000053],[120.92523260000007,13.91580766800007],[120.93066721200012,13.911480649000055],[120.93388219700012,13.910766158000058],[120.935228789,13.907324022000068],[120.93357794400004,13.903648776000068],[120.94186575600008,13.90230630800005],[120.94357477300002,13.905213110000034],[120.94804578600008,13.907629928000063],[120.9595594750001,13.90678439900006],[120.96270962500012,13.904614061000075],[120.96895377700002,13.907470816000057],[120.97548178400007,13.90913067100007],[120.97622938600011,13.914430925000033],[120.9656813790001,13.92212663600003],[120.95759089400008,13.925877694000064],[120.9524566990001,13.931024101000048],[120.94947076400001,13.930707361000032],[120.94945798800006,13.928786192000075],[120.94666291300007,13.927341385000034],[120.94299022500002,13.92168633700004],[120.93837533300007,13.922341602000074],[120.92547165700012,13.919064736000053]]],[[[121.00208805000011,14.007753050000076],[120.99850077500002,14.003684818000067],[120.99443612200002,14.008355882000046],[120.99276499300004,14.008352772000023],[120.99244286400005,14.011166635000052],[120.97342435200005,14.025386767000043],[120.97076880400004,14.018781343000057],[120.97249642500003,14.01428715700007],[120.97087276800005,14.007788688000062],[120.97356586900003,13.997675696000044],[120.97169251900004,13.994994383000062],[120.9748155530001,13.988306929000032],[120.97341964400005,13.981294740000067],[120.97527834200002,13.978734023000072],[120.97752186100001,13.978002337000078],[120.98567195100009,13.984670440000059],[120.99975421600004,13.986271688000045],[121.0063403800001,13.991861535000055],[121.01028517100008,13.993290193000064],[121.00208805000011,14.007753050000076]]]]}},{"type":"Feature","properties":{"shapeName":"San Pascual","shapeISO":"","shapeID":"30758251B99992201046216","shapeGroup":"PHL","shapeType":"ADM3","psgc_code":"0401026000","legacy_psgc_code":"041026000","province":"Batangas"},"geometry":{"type":"Polygon","coordinates":[[[121.0143223880001,13.846617485000024],[121.01385631200003,13.83410329700007],[121.00765919700007,13.821495878000064],[121.00895659800005,13.81982779200007],[121.00716494900007,13.817356552000035],[121.00835889000007,13.815774525000052],[121.00555864400008,13.810251738000034],[121.00223019000009,13.808337450000067],[121.00117219300012,13.803764734000026],[121.00445779100005,13.802577022000037],[121.0071474240001,13.796700016000045],[121.00586892900003,13.794254280000075],[121.01454306900007,13.794021887000042],[121.01341467400005,13.785912763000056],[121.02143999600003,13.782477594000056],[121.02117298900009,13.781209678000039],[121.01908298800004,13.78094870700005],[121.01933397100004,13.77817288500006],[121.01743776400008,13.775533482000071],[121.02038465300006,13.773776145000056],[121.01953885500006,13.771352243000024],[121.01828522700009,13.771565955000028],[121.0200378180001,13.771012212000073],[121.0205277770001,13.773702523000054],[121.0286633610001,13.769723293000027],[121.03347688600002,13.783877138000037],[121.03750412900001,13.788942976000044],[121.04477651600007,13.79292590800003],[121.04460953900002,13.798302675000059],[121.04912388100001,13.802975685000035],[121.0517591570001,13.811093566000068],[121.05365915900006,13.811689517000048],[121.05455218500003,13.81592323700005],[121.05867121500012,13.82125886800003],[121.06038027500006,13.83113221900004],[121.05779429100005,13.833692069000051],[121.05709232000004,13.838457764000054],[121.0450154670001,13.861805325000034],[121.04409245600004,13.859783461000063],[121.03838274300006,13.856231646000026],[121.03595430000007,13.851534292000053],[121.03224339600001,13.849182215000042],[121.02132226600008,13.84522994300005],[121.0143223880001,13.846617485000024]]]}},{"type":"Feature","properties":{"shapeName":"Santa Teresita","shapeISO":"","shapeID":"30758251B65020041021646","shapeGroup":"PHL","shapeType":"ADM3","psgc_code":"0401027000","legacy_psgc_code":"041027000","province":"Batangas"},"geometry":{"type":"Polygon","coordinates":[[[120.98959066000009,13.87844859200004],[120.98645880200002,13.879601765000075],[120.98527663100003,13.884567201000038],[120.98096088200009,13.888084210000045],[120.98205500600011,13.890241316000072],[120.98068350400001,13.891335745000049],[120.98158779000005,13.898119576000056],[120.98058193400004,13.901619660000051],[120.98296074900009,13.903859968000063],[120.98186240200005,13.909202875000062],[120.98330107700008,13.913144273000057],[120.97622938600011,13.914430925000033],[120.97548178400007,13.90913067100007],[120.96895377700002,13.907470816000057],[120.96858173700002,13.900927241000034],[120.96713113100009,13.90082260400004],[120.96738679900011,13.898099739000031],[120.96509079600003,13.894089506000057],[120.96449504400005,13.87911130200007],[120.95776955400004,13.870224287000042],[120.94540006300008,13.866047537000043],[120.94522178300008,13.863091201000032],[120.94486009700006,13.857900990000076],[120.94595708000008,13.857133087000022],[120.95877939900004,13.855423444000053],[120.97717083200007,13.858286379000049],[120.97894825600008,13.862515587000075],[120.98541621100003,13.862464766000073],[120.99090683400004,13.860029420000046],[120.99302150100004,13.864181988000041],[120.98919153000008,13.874874110000064],[120.98959066000009,13.87844859200004]]]}},{"type":"Feature","properties":{"shapeName":"Santo Tomas","shapeISO":"","shapeID":"30758251B29832257254847","shapeGroup":"PHL","shapeType":"ADM3","psgc_code":"0401028000","legacy_psgc_code":"041028000","province":"Batangas"},"geometry":{"type":"Polygon","coordinates":[[[121.20995377400004,14.086984826000048],[121.20556391600007,14.109612395000056],[121.19440848600004,14.131070861000069],[121.18674508800007,14.135710826000036],[121.18053210000005,14.137188768000044],[121.17442509900002,14.13658784300003],[121.1713093940001,14.139534322000031],[121.16518711900005,14.139011742000037],[121.1621431320001,14.141324835000034],[121.1589976780001,14.14058559800003],[121.15463886200007,14.142682814000068],[121.1384353420001,14.144563271000038],[121.13347627600001,14.141672596000035],[121.13073056200005,14.142832382000051],[121.12856213700002,14.14733801400007],[121.12754328900007,14.145392015000027],[121.12656254500007,14.143682287000047],[121.12784136300002,14.141019953000068],[121.12648253900011,14.139455432000034],[121.12765622200004,14.135493077000035],[121.12580851300004,14.130757502000051],[121.12784553100005,14.127816865000057],[121.12527363400011,14.125078217000066],[121.1317727280001,14.11873341200004],[121.1360299480001,14.117765032000023],[121.14011747400002,14.113981798000054],[121.1352892650001,14.106025935000048],[121.13581241100007,14.101179659000024],[121.13881542700005,14.099006745000054],[121.14149291300009,14.099055575000023],[121.14365768900007,14.09492947900003],[121.15084378100005,14.090753698000071],[121.15207742500002,14.087425687000064],[121.15364527800011,14.088155549000021],[121.1558456790001,14.085847021000063],[121.15462924100007,14.084376482000039],[121.15846211600001,14.079776839000033],[121.15735749600003,14.079029862000027],[121.15900211000007,14.074031289000061],[121.16414966700006,14.070068269000046],[121.16315650000001,14.065293245000078],[121.16601473900005,14.063650968000047],[121.16730869700007,14.059709800000064],[121.17298961100005,14.057356435000031],[121.17278164000004,14.052950716000055],[121.17457129200011,14.04951918100005],[121.18000592400006,14.047258856000042],[121.18028515500009,14.034028006000028],[121.18272985700003,14.033297206000043],[121.18411315700007,14.030561055000021],[121.1945538760001,14.00900252300005],[121.19764048500008,13.996270495000033],[121.20352417300012,13.989074178000067],[121.20833116400001,13.988001219000068],[121.21394738400011,13.983937110000056],[121.22426811900004,13.981980514000043],[121.2306621240001,13.983335389000047],[121.23926711500008,13.990509283000051],[121.22585827700004,14.00770684400004],[121.21619239800009,14.02661468100007],[121.21337448000008,14.039724852000063],[121.21358057400005,14.05499986600006],[121.21048643000006,14.064377040000068],[121.20995377400004,14.086984826000048]]]}},{"type":"Feature","properties":{"shapeName":"Taal","shapeISO":"","shapeID":"30758251B11016781940262","shapeGroup":"PHL","shapeType":"ADM3","psgc_code":"0401029000","legacy_psgc_code":"041029000","province":"Batangas"},"geometry":{"type":"Polygon","coordinates":[[[120.91602095000007,13.909093193000047],[120.91202856400002,13.903681221000056],[120.91350259100011,13.899844998000049],[120.9117429050001,13.891843609000034],[120.9123051900001,13.889689077000071],[120.91791296200006,13.884330259000023],[120.91885309000008,13.880218200000058],[120.91377773800002,13.871177006000039],[120.91536704600003,13.865753016000042],[120.91317842900003,13.861225527000045],[120.91491533400006,13.856249859000059],[120.92957451900008,13.86266893900006],[120.93736450100005,13.860300047000067],[120.94037851400003,13.862574882000047],[120.94522178300008,13.863091201000032],[120.94540006300008,13.866047537000043],[120.95776955400004,13.870224287000042],[120.96449504400005,13.87911130200007],[120.96509079600003,13.894089506000057],[120.96738679900011,13.898099739000031],[120.96713113100009,13.90082260400004],[120.96858173700002,13.900927241000034],[120.96895377700002,13.907470816000057],[120.96270962500012,13.904614061000075],[120.9595594750001,13.90678439900006],[120.94804578600008,13.907629928000063],[120.94357477300002,13.905213110000034],[120.94186575600008,13.90230630800005],[120.93357794400004,13.903648776000068],[120.935228789,13.907324022000068],[120.93388219700012,13.910766158000058],[120.93066721200012,13.911480649000055],[120.92523260000007,13.91580766800007],[120.92547165700012,13.919064736000053],[120.91602095000007,13.909093193000047]]]}},{"type":"Feature","properties":{"shapeName":"Talisay","shapeISO":"","shapeID":"30758251B80500535312528","shapeGroup":"PHL","shapeType":"ADM3","psgc_code":"0401030000","legacy_psgc_code":"041030000","province":"Batangas"},"geometry":{"type":"MultiPolygon","coordinates":[[[[121.03140024900006,14.030116939000038],[121.02913112800002,14.035255825000036],[121.026570934,14.031867735000048],[121.03140024900006,14.030116939000038]]],[[[121.04825467500007,14.031225727000049],[121.04620424300003,14.033065451000027],[121.0455878570001,14.036312026000076],[121.04192580400002,14.030492029000072],[121.04539107500011,14.029406920000042],[121.04931301800002,14.025739630000032],[121.05404554000006,14.027422543000057],[121.05359312900009,14.029057898000076],[121.04825467500007,14.031225727000049]]],[[[121.01999243000012,14.017260436000072],[121.01560550500005,14.024692555000058],[121.01744320900002,14.032208395000055],[121.01688437400003,14.035481410000045],[121.01946711900007,14.038154470000052],[121.017799394,14.03802515700005],[121.01701314500008,14.041014851000057],[121.01373077900007,14.043055346000074],[121.01118473000008,14.042454450000037],[121.01049934800005,14.038520965000032],[121.00842042500005,14.036576707000052],[121.0053220210001,14.036725069000056],[121.00368806900008,14.035057291000044],[120.99364951100006,14.036844866000024],[120.98732214200004,14.031859122000071],[120.98081416100001,14.033028039000044],[120.97857584700012,14.036160080000059],[120.97608993000006,14.03690535800007],[120.976218517,14.040149413000051],[120.9725667030001,14.042411989000072],[120.96762385000011,14.039336522000042],[120.96597326200003,14.035311592000028],[120.9734490730001,14.029595189000077],[120.97342435200005,14.025386767000043],[120.99244286400005,14.011166635000052],[120.99216476200002,14.013200662000031],[120.99557915100002,14.016334490000077],[121.0007968860001,14.015124749000051],[121.00305074800008,14.01057568300007],[121.01628010400009,14.013680974000067],[121.01999243000012,14.017260436000072]]],[[[121.03586636200009,14.151780380000048],[121.02632882300009,14.134585856000058],[121.01325097000006,14.127112081000064],[121.00714505300004,14.121492624000041],[120.98037532400008,14.12008944300004],[120.97608416500009,14.114741124000034],[120.9731967990001,14.107712708000065],[120.97143969500007,14.097899962000042],[120.96797163000008,14.098633049000057],[120.95716251500005,14.094669594000038],[120.96051323200004,14.076542909000068],[120.96184246300004,14.075520007000023],[120.96215798800006,14.080528566000055],[120.96403596900007,14.083041820000062],[120.96690248800007,14.083564144000036],[120.96830241900011,14.08673456200006],[120.97035302800009,14.083981348000066],[120.9746549030001,14.08760647400004],[120.98128755200003,14.085798983000075],[120.98470370600012,14.086697289000028],[120.98619196000004,14.08331254500007],[120.99911414500002,14.081151857000066],[121.014141203,14.090794387000074],[121.01869442800012,14.088321835000045],[121.02943513600007,14.09024008800003],[121.03369226600012,14.088955901000077],[121.03994448600008,14.089689200000066],[121.04183325500003,14.091300286000035],[121.04734358200005,14.088476810000031],[121.04848771200011,14.090233214000023],[121.05219591700006,14.098346026000058],[121.05973495900002,14.105703508000033],[121.06057402300007,14.116065836000075],[121.05916695200006,14.125434339000037],[121.05124520200002,14.14411308800004],[121.04335015000004,14.153926470000044],[121.03586636200009,14.151780380000048]]]]}},{"type":"Feature","properties":{"shapeName":"City of Tanauan","shapeISO":"","shapeID":"30758251B62709822601123","shapeGroup":"PHL","shapeType":"ADM3","psgc_code":"0401031000","legacy_psgc_code":"041031000","province":"Batangas"},"geometry":{"type":"Polygon","coordinates":[[[121.10021844800008,14.03935585000005],[121.10169484300002,14.042928309000047],[121.1037581380001,14.041838084000062],[121.10715756000002,14.04446517100007],[121.12214156300001,14.04607997900007],[121.13630959800003,14.052849459000072],[121.13873800500005,14.051780996000048],[121.14511624500005,14.056003005000036],[121.14564767600007,14.054900240000052],[121.15472638000006,14.05821121200006],[121.16065998400006,14.066600082000036],[121.16116102,14.07005403100004],[121.15917468400005,14.071764729000051],[121.15900211000007,14.074031289000061],[121.15735749600003,14.079029862000027],[121.15846211600001,14.079776839000033],[121.15462924100007,14.084376482000039],[121.1558456790001,14.085847021000063],[121.15364527800011,14.088155549000021],[121.15207742500002,14.087425687000064],[121.15084378100005,14.090753698000071],[121.14365768900007,14.09492947900003],[121.14149291300009,14.099055575000023],[121.13881542700005,14.099006745000054],[121.13581241100007,14.101179659000024],[121.1352892650001,14.106025935000048],[121.14011747400002,14.113981798000054],[121.1360299480001,14.117765032000023],[121.1317727280001,14.11873341200004],[121.12527363400011,14.125078217000066],[121.12784553100005,14.127816865000057],[121.12580851300004,14.130757502000051],[121.12765622200004,14.135493077000035],[121.12648253900011,14.139455432000034],[121.12784136300002,14.141019953000068],[121.12656254500007,14.143682287000047],[121.12754328900007,14.145392015000027],[121.10234538800012,14.154389819000073],[121.10217525200005,14.155837033000068],[121.05975954500002,14.153467445000047],[121.04538386100012,14.154943326000023],[121.04335015000004,14.153926470000044],[121.05124520200002,14.14411308800004],[121.05916695200006,14.125434339000037],[121.06057402300007,14.116065836000075],[121.05973495900002,14.105703508000033],[121.05219591700006,14.098346026000058],[121.04848771200011,14.090233214000023],[121.05378252700007,14.088988149000045],[121.0548471730001,14.084521830000028],[121.0571063000001,14.084391995000033],[121.05920962500011,14.08646935300004],[121.06473177700002,14.076664347000076],[121.06405276100008,14.073932527000068],[121.06952272500007,14.068545842000049],[121.07142969900008,14.06453508900006],[121.06960665200006,14.056705604000058],[121.06360959400001,14.046938268000076],[121.06319756900007,14.042793537000023],[121.05423350100011,14.031141341000023],[121.05736847800006,14.02765254700006],[121.06093028300006,14.027532824000048],[121.07570148100001,14.029366329000027],[121.09006050100004,14.033777960000066],[121.10021844800008,14.03935585000005]]]}},{"type":"Feature","properties":{"shapeName":"Taysan","shapeISO":"","shapeID":"30758251B32633454457385","shapeGroup":"PHL","shapeType":"ADM3","psgc_code":"0401032000","legacy_psgc_code":"041032000","province":"Batangas"},"geometry":{"type":"Polygon","coordinates":[[[121.1784665450001,13.71934678200006],[121.18491653000001,13.717258881000078],[121.19822578300011,13.71594708300006],[121.20079216800002,13.70585636800007],[121.20508077700003,13.705554353000025],[121.21270995200007,13.710137068000051],[121.21462444200006,13.712983916000042],[121.2209667520001,13.71594366000005],[121.22591979300012,13.716849704000026],[121.2335194850001,13.713785827000038],[121.23924548700006,13.714581742000064],[121.24225446500009,13.711234942000033],[121.24751346000005,13.710859936000077],[121.24958646400012,13.711673872000063],[121.2541705000001,13.718090429000029],[121.25475650300007,13.71433217300006],[121.27097816800006,13.695532229000037],[121.2724905870001,13.696025851000059],[121.26732560800008,13.721529866000026],[121.26915188800001,13.728082989000029],[121.26705456800005,13.730394556000022],[121.27965655500009,13.73422094800003],[121.27715340300006,13.736219262000077],[121.27653645300006,13.74156487600004],[121.26637966300007,13.74260094400006],[121.28354771500005,13.756336777000058],[121.28217054100003,13.763564231000032],[121.27972429400006,13.770719424000049],[121.26965157300003,13.770658785000023],[121.26638090400002,13.774384561000034],[121.26632349500005,13.778316632000042],[121.25714987700007,13.78075734500004],[121.25065168300011,13.78540931200007],[121.24610075600003,13.779128334000063],[121.24134376900008,13.77907979300005],[121.231490011,13.782671803000028],[121.22704523700008,13.790613591000067],[121.22452420200011,13.800030401000072],[121.22273399100004,13.801073485000074],[121.21826301300007,13.800080316000049],[121.21789777400011,13.803319354000052],[121.20879980300003,13.806321984000022],[121.19958172600002,13.807703194000055],[121.19298456800004,13.805740058000026],[121.18596139600004,13.801291057000071],[121.183082194,13.801105062000033],[121.18045594400007,13.797790631000055],[121.17596974500009,13.798497412000074],[121.17392142500012,13.793115194000052],[121.17732549900006,13.789431618000037],[121.17887506200009,13.78984244700007],[121.17947373000004,13.788399552000044],[121.18058063,13.789285362000044],[121.18038107000007,13.787376247000054],[121.18345285900011,13.784253604000071],[121.18270067100002,13.778938235000055],[121.18482820600002,13.775525438000045],[121.18194683100012,13.772771042000045],[121.18655510200006,13.767261869000038],[121.18024080500004,13.762563968000052],[121.16248412900006,13.766540862000056],[121.1654908480001,13.75783184100004],[121.16888989800009,13.756260275000045],[121.17061032000004,13.753672975000029],[121.17312096700005,13.753780061000043],[121.17575180900008,13.748278686000049],[121.17788434400006,13.746836995000024],[121.17941267300012,13.736036458000058],[121.17607258100008,13.725097423000022],[121.1784665450001,13.71934678200006]]]}},{"type":"Feature","properties":{"shapeName":"Tingloy","shapeISO":"","shapeID":"30758251B31190272548393","shapeGroup":"PHL","shapeType":"ADM3","psgc_code":"0401033000","legacy_psgc_code":"041033000","province":"Batangas"},"geometry":{"type":"MultiPolygon","coordinates":[[[[120.94929417300011,13.631112452000025],[120.9480361310001,13.631138815000043],[120.94798711900012,13.629531846000077],[120.95192744300005,13.628848359000074],[120.94929417300011,13.631112452000025]]],[[[120.83115867100003,13.687686794000058],[120.82675789000007,13.686186821000035],[120.82950825400007,13.686814957000024],[120.83164230500006,13.685385600000075],[120.83146286400006,13.677331838000043],[120.83546135400002,13.675780959000065],[120.83736006800007,13.672181700000067],[120.83876484200005,13.660171767000065],[120.84196022700007,13.651250004000076],[120.84584428200003,13.652985576000049],[120.84827273200005,13.652461902000027],[120.85639592300004,13.645368830000052],[120.86010774500005,13.643787712000062],[120.86281851900003,13.646464278000053],[120.86598092800011,13.64612993000003],[120.8705023660001,13.64158621300004],[120.87078027400003,13.636974207000037],[120.87260698000011,13.634652058000029],[120.88101599100003,13.632866023000076],[120.88941185400006,13.628135046000068],[120.89740190900011,13.628068149000057],[120.90499567200004,13.624384043000077],[120.94178651200002,13.631683415000055],[120.94646802900002,13.638114896000047],[120.946060654,13.640521705000026],[120.93866182900001,13.646932494000055],[120.93407597600003,13.655353820000073],[120.92371788900005,13.657777792000047],[120.90771382900004,13.659066702000075],[120.9053336610001,13.65766347400006],[120.88492621700004,13.65488741200005],[120.87835588500002,13.662151436000045],[120.87213377400008,13.660844888000042],[120.86925909600006,13.663356922000048],[120.85966750700004,13.66405052600004],[120.85763749400007,13.66539571800007],[120.85648298000001,13.669195430000059],[120.84883752500002,13.66974484900004],[120.84643135100009,13.672538068000051],[120.84577709100006,13.67057171600004],[120.84090173800007,13.672426964000067],[120.83527646200002,13.683348953000063],[120.83115867100003,13.687686794000058]]],[[[120.84255816200005,13.691783431000033],[120.84045105000007,13.680525471000067],[120.8415110410001,13.679606327000045],[120.84078284000009,13.676013658000045],[120.84275075000005,13.67419097800007],[120.84424933200012,13.68118656300004],[120.84396989100003,13.684988695000072],[120.84251907500004,13.685979192000048],[120.84394972700011,13.68751278700006],[120.84255816200005,13.691783431000033]]]]}},{"type":"Feature","properties":{"shapeName":"Tuy","shapeISO":"","shapeID":"30758251B67063088197244","shapeGroup":"PHL","shapeType":"ADM3","psgc_code":"0401034000","legacy_psgc_code":"041034000","province":"Batangas"},"geometry":{"type":"Polygon","coordinates":[[[120.8007766930001,14.047086805000049],[120.79555869800004,14.047547806000068],[120.79326172600008,14.051971535000064],[120.79325377300006,14.059587045000058],[120.7910037900001,14.062175892000027],[120.78966883300006,14.069176450000043],[120.78907278100007,14.083268],[120.78319867900007,14.083449291000022],[120.77579771300009,14.07868342300003],[120.7741703160001,14.080099752000024],[120.77171009800009,14.079039020000039],[120.7722814550001,14.077378629000066],[120.76990118800006,14.075949965000063],[120.7622190830001,14.074998563000065],[120.7597157670001,14.076209317000064],[120.75544540500005,14.072822478000035],[120.75222218100009,14.07213529300003],[120.74836085700008,14.067455892000055],[120.74289610200003,14.066032438000036],[120.74170171000003,14.063610930000038],[120.74031097900001,14.06523072300007],[120.73611015300003,14.062351091000039],[120.73372954900003,14.062302007000028],[120.73289920000002,14.058309790000067],[120.73049405400002,14.057131759000072],[120.72859611500007,14.057328098000028],[120.7275816990001,14.059487821000062],[120.72538925300012,14.057671690000063],[120.72339314500005,14.06048587500004],[120.72064440600002,14.058718829000043],[120.72016992100009,14.060960360000024],[120.71787930500011,14.05857157500003],[120.7087961420001,14.060427049000054],[120.70806735200006,14.059250066000061],[120.70389556200007,14.062064504000034],[120.70175320300007,14.058985199000062],[120.70107678600004,14.061758284000064],[120.69837398700008,14.060989265000046],[120.697099997,14.059881920000066],[120.69717018500012,14.055033540000068],[120.69280537400005,14.051821072000052],[120.69318808500009,14.045848395000064],[120.68865766500005,14.037231098000063],[120.68735760800007,14.027923704000045],[120.68550451300007,14.012346716000025],[120.68622840300009,13.994589854000026],[120.68744139800003,13.99381489700005],[120.6904404070001,13.99536278000005],[120.69906938800011,13.992631905000053],[120.7015793710001,13.989989060000028],[120.7078273520001,13.987226201000055],[120.7125197690001,13.980283763000045],[120.71148253000001,13.97737053000003],[120.71396121500004,13.96517358500006],[120.71648718600011,13.960464873000035],[120.71795118400007,13.960240879000025],[120.72405280500004,13.972133116000066],[120.7277286750001,13.973636881000061],[120.73098614700007,13.977660976000038],[120.73262349200002,13.977277959000048],[120.73449600900005,13.981375280000066],[120.73721647500008,13.983199984000066],[120.73943769400012,13.982873914000038],[120.74416029600002,13.987418853000065],[120.74707355100008,13.987692114000026],[120.76448844600009,13.997956109000029],[120.7684814700001,14.009220430000028],[120.77287764800008,14.011291956000036],[120.77561370100011,14.014735519000055],[120.78086351600007,14.017350835000059],[120.78583851400003,14.017221814000038],[120.78825654100001,14.02170951100004],[120.78940160400009,14.03196584400007],[120.8007766930001,14.047086805000049]]]}}]}
