{
  "type": "FeatureCollection",
  "source": {
    "dataset": "geoBoundaries gbOpen PHL ADM3",
    "commit": "9469f09",
    "boundary_year": 2020,
    "license": "CC BY 3.0 IGO",
    "organizations": [
      "NAMRIA",
      "Philippine Statistics Authority",
      "OCHA Philippines"
    ],
    "metadata_url": "https://www.geoboundaries.org/api/current/gbOpen/PHL/ADM3/",
    "url": "https://media.githubusercontent.com/media/wmgeolab/geoBoundaries/9469f09/releaseData/gbOpen/PHL/ADM3/geoBoundaries-PHL-ADM3_simplified.geojson",
    "retrieved_at": "2026-09-16",
    "identity_source": "https://psa.gov.ph/classification/psgc/citimuni/0301400000",
    "reference_area_source": "https://ulap-nga.georisk.gov.ph/arcgis/rest/services/PSA/Municipal/MapServer/0",
    "notice": "Approximate planning/reference municipality boundaries; not legal, cadastral, or survey-grade."
  },
  "features": [
    {
      "type": "Feature",
      "properties": {
        "shapeName": "Angat",
        "shapeISO": "",
        "shapeID": "30758251B11674695503139",
        "shapeGroup": "PHL",
        "shapeType": "ADM3",
        "psgc_code": "0301401000",
        "legacy_psgc_code": "031401000",
        "province": "Bulacan",
        "reference_area_sqkm": 49.4082898,
        "reference_bbox": [
          120.95519029800005,
          14.888426527000036,
          121.06001750700011,
          14.962620444000038
        ]
      },
      "geometry": {
        "type": "MultiPolygon",
        "coordinates": [
          [
            [
              [
                121.03353271100002,
                14.911199626000041
              ],
              [
                121.03413397400004,
                14.912399870000058
              ],
              [
                121.03202002800003,
                14.913036765000072
              ],
              [
                121.0297760200001,
                14.919423903000052
              ],
              [
                121.03075952900008,
                14.923009812000032
              ],
              [
                121.03425222800001,
                14.928820252000037
              ],
              [
                121.03418911200004,
                14.931928623000033
              ],
              [
                121.0333643250001,
                14.930634248000047
              ],
              [
                121.03396727900008,
                14.932098586000052
              ],
              [
                121.0313329280001,
                14.933979830000055
              ],
              [
                121.02996375600003,
                14.936647649000065
              ],
              [
                121.02194960100007,
                14.939730369000074
              ],
              [
                121.01758286200004,
                14.943470274000049
              ],
              [
                121.016937417,
                14.952360031000069
              ],
              [
                121.01510092700005,
                14.957292085000063
              ],
              [
                121.01061131200004,
                14.957041765000042
              ],
              [
                121.00934195400009,
                14.95917398000006
              ],
              [
                121.00212430300007,
                14.95762542600005
              ],
              [
                120.99992643900009,
                14.95491049800006
              ],
              [
                120.99878614700003,
                14.956538377000072
              ],
              [
                120.99847604900003,
                14.95359594200005
              ],
              [
                120.99405574200011,
                14.949906159000022
              ],
              [
                120.99346524600003,
                14.946793752000076
              ],
              [
                120.99200468400011,
                14.947695869000029
              ],
              [
                120.99334946400006,
                14.945664321000038
              ],
              [
                120.99175928400007,
                14.946407286000067
              ],
              [
                120.99033590600004,
                14.94501328900003
              ],
              [
                120.9828541920001,
                14.948545137000053
              ],
              [
                120.98112585600006,
                14.947582562000036
              ],
              [
                120.97729249600002,
                14.95097198600007
              ],
              [
                120.97211586800006,
                14.950696244000028
              ],
              [
                120.97336559500002,
                14.948589264000077
              ],
              [
                120.96612147000008,
                14.947626742000068
              ],
              [
                120.96181191500011,
                14.949638587000038
              ],
              [
                120.96138460000009,
                14.95127162700004
              ],
              [
                120.9604996380001,
                14.949208849000058
              ],
              [
                120.95939887400004,
                14.949525091000055
              ],
              [
                120.95994380700006,
                14.946872014000064
              ],
              [
                120.95852812200008,
                14.945628429000067
              ],
              [
                120.95814887100005,
                14.938118234000058
              ],
              [
                120.9559582280001,
                14.933109552000076
              ],
              [
                120.95520153000007,
                14.92295813800007
              ],
              [
                120.95676363700011,
                14.91989768600007
              ],
              [
                120.95941313800006,
                14.920142003000024
              ],
              [
                120.9593641130001,
                14.917252906000044
              ],
              [
                120.960719143,
                14.917193062000024
              ],
              [
                120.95993095400001,
                14.915442249000023
              ],
              [
                120.96161716100005,
                14.917083232000039
              ],
              [
                120.96330983000007,
                14.915881567000042
              ],
              [
                120.96296742000004,
                14.914453782000066
              ],
              [
                120.97370820200001,
                14.917508810000072
              ],
              [
                120.98079112900007,
                14.922094955000034
              ],
              [
                120.98690645200008,
                14.922165281000048
              ],
              [
                120.98784709300003,
                14.925147784000046
              ],
              [
                120.99192193400006,
                14.918340701000034
              ],
              [
                120.9971929080001,
                14.916973621000068
              ],
              [
                120.99605904500004,
                14.913288030000047
              ],
              [
                120.99690441900009,
                14.906191579000051
              ],
              [
                120.99967411500006,
                14.903102569000055
              ],
              [
                121.0026464010001,
                14.903359489000024
              ],
              [
                120.99927740200008,
                14.898935937000033
              ],
              [
                121.00007929900005,
                14.894102731000032
              ],
              [
                121.00057798300008,
                14.89178776600005
              ],
              [
                121.00423428300007,
                14.888426527000036
              ],
              [
                121.01992945600011,
                14.890424406000022
              ],
              [
                121.02078335400006,
                14.891560991000063
              ],
              [
                121.02211775900003,
                14.89711959300007
              ],
              [
                121.0292917590001,
                14.900235417000033
              ],
              [
                121.02766361600004,
                14.905442478000055
              ],
              [
                121.02830735400005,
                14.908554346000074
              ],
              [
                121.03125984000008,
                14.907764236000048
              ],
              [
                121.03353271100002,
                14.911199626000041
              ]
            ]
          ],
          [
            [
              [
                121.06001750700011,
                14.948693150000054
              ],
              [
                121.05833813600009,
                14.950958792000051
              ],
              [
                121.0582102950001,
                14.958367043000067
              ],
              [
                121.05561739200004,
                14.959774693000043
              ],
              [
                121.05328195400011,
                14.95979737600004
              ],
              [
                121.05113972100003,
                14.955963935000057
              ],
              [
                121.04800261300011,
                14.954321900000025
              ],
              [
                121.04072995600006,
                14.954895098000065
              ],
              [
                121.03892131100008,
                14.953084347000072
              ],
              [
                121.03185751500007,
                14.955046306000042
              ],
              [
                121.03244475100007,
                14.957203497000023
              ],
              [
                121.02882546300009,
                14.96198527100006
              ],
              [
                121.02629634100003,
                14.962277589000053
              ],
              [
                121.02401061600006,
                14.961947699000063
              ],
              [
                121.0253319630001,
                14.958799228000032
              ],
              [
                121.02365657200005,
                14.959153273000027
              ],
              [
                121.02351116000011,
                14.961132131000056
              ],
              [
                121.01821313000005,
                14.961157420000063
              ],
              [
                121.01668947200005,
                14.959671696000044
              ],
              [
                121.01817435700002,
                14.956274170000029
              ],
              [
                121.01821236400008,
                14.943723802000022
              ],
              [
                121.02600432500003,
                14.938307274000067
              ],
              [
                121.03026981700009,
                14.93779384000004
              ],
              [
                121.03100416400002,
                14.935264993000033
              ],
              [
                121.03505145100007,
                14.93249994200005
              ],
              [
                121.03474874500012,
                14.928903216000037
              ],
              [
                121.030577848,
                14.921324454000057
              ],
              [
                121.03055325700007,
                14.918561018000048
              ],
              [
                121.03619558800006,
                14.915563897000027
              ],
              [
                121.04305310900008,
                14.918573773000048
              ],
              [
                121.04601051000009,
                14.921828732000051
              ],
              [
                121.05187106100004,
                14.917126073000077
              ],
              [
                121.05411924500004,
                14.917965820000063
              ],
              [
                121.05389320600011,
                14.92021150200003
              ],
              [
                121.0499009030001,
                14.928772069000047
              ],
              [
                121.0455221410001,
                14.930407110000033
              ],
              [
                121.04617422500007,
                14.935553833000029
              ],
              [
                121.04884153600005,
                14.938324063000039
              ],
              [
                121.05124470200008,
                14.938286789000074
              ],
              [
                121.05665405800005,
                14.948320610000053
              ],
              [
                121.06001750700011,
                14.948693150000054
              ]
            ]
          ]
        ]
      }
    },
    {
      "type": "Feature",
      "properties": {
        "shapeName": "Balagtas",
        "shapeISO": "",
        "shapeID": "30758251B61200223936905",
        "shapeGroup": "PHL",
        "shapeType": "ADM3",
        "psgc_code": "0301402000",
        "legacy_psgc_code": "031402000",
        "province": "Bulacan",
        "reference_area_sqkm": 21.48062701,
        "reference_bbox": [
          120.89046502000008,
          14.78372190600004,
          120.93014377000009,
          14.872179465000045
        ]
      },
      "geometry": {
        "type": "Polygon",
        "coordinates": [
          [
            [
              120.92719888300007,
              14.830164997000054
            ],
            [
              120.92318497600002,
              14.829675505000068
            ],
            [
              120.92715542700012,
              14.832952997000064
            ],
            [
              120.92324675800012,
              14.835968802000025
            ],
            [
              120.92291010300005,
              14.844491298000037
            ],
            [
              120.92095625500008,
              14.845425231000036
            ],
            [
              120.92125032800004,
              14.852205755000057
            ],
            [
              120.92306702500002,
              14.854515745000072
            ],
            [
              120.92186721500002,
              14.85510167700005
            ],
            [
              120.92296847900002,
              14.856155100000024
            ],
            [
              120.92124910300004,
              14.860310855000023
            ],
            [
              120.91818523600011,
              14.859958190000043
            ],
            [
              120.91786867400003,
              14.86535903500004
            ],
            [
              120.91368830400006,
              14.87030358000004
            ],
            [
              120.90707347900002,
              14.871764743000028
            ],
            [
              120.907034027,
              14.869113672000026
            ],
            [
              120.89918273500007,
              14.866661650000026
            ],
            [
              120.90372893400001,
              14.857126454000024
            ],
            [
              120.90169597700003,
              14.846546888000034
            ],
            [
              120.89837445100011,
              14.839458809000064
            ],
            [
              120.9004626310001,
              14.83067128500005
            ],
            [
              120.89832510000008,
              14.82694420000007
            ],
            [
              120.89209176100007,
              14.824811316000023
            ],
            [
              120.89046502000008,
              14.822303548000036
            ],
            [
              120.89298773700011,
              14.818618005000076
            ],
            [
              120.89142116700009,
              14.814842762000069
            ],
            [
              120.89494593100005,
              14.808752699000024
            ],
            [
              120.8934707300001,
              14.807546024000033
            ],
            [
              120.895286037,
              14.80691739100007
            ],
            [
              120.8950107170001,
              14.803905114000031
            ],
            [
              120.8930921650001,
              14.803925109000033
            ],
            [
              120.8921185050001,
              14.801803386000074
            ],
            [
              120.89621609100004,
              14.798149930000022
            ],
            [
              120.89389367800004,
              14.795670314000063
            ],
            [
              120.89945926900009,
              14.791906797000024
            ],
            [
              120.90566397600003,
              14.784231372000022
            ],
            [
              120.91022606600006,
              14.784057045000054
            ],
            [
              120.90833842500001,
              14.787464261000025
            ],
            [
              120.91488784800003,
              14.786957160000043
            ],
            [
              120.91042896500005,
              14.796296279000046
            ],
            [
              120.90954220200001,
              14.803348921000065
            ],
            [
              120.91357235400005,
              14.808098620000067
            ],
            [
              120.91590380100001,
              14.807730114000037
            ],
            [
              120.92112655200003,
              14.816996747000076
            ],
            [
              120.9300059090001,
              14.823832505000041
            ],
            [
              120.93003974600003,
              14.825290199000051
            ],
            [
              120.92746045800004,
              14.827038997000045
            ],
            [
              120.92862315500008,
              14.82958798900006
            ],
            [
              120.92719888300007,
              14.830164997000054
            ]
          ]
        ]
      }
    },
    {
      "type": "Feature",
      "properties": {
        "shapeName": "Baliuag",
        "shapeISO": "",
        "shapeID": "30758251B80677147871069",
        "shapeGroup": "PHL",
        "shapeType": "ADM3",
        "psgc_code": "0301403000",
        "legacy_psgc_code": "031403000",
        "province": "Bulacan",
        "reference_area_sqkm": 45.75989446,
        "reference_bbox": [
          120.84909594800001,
          14.910004826000034,
          120.9225200190001,
          15.016753847000075
        ]
      },
      "geometry": {
        "type": "Polygon",
        "coordinates": [
          [
            [
              120.84911058500006,
              14.957067304000077
            ],
            [
              120.84944723700005,
              14.95146131100006
            ],
            [
              120.85141669600011,
              14.951235050000037
            ],
            [
              120.85257845300009,
              14.949156724000034
            ],
            [
              120.85238862900007,
              14.935591248000037
            ],
            [
              120.85557104200007,
              14.935278033000031
            ],
            [
              120.85354408800004,
              14.93331962800005
            ],
            [
              120.85588401700011,
              14.931994417000055
            ],
            [
              120.85369395000009,
              14.923649863000037
            ],
            [
              120.86080914400009,
              14.923621033000074
            ],
            [
              120.8619200500001,
              14.925121187000059
            ],
            [
              120.87082796800007,
              14.923918713000035
            ],
            [
              120.8716721610001,
              14.921517578000078
            ],
            [
              120.8729842360001,
              14.922287341000072
            ],
            [
              120.87403641300011,
              14.920767359000024
            ],
            [
              120.87325003700005,
              14.918396961000042
            ],
            [
              120.87581680200003,
              14.918215969000073
            ],
            [
              120.878760241,
              14.913308450000045
            ],
            [
              120.88752582000006,
              14.91222993100007
            ],
            [
              120.88871787700009,
              14.910004826000034
            ],
            [
              120.89328195100006,
              14.911978075000036
            ],
            [
              120.89040638100005,
              14.920987530000048
            ],
            [
              120.888568942,
              14.923845820000054
            ],
            [
              120.8883035560001,
              14.928263672000071
            ],
            [
              120.89448490500001,
              14.932385861000057
            ],
            [
              120.89786370800005,
              14.940726188000042
            ],
            [
              120.90468569000006,
              14.947214650000035
            ],
            [
              120.90650886600008,
              14.955752036000035
            ],
            [
              120.9147127970001,
              14.96203190700004
            ],
            [
              120.92161239300003,
              14.961483777000069
            ],
            [
              120.9225200190001,
              14.96375106000005
            ],
            [
              120.9183518750001,
              14.968360134000022
            ],
            [
              120.91509219200009,
              14.968189804000076
            ],
            [
              120.91275277300008,
              14.971965144000023
            ],
            [
              120.90750088100003,
              14.975074975000041
            ],
            [
              120.90563545700002,
              14.986030825000057
            ],
            [
              120.90177,
              14.990462042000047
            ],
            [
              120.90290430800007,
              14.992500076000056
            ],
            [
              120.90159318500002,
              14.994941907000054
            ],
            [
              120.90196578300004,
              14.999545179000052
            ],
            [
              120.90349124300008,
              15.002099625000028
            ],
            [
              120.90924194000002,
              15.004776094000022
            ],
            [
              120.90867111200009,
              15.00801655400005
            ],
            [
              120.90725144200007,
              15.008522993000042
            ],
            [
              120.90480347400012,
              15.006219391000059
            ],
            [
              120.9020375880001,
              15.006835477000038
            ],
            [
              120.89939183500007,
              15.01075233000006
            ],
            [
              120.8983520060001,
              15.01576125500003
            ],
            [
              120.89656457700005,
              15.016753847000075
            ],
            [
              120.8930820060001,
              15.015760345000047
            ],
            [
              120.87985681200007,
              15.01334577800003
            ],
            [
              120.87527743900012,
              15.009247170000037
            ],
            [
              120.88006867800004,
              15.010285665000026
            ],
            [
              120.8781569030001,
              15.007429804000026
            ],
            [
              120.8810363660001,
              15.003039802000046
            ],
            [
              120.87675257400008,
              14.999794505000068
            ],
            [
              120.88192144700008,
              14.999841710000055
            ],
            [
              120.88500152900008,
              14.998236763000023
            ],
            [
              120.88544997000008,
              14.99625418200003
            ],
            [
              120.88304255000003,
              14.998165956000037
            ],
            [
              120.88097736100008,
              14.996879639000042
            ],
            [
              120.8841164480001,
              14.99523928900004
            ],
            [
              120.88530721400002,
              14.991554181000026
            ],
            [
              120.87911808800004,
              14.990604713000039
            ],
            [
              120.88062141300009,
              14.984907904000067
            ],
            [
              120.87973441200006,
              14.98237864500004
            ],
            [
              120.8749196650001,
              14.981083306000073
            ],
            [
              120.87376274100006,
              14.981939552000028
            ],
            [
              120.87263100700011,
              14.981723423000062
            ],
            [
              120.87212038700011,
              14.98010381000006
            ],
            [
              120.86530618300003,
              14.979973322000035
            ],
            [
              120.86474149300011,
              14.977814275000071
            ],
            [
              120.85629099500011,
              14.976220701000045
            ],
            [
              120.85649547100002,
              14.975277843000072
            ],
            [
              120.85222080200003,
              14.973840105000022
            ],
            [
              120.85375960600004,
              14.971497959000033
            ],
            [
              120.85167469700002,
              14.970742273000042
            ],
            [
              120.85594885100011,
              14.960118113000021
            ],
            [
              120.84911058500006,
              14.957067304000077
            ]
          ]
        ]
      }
    },
    {
      "type": "Feature",
      "properties": {
        "shapeName": "Bocaue",
        "shapeISO": "",
        "shapeID": "30758251B34406453293214",
        "shapeGroup": "PHL",
        "shapeType": "ADM3",
        "psgc_code": "0301404000",
        "legacy_psgc_code": "031404000",
        "province": "Bulacan",
        "reference_area_sqkm": 26.35251149,
        "reference_bbox": [
          120.90566397600003,
          14.763099712000042,
          120.96143785800007,
          14.844527914000025
        ]
      },
      "geometry": {
        "type": "Polygon",
        "coordinates": [
          [
            [
              120.90566397600003,
              14.784231372000022
            ],
            [
              120.90817908500003,
              14.775878571000021
            ],
            [
              120.91370266600006,
              14.771165616000076
            ],
            [
              120.91512261800005,
              14.766244732000075
            ],
            [
              120.92218369700004,
              14.763330215000053
            ],
            [
              120.92292795000003,
              14.768621436000046
            ],
            [
              120.9276353460001,
              14.769586968000056
            ],
            [
              120.92777955100007,
              14.773167284000067
            ],
            [
              120.92985045600005,
              14.774669500000073
            ],
            [
              120.93454729900009,
              14.770485730000075
            ],
            [
              120.94261488400002,
              14.776025538000056
            ],
            [
              120.94268404000002,
              14.777583553000056
            ],
            [
              120.94798616800006,
              14.777481412000043
            ],
            [
              120.95080868100001,
              14.779496058000063
            ],
            [
              120.952618529,
              14.778523083000039
            ],
            [
              120.95836431200007,
              14.780278360000068
            ],
            [
              120.96119559300007,
              14.78531177900004
            ],
            [
              120.96073982900009,
              14.788136916000042
            ],
            [
              120.95776366100006,
              14.788395430000037
            ],
            [
              120.95822229700002,
              14.791552827000032
            ],
            [
              120.95500217000006,
              14.79807558400006
            ],
            [
              120.95336839000004,
              14.797442458000035
            ],
            [
              120.95284603800008,
              14.799163361000069
            ],
            [
              120.94860310600006,
              14.799550546000035
            ],
            [
              120.94816379400004,
              14.803602965000039
            ],
            [
              120.94596822200003,
              14.803124102000027
            ],
            [
              120.94518835200006,
              14.812121801000046
            ],
            [
              120.94125789300006,
              14.81335565300003
            ],
            [
              120.94068501400011,
              14.815349919000028
            ],
            [
              120.9442033360001,
              14.816967293000062
            ],
            [
              120.94289467500005,
              14.82439690800004
            ],
            [
              120.9441893610001,
              14.823310010000057
            ],
            [
              120.946506397,
              14.826022700000067
            ],
            [
              120.94924062300004,
              14.826305795000053
            ],
            [
              120.9500112500001,
              14.83481732100006
            ],
            [
              120.948678201,
              14.837369030000048
            ],
            [
              120.95055853000008,
              14.840005620000056
            ],
            [
              120.95096273900003,
              14.844527219000042
            ],
            [
              120.94342544200003,
              14.844527914000025
            ],
            [
              120.94174489800002,
              14.838560124000026
            ],
            [
              120.92719888300007,
              14.830164997000054
            ],
            [
              120.92862315500008,
              14.82958798900006
            ],
            [
              120.92746045800004,
              14.827038997000045
            ],
            [
              120.93003974600003,
              14.825290199000051
            ],
            [
              120.9300059090001,
              14.823832505000041
            ],
            [
              120.92112655200003,
              14.816996747000076
            ],
            [
              120.91590380100001,
              14.807730114000037
            ],
            [
              120.91357235400005,
              14.808098620000067
            ],
            [
              120.90954220200001,
              14.803348921000065
            ],
            [
              120.91042896500005,
              14.796296279000046
            ],
            [
              120.91488784800003,
              14.786957160000043
            ],
            [
              120.90833842500001,
              14.787464261000025
            ],
            [
              120.91022606600006,
              14.784057045000054
            ],
            [
              120.90566397600003,
              14.784231372000022
            ]
          ]
        ]
      }
    },
    {
      "type": "Feature",
      "properties": {
        "shapeName": "Bulacan",
        "shapeISO": "",
        "shapeID": "30758251B88033392671893",
        "shapeGroup": "PHL",
        "shapeType": "ADM3",
        "psgc_code": "0301405000",
        "legacy_psgc_code": "031405000",
        "province": "Bulacan",
        "reference_area_sqkm": 72.33712005,
        "reference_bbox": [
          120.82388466100008,
          14.709903291000046,
          120.91512261800005,
          14.823622102000058
        ]
      },
      "geometry": {
        "type": "Polygon",
        "coordinates": [
          [
            [
              120.89142116700009,
              14.814842762000069
            ],
            [
              120.8884717310001,
              14.815717455000026
            ],
            [
              120.88459836100003,
              14.812804217000064
            ],
            [
              120.88442228800011,
              14.81765523000007
            ],
            [
              120.88109188100009,
              14.817492276000053
            ],
            [
              120.88143352200007,
              14.820751830000063
            ],
            [
              120.87702692100004,
              14.823622102000058
            ],
            [
              120.86730470300006,
              14.818542829000023
            ],
            [
              120.86617458700005,
              14.820866962000025
            ],
            [
              120.8616834290001,
              14.81674861600004
            ],
            [
              120.8627646430001,
              14.813664394000057
            ],
            [
              120.85875970200004,
              14.809632540000052
            ],
            [
              120.8555540640001,
              14.809267673000022
            ],
            [
              120.85280100500006,
              14.80462398000003
            ],
            [
              120.84762108100006,
              14.802920619000076
            ],
            [
              120.84867260900012,
              14.801255323000078
            ],
            [
              120.84720670000002,
              14.798820100000057
            ],
            [
              120.85058620000007,
              14.796963300000073
            ],
            [
              120.84748035900009,
              14.79388147700007
            ],
            [
              120.84574030600004,
              14.793703115000028
            ],
            [
              120.83538658100008,
              14.801221174000034
            ],
            [
              120.83131225300008,
              14.800901131000046
            ],
            [
              120.8300492090001,
              14.797077134000062
            ],
            [
              120.82723763900003,
              14.80074593200004
            ],
            [
              120.82531699200001,
              14.800874558000032
            ],
            [
              120.82411744500007,
              14.791589535000071
            ],
            [
              120.82687055500003,
              14.788960644000042
            ],
            [
              120.82972063200009,
              14.790182083000047
            ],
            [
              120.83098165100012,
              14.789414277000049
            ],
            [
              120.82887370700007,
              14.783545184000047
            ],
            [
              120.82512966800005,
              14.780105014000071
            ],
            [
              120.82716795200008,
              14.774974497000073
            ],
            [
              120.82632309200005,
              14.770624134000059
            ],
            [
              120.8336780410001,
              14.763349481000034
            ],
            [
              120.83619909300012,
              14.76636238900005
            ],
            [
              120.84144111800003,
              14.765504871000076
            ],
            [
              120.838927839,
              14.761698083000056
            ],
            [
              120.83991623300005,
              14.755326163000063
            ],
            [
              120.84183850500006,
              14.753602037000064
            ],
            [
              120.84118609100005,
              14.752704833000053
            ],
            [
              120.8376273130001,
              14.753717657000038
            ],
            [
              120.83589743100003,
              14.750798921000069
            ],
            [
              120.83682552300002,
              14.74588532200005
            ],
            [
              120.83813548100011,
              14.74659930200005
            ],
            [
              120.83738986800006,
              14.745023787000036
            ],
            [
              120.84164533100011,
              14.73940607700007
            ],
            [
              120.84294285600004,
              14.740153141000064
            ],
            [
              120.84897145800005,
              14.734373087000051
            ],
            [
              120.85116489500001,
              14.736390351000068
            ],
            [
              120.8506644680001,
              14.734518918000049
            ],
            [
              120.85566796900002,
              14.730119655000067
            ],
            [
              120.855227538,
              14.729089215000045
            ],
            [
              120.86285814400003,
              14.724956073000044
            ],
            [
              120.86050778100002,
              14.722449031000053
            ],
            [
              120.8650464320001,
              14.719489225000075
            ],
            [
              120.86776366400011,
              14.724454542000046
            ],
            [
              120.88063242400005,
              14.720332862000078
            ],
            [
              120.87845568300008,
              14.714740065000058
            ],
            [
              120.88328360500009,
              14.71255880700005
            ],
            [
              120.88269980100006,
              14.710750225000027
            ],
            [
              120.8876598390001,
              14.70994905200007
            ],
            [
              120.89100280000002,
              14.711633277000033
            ],
            [
              120.89068945300005,
              14.713394858000072
            ],
            [
              120.90040209100005,
              14.71932845200007
            ],
            [
              120.90287439300005,
              14.723927337000077
            ],
            [
              120.90023151500009,
              14.733444811000027
            ],
            [
              120.90125354200006,
              14.73920313800005
            ],
            [
              120.90044368500003,
              14.747587724000027
            ],
            [
              120.89788109300002,
              14.750330417000043
            ],
            [
              120.89839753600006,
              14.753443918000073
            ],
            [
              120.9024295160001,
              14.754733164000072
            ],
            [
              120.91012040400005,
              14.75246474100004
            ],
            [
              120.90941917400005,
              14.761996302000057
            ],
            [
              120.91512261800005,
              14.766244732000075
            ],
            [
              120.91370266600006,
              14.771165616000076
            ],
            [
              120.90817908500003,
              14.775878571000021
            ],
            [
              120.90566397600003,
              14.784231372000022
            ],
            [
              120.89945926900009,
              14.791906797000024
            ],
            [
              120.89389367800004,
              14.795670314000063
            ],
            [
              120.89621609100004,
              14.798149930000022
            ],
            [
              120.8921185050001,
              14.801803386000074
            ],
            [
              120.8930921650001,
              14.803925109000033
            ],
            [
              120.8950107170001,
              14.803905114000031
            ],
            [
              120.895286037,
              14.80691739100007
            ],
            [
              120.8934707300001,
              14.807546024000033
            ],
            [
              120.89494593100005,
              14.808752699000024
            ],
            [
              120.89142116700009,
              14.814842762000069
            ]
          ]
        ]
      }
    },
    {
      "type": "Feature",
      "properties": {
        "shapeName": "Bustos",
        "shapeISO": "",
        "shapeID": "30758251B3009870248876",
        "shapeGroup": "PHL",
        "shapeType": "ADM3",
        "psgc_code": "0301406000",
        "legacy_psgc_code": "031406000",
        "province": "Bulacan",
        "reference_area_sqkm": 39.86503138,
        "reference_bbox": [
          120.88812250700005,
          14.892586728000026,
          120.96330983000007,
          14.964951246000055
        ]
      },
      "geometry": {
        "type": "Polygon",
        "coordinates": [
          [
            [
              120.95939887400004,
              14.949525091000055
            ],
            [
              120.95507942100005,
              14.95193899700007
            ],
            [
              120.95791202400005,
              14.95098585200003
            ],
            [
              120.95509036700003,
              14.953153544000031
            ],
            [
              120.95401281300008,
              14.95549707400005
            ],
            [
              120.9551291890001,
              14.956728273000067
            ],
            [
              120.94344882400003,
              14.96213343900007
            ],
            [
              120.93790646100001,
              14.960278181000035
            ],
            [
              120.93170980100001,
              14.961451544000056
            ],
            [
              120.93135364700004,
              14.963379521000036
            ],
            [
              120.92902149600002,
              14.964259327000036
            ],
            [
              120.92553517800002,
              14.964951246000055
            ],
            [
              120.9225200190001,
              14.96375106000005
            ],
            [
              120.92161239300003,
              14.961483777000069
            ],
            [
              120.9147127970001,
              14.96203190700004
            ],
            [
              120.90650886600008,
              14.955752036000035
            ],
            [
              120.90468569000006,
              14.947214650000035
            ],
            [
              120.89786370800005,
              14.940726188000042
            ],
            [
              120.89448490500001,
              14.932385861000057
            ],
            [
              120.8883035560001,
              14.928263672000071
            ],
            [
              120.888568942,
              14.923845820000054
            ],
            [
              120.89040638100005,
              14.920987530000048
            ],
            [
              120.89235954700007,
              14.922139903000073
            ],
            [
              120.90710378500012,
              14.922852806000037
            ],
            [
              120.90927986800011,
              14.92212689300004
            ],
            [
              120.9115483280001,
              14.918122655000047
            ],
            [
              120.90765017900003,
              14.908981219000054
            ],
            [
              120.91002054600006,
              14.907281019000038
            ],
            [
              120.90756589900002,
              14.902474465000068
            ],
            [
              120.90473298200004,
              14.900387840000064
            ],
            [
              120.90560132500002,
              14.892586728000026
            ],
            [
              120.9123067480001,
              14.894391711000026
            ],
            [
              120.91677237400006,
              14.89969732700007
            ],
            [
              120.93197742300003,
              14.900646675000075
            ],
            [
              120.93522273400004,
              14.903696215000025
            ],
            [
              120.94421908900006,
              14.901830010000026
            ],
            [
              120.94960639500005,
              14.903231657000049
            ],
            [
              120.95213621800008,
              14.902442405000045
            ],
            [
              120.9538683180001,
              14.904715582000051
            ],
            [
              120.95714380100003,
              14.903648309000062
            ],
            [
              120.95905160400002,
              14.905322828000067
            ],
            [
              120.9582065830001,
              14.908592080000062
            ],
            [
              120.96286922000002,
              14.91175706200005
            ],
            [
              120.96296742000004,
              14.914453782000066
            ],
            [
              120.96330983000007,
              14.915881567000042
            ],
            [
              120.96161716100005,
              14.917083232000039
            ],
            [
              120.95993095400001,
              14.915442249000023
            ],
            [
              120.960719143,
              14.917193062000024
            ],
            [
              120.9593641130001,
              14.917252906000044
            ],
            [
              120.95941313800006,
              14.920142003000024
            ],
            [
              120.95676363700011,
              14.91989768600007
            ],
            [
              120.95520153000007,
              14.92295813800007
            ],
            [
              120.9559582280001,
              14.933109552000076
            ],
            [
              120.95814887100005,
              14.938118234000058
            ],
            [
              120.95852812200008,
              14.945628429000067
            ],
            [
              120.95994380700006,
              14.946872014000064
            ],
            [
              120.95939887400004,
              14.949525091000055
            ]
          ]
        ]
      }
    },
    {
      "type": "Feature",
      "properties": {
        "shapeName": "Calumpit",
        "shapeISO": "",
        "shapeID": "30758251B47768966638997",
        "shapeGroup": "PHL",
        "shapeType": "ADM3",
        "psgc_code": "0301407000",
        "legacy_psgc_code": "031407000",
        "province": "Bulacan",
        "reference_area_sqkm": 46.80052201,
        "reference_bbox": [
          120.7216121670001,
          14.868383700000038,
          120.8049779590001,
          14.937171343000045
        ]
      },
      "geometry": {
        "type": "Polygon",
        "coordinates": [
          [
            [
              120.73333087200001,
              14.928257064000036
            ],
            [
              120.73411899100006,
              14.92265320000007
            ],
            [
              120.72853062100012,
              14.920636063000075
            ],
            [
              120.72917658900008,
              14.915571819000036
            ],
            [
              120.7278339180001,
              14.915451201000053
            ],
            [
              120.72575764100009,
              14.910641975000033
            ],
            [
              120.72606955000003,
              14.908316840000055
            ],
            [
              120.72963612300009,
              14.905821223000032
            ],
            [
              120.73126702400009,
              14.899587247000056
            ],
            [
              120.72946583700002,
              14.894148332000043
            ],
            [
              120.72436595600004,
              14.893194222000034
            ],
            [
              120.7238794540001,
              14.888175082000032
            ],
            [
              120.7216121670001,
              14.873341453000023
            ],
            [
              120.7350646540001,
              14.872973665000075
            ],
            [
              120.738967924,
              14.873574262000034
            ],
            [
              120.73903562200007,
              14.875890859000037
            ],
            [
              120.74219359200004,
              14.87497103000004
            ],
            [
              120.76018983100005,
              14.878629887000045
            ],
            [
              120.76315120900006,
              14.878007052000044
            ],
            [
              120.77423919800003,
              14.881150330000025
            ],
            [
              120.77554607500008,
              14.87827376000007
            ],
            [
              120.77427219900005,
              14.877941590000034
            ],
            [
              120.77455784000006,
              14.868719627000075
            ],
            [
              120.777413152,
              14.870351563000042
            ],
            [
              120.78154180000001,
              14.868383700000038
            ],
            [
              120.78142688700007,
              14.86964480100005
            ],
            [
              120.78944190100003,
              14.87390412700006
            ],
            [
              120.7868586190001,
              14.875056770000072
            ],
            [
              120.78696057800005,
              14.877397861000077
            ],
            [
              120.79305570100007,
              14.882393597000032
            ],
            [
              120.79273958200008,
              14.88382234900007
            ],
            [
              120.79003285300007,
              14.88428631000005
            ],
            [
              120.79000225700008,
              14.889194591000035
            ],
            [
              120.79594090600006,
              14.886603533000027
            ],
            [
              120.8049779590001,
              14.891166791000046
            ],
            [
              120.80278833800003,
              14.901639916000022
            ],
            [
              120.79979911900011,
              14.923736492000046
            ],
            [
              120.80191395100007,
              14.92522729600006
            ],
            [
              120.80161032300009,
              14.926734120000049
            ],
            [
              120.79374105600004,
              14.937171343000045
            ],
            [
              120.77207023500011,
              14.924057166000068
            ],
            [
              120.75233278900009,
              14.930478785000048
            ],
            [
              120.74580771700005,
              14.92968963900006
            ],
            [
              120.74333233400012,
              14.930981861000078
            ],
            [
              120.73333087200001,
              14.928257064000036
            ]
          ]
        ]
      }
    },
    {
      "type": "Feature",
      "properties": {
        "shapeName": "City of Malolos",
        "shapeISO": "",
        "shapeID": "30758251B20138524188329",
        "shapeGroup": "PHL",
        "shapeType": "ADM3",
        "psgc_code": "0301410000",
        "legacy_psgc_code": "031410000",
        "province": "Bulacan",
        "reference_area_sqkm": 70.83791752,
        "reference_bbox": [
          120.78136637500006,
          14.75561908800006,
          120.86617458700005,
          14.891190751000067
        ]
      },
      "geometry": {
        "type": "Polygon",
        "coordinates": [
          [
            [
              120.86617458700005,
              14.820866962000025
            ],
            [
              120.86291170200002,
              14.822575544000074
            ],
            [
              120.86477661000004,
              14.82352217500005
            ],
            [
              120.86514112400005,
              14.826936605000071
            ],
            [
              120.86375684500001,
              14.828939821000063
            ],
            [
              120.86184794600001,
              14.828863378000051
            ],
            [
              120.86119764700004,
              14.826408498000035
            ],
            [
              120.859517707,
              14.826917899000023
            ],
            [
              120.86266160100001,
              14.831033387000048
            ],
            [
              120.86169529100005,
              14.832216079000034
            ],
            [
              120.86017896400006,
              14.83005193300005
            ],
            [
              120.8587653300001,
              14.83320969700003
            ],
            [
              120.85967785700007,
              14.834940131000053
            ],
            [
              120.86273140700007,
              14.835732131000043
            ],
            [
              120.85909352800002,
              14.838160038000069
            ],
            [
              120.86103822200005,
              14.840994825000053
            ],
            [
              120.85740102800003,
              14.843712416000074
            ],
            [
              120.85363912700006,
              14.843428992000042
            ],
            [
              120.85771816700003,
              14.845959470000025
            ],
            [
              120.85772760500004,
              14.848481183000047
            ],
            [
              120.86073682200004,
              14.853226593000045
            ],
            [
              120.85826024000005,
              14.858122819000073
            ],
            [
              120.85660017200007,
              14.855615992000025
            ],
            [
              120.85473002000003,
              14.855512329000021
            ],
            [
              120.85611306700002,
              14.860277949000022
            ],
            [
              120.85367629000007,
              14.862118056000043
            ],
            [
              120.85452280900006,
              14.86526678000007
            ],
            [
              120.8488433550001,
              14.869910668000045
            ],
            [
              120.84603169900004,
              14.869588278000037
            ],
            [
              120.83154585700004,
              14.883899841000073
            ],
            [
              120.8277338040001,
              14.884311712000056
            ],
            [
              120.823722728,
              14.882322184000031
            ],
            [
              120.81283344300005,
              14.88313979000003
            ],
            [
              120.8098592020001,
              14.888550656000064
            ],
            [
              120.8049779590001,
              14.891166791000046
            ],
            [
              120.79594090600006,
              14.886603533000027
            ],
            [
              120.79000225700008,
              14.889194591000035
            ],
            [
              120.79003285300007,
              14.88428631000005
            ],
            [
              120.79273958200008,
              14.88382234900007
            ],
            [
              120.79305570100007,
              14.882393597000032
            ],
            [
              120.78696057800005,
              14.877397861000077
            ],
            [
              120.7868586190001,
              14.875056770000072
            ],
            [
              120.78944190100003,
              14.87390412700006
            ],
            [
              120.78142688700007,
              14.86964480100005
            ],
            [
              120.78154180000001,
              14.868383700000038
            ],
            [
              120.78252880000002,
              14.866496400000074
            ],
            [
              120.78447070000004,
              14.86782370000003
            ],
            [
              120.7877645000001,
              14.866340900000068
            ],
            [
              120.788891,
              14.864246200000025
            ],
            [
              120.7909188000001,
              14.865386900000033
            ],
            [
              120.79362240000012,
              14.863395900000057
            ],
            [
              120.79029847800007,
              14.856377966000025
            ],
            [
              120.79056336300005,
              14.85148520100006
            ],
            [
              120.79188800500003,
              14.850409849000073
            ],
            [
              120.79024190200005,
              14.849499822000041
            ],
            [
              120.79111298100008,
              14.844468466000023
            ],
            [
              120.79695032200004,
              14.842965142000025
            ],
            [
              120.79811804200006,
              14.840914465000026
            ],
            [
              120.80023093900002,
              14.842269461000058
            ],
            [
              120.80042450000008,
              14.837376300000074
            ],
            [
              120.80268830000011,
              14.836328800000047
            ],
            [
              120.79960910000011,
              14.83382940000007
            ],
            [
              120.8034527000001,
              14.830050500000027
            ],
            [
              120.80263220200004,
              14.823677929000041
            ],
            [
              120.80381247200012,
              14.819919092000077
            ],
            [
              120.8071351860001,
              14.82027800700007
            ],
            [
              120.80814611100004,
              14.822054878000074
            ],
            [
              120.80912554300005,
              14.821110493000049
            ],
            [
              120.80705161100002,
              14.815183713000067
            ],
            [
              120.80607243000009,
              14.799606182000048
            ],
            [
              120.80371313500007,
              14.796555794000028
            ],
            [
              120.79951576400003,
              14.795452630000057
            ],
            [
              120.79929976400001,
              14.793546758000048
            ],
            [
              120.80174274800004,
              14.790570744000036
            ],
            [
              120.80053133700005,
              14.787972431000071
            ],
            [
              120.80266138600007,
              14.782037114000047
            ],
            [
              120.80439135100005,
              14.782126163000044
            ],
            [
              120.80514702300002,
              14.780121480000048
            ],
            [
              120.80057500100008,
              14.776786706000053
            ],
            [
              120.80171820600003,
              14.77228215100007
            ],
            [
              120.80618428200012,
              14.771652105000044
            ],
            [
              120.80463332500005,
              14.763935144000072
            ],
            [
              120.80266625600007,
              14.761741106000045
            ],
            [
              120.80410372900008,
              14.760454946000038
            ],
            [
              120.80277974100011,
              14.75867701900006
            ],
            [
              120.80370175500002,
              14.757803225000032
            ],
            [
              120.80532192600003,
              14.75767830500007
            ],
            [
              120.80328562400007,
              14.758751967000023
            ],
            [
              120.804401116,
              14.760330329000055
            ],
            [
              120.80371476800008,
              14.761276358000032
            ],
            [
              120.80596235300004,
              14.75909981600006
            ],
            [
              120.80895826500011,
              14.761664020000069
            ],
            [
              120.81043869100006,
              14.761550253000053
            ],
            [
              120.8102821010001,
              14.75815932100005
            ],
            [
              120.8150680980001,
              14.758417571000052
            ],
            [
              120.81580803200006,
              14.759113608000064
            ],
            [
              120.81365876000007,
              14.760876118000056
            ],
            [
              120.81342160000008,
              14.76355877900005
            ],
            [
              120.81443818100001,
              14.76025960000004
            ],
            [
              120.81696072700004,
              14.76018093600004
            ],
            [
              120.8203836570001,
              14.768439794000074
            ],
            [
              120.82032869500006,
              14.773498442000061
            ],
            [
              120.81777384000009,
              14.777034056000048
            ],
            [
              120.8189455690001,
              14.777901136000025
            ],
            [
              120.82291098100006,
              14.768427947000077
            ],
            [
              120.82017105000011,
              14.763806982000062
            ],
            [
              120.82002316100011,
              14.759680889000037
            ],
            [
              120.82341074600004,
              14.756154343000048
            ],
            [
              120.82837753900003,
              14.756727298000044
            ],
            [
              120.83097567400011,
              14.761944825000057
            ],
            [
              120.82632309200005,
              14.770624134000059
            ],
            [
              120.82716795200008,
              14.774974497000073
            ],
            [
              120.82512966800005,
              14.780105014000071
            ],
            [
              120.82887370700007,
              14.783545184000047
            ],
            [
              120.83098165100012,
              14.789414277000049
            ],
            [
              120.82972063200009,
              14.790182083000047
            ],
            [
              120.82687055500003,
              14.788960644000042
            ],
            [
              120.82411744500007,
              14.791589535000071
            ],
            [
              120.82531699200001,
              14.800874558000032
            ],
            [
              120.82723763900003,
              14.80074593200004
            ],
            [
              120.8300492090001,
              14.797077134000062
            ],
            [
              120.83131225300008,
              14.800901131000046
            ],
            [
              120.83538658100008,
              14.801221174000034
            ],
            [
              120.84574030600004,
              14.793703115000028
            ],
            [
              120.84748035900009,
              14.79388147700007
            ],
            [
              120.85058620000007,
              14.796963300000073
            ],
            [
              120.84720670000002,
              14.798820100000057
            ],
            [
              120.84867260900012,
              14.801255323000078
            ],
            [
              120.84762108100006,
              14.802920619000076
            ],
            [
              120.85280100500006,
              14.80462398000003
            ],
            [
              120.8555540640001,
              14.809267673000022
            ],
            [
              120.85875970200004,
              14.809632540000052
            ],
            [
              120.8627646430001,
              14.813664394000057
            ],
            [
              120.8616834290001,
              14.81674861600004
            ],
            [
              120.86617458700005,
              14.820866962000025
            ]
          ]
        ]
      }
    },
    {
      "type": "Feature",
      "properties": {
        "shapeName": "City of Meycauayan",
        "shapeISO": "",
        "shapeID": "30758251B3506482067844",
        "shapeGroup": "PHL",
        "shapeType": "ADM3",
        "psgc_code": "0301412000",
        "legacy_psgc_code": "031412000",
        "province": "Bulacan",
        "reference_area_sqkm": 31.78264801,
        "reference_bbox": [
          120.89788109300002,
          14.71975887900004,
          121.0266373400001,
          14.784633043000042
        ]
      },
      "geometry": {
        "type": "Polygon",
        "coordinates": [
          [
            [
              120.91512261800005,
              14.766244732000075
            ],
            [
              120.90941917400005,
              14.761996302000057
            ],
            [
              120.91012040400005,
              14.75246474100004
            ],
            [
              120.9024295160001,
              14.754733164000072
            ],
            [
              120.89839753600006,
              14.753443918000073
            ],
            [
              120.89788109300002,
              14.750330417000043
            ],
            [
              120.90044368500003,
              14.747587724000027
            ],
            [
              120.90320575600003,
              14.749620770000035
            ],
            [
              120.91856593900002,
              14.745944358000031
            ],
            [
              120.91954161300009,
              14.740983225000036
            ],
            [
              120.92701620000003,
              14.736080406000042
            ],
            [
              120.93407246800007,
              14.73314937300006
            ],
            [
              120.93633694300001,
              14.736818515000039
            ],
            [
              120.93890695100004,
              14.737181503000045
            ],
            [
              120.94139839400009,
              14.737112462000027
            ],
            [
              120.94371322100005,
              14.733749728000078
            ],
            [
              120.9492786620001,
              14.734196689000044
            ],
            [
              120.95242117300006,
              14.729082094000034
            ],
            [
              120.95424924100007,
              14.728546895000022
            ],
            [
              120.95683940000004,
              14.722607696000068
            ],
            [
              120.9595504240001,
              14.719873626000037
            ],
            [
              120.96252944000003,
              14.71975887900004
            ],
            [
              120.96317694600009,
              14.721462755000061
            ],
            [
              120.96775241700004,
              14.72388926800005
            ],
            [
              120.97015428600002,
              14.721655536000071
            ],
            [
              120.97269512000003,
              14.724105380000026
            ],
            [
              120.97609159500007,
              14.724584295000056
            ],
            [
              120.97559082500004,
              14.72566323600006
            ],
            [
              120.97792106700001,
              14.72410767200006
            ],
            [
              120.98312543100008,
              14.725459995000051
            ],
            [
              120.97852281100006,
              14.734806719000062
            ],
            [
              120.98106158100006,
              14.735977454000022
            ],
            [
              120.98051462800004,
              14.737421458000028
            ],
            [
              120.9858246230001,
              14.750747666000052
            ],
            [
              120.98925800900008,
              14.753780507000045
            ],
            [
              120.98920308700008,
              14.75745437300003
            ],
            [
              120.99481552800012,
              14.75635161300005
            ],
            [
              120.99781994400007,
              14.758378777000075
            ],
            [
              121.00086528200006,
              14.75352332400007
            ],
            [
              121.00833460600006,
              14.754411855000058
            ],
            [
              121.00926151600004,
              14.757005941000045
            ],
            [
              121.02402399100004,
              14.763034879000031
            ],
            [
              121.0266373400001,
              14.771406580000075
            ],
            [
              121.023732171,
              14.77278364600005
            ],
            [
              121.02203941900007,
              14.772184502000073
            ],
            [
              121.02105433300005,
              14.773368171000072
            ],
            [
              121.01769365500002,
              14.771841299000073
            ],
            [
              121.01655101900008,
              14.774321560000033
            ],
            [
              121.01473152800008,
              14.771998376000056
            ],
            [
              121.01127922900002,
              14.771295182000074
            ],
            [
              121.0104592990001,
              14.774686015000043
            ],
            [
              121.01233207000007,
              14.777300388000072
            ],
            [
              121.01402147200008,
              14.776504123000052
            ],
            [
              121.01482188000011,
              14.777626954000027
            ],
            [
              121.01290598100002,
              14.779614215000038
            ],
            [
              121.0137476860001,
              14.781286693000027
            ],
            [
              121.01096255400012,
              14.780609949000052
            ],
            [
              121.008445015,
              14.783477859000072
            ],
            [
              121.00397962500006,
              14.782216779000066
            ],
            [
              121.00366207900004,
              14.784528996000063
            ],
            [
              121.00107054800003,
              14.782803729000022
            ],
            [
              120.99947179800006,
              14.784321963000025
            ],
            [
              120.99797755800012,
              14.781549063000057
            ],
            [
              120.99477198200009,
              14.78214882800006
            ],
            [
              120.99536463800007,
              14.779850322000073
            ],
            [
              120.99324419700008,
              14.777873217000035
            ],
            [
              120.990015889,
              14.776795707000076
            ],
            [
              120.98780285500004,
              14.778071985000054
            ],
            [
              120.98535025300009,
              14.776669413000036
            ],
            [
              120.9855823580001,
              14.771340576000057
            ],
            [
              120.97733914100002,
              14.767420026000025
            ],
            [
              120.97769387300002,
              14.765194260000044
            ],
            [
              120.97626638100007,
              14.76385575200004
            ],
            [
              120.97721159700006,
              14.763066922000064
            ],
            [
              120.97152075200006,
              14.760163907000049
            ],
            [
              120.97216382200008,
              14.758739695000031
            ],
            [
              120.96544032100007,
              14.756986751000056
            ],
            [
              120.96313690900001,
              14.75263645900003
            ],
            [
              120.96136232900005,
              14.754010770000036
            ],
            [
              120.961412504,
              14.751254936000066
            ],
            [
              120.95945721400005,
              14.752248831000031
            ],
            [
              120.95949608300009,
              14.75088736500004
            ],
            [
              120.9565292850001,
              14.749713341000074
            ],
            [
              120.95561278100001,
              14.751610515000039
            ],
            [
              120.95326408900007,
              14.750321751000058
            ],
            [
              120.95220064900002,
              14.751412107000021
            ],
            [
              120.94370677400002,
              14.738488442000062
            ],
            [
              120.94185837000009,
              14.737568371000066
            ],
            [
              120.94015264400002,
              14.741492771000026
            ],
            [
              120.93570622200002,
              14.741762278000067
            ],
            [
              120.93532965700001,
              14.745998884000073
            ],
            [
              120.9281866880001,
              14.748749727000074
            ],
            [
              120.92795636400001,
              14.75268533600007
            ],
            [
              120.93469873900005,
              14.75666694000006
            ],
            [
              120.93306590000009,
              14.757676700000047
            ],
            [
              120.9327508130001,
              14.760270973000047
            ],
            [
              120.93061970000008,
              14.760772600000053
            ],
            [
              120.93265120300009,
              14.763826593000033
            ],
            [
              120.92502373800005,
              14.765276107000034
            ],
            [
              120.92218369700004,
              14.763330215000053
            ],
            [
              120.91512261800005,
              14.766244732000075
            ]
          ]
        ]
      }
    },
    {
      "type": "Feature",
      "properties": {
        "shapeName": "City of San Jose del Monte",
        "shapeISO": "",
        "shapeID": "30758251B35007836972970",
        "shapeGroup": "PHL",
        "shapeType": "ADM3",
        "psgc_code": "0301420000",
        "legacy_psgc_code": "031420000",
        "province": "Bulacan",
        "reference_area_sqkm": 107.85680259,
        "reference_bbox": [
          121.01273616500009,
          14.767226754000035,
          121.1680136760001,
          14.868571576000022
        ]
      },
      "geometry": {
        "type": "Polygon",
        "coordinates": [
          [
            [
              121.09950653900012,
              14.76920958900007
            ],
            [
              121.10657054500007,
              14.770127148000029
            ],
            [
              121.10651916200004,
              14.771458256000074
            ],
            [
              121.11009679600011,
              14.774030258000039
            ],
            [
              121.10879204500009,
              14.77503162100004
            ],
            [
              121.10978724400002,
              14.776487298000063
            ],
            [
              121.11641747500005,
              14.78091194500007
            ],
            [
              121.11768507900001,
              14.787190742000064
            ],
            [
              121.11953751700003,
              14.787033618000066
            ],
            [
              121.12126503600007,
              14.784510515000022
            ],
            [
              121.12483687300005,
              14.788446461000035
            ],
            [
              121.12567462900006,
              14.787059251000073
            ],
            [
              121.12696550500004,
              14.787478795000027
            ],
            [
              121.1274102540001,
              14.789241960000027
            ],
            [
              121.12486077900007,
              14.792960556000025
            ],
            [
              121.12600723800006,
              14.793599825000058
            ],
            [
              121.12760864000006,
              14.791336192000074
            ],
            [
              121.12740269300002,
              14.794361651000031
            ],
            [
              121.13017973900003,
              14.793413317000045
            ],
            [
              121.12938129300005,
              14.79676678900006
            ],
            [
              121.13057186600008,
              14.796333056000037
            ],
            [
              121.13176909800006,
              14.799349451000069
            ],
            [
              121.13396922400011,
              14.799766689000023
            ],
            [
              121.13474480700006,
              14.801414775000069
            ],
            [
              121.13677212800008,
              14.801354218000029
            ],
            [
              121.13733236200005,
              14.803775250000058
            ],
            [
              121.14318830000002,
              14.804041920000031
            ],
            [
              121.1478186490001,
              14.801415686000041
            ],
            [
              121.15052962900006,
              14.801784266000027
            ],
            [
              121.16288360300007,
              14.812275578000026
            ],
            [
              121.16528463600002,
              14.823417534000043
            ],
            [
              121.1680136760001,
              14.83310651000005
            ],
            [
              121.16163232400004,
              14.834642029000065
            ],
            [
              121.15405209100004,
              14.839274394000029
            ],
            [
              121.1479116590001,
              14.834430498000074
            ],
            [
              121.14667213500002,
              14.831504926000036
            ],
            [
              121.14844038700005,
              14.829401521000023
            ],
            [
              121.14665879200004,
              14.828023823000024
            ],
            [
              121.14643330100012,
              14.824130722000064
            ],
            [
              121.14202500300007,
              14.82236043000006
            ],
            [
              121.14222481900003,
              14.825058888000058
            ],
            [
              121.13565268400009,
              14.829141932000027
            ],
            [
              121.13500940600011,
              14.832647231000067
            ],
            [
              121.13435250100008,
              14.830987824000033
            ],
            [
              121.1324463420001,
              14.831153700000073
            ],
            [
              121.13362832300004,
              14.832166118000032
            ],
            [
              121.13142477500003,
              14.834759778000034
            ],
            [
              121.13210467300007,
              14.836407602000065
            ],
            [
              121.1292748510001,
              14.836722924000071
            ],
            [
              121.12823692900008,
              14.844872093000049
            ],
            [
              121.12609676600005,
              14.846293135000053
            ],
            [
              121.12080963300002,
              14.845292351000069
            ],
            [
              121.11713912400012,
              14.849109789000067
            ],
            [
              121.11343167500002,
              14.849708125000063
            ],
            [
              121.11241333200007,
              14.852993601000037
            ],
            [
              121.09825754100007,
              14.856426861000045
            ],
            [
              121.0972224300001,
              14.85149294300004
            ],
            [
              121.09364031200005,
              14.847569608000072
            ],
            [
              121.08964815600007,
              14.846079744000065
            ],
            [
              121.08536895700001,
              14.847401575000049
            ],
            [
              121.0755016490001,
              14.853907597000045
            ],
            [
              121.07583425700011,
              14.857118232000062
            ],
            [
              121.0723809640001,
              14.859710330000041
            ],
            [
              121.0725316600001,
              14.86217139300004
            ],
            [
              121.06989460500006,
              14.86521855500007
            ],
            [
              121.06614161400012,
              14.865406676000077
            ],
            [
              121.06561705000001,
              14.868571576000022
            ],
            [
              121.06100510700003,
              14.864659707000044
            ],
            [
              121.05260309200003,
              14.864436628000021
            ],
            [
              121.04494020400011,
              14.854437459000053
            ],
            [
              121.040358394,
              14.853614395000022
            ],
            [
              121.04103382700009,
              14.855417041000067
            ],
            [
              121.03967082800011,
              14.855760418000045
            ],
            [
              121.03016048100005,
              14.849776138000038
            ],
            [
              121.03230461600003,
              14.847628554000039
            ],
            [
              121.03175491800005,
              14.842895009000074
            ],
            [
              121.02734071800012,
              14.838976698000067
            ],
            [
              121.02795813900002,
              14.832484469000065
            ],
            [
              121.02512299600005,
              14.81822879400005
            ],
            [
              121.01898729600009,
              14.815766024000027
            ],
            [
              121.01796673400008,
              14.80899222100004
            ],
            [
              121.01348692800002,
              14.807666766000068
            ],
            [
              121.01336976000005,
              14.80172258500005
            ],
            [
              121.01707791600006,
              14.80094792500006
            ],
            [
              121.0179957260001,
              14.798978379000062
            ],
            [
              121.02186682500007,
              14.797600413000055
            ],
            [
              121.02031541800011,
              14.79509904200006
            ],
            [
              121.02200178700002,
              14.788208397000062
            ],
            [
              121.0237499000001,
              14.787902699000028
            ],
            [
              121.0241643920001,
              14.784913935000077
            ],
            [
              121.028329718,
              14.781832778000023
            ],
            [
              121.03051606300005,
              14.781532319000064
            ],
            [
              121.03060207100009,
              14.784248399000035
            ],
            [
              121.03224722300001,
              14.78289910500007
            ],
            [
              121.0342391370001,
              14.784713135000061
            ],
            [
              121.03589170600003,
              14.783681028000046
            ],
            [
              121.03639193000004,
              14.785159689000068
            ],
            [
              121.03815293800005,
              14.785291728000061
            ],
            [
              121.04130584100005,
              14.783938283000055
            ],
            [
              121.0418419670001,
              14.78166316000005
            ],
            [
              121.043943839,
              14.780403640000031
            ],
            [
              121.04992521500003,
              14.783156044000066
            ],
            [
              121.05351181800006,
              14.782802039000046
            ],
            [
              121.05433392900011,
              14.781191037000042
            ],
            [
              121.055420507,
              14.782563240000059
            ],
            [
              121.05734594900002,
              14.780208452000068
            ],
            [
              121.05921910000006,
              14.780731798000033
            ],
            [
              121.05975584200007,
              14.776918612000031
            ],
            [
              121.06161036600008,
              14.779321996000021
            ],
            [
              121.06281189200001,
              14.778688669000076
            ],
            [
              121.06289722200006,
              14.774850638000032
            ],
            [
              121.06549843300002,
              14.777533222000045
            ],
            [
              121.06706325800008,
              14.776512402000037
            ],
            [
              121.0666948920001,
              14.773695643000053
            ],
            [
              121.07150042900003,
              14.775874928000064
            ],
            [
              121.07265401000006,
              14.774639440000044
            ],
            [
              121.07207683400009,
              14.771780896000053
            ],
            [
              121.07718593300001,
              14.77664971200005
            ],
            [
              121.07762784800002,
              14.773434388000055
            ],
            [
              121.08057925900005,
              14.773136531000034
            ],
            [
              121.08093383800008,
              14.771124569000051
            ],
            [
              121.0822836960001,
              14.77485850200003
            ],
            [
              121.08373347800011,
              14.773054494000064
            ],
            [
              121.08652335800002,
              14.77360648900003
            ],
            [
              121.08797392500003,
              14.770658196000056
            ],
            [
              121.08637318700005,
              14.769358921000048
            ],
            [
              121.08688503700012,
              14.768034770000042
            ],
            [
              121.08946408500003,
              14.769480846000022
            ],
            [
              121.09177302800003,
              14.767281383000068
            ],
            [
              121.09449374200005,
              14.771014739000066
            ],
            [
              121.09523367300005,
              14.768506099000035
            ],
            [
              121.09665808700004,
              14.768419146000042
            ],
            [
              121.0987731350001,
              14.771533784000042
            ],
            [
              121.09950653900012,
              14.76920958900007
            ]
          ]
        ]
      }
    },
    {
      "type": "Feature",
      "properties": {
        "shapeName": "Doña Remedios Trinidad",
        "shapeISO": "",
        "shapeID": "30758251B33129254568465",
        "shapeGroup": "PHL",
        "shapeType": "ADM3",
        "psgc_code": "0301424000",
        "legacy_psgc_code": "031424000",
        "province": "Bulacan",
        "reference_area_sqkm": 975.49082447,
        "reference_bbox": [
          121.02572394100002,
          14.907626440000058,
          121.34785653300003,
          15.27219688300005
        ]
      },
      "geometry": {
        "type": "Polygon",
        "coordinates": [
          [
            [
              121.06001750700011,
              14.948693150000054
            ],
            [
              121.06694642100001,
              14.948682337000037
            ],
            [
              121.07505870200009,
              14.944526758000052
            ],
            [
              121.07918035900002,
              14.938227622000056
            ],
            [
              121.08598237100011,
              14.92139794600007
            ],
            [
              121.08800250700006,
              14.922560187000045
            ],
            [
              121.09322169100005,
              14.922235862000036
            ],
            [
              121.09524211400003,
              14.924944684000025
            ],
            [
              121.09916642400003,
              14.925490112000034
            ],
            [
              121.10153296100009,
              14.928820088000066
            ],
            [
              121.10585656800004,
              14.926969306000046
            ],
            [
              121.10803087500005,
              14.927812931000062
            ],
            [
              121.10882250200007,
              14.933232755000063
            ],
            [
              121.11279345800006,
              14.935910357000068
            ],
            [
              121.11439594700005,
              14.939837442000055
            ],
            [
              121.11677614000007,
              14.938568709000037
            ],
            [
              121.11685140000009,
              14.934316895000052
            ],
            [
              121.12036865800007,
              14.933911239000054
            ],
            [
              121.12862326100003,
              14.937054777000071
            ],
            [
              121.1332280040001,
              14.935710517000075
            ],
            [
              121.13434547700001,
              14.932779765000078
            ],
            [
              121.13942527800009,
              14.93113317700005
            ],
            [
              121.14273953200006,
              14.931300603000068
            ],
            [
              121.14719390000005,
              14.934565100000043
            ],
            [
              121.156355243,
              14.927757029000077
            ],
            [
              121.15499364400011,
              14.912401212000077
            ],
            [
              121.16271031400004,
              14.910050304000038
            ],
            [
              121.16354942200007,
              14.910268184000074
            ],
            [
              121.16419430100007,
              14.909709067000051
            ],
            [
              121.1657700510001,
              14.90958155100003
            ],
            [
              121.16657362800004,
              14.907150822000062
            ],
            [
              121.16740991400002,
              14.908743414000071
            ],
            [
              121.16812331500012,
              14.910217868000075
            ],
            [
              121.16971772000011,
              14.911003167000047
            ],
            [
              121.17061773000012,
              14.911351722000063
            ],
            [
              121.17324591700003,
              14.911756957000023
            ],
            [
              121.1731225310001,
              14.910098
            ],
            [
              121.17208450200008,
              14.908823951000045
            ],
            [
              121.17168387000004,
              14.906918735000033
            ],
            [
              121.17288958200004,
              14.906918549000068
            ],
            [
              121.17429940700003,
              14.908698870000023
            ],
            [
              121.1744060630001,
              14.907416560000058
            ],
            [
              121.17585445300006,
              14.906947757000069
            ],
            [
              121.17681798500007,
              14.906627247000074
            ],
            [
              121.17813789700006,
              14.905465138000068
            ],
            [
              121.17846189300008,
              14.904418976000045
            ],
            [
              121.17896450300009,
              14.904395450000038
            ],
            [
              121.17952191900008,
              14.90712406800003
            ],
            [
              121.1811708140001,
              14.907626440000058
            ],
            [
              121.34032747600008,
              14.910309698000049
            ],
            [
              121.33820501800005,
              14.947222596000074
            ],
            [
              121.34785653300003,
              14.996370968000065
            ],
            [
              121.33576784200011,
              15.041492187000074
            ],
            [
              121.33205404700004,
              15.072036283000045
            ],
            [
              121.32884713800001,
              15.08529046800004
            ],
            [
              121.32344621100003,
              15.095825838000053
            ],
            [
              121.31965715800004,
              15.116397642000038
            ],
            [
              121.32052488400006,
              15.14128271800007
            ],
            [
              121.31879139300008,
              15.164067442000032
            ],
            [
              121.31006640500004,
              15.191303677000064
            ],
            [
              121.3121526430001,
              15.19876970100006
            ],
            [
              121.26767993200008,
              15.198757712000031
            ],
            [
              121.2509377880001,
              15.201790574000029
            ],
            [
              121.2507208720001,
              15.20450820900004
            ],
            [
              121.24709297200002,
              15.205962408000062
            ],
            [
              121.245932906,
              15.209790865000059
            ],
            [
              121.24317231400005,
              15.209739053000021
            ],
            [
              121.24088545600011,
              15.204167465000069
            ],
            [
              121.23700998400011,
              15.202618352000059
            ],
            [
              121.23666084000001,
              15.203935713000021
            ],
            [
              121.239267476,
              15.205724282000062
            ],
            [
              121.23803850800005,
              15.212249233000023
            ],
            [
              121.23580040500008,
              15.207219831000032
            ],
            [
              121.21475862200009,
              15.217910724000035
            ],
            [
              121.21186207300002,
              15.222340261000056
            ],
            [
              121.20586911300006,
              15.220254056000044
            ],
            [
              121.20325273700007,
              15.221544442000038
            ],
            [
              121.20170727000004,
              15.225943958000073
            ],
            [
              121.19482332600012,
              15.233297358000073
            ],
            [
              121.19473382300009,
              15.235851789000037
            ],
            [
              121.19700560700005,
              15.238475153000024
            ],
            [
              121.1920442060001,
              15.24349139800006
            ],
            [
              121.18947511600004,
              15.253460919000077
            ],
            [
              121.18841100500003,
              15.255159559000049
            ],
            [
              121.18253909000009,
              15.256848438000077
            ],
            [
              121.18263539400004,
              15.259444657000074
            ],
            [
              121.18630504200007,
              15.262717556000041
            ],
            [
              121.18658750000009,
              15.265003016000037
            ],
            [
              121.18338382600007,
              15.266394172000048
            ],
            [
              121.17692140300005,
              15.266261518000022
            ],
            [
              121.17631774000006,
              15.267696254000043
            ],
            [
              121.17957473800004,
              15.270615693000025
            ],
            [
              121.15136407200009,
              15.27055548800007
            ],
            [
              121.14503048900008,
              15.27219688300005
            ],
            [
              121.13975017200005,
              15.271374453000021
            ],
            [
              121.1163055830001,
              15.265820260000055
            ],
            [
              121.07920178900008,
              15.256147996000038
            ],
            [
              121.07722662600008,
              15.252563125000052
            ],
            [
              121.0726204550001,
              15.249249673000065
            ],
            [
              121.07338932900007,
              15.247243610000055
            ],
            [
              121.0764383720001,
              15.246200153000075
            ],
            [
              121.07646224900009,
              15.242816625000046
            ],
            [
              121.06931945500003,
              15.229614023000067
            ],
            [
              121.08413028100006,
              15.207849019000037
            ],
            [
              121.08082889600007,
              15.204705742000044
            ],
            [
              121.08097282200004,
              15.203157954000062
            ],
            [
              121.08558814700007,
              15.197620923000045
            ],
            [
              121.08763830400005,
              15.191489284000056
            ],
            [
              121.09121903900007,
              15.188835978000043
            ],
            [
              121.09079229100007,
              15.185518080000065
            ],
            [
              121.08868657800008,
              15.184216956000057
            ],
            [
              121.08986927600006,
              15.18154987400004
            ],
            [
              121.08339523400002,
              15.17800199800007
            ],
            [
              121.08267460800005,
              15.174039857000025
            ],
            [
              121.07901441500007,
              15.172120796000058
            ],
            [
              121.07932646600011,
              15.170580533000077
            ],
            [
              121.08145754200007,
              15.17034278400007
            ],
            [
              121.07784649200005,
              15.15516258100007
            ],
            [
              121.07165122200001,
              15.112633619000064
            ],
            [
              121.06947268200008,
              15.106409291000034
            ],
            [
              121.06707371900006,
              15.097756094000033
            ],
            [
              121.06837732200006,
              15.081230273000074
            ],
            [
              121.06693114600012,
              15.081124402000057
            ],
            [
              121.06884510900011,
              15.079000130000054
            ],
            [
              121.07137051500001,
              15.068889833000071
            ],
            [
              121.07453134400009,
              15.054870896000068
            ],
            [
              121.0741457690001,
              15.05049890600003
            ],
            [
              121.07738984000002,
              15.049086063000061
            ],
            [
              121.07068511500006,
              15.045868963000032
            ],
            [
              121.06937160000007,
              15.042452504000039
            ],
            [
              121.06448704000002,
              15.038755955000056
            ],
            [
              121.06340994200002,
              15.024315928000021
            ],
            [
              121.06025613500003,
              15.015691667000056
            ],
            [
              121.06017976900011,
              15.007537770000056
            ],
            [
              121.06486212200002,
              15.000236310000048
            ],
            [
              121.0638788760001,
              14.997534881000036
            ],
            [
              121.06666460800011,
              14.991380599000024
            ],
            [
              121.05840158700005,
              14.985681323000051
            ],
            [
              121.05425327400008,
              14.989354386000059
            ],
            [
              121.05284830500011,
              14.987359840000067
            ],
            [
              121.04675397800008,
              14.988121332000048
            ],
            [
              121.04470104900008,
              14.98584524100005
            ],
            [
              121.03678049300004,
              14.98466499500006
            ],
            [
              121.03433203300006,
              14.982054202000029
            ],
            [
              121.03458388100012,
              14.978440791000025
            ],
            [
              121.033317839,
              14.97725403800007
            ],
            [
              121.03494449400011,
              14.976720545000035
            ],
            [
              121.03534348800008,
              14.970527508000032
            ],
            [
              121.03347110800007,
              14.971629499000073
            ],
            [
              121.02848032500003,
              14.969656633000056
            ],
            [
              121.0291066850001,
              14.966642066000077
            ],
            [
              121.02782292200004,
              14.966234172000043
            ],
            [
              121.02827812300006,
              14.964995015000056
            ],
            [
              121.026786076,
              14.96534273800006
            ],
            [
              121.02752577700005,
              14.96406564700004
            ],
            [
              121.02629634100003,
              14.962277589000053
            ],
            [
              121.02882546300009,
              14.96198527100006
            ],
            [
              121.03244475100007,
              14.957203497000023
            ],
            [
              121.03185751500007,
              14.955046306000042
            ],
            [
              121.03892131100008,
              14.953084347000072
            ],
            [
              121.04072995600006,
              14.954895098000065
            ],
            [
              121.04800261300011,
              14.954321900000025
            ],
            [
              121.05113972100003,
              14.955963935000057
            ],
            [
              121.05328195400011,
              14.95979737600004
            ],
            [
              121.05561739200004,
              14.959774693000043
            ],
            [
              121.0582102950001,
              14.958367043000067
            ],
            [
              121.05833813600009,
              14.950958792000051
            ],
            [
              121.06001750700011,
              14.948693150000054
            ]
          ]
        ]
      }
    },
    {
      "type": "Feature",
      "properties": {
        "shapeName": "Guiguinto",
        "shapeISO": "",
        "shapeID": "30758251B84945919751232",
        "shapeGroup": "PHL",
        "shapeType": "ADM3",
        "psgc_code": "0301408000",
        "legacy_psgc_code": "031408000",
        "province": "Bulacan",
        "reference_area_sqkm": 22.31750386,
        "reference_bbox": [
          120.85363912700006,
          14.812804217000064,
          120.90372893400001,
          14.867538824000064
        ]
      },
      "geometry": {
        "type": "Polygon",
        "coordinates": [
          [
            [
              120.89918273500007,
              14.866661650000026
            ],
            [
              120.8813141930001,
              14.862128164000069
            ],
            [
              120.87751659500009,
              14.866225559000043
            ],
            [
              120.87271486200007,
              14.866861355000026
            ],
            [
              120.858897382,
              14.867472774000078
            ],
            [
              120.85828268400007,
              14.866261606000023
            ],
            [
              120.85543574100006,
              14.867518662000066
            ],
            [
              120.85452280900006,
              14.86526678000007
            ],
            [
              120.85367629000007,
              14.862118056000043
            ],
            [
              120.85611306700002,
              14.860277949000022
            ],
            [
              120.85473002000003,
              14.855512329000021
            ],
            [
              120.85660017200007,
              14.855615992000025
            ],
            [
              120.85826024000005,
              14.858122819000073
            ],
            [
              120.86073682200004,
              14.853226593000045
            ],
            [
              120.85772760500004,
              14.848481183000047
            ],
            [
              120.85771816700003,
              14.845959470000025
            ],
            [
              120.85363912700006,
              14.843428992000042
            ],
            [
              120.85740102800003,
              14.843712416000074
            ],
            [
              120.86103822200005,
              14.840994825000053
            ],
            [
              120.85909352800002,
              14.838160038000069
            ],
            [
              120.86273140700007,
              14.835732131000043
            ],
            [
              120.85967785700007,
              14.834940131000053
            ],
            [
              120.8587653300001,
              14.83320969700003
            ],
            [
              120.86017896400006,
              14.83005193300005
            ],
            [
              120.86169529100005,
              14.832216079000034
            ],
            [
              120.86266160100001,
              14.831033387000048
            ],
            [
              120.859517707,
              14.826917899000023
            ],
            [
              120.86119764700004,
              14.826408498000035
            ],
            [
              120.86184794600001,
              14.828863378000051
            ],
            [
              120.86375684500001,
              14.828939821000063
            ],
            [
              120.86514112400005,
              14.826936605000071
            ],
            [
              120.86477661000004,
              14.82352217500005
            ],
            [
              120.86291170200002,
              14.822575544000074
            ],
            [
              120.86617458700005,
              14.820866962000025
            ],
            [
              120.86730470300006,
              14.818542829000023
            ],
            [
              120.87702692100004,
              14.823622102000058
            ],
            [
              120.88143352200007,
              14.820751830000063
            ],
            [
              120.88109188100009,
              14.817492276000053
            ],
            [
              120.88442228800011,
              14.81765523000007
            ],
            [
              120.88459836100003,
              14.812804217000064
            ],
            [
              120.8884717310001,
              14.815717455000026
            ],
            [
              120.89142116700009,
              14.814842762000069
            ],
            [
              120.89298773700011,
              14.818618005000076
            ],
            [
              120.89046502000008,
              14.822303548000036
            ],
            [
              120.89209176100007,
              14.824811316000023
            ],
            [
              120.89832510000008,
              14.82694420000007
            ],
            [
              120.9004626310001,
              14.83067128500005
            ],
            [
              120.89837445100011,
              14.839458809000064
            ],
            [
              120.90169597700003,
              14.846546888000034
            ],
            [
              120.90372893400001,
              14.857126454000024
            ],
            [
              120.89918273500007,
              14.866661650000026
            ]
          ]
        ]
      }
    },
    {
      "type": "Feature",
      "properties": {
        "shapeName": "Hagonoy",
        "shapeISO": "",
        "shapeID": "30758251B93181595327102",
        "shapeGroup": "PHL",
        "shapeType": "ADM3",
        "psgc_code": "0301409000",
        "legacy_psgc_code": "031409000",
        "province": "Bulacan",
        "reference_area_sqkm": 83.39439846,
        "reference_bbox": [
          120.68662271500011,
          14.758813186000054,
          120.77554607500008,
          14.881201218000058
        ]
      },
      "geometry": {
        "type": "Polygon",
        "coordinates": [
          [
            [
              120.7350646540001,
              14.872973665000075
            ],
            [
              120.7360270150001,
              14.870179453000048
            ],
            [
              120.73005041200008,
              14.866045856000028
            ],
            [
              120.71625676800011,
              14.862770802000057
            ],
            [
              120.71280639800011,
              14.860421373000065
            ],
            [
              120.71310863500003,
              14.855759677000037
            ],
            [
              120.70329721900009,
              14.836538190000056
            ],
            [
              120.69705313800011,
              14.833358486000066
            ],
            [
              120.69808498200007,
              14.828765640000029
            ],
            [
              120.69632039600003,
              14.82198956700006
            ],
            [
              120.69934187000001,
              14.817579944000045
            ],
            [
              120.69892857900004,
              14.810382227000048
            ],
            [
              120.69630391700002,
              14.804632797000068
            ],
            [
              120.69251438700007,
              14.786715064000077
            ],
            [
              120.68662271500011,
              14.773103611000067
            ],
            [
              120.68723721300012,
              14.770876218000069
            ],
            [
              120.6889624150001,
              14.772051119000025
            ],
            [
              120.69245534800007,
              14.77156836000006
            ],
            [
              120.69426880800006,
              14.774770778000061
            ],
            [
              120.69644499000003,
              14.772680606000051
            ],
            [
              120.69694536600002,
              14.773636588000045
            ],
            [
              120.70053198200003,
              14.771766570000068
            ],
            [
              120.69851782800004,
              14.770306395000034
            ],
            [
              120.69841522800004,
              14.768313900000066
            ],
            [
              120.70793616900005,
              14.766229229000032
            ],
            [
              120.7084699080001,
              14.768673743000022
            ],
            [
              120.71227886500003,
              14.766287618000035
            ],
            [
              120.7144223030001,
              14.767792479000036
            ],
            [
              120.71861874400008,
              14.764808879000043
            ],
            [
              120.7212752150001,
              14.76595586600007
            ],
            [
              120.72090492300003,
              14.764988834000064
            ],
            [
              120.72412013300004,
              14.763456963000067
            ],
            [
              120.72762845600005,
              14.77119725700004
            ],
            [
              120.73208523400001,
              14.772591722000072
            ],
            [
              120.73401511700001,
              14.771287044000076
            ],
            [
              120.73820768600001,
              14.773445609000078
            ],
            [
              120.74228793600003,
              14.76673669400003
            ],
            [
              120.74248528900011,
              14.761720447000073
            ],
            [
              120.75006199800009,
              14.758813186000054
            ],
            [
              120.7531546990001,
              14.76950362100007
            ],
            [
              120.75064599300003,
              14.773175858000059
            ],
            [
              120.75155435500005,
              14.774023689000046
            ],
            [
              120.7543068870001,
              14.771260089000066
            ],
            [
              120.75798587100007,
              14.777877690000025
            ],
            [
              120.7590129570001,
              14.777323890000048
            ],
            [
              120.75315466400002,
              14.764447378000057
            ],
            [
              120.7548424360001,
              14.75945801100005
            ],
            [
              120.7567295,
              14.758987043000047
            ],
            [
              120.7667554840001,
              14.763786799000059
            ],
            [
              120.76758634500004,
              14.765387525000051
            ],
            [
              120.76620398200009,
              14.76851394700003
            ],
            [
              120.76721255000007,
              14.768831383000077
            ],
            [
              120.77080609900008,
              14.77170015400003
            ],
            [
              120.76880094800003,
              14.77366690100007
            ],
            [
              120.76873084400006,
              14.777090298000076
            ],
            [
              120.765983817,
              14.778596377000042
            ],
            [
              120.76949288600008,
              14.782716608000044
            ],
            [
              120.76543851800011,
              14.78601109300007
            ],
            [
              120.76671820100012,
              14.795493871000076
            ],
            [
              120.76059362100011,
              14.803649861000054
            ],
            [
              120.76107257500007,
              14.806246442000031
            ],
            [
              120.76670672800003,
              14.80575013500004
            ],
            [
              120.7694043350001,
              14.809760967000045
            ],
            [
              120.76585358000011,
              14.812719333000075
            ],
            [
              120.76109268700009,
              14.813426819000028
            ],
            [
              120.76229655000009,
              14.823594897000078
            ],
            [
              120.7566719030001,
              14.830591292000065
            ],
            [
              120.75978931800012,
              14.835838944000045
            ],
            [
              120.76378045700005,
              14.835555560000046
            ],
            [
              120.76506174200006,
              14.846231748000037
            ],
            [
              120.76750355400009,
              14.847807031000059
            ],
            [
              120.76767670400011,
              14.855153734000055
            ],
            [
              120.7726517320001,
              14.857669112000053
            ],
            [
              120.7728060290001,
              14.85666591100005
            ],
            [
              120.77445062400011,
              14.857148667000047
            ],
            [
              120.77346096400004,
              14.861473184000033
            ],
            [
              120.77465201200005,
              14.862242930000036
            ],
            [
              120.77455784000006,
              14.868719627000075
            ],
            [
              120.77427219900005,
              14.877941590000034
            ],
            [
              120.77554607500008,
              14.87827376000007
            ],
            [
              120.77423919800003,
              14.881150330000025
            ],
            [
              120.76315120900006,
              14.878007052000044
            ],
            [
              120.76018983100005,
              14.878629887000045
            ],
            [
              120.74219359200004,
              14.87497103000004
            ],
            [
              120.73903562200007,
              14.875890859000037
            ],
            [
              120.738967924,
              14.873574262000034
            ],
            [
              120.7350646540001,
              14.872973665000075
            ]
          ]
        ]
      }
    },
    {
      "type": "Feature",
      "properties": {
        "shapeName": "Marilao",
        "shapeISO": "",
        "shapeID": "30758251B11566455240441",
        "shapeGroup": "PHL",
        "shapeType": "ADM3",
        "psgc_code": "0301411000",
        "legacy_psgc_code": "031411000",
        "province": "Bulacan",
        "reference_area_sqkm": 28.34295875,
        "reference_bbox": [
          120.92205054900012,
          14.737568371000066,
          121.02832971800001,
          14.801947043000041
        ]
      },
      "geometry": {
        "type": "Polygon",
        "coordinates": [
          [
            [
              120.92218369700004,
              14.763330215000053
            ],
            [
              120.92502373800005,
              14.765276107000034
            ],
            [
              120.93265120300009,
              14.763826593000033
            ],
            [
              120.93061970000008,
              14.760772600000053
            ],
            [
              120.9327508130001,
              14.760270973000047
            ],
            [
              120.93306590000009,
              14.757676700000047
            ],
            [
              120.93469873900005,
              14.75666694000006
            ],
            [
              120.92795636400001,
              14.75268533600007
            ],
            [
              120.9281866880001,
              14.748749727000074
            ],
            [
              120.93532965700001,
              14.745998884000073
            ],
            [
              120.93570622200002,
              14.741762278000067
            ],
            [
              120.94015264400002,
              14.741492771000026
            ],
            [
              120.94185837000009,
              14.737568371000066
            ],
            [
              120.94370677400002,
              14.738488442000062
            ],
            [
              120.95220064900002,
              14.751412107000021
            ],
            [
              120.95326408900007,
              14.750321751000058
            ],
            [
              120.95561278100001,
              14.751610515000039
            ],
            [
              120.9565292850001,
              14.749713341000074
            ],
            [
              120.95949608300009,
              14.75088736500004
            ],
            [
              120.95945721400005,
              14.752248831000031
            ],
            [
              120.961412504,
              14.751254936000066
            ],
            [
              120.96136232900005,
              14.754010770000036
            ],
            [
              120.96313690900001,
              14.75263645900003
            ],
            [
              120.96544032100007,
              14.756986751000056
            ],
            [
              120.97216382200008,
              14.758739695000031
            ],
            [
              120.97152075200006,
              14.760163907000049
            ],
            [
              120.97721159700006,
              14.763066922000064
            ],
            [
              120.97626638100007,
              14.76385575200004
            ],
            [
              120.97769387300002,
              14.765194260000044
            ],
            [
              120.97733914100002,
              14.767420026000025
            ],
            [
              120.9855823580001,
              14.771340576000057
            ],
            [
              120.98535025300009,
              14.776669413000036
            ],
            [
              120.98780285500004,
              14.778071985000054
            ],
            [
              120.990015889,
              14.776795707000076
            ],
            [
              120.99324419700008,
              14.777873217000035
            ],
            [
              120.99536463800007,
              14.779850322000073
            ],
            [
              120.99477198200009,
              14.78214882800006
            ],
            [
              120.99797755800012,
              14.781549063000057
            ],
            [
              120.99947179800006,
              14.784321963000025
            ],
            [
              121.00107054800003,
              14.782803729000022
            ],
            [
              121.00366207900004,
              14.784528996000063
            ],
            [
              121.00397962500006,
              14.782216779000066
            ],
            [
              121.008445015,
              14.783477859000072
            ],
            [
              121.01096255400012,
              14.780609949000052
            ],
            [
              121.0137476860001,
              14.781286693000027
            ],
            [
              121.01290598100002,
              14.779614215000038
            ],
            [
              121.01482188000011,
              14.777626954000027
            ],
            [
              121.01402147200008,
              14.776504123000052
            ],
            [
              121.01233207000007,
              14.777300388000072
            ],
            [
              121.0104592990001,
              14.774686015000043
            ],
            [
              121.01127922900002,
              14.771295182000074
            ],
            [
              121.01473152800008,
              14.771998376000056
            ],
            [
              121.01655101900008,
              14.774321560000033
            ],
            [
              121.01769365500002,
              14.771841299000073
            ],
            [
              121.02105433300005,
              14.773368171000072
            ],
            [
              121.02203941900007,
              14.772184502000073
            ],
            [
              121.023732171,
              14.77278364600005
            ],
            [
              121.02365651000002,
              14.774268404000054
            ],
            [
              121.02740717000006,
              14.774882843000057
            ],
            [
              121.02581714200005,
              14.776249918000076
            ],
            [
              121.02805147900006,
              14.778055304000077
            ],
            [
              121.02486229500005,
              14.779164490000028
            ],
            [
              121.0276884220001,
              14.779842706000068
            ],
            [
              121.028329718,
              14.781832778000023
            ],
            [
              121.0241643920001,
              14.784913935000077
            ],
            [
              121.0237499000001,
              14.787902699000028
            ],
            [
              121.02200178700002,
              14.788208397000062
            ],
            [
              121.02031541800011,
              14.79509904200006
            ],
            [
              121.02186682500007,
              14.797600413000055
            ],
            [
              121.0179957260001,
              14.798978379000062
            ],
            [
              121.01707791600006,
              14.80094792500006
            ],
            [
              121.01336976000005,
              14.80172258500005
            ],
            [
              121.00818691600011,
              14.799268624000035
            ],
            [
              121.0070534240001,
              14.797151534000022
            ],
            [
              121.00128639500008,
              14.79611111500003
            ],
            [
              120.99445445100002,
              14.788681445000066
            ],
            [
              120.99100826100005,
              14.78954010800004
            ],
            [
              120.98870578500009,
              14.792242200000032
            ],
            [
              120.97714328200004,
              14.792552496000042
            ],
            [
              120.9664427670001,
              14.790054562000023
            ],
            [
              120.96119559300007,
              14.78531177900004
            ],
            [
              120.95836431200007,
              14.780278360000068
            ],
            [
              120.952618529,
              14.778523083000039
            ],
            [
              120.95080868100001,
              14.779496058000063
            ],
            [
              120.94798616800006,
              14.777481412000043
            ],
            [
              120.94268404000002,
              14.777583553000056
            ],
            [
              120.94261488400002,
              14.776025538000056
            ],
            [
              120.93454729900009,
              14.770485730000075
            ],
            [
              120.92985045600005,
              14.774669500000073
            ],
            [
              120.92777955100007,
              14.773167284000067
            ],
            [
              120.9276353460001,
              14.769586968000056
            ],
            [
              120.92292795000003,
              14.768621436000046
            ],
            [
              120.92218369700004,
              14.763330215000053
            ]
          ]
        ]
      }
    },
    {
      "type": "Feature",
      "properties": {
        "shapeName": "Norzagaray",
        "shapeISO": "",
        "shapeID": "30758251B28396415682182",
        "shapeGroup": "PHL",
        "shapeType": "ADM3",
        "psgc_code": "0301413000",
        "legacy_psgc_code": "031413000",
        "province": "Bulacan",
        "reference_area_sqkm": 297.38026156,
        "reference_bbox": [
          121.02072803700003,
          14.81783013200004,
          121.34033877900004,
          14.948693150000054
        ]
      },
      "geometry": {
        "type": "MultiPolygon",
        "coordinates": [
          [
            [
              [
                121.05226436600003,
                14.91589004900004
              ],
              [
                121.0501202050001,
                14.918123052000055
              ],
              [
                121.05173815400008,
                14.91419656200003
              ],
              [
                121.05226436600003,
                14.91589004900004
              ]
            ]
          ],
          [
            [
              [
                121.02078335400006,
                14.891560991000063
              ],
              [
                121.02529317800008,
                14.888772326000037
              ],
              [
                121.02525010600004,
                14.875490003000039
              ],
              [
                121.02695271000005,
                14.871548608000069
              ],
              [
                121.02690980200009,
                14.863546216000032
              ],
              [
                121.03016048100005,
                14.849776138000038
              ],
              [
                121.03967082800011,
                14.855760418000045
              ],
              [
                121.04103382700009,
                14.855417041000067
              ],
              [
                121.040358394,
                14.853614395000022
              ],
              [
                121.04494020400011,
                14.854437459000053
              ],
              [
                121.05260309200003,
                14.864436628000021
              ],
              [
                121.06100510700003,
                14.864659707000044
              ],
              [
                121.06561705000001,
                14.868571576000022
              ],
              [
                121.06614161400012,
                14.865406676000077
              ],
              [
                121.06989460500006,
                14.86521855500007
              ],
              [
                121.0725316600001,
                14.86217139300004
              ],
              [
                121.0723809640001,
                14.859710330000041
              ],
              [
                121.07583425700011,
                14.857118232000062
              ],
              [
                121.0755016490001,
                14.853907597000045
              ],
              [
                121.08536895700001,
                14.847401575000049
              ],
              [
                121.08964815600007,
                14.846079744000065
              ],
              [
                121.09364031200005,
                14.847569608000072
              ],
              [
                121.0972224300001,
                14.85149294300004
              ],
              [
                121.09825754100007,
                14.856426861000045
              ],
              [
                121.11241333200007,
                14.852993601000037
              ],
              [
                121.11343167500002,
                14.849708125000063
              ],
              [
                121.11713912400012,
                14.849109789000067
              ],
              [
                121.12080963300002,
                14.845292351000069
              ],
              [
                121.12609676600005,
                14.846293135000053
              ],
              [
                121.12823692900008,
                14.844872093000049
              ],
              [
                121.1292748510001,
                14.836722924000071
              ],
              [
                121.13210467300007,
                14.836407602000065
              ],
              [
                121.13142477500003,
                14.834759778000034
              ],
              [
                121.13362832300004,
                14.832166118000032
              ],
              [
                121.1324463420001,
                14.831153700000073
              ],
              [
                121.13435250100008,
                14.830987824000033
              ],
              [
                121.13500940600011,
                14.832647231000067
              ],
              [
                121.13565268400009,
                14.829141932000027
              ],
              [
                121.14222481900003,
                14.825058888000058
              ],
              [
                121.14202500300007,
                14.82236043000006
              ],
              [
                121.14643330100012,
                14.824130722000064
              ],
              [
                121.14665879200004,
                14.828023823000024
              ],
              [
                121.14844038700005,
                14.829401521000023
              ],
              [
                121.14667213500002,
                14.831504926000036
              ],
              [
                121.1479116590001,
                14.834430498000074
              ],
              [
                121.15405209100004,
                14.839274394000029
              ],
              [
                121.16163232400004,
                14.834642029000065
              ],
              [
                121.1680136760001,
                14.83310651000005
              ],
              [
                121.16528463600002,
                14.823417534000043
              ],
              [
                121.1879882930001,
                14.823554116000025
              ],
              [
                121.19251978000011,
                14.82091428800004
              ],
              [
                121.19665268000006,
                14.821126651000043
              ],
              [
                121.19724729500001,
                14.818441083000039
              ],
              [
                121.20335026400005,
                14.81783013200004
              ],
              [
                121.20648669400009,
                14.819685853000067
              ],
              [
                121.2083554830001,
                14.817918344000077
              ],
              [
                121.21232502700002,
                14.820175920000054
              ],
              [
                121.22106455700009,
                14.81971199000003
              ],
              [
                121.22241714300003,
                14.822577249000062
              ],
              [
                121.21925184400004,
                14.833223191000059
              ],
              [
                121.22169554600009,
                14.834210990000031
              ],
              [
                121.23048364800002,
                14.831287376000034
              ],
              [
                121.23395005600003,
                14.832401462000064
              ],
              [
                121.2377431760001,
                14.831039075000035
              ],
              [
                121.243216544,
                14.831573923000064
              ],
              [
                121.25299686000005,
                14.829226647000041
              ],
              [
                121.33035662500004,
                14.834802543000023
              ],
              [
                121.33315947800008,
                14.840470453000023
              ],
              [
                121.3318304610001,
                14.848530398000037
              ],
              [
                121.33555014700005,
                14.848280439000064
              ],
              [
                121.336945807,
                14.879966409000076
              ],
              [
                121.34011224500011,
                14.886441354000056
              ],
              [
                121.34032747600008,
                14.910309698000049
              ],
              [
                121.1811708140001,
                14.907626440000058
              ],
              [
                121.17952191900008,
                14.90712406800003
              ],
              [
                121.17896450300009,
                14.904395450000038
              ],
              [
                121.17846189300008,
                14.904418976000045
              ],
              [
                121.17813789700006,
                14.905465138000068
              ],
              [
                121.17681798500007,
                14.906627247000074
              ],
              [
                121.17585445300006,
                14.906947757000069
              ],
              [
                121.1744060630001,
                14.907416560000058
              ],
              [
                121.17429940700003,
                14.908698870000023
              ],
              [
                121.17288958200004,
                14.906918549000068
              ],
              [
                121.17168387000004,
                14.906918735000033
              ],
              [
                121.17208450200008,
                14.908823951000045
              ],
              [
                121.1731225310001,
                14.910098
              ],
              [
                121.17324591700003,
                14.911756957000023
              ],
              [
                121.17061773000012,
                14.911351722000063
              ],
              [
                121.16971772000011,
                14.911003167000047
              ],
              [
                121.16812331500012,
                14.910217868000075
              ],
              [
                121.16740991400002,
                14.908743414000071
              ],
              [
                121.16657362800004,
                14.907150822000062
              ],
              [
                121.1657700510001,
                14.90958155100003
              ],
              [
                121.16419430100007,
                14.909709067000051
              ],
              [
                121.16354942200007,
                14.910268184000074
              ],
              [
                121.16271031400004,
                14.910050304000038
              ],
              [
                121.15499364400011,
                14.912401212000077
              ],
              [
                121.156355243,
                14.927757029000077
              ],
              [
                121.14719390000005,
                14.934565100000043
              ],
              [
                121.14273953200006,
                14.931300603000068
              ],
              [
                121.13942527800009,
                14.93113317700005
              ],
              [
                121.13434547700001,
                14.932779765000078
              ],
              [
                121.1332280040001,
                14.935710517000075
              ],
              [
                121.12862326100003,
                14.937054777000071
              ],
              [
                121.12036865800007,
                14.933911239000054
              ],
              [
                121.11685140000009,
                14.934316895000052
              ],
              [
                121.11677614000007,
                14.938568709000037
              ],
              [
                121.11439594700005,
                14.939837442000055
              ],
              [
                121.11279345800006,
                14.935910357000068
              ],
              [
                121.10882250200007,
                14.933232755000063
              ],
              [
                121.10803087500005,
                14.927812931000062
              ],
              [
                121.10585656800004,
                14.926969306000046
              ],
              [
                121.10153296100009,
                14.928820088000066
              ],
              [
                121.09916642400003,
                14.925490112000034
              ],
              [
                121.09524211400003,
                14.924944684000025
              ],
              [
                121.09322169100005,
                14.922235862000036
              ],
              [
                121.08800250700006,
                14.922560187000045
              ],
              [
                121.08598237100011,
                14.92139794600007
              ],
              [
                121.07918035900002,
                14.938227622000056
              ],
              [
                121.07505870200009,
                14.944526758000052
              ],
              [
                121.06694642100001,
                14.948682337000037
              ],
              [
                121.06001750700011,
                14.948693150000054
              ],
              [
                121.05665405800005,
                14.948320610000053
              ],
              [
                121.05124470200008,
                14.938286789000074
              ],
              [
                121.04884153600005,
                14.938324063000039
              ],
              [
                121.04617422500007,
                14.935553833000029
              ],
              [
                121.0455221410001,
                14.930407110000033
              ],
              [
                121.0499009030001,
                14.928772069000047
              ],
              [
                121.05389320600011,
                14.92021150200003
              ],
              [
                121.05411924500004,
                14.917965820000063
              ],
              [
                121.05187106100004,
                14.917126073000077
              ],
              [
                121.05261088800012,
                14.914921574000061
              ],
              [
                121.05093043900001,
                14.908660303000033
              ],
              [
                121.05187487500007,
                14.90659058600005
              ],
              [
                121.06589329500002,
                14.910598132000075
              ],
              [
                121.06943626700001,
                14.916857049000043
              ],
              [
                121.07189719000007,
                14.91746358000006
              ],
              [
                121.07466012600003,
                14.915970236000078
              ],
              [
                121.07682290000002,
                14.912336710000034
              ],
              [
                121.07421654300003,
                14.906678233000036
              ],
              [
                121.0765627610001,
                14.904081296000072
              ],
              [
                121.083443138,
                14.905614891000027
              ],
              [
                121.08669004,
                14.907884568000043
              ],
              [
                121.08933657700004,
                14.90765557900005
              ],
              [
                121.07912324800009,
                14.903723569000022
              ],
              [
                121.07563906000007,
                14.904071488000056
              ],
              [
                121.07387261100007,
                14.90630556900004
              ],
              [
                121.07577055800004,
                14.912724405000063
              ],
              [
                121.07124083000008,
                14.916952221000031
              ],
              [
                121.06947331100002,
                14.916260936000072
              ],
              [
                121.06936177500006,
                14.91379422600005
              ],
              [
                121.06616002500004,
                14.910272490000068
              ],
              [
                121.05206628200006,
                14.905811672000027
              ],
              [
                121.050493877,
                14.907137801000033
              ],
              [
                121.05104309900003,
                14.915449288000048
              ],
              [
                121.0459755170001,
                14.921557059000065
              ],
              [
                121.04286079500002,
                14.917709626000033
              ],
              [
                121.03537468900004,
                14.912876354000048
              ],
              [
                121.03328529800001,
                14.913639842000066
              ],
              [
                121.03519532700011,
                14.912686449000034
              ],
              [
                121.03353271100002,
                14.911199626000041
              ],
              [
                121.03125984000008,
                14.907764236000048
              ],
              [
                121.02830735400005,
                14.908554346000074
              ],
              [
                121.02766361600004,
                14.905442478000055
              ],
              [
                121.0292917590001,
                14.900235417000033
              ],
              [
                121.02211775900003,
                14.89711959300007
              ],
              [
                121.02078335400006,
                14.891560991000063
              ]
            ]
          ]
        ]
      }
    },
    {
      "type": "Feature",
      "properties": {
        "shapeName": "Obando",
        "shapeISO": "",
        "shapeID": "30758251B34403699619291",
        "shapeGroup": "PHL",
        "shapeType": "ADM3",
        "psgc_code": "0301414000",
        "legacy_psgc_code": "031414000",
        "province": "Bulacan",
        "reference_area_sqkm": 16.20758216,
        "reference_bbox": [
          120.89983339900004,
          14.688489937000043,
          120.95312750500011,
          14.749620770000035
        ]
      },
      "geometry": {
        "type": "Polygon",
        "coordinates": [
          [
            [
              120.90287439300005,
              14.723927337000077
            ],
            [
              120.90508095100006,
              14.724177159000021
            ],
            [
              120.90473250700006,
              14.716059279000035
            ],
            [
              120.90667749500005,
              14.715227164000055
            ],
            [
              120.909660916,
              14.717172591000065
            ],
            [
              120.91048761800005,
              14.715556297000035
            ],
            [
              120.90666804700004,
              14.71396994500003
            ],
            [
              120.90234610900006,
              14.716192711000076
            ],
            [
              120.90001638500007,
              14.713888068000074
            ],
            [
              120.901199732,
              14.707805871000062
            ],
            [
              120.90647361100002,
              14.700914682000075
            ],
            [
              120.91416393100008,
              14.707311064000066
            ],
            [
              120.91458983600012,
              14.712072139000043
            ],
            [
              120.91841488700004,
              14.712960826000028
            ],
            [
              120.9263782050001,
              14.705351413000074
            ],
            [
              120.92733208400011,
              14.702649063000024
            ],
            [
              120.93012120100002,
              14.702222168000048
            ],
            [
              120.94533687500007,
              14.688489937000043
            ],
            [
              120.95312750500011,
              14.694240067000067
            ],
            [
              120.92938202800008,
              14.724312091000058
            ],
            [
              120.93057831200008,
              14.72495208600003
            ],
            [
              120.92664292400002,
              14.732951036000031
            ],
            [
              120.92573807300005,
              14.732636787000047
            ],
            [
              120.92701620000003,
              14.736080406000042
            ],
            [
              120.91954161300009,
              14.740983225000036
            ],
            [
              120.91856593900002,
              14.745944358000031
            ],
            [
              120.90320575600003,
              14.749620770000035
            ],
            [
              120.90044368500003,
              14.747587724000027
            ],
            [
              120.90125354200006,
              14.73920313800005
            ],
            [
              120.90023151500009,
              14.733444811000027
            ],
            [
              120.90287439300005,
              14.723927337000077
            ]
          ]
        ]
      }
    },
    {
      "type": "Feature",
      "properties": {
        "shapeName": "Pandi",
        "shapeISO": "",
        "shapeID": "30758251B75610884117479",
        "shapeGroup": "PHL",
        "shapeType": "ADM3",
        "psgc_code": "0301415000",
        "legacy_psgc_code": "031415000",
        "province": "Bulacan",
        "reference_area_sqkm": 50.41772126,
        "reference_bbox": [
          120.90369281900007,
          14.82910800600007,
          121.0026464010001,
          14.925231727000039
        ]
      },
      "geometry": {
        "type": "Polygon",
        "coordinates": [
          [
            [
              120.96296742000004,
              14.914453782000066
            ],
            [
              120.96286922000002,
              14.91175706200005
            ],
            [
              120.9582065830001,
              14.908592080000062
            ],
            [
              120.95905160400002,
              14.905322828000067
            ],
            [
              120.95714380100003,
              14.903648309000062
            ],
            [
              120.9538683180001,
              14.904715582000051
            ],
            [
              120.95213621800008,
              14.902442405000045
            ],
            [
              120.94960639500005,
              14.903231657000049
            ],
            [
              120.94421908900006,
              14.901830010000026
            ],
            [
              120.93522273400004,
              14.903696215000025
            ],
            [
              120.93197742300003,
              14.900646675000075
            ],
            [
              120.91677237400006,
              14.89969732700007
            ],
            [
              120.9123067480001,
              14.894391711000026
            ],
            [
              120.90560132500002,
              14.892586728000026
            ],
            [
              120.90369281900007,
              14.886805071000026
            ],
            [
              120.90707347900002,
              14.871764743000028
            ],
            [
              120.91368830400006,
              14.87030358000004
            ],
            [
              120.91786867400003,
              14.86535903500004
            ],
            [
              120.91818523600011,
              14.859958190000043
            ],
            [
              120.92124910300004,
              14.860310855000023
            ],
            [
              120.92296847900002,
              14.856155100000024
            ],
            [
              120.92186721500002,
              14.85510167700005
            ],
            [
              120.92306702500002,
              14.854515745000072
            ],
            [
              120.92125032800004,
              14.852205755000057
            ],
            [
              120.92095625500008,
              14.845425231000036
            ],
            [
              120.92291010300005,
              14.844491298000037
            ],
            [
              120.92324675800012,
              14.835968802000025
            ],
            [
              120.92715542700012,
              14.832952997000064
            ],
            [
              120.92318497600002,
              14.829675505000068
            ],
            [
              120.92719888300007,
              14.830164997000054
            ],
            [
              120.94174489800002,
              14.838560124000026
            ],
            [
              120.94342544200003,
              14.844527914000025
            ],
            [
              120.95096273900003,
              14.844527219000042
            ],
            [
              120.95097653300002,
              14.847034508000036
            ],
            [
              120.95424824200006,
              14.847814061000065
            ],
            [
              120.95313741300004,
              14.851694098000053
            ],
            [
              120.95497347100002,
              14.851845697000044
            ],
            [
              120.95696848900002,
              14.85576584200004
            ],
            [
              120.96237034500007,
              14.855118033000053
            ],
            [
              120.96200012200006,
              14.860276078000027
            ],
            [
              120.96855072700009,
              14.865048470000033
            ],
            [
              120.97083685300004,
              14.881173342000068
            ],
            [
              120.97538036000003,
              14.88452286100005
            ],
            [
              120.97504737700001,
              14.886033175000023
            ],
            [
              120.97894803000008,
              14.883904465000057
            ],
            [
              120.98114809300012,
              14.886116421000054
            ],
            [
              120.98240886100007,
              14.885630903000049
            ],
            [
              120.98380323200001,
              14.887537301000066
            ],
            [
              120.98590454900011,
              14.887715900000046
            ],
            [
              120.99016282500008,
              14.89448498400003
            ],
            [
              121.00007929900005,
              14.894102731000032
            ],
            [
              120.99927740200008,
              14.898935937000033
            ],
            [
              121.0026464010001,
              14.903359489000024
            ],
            [
              120.99967411500006,
              14.903102569000055
            ],
            [
              120.99690441900009,
              14.906191579000051
            ],
            [
              120.99605904500004,
              14.913288030000047
            ],
            [
              120.9971929080001,
              14.916973621000068
            ],
            [
              120.99192193400006,
              14.918340701000034
            ],
            [
              120.98784709300003,
              14.925147784000046
            ],
            [
              120.98690645200008,
              14.922165281000048
            ],
            [
              120.98079112900007,
              14.922094955000034
            ],
            [
              120.97370820200001,
              14.917508810000072
            ],
            [
              120.96296742000004,
              14.914453782000066
            ]
          ]
        ]
      }
    },
    {
      "type": "Feature",
      "properties": {
        "shapeName": "Paombong",
        "shapeISO": "",
        "shapeID": "30758251B84355932760435",
        "shapeGroup": "PHL",
        "shapeType": "ADM3",
        "psgc_code": "0301416000",
        "legacy_psgc_code": "031416000",
        "province": "Bulacan",
        "reference_area_sqkm": 45.28503145,
        "reference_bbox": [
          120.7566719030001,
          14.754859573000033,
          120.80912554300005,
          14.870351563000042
        ]
      },
      "geometry": {
        "type": "Polygon",
        "coordinates": [
          [
            [
              120.77455784000006,
              14.868719627000075
            ],
            [
              120.77465201200005,
              14.862242930000036
            ],
            [
              120.77346096400004,
              14.861473184000033
            ],
            [
              120.77445062400011,
              14.857148667000047
            ],
            [
              120.7728060290001,
              14.85666591100005
            ],
            [
              120.7726517320001,
              14.857669112000053
            ],
            [
              120.76767670400011,
              14.855153734000055
            ],
            [
              120.76750355400009,
              14.847807031000059
            ],
            [
              120.76506174200006,
              14.846231748000037
            ],
            [
              120.76378045700005,
              14.835555560000046
            ],
            [
              120.75978931800012,
              14.835838944000045
            ],
            [
              120.7566719030001,
              14.830591292000065
            ],
            [
              120.76229655000009,
              14.823594897000078
            ],
            [
              120.76109268700009,
              14.813426819000028
            ],
            [
              120.76585358000011,
              14.812719333000075
            ],
            [
              120.7694043350001,
              14.809760967000045
            ],
            [
              120.76670672800003,
              14.80575013500004
            ],
            [
              120.76107257500007,
              14.806246442000031
            ],
            [
              120.76059362100011,
              14.803649861000054
            ],
            [
              120.76671820100012,
              14.795493871000076
            ],
            [
              120.76543851800011,
              14.78601109300007
            ],
            [
              120.76949288600008,
              14.782716608000044
            ],
            [
              120.765983817,
              14.778596377000042
            ],
            [
              120.76873084400006,
              14.777090298000076
            ],
            [
              120.76880094800003,
              14.77366690100007
            ],
            [
              120.77080609900008,
              14.77170015400003
            ],
            [
              120.76721255000007,
              14.768831383000077
            ],
            [
              120.7719084150001,
              14.761007633000077
            ],
            [
              120.77590572400004,
              14.758507046000034
            ],
            [
              120.78395789500007,
              14.757487552000043
            ],
            [
              120.78721967900003,
              14.759016089000056
            ],
            [
              120.78971589200012,
              14.767618283000047
            ],
            [
              120.79075167700012,
              14.767173294000031
            ],
            [
              120.7895506430001,
              14.763254888000063
            ],
            [
              120.79030828500004,
              14.760705065000025
            ],
            [
              120.80138175000002,
              14.754859573000033
            ],
            [
              120.80438830700007,
              14.756882463000068
            ],
            [
              120.80370175500002,
              14.757803225000032
            ],
            [
              120.80277974100011,
              14.75867701900006
            ],
            [
              120.80410372900008,
              14.760454946000038
            ],
            [
              120.80266625600007,
              14.761741106000045
            ],
            [
              120.80463332500005,
              14.763935144000072
            ],
            [
              120.80618428200012,
              14.771652105000044
            ],
            [
              120.80171820600003,
              14.77228215100007
            ],
            [
              120.80057500100008,
              14.776786706000053
            ],
            [
              120.80514702300002,
              14.780121480000048
            ],
            [
              120.80439135100005,
              14.782126163000044
            ],
            [
              120.80266138600007,
              14.782037114000047
            ],
            [
              120.80053133700005,
              14.787972431000071
            ],
            [
              120.80174274800004,
              14.790570744000036
            ],
            [
              120.79929976400001,
              14.793546758000048
            ],
            [
              120.79951576400003,
              14.795452630000057
            ],
            [
              120.80371313500007,
              14.796555794000028
            ],
            [
              120.80607243000009,
              14.799606182000048
            ],
            [
              120.80705161100002,
              14.815183713000067
            ],
            [
              120.80912554300005,
              14.821110493000049
            ],
            [
              120.80814611100004,
              14.822054878000074
            ],
            [
              120.8071351860001,
              14.82027800700007
            ],
            [
              120.80381247200012,
              14.819919092000077
            ],
            [
              120.80263220200004,
              14.823677929000041
            ],
            [
              120.8034527000001,
              14.830050500000027
            ],
            [
              120.79960910000011,
              14.83382940000007
            ],
            [
              120.80268830000011,
              14.836328800000047
            ],
            [
              120.80042450000008,
              14.837376300000074
            ],
            [
              120.80023093900002,
              14.842269461000058
            ],
            [
              120.79811804200006,
              14.840914465000026
            ],
            [
              120.79695032200004,
              14.842965142000025
            ],
            [
              120.79111298100008,
              14.844468466000023
            ],
            [
              120.79024190200005,
              14.849499822000041
            ],
            [
              120.79188800500003,
              14.850409849000073
            ],
            [
              120.79056336300005,
              14.85148520100006
            ],
            [
              120.79029847800007,
              14.856377966000025
            ],
            [
              120.79362240000012,
              14.863395900000057
            ],
            [
              120.7909188000001,
              14.865386900000033
            ],
            [
              120.788891,
              14.864246200000025
            ],
            [
              120.7877645000001,
              14.866340900000068
            ],
            [
              120.78447070000004,
              14.86782370000003
            ],
            [
              120.78252880000002,
              14.866496400000074
            ],
            [
              120.78154180000001,
              14.868383700000038
            ],
            [
              120.777413152,
              14.870351563000042
            ],
            [
              120.77455784000006,
              14.868719627000075
            ]
          ]
        ]
      }
    },
    {
      "type": "Feature",
      "properties": {
        "shapeName": "Plaridel",
        "shapeISO": "",
        "shapeID": "30758251B39966399473469",
        "shapeGroup": "PHL",
        "shapeType": "ADM3",
        "psgc_code": "0301417000",
        "legacy_psgc_code": "031417000",
        "province": "Bulacan",
        "reference_area_sqkm": 35.74236485,
        "reference_bbox": [
          120.80278833800003,
          14.862128164000069,
          120.9115483280001,
          14.923030667000035
        ]
      },
      "geometry": {
        "type": "Polygon",
        "coordinates": [
          [
            [
              120.90707347900002,
              14.871764743000028
            ],
            [
              120.90369281900007,
              14.886805071000026
            ],
            [
              120.90560132500002,
              14.892586728000026
            ],
            [
              120.90473298200004,
              14.900387840000064
            ],
            [
              120.90756589900002,
              14.902474465000068
            ],
            [
              120.91002054600006,
              14.907281019000038
            ],
            [
              120.90765017900003,
              14.908981219000054
            ],
            [
              120.9115483280001,
              14.918122655000047
            ],
            [
              120.90927986800011,
              14.92212689300004
            ],
            [
              120.90710378500012,
              14.922852806000037
            ],
            [
              120.89235954700007,
              14.922139903000073
            ],
            [
              120.89040638100005,
              14.920987530000048
            ],
            [
              120.89328195100006,
              14.911978075000036
            ],
            [
              120.89239798400001,
              14.907925429000045
            ],
            [
              120.88723595600004,
              14.903805078000062
            ],
            [
              120.87958966600002,
              14.902633073000061
            ],
            [
              120.88005461700004,
              14.900936484000056
            ],
            [
              120.87735451900005,
              14.898532097000043
            ],
            [
              120.87696524700004,
              14.89357816300003
            ],
            [
              120.87468693100004,
              14.891902522000066
            ],
            [
              120.86792163000007,
              14.89231617300004
            ],
            [
              120.8610659520001,
              14.888004390000049
            ],
            [
              120.85762758400006,
              14.88786790000006
            ],
            [
              120.8554556680001,
              14.88960449600006
            ],
            [
              120.85616296500007,
              14.894349810000051
            ],
            [
              120.8604516050001,
              14.899406801000055
            ],
            [
              120.8594708710001,
              14.901273183000058
            ],
            [
              120.84898617300007,
              14.897363872000028
            ],
            [
              120.84323437900002,
              14.898861919000069
            ],
            [
              120.83251411700007,
              14.897688619000064
            ],
            [
              120.82435138800008,
              14.90559680900003
            ],
            [
              120.81609929100011,
              14.900132195000026
            ],
            [
              120.80278833800003,
              14.901639916000022
            ],
            [
              120.8049779590001,
              14.891166791000046
            ],
            [
              120.8098592020001,
              14.888550656000064
            ],
            [
              120.81283344300005,
              14.88313979000003
            ],
            [
              120.823722728,
              14.882322184000031
            ],
            [
              120.8277338040001,
              14.884311712000056
            ],
            [
              120.83154585700004,
              14.883899841000073
            ],
            [
              120.84603169900004,
              14.869588278000037
            ],
            [
              120.8488433550001,
              14.869910668000045
            ],
            [
              120.85452280900006,
              14.86526678000007
            ],
            [
              120.85543574100006,
              14.867518662000066
            ],
            [
              120.85828268400007,
              14.866261606000023
            ],
            [
              120.858897382,
              14.867472774000078
            ],
            [
              120.87271486200007,
              14.866861355000026
            ],
            [
              120.87751659500009,
              14.866225559000043
            ],
            [
              120.8813141930001,
              14.862128164000069
            ],
            [
              120.89918273500007,
              14.866661650000026
            ],
            [
              120.907034027,
              14.869113672000026
            ],
            [
              120.90707347900002,
              14.871764743000028
            ]
          ]
        ]
      }
    },
    {
      "type": "Feature",
      "properties": {
        "shapeName": "Pulilan",
        "shapeISO": "",
        "shapeID": "30758251B69399459557735",
        "shapeGroup": "PHL",
        "shapeType": "ADM3",
        "psgc_code": "0301418000",
        "legacy_psgc_code": "031418000",
        "province": "Bulacan",
        "reference_area_sqkm": 42.64445362,
        "reference_bbox": [
          120.79374105600004,
          14.887760675000038,
          120.89330833500003,
          14.957592696000063
        ]
      },
      "geometry": {
        "type": "Polygon",
        "coordinates": [
          [
            [
              120.79374105600004,
              14.937171343000045
            ],
            [
              120.80161032300009,
              14.926734120000049
            ],
            [
              120.80191395100007,
              14.92522729600006
            ],
            [
              120.79979911900011,
              14.923736492000046
            ],
            [
              120.80278833800003,
              14.901639916000022
            ],
            [
              120.81609929100011,
              14.900132195000026
            ],
            [
              120.82435138800008,
              14.90559680900003
            ],
            [
              120.83251411700007,
              14.897688619000064
            ],
            [
              120.84323437900002,
              14.898861919000069
            ],
            [
              120.84898617300007,
              14.897363872000028
            ],
            [
              120.8594708710001,
              14.901273183000058
            ],
            [
              120.8604516050001,
              14.899406801000055
            ],
            [
              120.85616296500007,
              14.894349810000051
            ],
            [
              120.8554556680001,
              14.88960449600006
            ],
            [
              120.85762758400006,
              14.88786790000006
            ],
            [
              120.8610659520001,
              14.888004390000049
            ],
            [
              120.86792163000007,
              14.89231617300004
            ],
            [
              120.87468693100004,
              14.891902522000066
            ],
            [
              120.87696524700004,
              14.89357816300003
            ],
            [
              120.87735451900005,
              14.898532097000043
            ],
            [
              120.88005461700004,
              14.900936484000056
            ],
            [
              120.87958966600002,
              14.902633073000061
            ],
            [
              120.88723595600004,
              14.903805078000062
            ],
            [
              120.89239798400001,
              14.907925429000045
            ],
            [
              120.89328195100006,
              14.911978075000036
            ],
            [
              120.88871787700009,
              14.910004826000034
            ],
            [
              120.88752582000006,
              14.91222993100007
            ],
            [
              120.878760241,
              14.913308450000045
            ],
            [
              120.87581680200003,
              14.918215969000073
            ],
            [
              120.87325003700005,
              14.918396961000042
            ],
            [
              120.87403641300011,
              14.920767359000024
            ],
            [
              120.8729842360001,
              14.922287341000072
            ],
            [
              120.8716721610001,
              14.921517578000078
            ],
            [
              120.87082796800007,
              14.923918713000035
            ],
            [
              120.8619200500001,
              14.925121187000059
            ],
            [
              120.86080914400009,
              14.923621033000074
            ],
            [
              120.85369395000009,
              14.923649863000037
            ],
            [
              120.85588401700011,
              14.931994417000055
            ],
            [
              120.85354408800004,
              14.93331962800005
            ],
            [
              120.85557104200007,
              14.935278033000031
            ],
            [
              120.85238862900007,
              14.935591248000037
            ],
            [
              120.85257845300009,
              14.949156724000034
            ],
            [
              120.85141669600011,
              14.951235050000037
            ],
            [
              120.84944723700005,
              14.95146131100006
            ],
            [
              120.84911058500006,
              14.957067304000077
            ],
            [
              120.84601146200009,
              14.957105999000078
            ],
            [
              120.84643456100002,
              14.954945294000026
            ],
            [
              120.838583405,
              14.954657003000023
            ],
            [
              120.83547130200009,
              14.954899917000034
            ],
            [
              120.832955319,
              14.956994027000064
            ],
            [
              120.82971367000005,
              14.956703081000057
            ],
            [
              120.82603448800012,
              14.953494921000072
            ],
            [
              120.82315083300011,
              14.953539040000067
            ],
            [
              120.82079303800003,
              14.951110005000032
            ],
            [
              120.79374105600004,
              14.937171343000045
            ]
          ]
        ]
      }
    },
    {
      "type": "Feature",
      "properties": {
        "shapeName": "San Ildefonso",
        "shapeISO": "",
        "shapeID": "30758251B21292953325397",
        "shapeGroup": "PHL",
        "shapeType": "ADM3",
        "psgc_code": "0301419000",
        "legacy_psgc_code": "031419000",
        "province": "Bulacan",
        "reference_area_sqkm": 166.57582365,
        "reference_bbox": [
          120.89808489900008,
          14.993798226000024,
          121.07738984000002,
          15.119422075000045
        ]
      },
      "geometry": {
        "type": "Polygon",
        "coordinates": [
          [
            [
              120.93108212300001,
              15.039452406000066
            ],
            [
              120.93111790000012,
              15.037574179000046
            ],
            [
              120.93292589200007,
              15.03685301400003
            ],
            [
              120.93604417100005,
              15.040042393000022
            ],
            [
              120.93957889700005,
              15.04085497400007
            ],
            [
              120.94378629900007,
              15.040253069000073
            ],
            [
              120.94466242200008,
              15.03880388400006
            ],
            [
              120.95246233000012,
              15.040579335000075
            ],
            [
              120.9522146700001,
              15.037288555000032
            ],
            [
              120.95715406400006,
              15.038098577000028
            ],
            [
              120.95768566600009,
              15.032212730000026
            ],
            [
              120.96047947600005,
              15.029722067000023
            ],
            [
              120.95994943300002,
              15.026504447000036
            ],
            [
              120.96197037500008,
              15.02656433900006
            ],
            [
              120.96407387500005,
              15.028898711000068
            ],
            [
              120.96644456400008,
              15.028649212000062
            ],
            [
              120.97010219700007,
              15.022767779000048
            ],
            [
              120.9701791540001,
              15.018381213000055
            ],
            [
              120.97297527,
              15.01866338900004
            ],
            [
              120.97218004400008,
              15.015354225000067
            ],
            [
              120.97343701300008,
              15.013994646000071
            ],
            [
              120.97554051300006,
              15.015302921000057
            ],
            [
              120.97782358000006,
              15.014789872000051
            ],
            [
              120.97711118400002,
              15.012033290000034
            ],
            [
              120.97970093200001,
              15.012228008000022
            ],
            [
              120.97868839900002,
              15.009346184000037
            ],
            [
              120.98110290000011,
              15.00804157400006
            ],
            [
              120.98110481600008,
              15.006136600000048
            ],
            [
              120.9831338780001,
              15.006582235000053
            ],
            [
              120.98590669100008,
              15.002829873000053
            ],
            [
              120.98941517700007,
              15.004517293000049
            ],
            [
              120.99045672300008,
              15.006960058000061
            ],
            [
              120.99403844500011,
              15.007664413000043
            ],
            [
              120.99665355200011,
              15.006203250000056
            ],
            [
              120.99620396400007,
              15.00377547200003
            ],
            [
              120.99788242700004,
              15.00373051300005
            ],
            [
              121.00191218700002,
              15.011358744000063
            ],
            [
              121.00469352800008,
              15.008407546000058
            ],
            [
              121.00726340000006,
              15.008622261000028
            ],
            [
              121.00767270000006,
              15.010735863000036
            ],
            [
              121.00904821900008,
              15.011010967000061
            ],
            [
              121.01205868300008,
              15.007556811000029
            ],
            [
              121.01478513900008,
              15.013976720000073
            ],
            [
              121.01775968000004,
              15.015245056000026
            ],
            [
              121.01886914200009,
              15.013903080000034
            ],
            [
              121.01722175600003,
              15.010552762000032
            ],
            [
              121.02048180000008,
              15.010695604000034
            ],
            [
              121.0199200720001,
              15.003638850000073
            ],
            [
              121.02664083400009,
              14.998530403000075
            ],
            [
              121.02543429000002,
              14.994992316000037
            ],
            [
              121.02638653800011,
              14.993798226000024
            ],
            [
              121.02844816400011,
              14.996566340000072
            ],
            [
              121.03196873200011,
              14.997653575000072
            ],
            [
              121.03340741600005,
              15.004060211000024
            ],
            [
              121.03555794800002,
              15.004052718000025
            ],
            [
              121.03502593400003,
              15.001842241000077
            ],
            [
              121.03886991700006,
              15.003708034000056
            ],
            [
              121.04171731100007,
              15.00227684400005
            ],
            [
              121.04220828600012,
              15.008253220000029
            ],
            [
              121.0482138650001,
              15.001632433000054
            ],
            [
              121.05306942100003,
              15.002044556000044
            ],
            [
              121.05456238600004,
              15.000958964000063
            ],
            [
              121.05459054000005,
              15.006039957000041
            ],
            [
              121.05691740400005,
              15.004367545000036
            ],
            [
              121.05937158000006,
              15.00532931400005
            ],
            [
              121.06017976900011,
              15.007537770000056
            ],
            [
              121.06025613500003,
              15.015691667000056
            ],
            [
              121.06340994200002,
              15.024315928000021
            ],
            [
              121.06448704000002,
              15.038755955000056
            ],
            [
              121.06937160000007,
              15.042452504000039
            ],
            [
              121.07068511500006,
              15.045868963000032
            ],
            [
              121.07738984000002,
              15.049086063000061
            ],
            [
              121.0741457690001,
              15.05049890600003
            ],
            [
              121.07453134400009,
              15.054870896000068
            ],
            [
              121.07137051500001,
              15.068889833000071
            ],
            [
              121.06884510900011,
              15.079000130000054
            ],
            [
              121.06693114600012,
              15.081124402000057
            ],
            [
              121.06837732200006,
              15.081230273000074
            ],
            [
              121.06707371900006,
              15.097756094000033
            ],
            [
              121.06947268200008,
              15.106409291000034
            ],
            [
              121.06446232500002,
              15.106592311000043
            ],
            [
              121.06361487100003,
              15.113800295000033
            ],
            [
              121.0550502750001,
              15.114370316000077
            ],
            [
              121.05002519600009,
              15.118484007000063
            ],
            [
              121.03979860400011,
              15.114283389000036
            ],
            [
              121.03881377500011,
              15.112508964000028
            ],
            [
              121.02704812800005,
              15.112375131000022
            ],
            [
              121.02703618700002,
              15.110680555000044
            ],
            [
              121.02439811200009,
              15.110333946000026
            ],
            [
              121.02254472000004,
              15.106781210000065
            ],
            [
              121.01970165000012,
              15.108567676000064
            ],
            [
              121.01138613100011,
              15.102328558000067
            ],
            [
              121.00540126800001,
              15.099904338000044
            ],
            [
              120.99885657900006,
              15.100367002000041
            ],
            [
              120.99378869300006,
              15.097237664000033
            ],
            [
              120.98886859100003,
              15.100224056000059
            ],
            [
              120.99001709800007,
              15.10354594200004
            ],
            [
              120.98894171200004,
              15.106908855000029
            ],
            [
              120.98692748100007,
              15.106736732000059
            ],
            [
              120.9832331,
              15.109492670000066
            ],
            [
              120.98204610200003,
              15.112175239000067
            ],
            [
              120.97652670200011,
              15.110671876000026
            ],
            [
              120.97503458300002,
              15.111970361000033
            ],
            [
              120.97113722800009,
              15.107708268000067
            ],
            [
              120.966547837,
              15.114853216000029
            ],
            [
              120.9628361340001,
              15.115682603000039
            ],
            [
              120.9569405850001,
              15.114280318000056
            ],
            [
              120.9537445630001,
              15.117415178000044
            ],
            [
              120.94576515100005,
              15.119389710000064
            ],
            [
              120.94536873000004,
              15.11795204200007
            ],
            [
              120.94378342000005,
              15.11797709800004
            ],
            [
              120.94508221600006,
              15.11460938700003
            ],
            [
              120.94225392200008,
              15.112628537000035
            ],
            [
              120.94233648300008,
              15.109984591000057
            ],
            [
              120.9373041980001,
              15.108325616000059
            ],
            [
              120.93854988900011,
              15.106777400000055
            ],
            [
              120.93830075100004,
              15.102292911000063
            ],
            [
              120.93356712400009,
              15.097203372000024
            ],
            [
              120.9332823950001,
              15.089088583000034
            ],
            [
              120.93093337700009,
              15.089480086000037
            ],
            [
              120.92892247500004,
              15.087451389000023
            ],
            [
              120.92406427900005,
              15.088145417000021
            ],
            [
              120.917591162,
              15.08424896300005
            ],
            [
              120.91585361200009,
              15.086269370000025
            ],
            [
              120.91190708500005,
              15.087427736000052
            ],
            [
              120.90273443800004,
              15.085797942000056
            ],
            [
              120.89808489900008,
              15.072300916000074
            ],
            [
              120.90678954500004,
              15.060389046000068
            ],
            [
              120.91037207200009,
              15.059135535000053
            ],
            [
              120.90766918300005,
              15.054577236000057
            ],
            [
              120.91280598700007,
              15.055573676000051
            ],
            [
              120.91414283300003,
              15.051175895000029
            ],
            [
              120.9173272920001,
              15.050382497000044
            ],
            [
              120.9186423760001,
              15.047806672000036
            ],
            [
              120.92674742200006,
              15.042479143000037
            ],
            [
              120.92733762500006,
              15.040616895000028
            ],
            [
              120.93077540400009,
              15.04113895100005
            ],
            [
              120.93108212300001,
              15.039452406000066
            ]
          ]
        ]
      }
    },
    {
      "type": "Feature",
      "properties": {
        "shapeName": "San Miguel",
        "shapeISO": "",
        "shapeID": "30758251B36193121708082",
        "shapeGroup": "PHL",
        "shapeType": "ADM3",
        "psgc_code": "0301421000",
        "legacy_psgc_code": "031421000",
        "province": "Bulacan",
        "reference_area_sqkm": 231.94039833,
        "reference_bbox": [
          120.91557604600007,
          15.097234021000077,
          121.1163055830001,
          15.268369465000035
        ]
      },
      "geometry": {
        "type": "Polygon",
        "coordinates": [
          [
            [
              120.94576515100005,
              15.119389710000064
            ],
            [
              120.9537445630001,
              15.117415178000044
            ],
            [
              120.9569405850001,
              15.114280318000056
            ],
            [
              120.9628361340001,
              15.115682603000039
            ],
            [
              120.966547837,
              15.114853216000029
            ],
            [
              120.97113722800009,
              15.107708268000067
            ],
            [
              120.97503458300002,
              15.111970361000033
            ],
            [
              120.97652670200011,
              15.110671876000026
            ],
            [
              120.98204610200003,
              15.112175239000067
            ],
            [
              120.9832331,
              15.109492670000066
            ],
            [
              120.98692748100007,
              15.106736732000059
            ],
            [
              120.98894171200004,
              15.106908855000029
            ],
            [
              120.99001709800007,
              15.10354594200004
            ],
            [
              120.98886859100003,
              15.100224056000059
            ],
            [
              120.99378869300006,
              15.097237664000033
            ],
            [
              120.99885657900006,
              15.100367002000041
            ],
            [
              121.00540126800001,
              15.099904338000044
            ],
            [
              121.01138613100011,
              15.102328558000067
            ],
            [
              121.01970165000012,
              15.108567676000064
            ],
            [
              121.02254472000004,
              15.106781210000065
            ],
            [
              121.02439811200009,
              15.110333946000026
            ],
            [
              121.02703618700002,
              15.110680555000044
            ],
            [
              121.02704812800005,
              15.112375131000022
            ],
            [
              121.03881377500011,
              15.112508964000028
            ],
            [
              121.03979860400011,
              15.114283389000036
            ],
            [
              121.05002519600009,
              15.118484007000063
            ],
            [
              121.0550502750001,
              15.114370316000077
            ],
            [
              121.06361487100003,
              15.113800295000033
            ],
            [
              121.06446232500002,
              15.106592311000043
            ],
            [
              121.06947268200008,
              15.106409291000034
            ],
            [
              121.07165122200001,
              15.112633619000064
            ],
            [
              121.07784649200005,
              15.15516258100007
            ],
            [
              121.08145754200007,
              15.17034278400007
            ],
            [
              121.07932646600011,
              15.170580533000077
            ],
            [
              121.07901441500007,
              15.172120796000058
            ],
            [
              121.08267460800005,
              15.174039857000025
            ],
            [
              121.08339523400002,
              15.17800199800007
            ],
            [
              121.08986927600006,
              15.18154987400004
            ],
            [
              121.08868657800008,
              15.184216956000057
            ],
            [
              121.09079229100007,
              15.185518080000065
            ],
            [
              121.09121903900007,
              15.188835978000043
            ],
            [
              121.08763830400005,
              15.191489284000056
            ],
            [
              121.08558814700007,
              15.197620923000045
            ],
            [
              121.08097282200004,
              15.203157954000062
            ],
            [
              121.08082889600007,
              15.204705742000044
            ],
            [
              121.08413028100006,
              15.207849019000037
            ],
            [
              121.06931945500003,
              15.229614023000067
            ],
            [
              121.07646224900009,
              15.242816625000046
            ],
            [
              121.0764383720001,
              15.246200153000075
            ],
            [
              121.07338932900007,
              15.247243610000055
            ],
            [
              121.0726204550001,
              15.249249673000065
            ],
            [
              121.07722662600008,
              15.252563125000052
            ],
            [
              121.07920178900008,
              15.256147996000038
            ],
            [
              121.1163055830001,
              15.265820260000055
            ],
            [
              121.07470719000003,
              15.268369465000035
            ],
            [
              121.05388625600006,
              15.262395655000034
            ],
            [
              121.05089392600007,
              15.263225748000025
            ],
            [
              121.04389601200012,
              15.26001793000006
            ],
            [
              121.0439731240001,
              15.257195582000065
            ],
            [
              121.04119162000006,
              15.253948095000055
            ],
            [
              121.03872204800007,
              15.254407316000027
            ],
            [
              121.03644290000011,
              15.252462898000033
            ],
            [
              121.030409211,
              15.253747458000078
            ],
            [
              121.02805398600003,
              15.25163230000004
            ],
            [
              121.01977551000004,
              15.25266745500005
            ],
            [
              121.01506446700012,
              15.24951528400004
            ],
            [
              121.01185235000003,
              15.24945047600005
            ],
            [
              121.01181881500008,
              15.247455799000022
            ],
            [
              121.00999361900006,
              15.246494682000048
            ],
            [
              121.00689380600011,
              15.247439060000033
            ],
            [
              121.00451112000007,
              15.24638135300006
            ],
            [
              121.005015264,
              15.244197368000073
            ],
            [
              121.00086241500003,
              15.241963544000043
            ],
            [
              121.00108672700003,
              15.239423937000026
            ],
            [
              120.998110816,
              15.234714169000029
            ],
            [
              120.988287162,
              15.231185831000062
            ],
            [
              120.98649993100003,
              15.22783299100007
            ],
            [
              120.98362720300008,
              15.226139498000066
            ],
            [
              120.98278269000002,
              15.227862002000052
            ],
            [
              120.97960949500009,
              15.226932142000067
            ],
            [
              120.97659659800001,
              15.229614593000065
            ],
            [
              120.96982373800006,
              15.225237245000073
            ],
            [
              120.960106117,
              15.224896074000071
            ],
            [
              120.95466579100002,
              15.228813455000022
            ],
            [
              120.95279033600002,
              15.228538568000033
            ],
            [
              120.95006743700003,
              15.223498729000028
            ],
            [
              120.94254834700007,
              15.22221028100006
            ],
            [
              120.940790805,
              15.218468647000066
            ],
            [
              120.92865891600002,
              15.216318620000038
            ],
            [
              120.92942231000006,
              15.207952639000041
            ],
            [
              120.93177915100011,
              15.208392079000078
            ],
            [
              120.93341741300003,
              15.200785508000024
            ],
            [
              120.92931009000006,
              15.199636775000045
            ],
            [
              120.9308315830001,
              15.196247916000061
            ],
            [
              120.93230875900008,
              15.196237003000022
            ],
            [
              120.9324332760001,
              15.193066286000033
            ],
            [
              120.93034308100005,
              15.190703018000022
            ],
            [
              120.93073179400005,
              15.186784534000026
            ],
            [
              120.9294976540001,
              15.186629227000026
            ],
            [
              120.92876773100011,
              15.18131754500007
            ],
            [
              120.92049020200011,
              15.18148147100004
            ],
            [
              120.92065614600006,
              15.178870505000077
            ],
            [
              120.91771968500007,
              15.178323680000062
            ],
            [
              120.91557604600007,
              15.175589763000062
            ],
            [
              120.92102533200011,
              15.169070013000066
            ],
            [
              120.9214318810001,
              15.167561829000022
            ],
            [
              120.9188935950001,
              15.167347136000046
            ],
            [
              120.91862860200001,
              15.16558051800007
            ],
            [
              120.91997814400008,
              15.164322097000024
            ],
            [
              120.9199404530001,
              15.160289158000069
            ],
            [
              120.9219663450001,
              15.159949939000057
            ],
            [
              120.92278612400003,
              15.156680244000029
            ],
            [
              120.92127848400003,
              15.155285676000062
            ],
            [
              120.92967415700002,
              15.148501293000038
            ],
            [
              120.93350921800004,
              15.148586098000067
            ],
            [
              120.93588375200011,
              15.143130324000026
            ],
            [
              120.93795675800004,
              15.144016063000038
            ],
            [
              120.94017877200008,
              15.143102256000077
            ],
            [
              120.94046981000008,
              15.141467968000029
            ],
            [
              120.94236432800005,
              15.142196759000058
            ],
            [
              120.94350694400009,
              15.139146056000072
            ],
            [
              120.94853832000001,
              15.135935509000035
            ],
            [
              120.94835297100008,
              15.130526232000022
            ],
            [
              120.95164971800011,
              15.132220903000075
            ],
            [
              120.95144930900005,
              15.127781338000034
            ],
            [
              120.94512232800002,
              15.123425603000044
            ],
            [
              120.94576515100005,
              15.119389710000064
            ]
          ]
        ]
      }
    },
    {
      "type": "Feature",
      "properties": {
        "shapeName": "San Rafael",
        "shapeISO": "",
        "shapeID": "30758251B96236511516175",
        "shapeGroup": "PHL",
        "shapeType": "ADM3",
        "psgc_code": "0301422000",
        "legacy_psgc_code": "031422000",
        "province": "Bulacan",
        "reference_area_sqkm": 101.65635513,
        "reference_bbox": [
          120.89044110100008,
          14.950646947000052,
          121.06666460800011,
          15.04085497400007
        ]
      },
      "geometry": {
        "type": "Polygon",
        "coordinates": [
          [
            [
              121.02629634100003,
              14.962277589000053
            ],
            [
              121.02752577700005,
              14.96406564700004
            ],
            [
              121.026786076,
              14.96534273800006
            ],
            [
              121.02827812300006,
              14.964995015000056
            ],
            [
              121.02782292200004,
              14.966234172000043
            ],
            [
              121.0291066850001,
              14.966642066000077
            ],
            [
              121.02848032500003,
              14.969656633000056
            ],
            [
              121.03347110800007,
              14.971629499000073
            ],
            [
              121.03534348800008,
              14.970527508000032
            ],
            [
              121.03494449400011,
              14.976720545000035
            ],
            [
              121.033317839,
              14.97725403800007
            ],
            [
              121.03458388100012,
              14.978440791000025
            ],
            [
              121.03433203300006,
              14.982054202000029
            ],
            [
              121.03678049300004,
              14.98466499500006
            ],
            [
              121.04470104900008,
              14.98584524100005
            ],
            [
              121.04675397800008,
              14.988121332000048
            ],
            [
              121.05284830500011,
              14.987359840000067
            ],
            [
              121.05425327400008,
              14.989354386000059
            ],
            [
              121.05840158700005,
              14.985681323000051
            ],
            [
              121.06666460800011,
              14.991380599000024
            ],
            [
              121.0638788760001,
              14.997534881000036
            ],
            [
              121.06486212200002,
              15.000236310000048
            ],
            [
              121.06017976900011,
              15.007537770000056
            ],
            [
              121.05937158000006,
              15.00532931400005
            ],
            [
              121.05691740400005,
              15.004367545000036
            ],
            [
              121.05459054000005,
              15.006039957000041
            ],
            [
              121.05456238600004,
              15.000958964000063
            ],
            [
              121.05306942100003,
              15.002044556000044
            ],
            [
              121.0482138650001,
              15.001632433000054
            ],
            [
              121.04220828600012,
              15.008253220000029
            ],
            [
              121.04171731100007,
              15.00227684400005
            ],
            [
              121.03886991700006,
              15.003708034000056
            ],
            [
              121.03502593400003,
              15.001842241000077
            ],
            [
              121.03555794800002,
              15.004052718000025
            ],
            [
              121.03340741600005,
              15.004060211000024
            ],
            [
              121.03196873200011,
              14.997653575000072
            ],
            [
              121.02844816400011,
              14.996566340000072
            ],
            [
              121.02638653800011,
              14.993798226000024
            ],
            [
              121.02543429000002,
              14.994992316000037
            ],
            [
              121.02664083400009,
              14.998530403000075
            ],
            [
              121.0199200720001,
              15.003638850000073
            ],
            [
              121.02048180000008,
              15.010695604000034
            ],
            [
              121.01722175600003,
              15.010552762000032
            ],
            [
              121.01886914200009,
              15.013903080000034
            ],
            [
              121.01775968000004,
              15.015245056000026
            ],
            [
              121.01478513900008,
              15.013976720000073
            ],
            [
              121.01205868300008,
              15.007556811000029
            ],
            [
              121.00904821900008,
              15.011010967000061
            ],
            [
              121.00767270000006,
              15.010735863000036
            ],
            [
              121.00726340000006,
              15.008622261000028
            ],
            [
              121.00469352800008,
              15.008407546000058
            ],
            [
              121.00191218700002,
              15.011358744000063
            ],
            [
              120.99788242700004,
              15.00373051300005
            ],
            [
              120.99620396400007,
              15.00377547200003
            ],
            [
              120.99665355200011,
              15.006203250000056
            ],
            [
              120.99403844500011,
              15.007664413000043
            ],
            [
              120.99045672300008,
              15.006960058000061
            ],
            [
              120.98941517700007,
              15.004517293000049
            ],
            [
              120.98590669100008,
              15.002829873000053
            ],
            [
              120.9831338780001,
              15.006582235000053
            ],
            [
              120.98110481600008,
              15.006136600000048
            ],
            [
              120.98110290000011,
              15.00804157400006
            ],
            [
              120.97868839900002,
              15.009346184000037
            ],
            [
              120.97970093200001,
              15.012228008000022
            ],
            [
              120.97711118400002,
              15.012033290000034
            ],
            [
              120.97782358000006,
              15.014789872000051
            ],
            [
              120.97554051300006,
              15.015302921000057
            ],
            [
              120.97343701300008,
              15.013994646000071
            ],
            [
              120.97218004400008,
              15.015354225000067
            ],
            [
              120.97297527,
              15.01866338900004
            ],
            [
              120.9701791540001,
              15.018381213000055
            ],
            [
              120.97010219700007,
              15.022767779000048
            ],
            [
              120.96644456400008,
              15.028649212000062
            ],
            [
              120.96407387500005,
              15.028898711000068
            ],
            [
              120.96197037500008,
              15.02656433900006
            ],
            [
              120.95994943300002,
              15.026504447000036
            ],
            [
              120.96047947600005,
              15.029722067000023
            ],
            [
              120.95768566600009,
              15.032212730000026
            ],
            [
              120.95715406400006,
              15.038098577000028
            ],
            [
              120.9522146700001,
              15.037288555000032
            ],
            [
              120.95246233000012,
              15.040579335000075
            ],
            [
              120.94466242200008,
              15.03880388400006
            ],
            [
              120.94378629900007,
              15.040253069000073
            ],
            [
              120.93957889700005,
              15.04085497400007
            ],
            [
              120.93604417100005,
              15.040042393000022
            ],
            [
              120.93292589200007,
              15.03685301400003
            ],
            [
              120.93111790000012,
              15.037574179000046
            ],
            [
              120.93108212300001,
              15.039452406000066
            ],
            [
              120.929088,
              15.040030491000039
            ],
            [
              120.92860424100002,
              15.035878718000049
            ],
            [
              120.926543035,
              15.035363432000054
            ],
            [
              120.92392291600004,
              15.036806563000027
            ],
            [
              120.92344106100006,
              15.039034956000023
            ],
            [
              120.92234472700011,
              15.037216482000076
            ],
            [
              120.9202338230001,
              15.039390206000064
            ],
            [
              120.91970633300002,
              15.03852323700005
            ],
            [
              120.91588945500007,
              15.03996522600005
            ],
            [
              120.91594417700003,
              15.038132046000044
            ],
            [
              120.91249670500008,
              15.037010250000037
            ],
            [
              120.91171771000006,
              15.034560421000037
            ],
            [
              120.91376209600003,
              15.024651363000032
            ],
            [
              120.91190376400004,
              15.022824139000022
            ],
            [
              120.9074343530001,
              15.022834961000058
            ],
            [
              120.90508601800002,
              15.024295906000077
            ],
            [
              120.90334911600007,
              15.022331746000077
            ],
            [
              120.90125509400002,
              15.022753797000064
            ],
            [
              120.90099537100002,
              15.025432197000043
            ],
            [
              120.89191458900007,
              15.032226405000074
            ],
            [
              120.89044110100008,
              15.030866263000064
            ],
            [
              120.8930820060001,
              15.015760345000047
            ],
            [
              120.89656457700005,
              15.016753847000075
            ],
            [
              120.8983520060001,
              15.01576125500003
            ],
            [
              120.89939183500007,
              15.01075233000006
            ],
            [
              120.9020375880001,
              15.006835477000038
            ],
            [
              120.90480347400012,
              15.006219391000059
            ],
            [
              120.90725144200007,
              15.008522993000042
            ],
            [
              120.90867111200009,
              15.00801655400005
            ],
            [
              120.90924194000002,
              15.004776094000022
            ],
            [
              120.90349124300008,
              15.002099625000028
            ],
            [
              120.90196578300004,
              14.999545179000052
            ],
            [
              120.90159318500002,
              14.994941907000054
            ],
            [
              120.90290430800007,
              14.992500076000056
            ],
            [
              120.90177,
              14.990462042000047
            ],
            [
              120.90563545700002,
              14.986030825000057
            ],
            [
              120.90750088100003,
              14.975074975000041
            ],
            [
              120.91275277300008,
              14.971965144000023
            ],
            [
              120.91509219200009,
              14.968189804000076
            ],
            [
              120.9183518750001,
              14.968360134000022
            ],
            [
              120.9225200190001,
              14.96375106000005
            ],
            [
              120.92553517800002,
              14.964951246000055
            ],
            [
              120.92902149600002,
              14.964259327000036
            ],
            [
              120.93135364700004,
              14.963379521000036
            ],
            [
              120.93170980100001,
              14.961451544000056
            ],
            [
              120.93790646100001,
              14.960278181000035
            ],
            [
              120.94344882400003,
              14.96213343900007
            ],
            [
              120.9551291890001,
              14.956728273000067
            ],
            [
              120.95664138000006,
              14.958230366000066
            ],
            [
              120.95958916200004,
              14.95828928900005
            ],
            [
              120.96309831300005,
              14.956300131000035
            ],
            [
              120.977186275,
              14.95446073100004
            ],
            [
              120.98645573300007,
              14.950646947000052
            ],
            [
              120.99607307200006,
              14.957783041000027
            ],
            [
              121.00552307600003,
              14.96093455600004
            ],
            [
              121.01280441100005,
              14.959984675000044
            ],
            [
              121.01817435700002,
              14.956274170000029
            ],
            [
              121.01668947200005,
              14.959671696000044
            ],
            [
              121.01821313000005,
              14.961157420000063
            ],
            [
              121.02351116000011,
              14.961132131000056
            ],
            [
              121.02365657200005,
              14.959153273000027
            ],
            [
              121.0253319630001,
              14.958799228000032
            ],
            [
              121.02401061600006,
              14.961947699000063
            ],
            [
              121.02629634100003,
              14.962277589000053
            ]
          ]
        ]
      }
    },
    {
      "type": "Feature",
      "properties": {
        "shapeName": "Santa Maria",
        "shapeISO": "",
        "shapeID": "30758251B94770277751528",
        "shapeGroup": "PHL",
        "shapeType": "ADM3",
        "psgc_code": "0301423000",
        "legacy_psgc_code": "031423000",
        "province": "Bulacan",
        "reference_area_sqkm": 79.11849411,
        "reference_bbox": [
          120.94068501400011,
          14.785279944000024,
          121.03230461600003,
          14.894820692000053
        ]
      },
      "geometry": {
        "type": "Polygon",
        "coordinates": [
          [
            [
              121.00007929900005,
              14.894102731000032
            ],
            [
              120.99016282500008,
              14.89448498400003
            ],
            [
              120.98590454900011,
              14.887715900000046
            ],
            [
              120.98380323200001,
              14.887537301000066
            ],
            [
              120.98240886100007,
              14.885630903000049
            ],
            [
              120.98114809300012,
              14.886116421000054
            ],
            [
              120.97894803000008,
              14.883904465000057
            ],
            [
              120.97504737700001,
              14.886033175000023
            ],
            [
              120.97538036000003,
              14.88452286100005
            ],
            [
              120.97083685300004,
              14.881173342000068
            ],
            [
              120.96855072700009,
              14.865048470000033
            ],
            [
              120.96200012200006,
              14.860276078000027
            ],
            [
              120.96237034500007,
              14.855118033000053
            ],
            [
              120.95696848900002,
              14.85576584200004
            ],
            [
              120.95497347100002,
              14.851845697000044
            ],
            [
              120.95313741300004,
              14.851694098000053
            ],
            [
              120.95424824200006,
              14.847814061000065
            ],
            [
              120.95097653300002,
              14.847034508000036
            ],
            [
              120.95096273900003,
              14.844527219000042
            ],
            [
              120.95055853000008,
              14.840005620000056
            ],
            [
              120.948678201,
              14.837369030000048
            ],
            [
              120.9500112500001,
              14.83481732100006
            ],
            [
              120.94924062300004,
              14.826305795000053
            ],
            [
              120.946506397,
              14.826022700000067
            ],
            [
              120.9441893610001,
              14.823310010000057
            ],
            [
              120.94289467500005,
              14.82439690800004
            ],
            [
              120.9442033360001,
              14.816967293000062
            ],
            [
              120.94068501400011,
              14.815349919000028
            ],
            [
              120.94125789300006,
              14.81335565300003
            ],
            [
              120.94518835200006,
              14.812121801000046
            ],
            [
              120.94596822200003,
              14.803124102000027
            ],
            [
              120.94816379400004,
              14.803602965000039
            ],
            [
              120.94860310600006,
              14.799550546000035
            ],
            [
              120.95284603800008,
              14.799163361000069
            ],
            [
              120.95336839000004,
              14.797442458000035
            ],
            [
              120.95500217000006,
              14.79807558400006
            ],
            [
              120.95822229700002,
              14.791552827000032
            ],
            [
              120.95776366100006,
              14.788395430000037
            ],
            [
              120.96073982900009,
              14.788136916000042
            ],
            [
              120.96119559300007,
              14.78531177900004
            ],
            [
              120.9664427670001,
              14.790054562000023
            ],
            [
              120.97714328200004,
              14.792552496000042
            ],
            [
              120.98870578500009,
              14.792242200000032
            ],
            [
              120.99100826100005,
              14.78954010800004
            ],
            [
              120.99445445100002,
              14.788681445000066
            ],
            [
              121.00128639500008,
              14.79611111500003
            ],
            [
              121.0070534240001,
              14.797151534000022
            ],
            [
              121.00818691600011,
              14.799268624000035
            ],
            [
              121.01336976000005,
              14.80172258500005
            ],
            [
              121.01348692800002,
              14.807666766000068
            ],
            [
              121.01796673400008,
              14.80899222100004
            ],
            [
              121.01898729600009,
              14.815766024000027
            ],
            [
              121.02512299600005,
              14.81822879400005
            ],
            [
              121.02795813900002,
              14.832484469000065
            ],
            [
              121.02734071800012,
              14.838976698000067
            ],
            [
              121.03175491800005,
              14.842895009000074
            ],
            [
              121.03230461600003,
              14.847628554000039
            ],
            [
              121.03016048100005,
              14.849776138000038
            ],
            [
              121.02690980200009,
              14.863546216000032
            ],
            [
              121.02695271000005,
              14.871548608000069
            ],
            [
              121.02525010600004,
              14.875490003000039
            ],
            [
              121.02529317800008,
              14.888772326000037
            ],
            [
              121.02078335400006,
              14.891560991000063
            ],
            [
              121.01992945600011,
              14.890424406000022
            ],
            [
              121.00423428300007,
              14.888426527000036
            ],
            [
              121.00057798300008,
              14.89178776600005
            ],
            [
              121.00007929900005,
              14.894102731000032
            ]
          ]
        ]
      }
    }
  ]
}
