{"type":"FeatureCollection","source":{"dataset":"geoBoundaries gbOpen PHL ADM3","commit":"9469f09","license":"CC BY 3.0 IGO","boundary_year":2020,"url":"https://media.githubusercontent.com/media/wmgeolab/geoBoundaries/9469f09/releaseData/gbOpen/PHL/ADM3/geoBoundaries-PHL-ADM3_simplified.geojson","upstream_sources":["NAMRIA","PSA","OCHA Philippines"],"reference":"https://ulap-nga.georisk.gov.ph/arcgis/rest/services/PSA/Municipal/MapServer/0","psgc_reference":"https://psa.gov.ph/classification/psgc/provinces/0200000000","notice":"Approximate planning/reference boundaries, not legal, cadastral, or survey-grade."},"features":[{"type":"Feature","properties":{"shapeName":"Abulug","shapeISO":"","shapeID":"30758251B36710233170574","shapeGroup":"PHL","shapeType":"ADM3","psgc_code":"0201501000","legacy_psgc_code":"021501000","province":"Cagayan"},"geometry":{"type":"Polygon","coordinates":[[[121.48353097000006,18.436793754000064],[121.45319105800002,18.459334342000034],[121.4491756430001,18.460553383000047],[121.44897502800006,18.458723677000023],[121.44169275000002,18.45918047500004],[121.44394198100008,18.46112048200007],[121.44000288200004,18.465031794000026],[121.4313645520001,18.467927341000063],[121.4141468150001,18.477087804000064],[121.41208848200006,18.46645648300006],[121.40552987800004,18.471186627000066],[121.39801729500005,18.471425122000028],[121.39575159500009,18.46756945800007],[121.391871089,18.469653893000043],[121.3901292170001,18.464810268000065],[121.38734069500003,18.465352693000057],[121.38433458000009,18.461424753000074],[121.38532070200006,18.459073232000037],[121.38390812800003,18.457273486000076],[121.38421711,18.451001140000074],[121.37979866,18.43814746700002],[121.38362405500004,18.43366753500004],[121.38778382200007,18.432239818000028],[121.3970707840001,18.436169978000066],[121.39960133900001,18.43540937100005],[121.40148923400011,18.432153205000077],[121.40448636500003,18.430608293000034],[121.40342701100008,18.420183546000032],[121.4074941450001,18.41293760900004],[121.40356584300002,18.401216993000048],[121.4045894190001,18.39075279900004],[121.40295599300009,18.385035549000065],[121.394920393,18.384234494000054],[121.39361714900008,18.37913605500006],[121.38867139600006,18.37792422900003],[121.3734936840001,18.355494191000048],[121.40238274300009,18.340896047000058],[121.40743751700006,18.333343858000035],[121.41285786200001,18.329370144000052],[121.41583439900012,18.323572073000037],[121.46125680300008,18.314619768000057],[121.46684622600003,18.307332271000064],[121.48022320600012,18.30637117400005],[121.48509701500006,18.323173952000047],[121.47300492000011,18.361412812000026],[121.46279480500004,18.376286306000054],[121.45663991900005,18.389502588000028],[121.45636397400006,18.396028213000022],[121.45891202900009,18.402712807000057],[121.47083814400003,18.417334870000047],[121.47762607800007,18.42954488400005],[121.48353097000006,18.436793754000064]]]}},{"type":"Feature","properties":{"shapeName":"Alcala","shapeISO":"","shapeID":"30758251B10617727048702","shapeGroup":"PHL","shapeType":"ADM3","psgc_code":"0201502000","legacy_psgc_code":"021502000","province":"Cagayan"},"geometry":{"type":"Polygon","coordinates":[[[121.74587199400003,17.88373323600007],[121.7412685920001,17.899760531000027],[121.74091735700006,17.907054121000044],[121.74297610700012,17.91078212800005],[121.73800543100003,17.919109863000074],[121.74062060000006,17.929014119000044],[121.74406984400002,17.996458622000034],[121.74203560500007,18.012747371000046],[121.67784935600002,17.976637968000034],[121.65667188500004,17.968362600000034],[121.65318358800005,17.96529951200006],[121.65401400300004,17.962156093000033],[121.65165380400003,17.95596057100005],[121.64565496500006,17.94961753700005],[121.63931193100007,17.945782214000076],[121.63818100300011,17.940373425000075],[121.63203409300002,17.940473432000033],[121.62519813200004,17.944622240000058],[121.62242113500008,17.94481624900004],[121.614661909,17.916409975000022],[121.58875030800004,17.837584406000076],[121.61003036500006,17.831485705000034],[121.61266168200007,17.832123293000052],[121.61366360700003,17.835913403000063],[121.62231516800011,17.83593349000006],[121.62101396100002,17.83000799100006],[121.622785657,17.82537429100006],[121.62470930100005,17.824498825000035],[121.62601705600002,17.830511827000066],[121.63262681100002,17.831260933000067],[121.6311515320001,17.836643224000056],[121.63199746700002,17.838013190000026],[121.63065744700009,17.839480475000073],[121.63351715600004,17.840880385000048],[121.63537596900005,17.835817333000023],[121.63873364800008,17.835553985000047],[121.64709492700001,17.844310286000052],[121.65776049600004,17.851486502000057],[121.66755644300008,17.863498691000075],[121.67728544500005,17.866464844000063],[121.67804216500008,17.87018574900003],[121.68375023200008,17.87219298100007],[121.68409522500008,17.873949309000068],[121.70539207400009,17.873683381000035],[121.71848965900006,17.886015434000058],[121.7332435290001,17.88796387000002],[121.74587199400003,17.88373323600007]]]}},{"type":"Feature","properties":{"shapeName":"Allacapan","shapeISO":"","shapeID":"30758251B86595368402227","shapeGroup":"PHL","shapeType":"ADM3","psgc_code":"0201503000","legacy_psgc_code":"021503000","province":"Cagayan"},"geometry":{"type":"Polygon","coordinates":[[[121.61641191000001,18.281127655000034],[121.6028604500001,18.290576862000023],[121.57042185700004,18.27108258800007],[121.56610401300009,18.271216254000024],[121.52975965300004,18.284827808000045],[121.50444509200008,18.272750420000023],[121.49243239700002,18.25881656000007],[121.4820524800001,18.259690483000043],[121.48948360700001,18.238844983000035],[121.48712373500007,18.203834650000033],[121.48418705900008,18.178869791000068],[121.48659494700007,18.177992930000073],[121.48327782800004,18.169667408000066],[121.48481759600008,18.168877576000057],[121.48250050400009,18.16832630600004],[121.48352213800001,18.163986774000023],[121.48510784200005,18.16297568300007],[121.4834594140001,18.15102472600006],[121.48453233400005,18.148222886000042],[121.48185304900005,18.144307629000025],[121.47852479800008,18.143567489000077],[121.47853965500008,18.141766871000073],[121.47410153900012,18.139809343000024],[121.47366624800009,18.141397230000052],[121.47092281300002,18.140326677000076],[121.47077350100005,18.13713300300003],[121.4740142170001,18.133763094000074],[121.4732887770001,18.129900831000043],[121.4716019120001,18.130382213000075],[121.47195988200008,18.12884780400003],[121.46957490200009,18.128438973000073],[121.46856761200002,18.125323066000078],[121.46554829500008,18.124945574000037],[121.46475402200008,18.126002750000055],[121.46041510300006,18.12421476000003],[121.46315965800011,18.11228163900006],[121.49031716900004,18.109477602000027],[121.5041047420001,18.111962710000057],[121.52528863700002,18.11242708800006],[121.54765794600007,18.10662861700007],[121.55209463800009,18.12244338200003],[121.55182769200007,18.12890900700006],[121.59011574500005,18.138431163000064],[121.59401383500006,18.149706476000063],[121.60021406900012,18.178548747000036],[121.5990901240001,18.185120373000075],[121.61724331300002,18.20942881900004],[121.62068439300003,18.219302219000042],[121.61873160500011,18.24467975600004],[121.61641191000001,18.281127655000034]]]}},{"type":"Feature","properties":{"shapeName":"Amulung","shapeISO":"","shapeID":"30758251B10377684558144","shapeGroup":"PHL","shapeType":"ADM3","psgc_code":"0201504000","legacy_psgc_code":"021504000","province":"Cagayan"},"geometry":{"type":"Polygon","coordinates":[[[121.58875030800004,17.837584406000076],[121.57024987800003,17.78534701500007],[121.57829566700002,17.726249238000037],[121.58727133500008,17.719333783000025],[121.59003849700002,17.71957384500007],[121.59427839500006,17.72741525400005],[121.61605334800004,17.723345334000044],[121.6180633890001,17.728559011000073],[121.61646844400002,17.735354622000045],[121.63609385300003,17.734389906000047],[121.65530867900009,17.730418567000072],[121.65827493900008,17.73162526300007],[121.65851050900005,17.733596359000046],[121.66179406600008,17.732759845000032],[121.66220446400007,17.73715922200006],[121.66435193300003,17.737836541000036],[121.66184217700004,17.739191180000034],[121.6638898860001,17.742961064000042],[121.66090758100006,17.745087531000024],[121.66175736500008,17.751317029000063],[121.6642244410001,17.74844519800007],[121.66890803000001,17.74690327600007],[121.67474806000007,17.747520045000044],[121.67453604600007,17.74913906300003],[121.67904616800001,17.750680986000077],[121.67969130600011,17.749037539000028],[121.68391951800004,17.74879266100004],[121.69320774100004,17.75199210100004],[121.69301976200006,17.757593860000043],[121.69569038500003,17.758534548000057],[121.68975761700005,17.764851562000047],[121.68779335800002,17.76905941600006],[121.68843686600007,17.77797904700003],[121.68673124800011,17.779849725000076],[121.6869120880001,17.78662515600007],[121.68987735400003,17.790882974000056],[121.69417318900003,17.793658159000074],[121.70363923100001,17.792137509000042],[121.70960778000006,17.78202519100006],[121.71390709900004,17.777602983000065],[121.71682742000007,17.77715138700006],[121.7219250390001,17.780124380000075],[121.72352172100011,17.782709483000076],[121.72401593200004,17.786435074000053],[121.72149063100005,17.790709740000068],[121.74239779400011,17.78970848700004],[121.80732049100004,17.792565283000044],[121.82121009100001,17.808256895000056],[121.83589586900007,17.815519094000024],[121.82653298900004,17.822006955000063],[121.82664422700009,17.851358224000023],[121.82505497200009,17.858414692000053],[121.82389327300007,17.85842102400005],[121.82399347100011,17.87944764200006],[121.76130664400011,17.87988504300006],[121.74677800400002,17.88133969300003],[121.74587199400003,17.88373323600007],[121.7332435290001,17.88796387000002],[121.71848965900006,17.886015434000058],[121.70539207400009,17.873683381000035],[121.68409522500008,17.873949309000068],[121.68375023200008,17.87219298100007],[121.67804216500008,17.87018574900003],[121.67728544500005,17.866464844000063],[121.66755644300008,17.863498691000075],[121.65776049600004,17.851486502000057],[121.64709492700001,17.844310286000052],[121.63873364800008,17.835553985000047],[121.63537596900005,17.835817333000023],[121.63351715600004,17.840880385000048],[121.63065744700009,17.839480475000073],[121.63199746700002,17.838013190000026],[121.6311515320001,17.836643224000056],[121.63262681100002,17.831260933000067],[121.62601705600002,17.830511827000066],[121.62470930100005,17.824498825000035],[121.622785657,17.82537429100006],[121.62101396100002,17.83000799100006],[121.62231516800011,17.83593349000006],[121.61366360700003,17.835913403000063],[121.61266168200007,17.832123293000052],[121.61003036500006,17.831485705000034],[121.58875030800004,17.837584406000076]],[[121.60706426900003,17.78016555800002],[121.60127488900002,17.781457029000023],[121.59956187800003,17.785916455000063],[121.60687352000002,17.806215964000046],[121.61348752800006,17.803167108000025],[121.61138717900008,17.80086043700004],[121.6074574700001,17.786298370000054],[121.61682680500007,17.784103385000037],[121.61501282100005,17.778503743000044],[121.60706426900003,17.78016555800002]]]}},{"type":"Feature","properties":{"shapeName":"Aparri","shapeISO":"","shapeID":"30758251B87752241622108","shapeGroup":"PHL","shapeType":"ADM3","psgc_code":"0201505000","legacy_psgc_code":"021505000","province":"Cagayan"},"geometry":{"type":"MultiPolygon","coordinates":[[[[121.61641191000001,18.281127655000034],[121.63472989600007,18.280987524000068],[121.63730890700003,18.282515415000034],[121.64119989100004,18.28092447800003],[121.6529040470001,18.288746424000067],[121.65795229300011,18.294895180000026],[121.6566170110001,18.29667244600006],[121.65769421000005,18.30147768300003],[121.66980308000007,18.306073800000036],[121.67015406900009,18.304734875000065],[121.67345707000004,18.305169824000075],[121.67389206100006,18.304059885000072],[121.68799907800008,18.307366586000057],[121.69926706800004,18.307187511000052],[121.72045402600008,18.303904540000076],[121.7248885890001,18.301115895000066],[121.72693176300004,18.301456424000037],[121.72543596800006,18.297431878000054],[121.72947196200005,18.297024871000076],[121.73581397100008,18.29308850900003],[121.73668190600006,18.291011166000033],[121.74158789400008,18.290006187000074],[121.7488367410001,18.284621920000063],[121.75225499400005,18.283934071000033],[121.75677787200004,18.288450157000057],[121.76596706200007,18.296235135000074],[121.76284725200003,18.297551946000056],[121.76281386800008,18.300141112000063],[121.75910598000007,18.301837713000054],[121.7521842540001,18.301121720000026],[121.75266122100004,18.302554119000035],[121.74714721600003,18.30818006000004],[121.74610568300011,18.312691115000064],[121.74802779900006,18.315808594000032],[121.75296975100002,18.316149429000063],[121.754464987,18.31929986600005],[121.65661755100007,18.354650977000063],[121.62876303100006,18.36287428600002],[121.63068804400007,18.358032539000078],[121.62963716900003,18.35405877100004],[121.6215175860001,18.35134620900004],[121.60524471600002,18.372936465000066],[121.60025137200012,18.37555835300003],[121.59275498500006,18.375516292000043],[121.56271483300009,18.391173630000026],[121.55698442100004,18.380104603000063],[121.55097984500003,18.342377128000066],[121.54729970700009,18.337907752000035],[121.54385032800008,18.339193102000024],[121.54257554900005,18.33163975900004],[121.54100609000011,18.330518088000076],[121.54227812800002,18.32939453800003],[121.54138833000002,18.324672401000043],[121.53621398200005,18.318660838000028],[121.53867619100004,18.308687646000067],[121.52975965300004,18.284827808000045],[121.56610401300009,18.271216254000024],[121.57042185700004,18.27108258800007],[121.6028604500001,18.290576862000023],[121.61641191000001,18.281127655000034]]],[[[121.25265585500006,18.875714765000055],[121.24793791700006,18.87422381600004],[121.24502091800002,18.870521224000072],[121.24223552500007,18.859577467000065],[121.24641388000009,18.85479183900003],[121.25624536200007,18.85348364400005],[121.25964630400006,18.855098122000072],[121.26290289500002,18.859758415000044],[121.26420320600005,18.867774091000058],[121.2611773210001,18.87246497700005],[121.25265585500006,18.875714765000055]]],[[[121.25255778500002,18.88891975100006],[121.25109521700006,18.886768713000038],[121.25216970600002,18.88508090600004],[121.26446801600002,18.877485900000067],[121.26950055900011,18.88036584300005],[121.26853499100002,18.884226530000035],[121.25995823700009,18.88364500600005],[121.25690167000005,18.88580070300003],[121.25740599400001,18.886903503000042],[121.25255778500002,18.88891975100006]]],[[[121.41474585900005,18.90582760700005],[121.39983354300011,18.905446295000047],[121.38864226400005,18.900504863000037],[121.37769343200011,18.898714046000066],[121.36865285600004,18.894084564000025],[121.36130620000006,18.88817206400006],[121.35336492800002,18.889914179000073],[121.35038552200001,18.891909912000074],[121.3449119170001,18.891391259000045],[121.33787725000002,18.88677310500003],[121.33356003300003,18.886645731000044],[121.32795288300008,18.88100926800007],[121.32391521900001,18.88177987200004],[121.30919336200009,18.876757333000057],[121.30310775700002,18.877739057000042],[121.3006790170001,18.880546758000037],[121.29506033200005,18.880664726000077],[121.284627139,18.88468141800007],[121.28083901800005,18.882389474000036],[121.2823576290001,18.872052249000035],[121.27473397100005,18.863312477000022],[121.27515030400002,18.857614503000036],[121.2833038980001,18.84688257600004],[121.28954569600012,18.844289756000023],[121.30393935600011,18.842738221000047],[121.31581717800009,18.83972430600005],[121.33488850600008,18.843264409000028],[121.34107517900009,18.843243075000032],[121.3456867330001,18.841541815000028],[121.36169473100006,18.845199241000046],[121.37344289700002,18.850126584000066],[121.39179612800001,18.848324379000076],[121.39888386900009,18.848987862000058],[121.40469968600007,18.85158479300003],[121.41527038000004,18.85218980600007],[121.42499028600002,18.855907203000072],[121.44120651300011,18.854011857000046],[121.45296128000007,18.855661315000077],[121.45927784100002,18.85925393800005],[121.46082517400009,18.86301271800005],[121.46682233100012,18.86430585200003],[121.47691095700009,18.87085624900004],[121.48173488200007,18.876109420000034],[121.48279347000005,18.881165139000075],[121.47964972600005,18.884143640000048],[121.46943046900003,18.880707536000045],[121.46206722900001,18.881009584000026],[121.45579143200007,18.88615121500004],[121.43605263900008,18.895446347000075],[121.43257379800002,18.895603148000077],[121.4282631320001,18.90068532300006],[121.41474585900005,18.90582760700005]]]]}},{"type":"Feature","properties":{"shapeName":"Baggao","shapeISO":"","shapeID":"30758251B17539135337219","shapeGroup":"PHL","shapeType":"ADM3","psgc_code":"0201506000","legacy_psgc_code":"021506000","province":"Cagayan"},"geometry":{"type":"Polygon","coordinates":[[[121.74587199400003,17.88373323600007],[121.74677800400002,17.88133969300003],[121.76130664400011,17.87988504300006],[121.82399347100011,17.87944764200006],[121.82389327300007,17.85842102400005],[121.82505497200009,17.858414692000053],[121.82664422700009,17.851358224000023],[121.82653298900004,17.822006955000063],[121.83589586900007,17.815519094000024],[121.85655278800004,17.819069502000048],[121.90997990800008,17.820144447000075],[121.92783988300005,17.818902387000037],[122.15668415700009,17.81915798500006],[122.15571315600005,17.822660604000077],[122.15437634500006,17.823617777000038],[122.15242465200004,17.82234330400007],[122.14963592400011,17.822797748000028],[122.14692366000008,17.827482278000048],[122.14807756500011,17.82952215000006],[122.15100711100001,17.82934616600005],[122.15196319400002,17.830946096000048],[122.14956339700007,17.833968861000074],[122.15015292300006,17.836171851000074],[122.15473770900007,17.835755321000022],[122.15481882800009,17.836766944000033],[122.15209257400011,17.837224164000077],[122.1523642190001,17.83949092900002],[122.15892042100006,17.839766616000077],[122.15982604400006,17.843590506000055],[122.161645184,17.84046388300004],[122.16308310900001,17.840630892000036],[122.16572203100009,17.842552999000077],[122.16849180600002,17.847721860000036],[122.16845629900001,17.850535652000076],[122.16468169300003,17.85446945800004],[122.16189281700008,17.86246932800003],[122.16370771400011,17.86596734500006],[122.16157370100007,17.868747449000068],[122.1629441660001,17.870263341000054],[122.1622060420001,17.872350745000062],[122.16376661700008,17.873459032000028],[122.16253202000007,17.87455570900005],[122.16280407700003,17.877629255000045],[122.16517143100009,17.879416725000056],[122.16543449100004,17.881902530000048],[122.16669556000011,17.881692738000027],[122.16563083300002,17.883515558000056],[122.16690411500008,17.885418599000047],[122.17500073300005,17.891407039000057],[122.17590231100007,17.895003015000043],[122.17470118400001,17.895084869000073],[122.17460899900004,17.89697879700003],[122.1782215400001,17.898713273000055],[122.1803755410001,17.89708597400005],[122.18280486000003,17.898907800000075],[122.1830905170001,17.901110150000022],[122.18453811100005,17.900289126000075],[122.18820513500009,17.90173347500007],[122.18508358800011,17.905549009000026],[122.18486859300003,17.90855046200005],[122.18960714600007,17.911286786000062],[122.18819990700001,17.91567171500003],[122.1893072040001,17.916111381000064],[122.18712251600004,17.917101152000043],[122.19064936500001,17.917907917000036],[122.18691184600004,17.91800448400005],[122.18548109200003,17.91982013300003],[122.18419786900006,17.918932657000028],[122.18125067100004,17.921153170000025],[122.18293976000007,17.924561160000053],[122.17896161100009,17.929368897000074],[122.18029412500005,17.930131234000044],[122.17843895100009,17.932280836000075],[122.17839387300012,17.93664088400004],[122.18325027700007,17.944481979000045],[122.18160573600005,17.944341069000075],[122.17930465400002,17.94694316600004],[122.17745405800008,17.957937162000064],[122.17903487700005,17.961689727000078],[122.17695806200004,17.966480911000076],[122.17742704500006,17.969302910000067],[122.18120480400012,17.97099976800007],[122.18187038700012,17.974186159000055],[122.18473460900009,17.974739098000043],[122.1786515880001,17.987125271000025],[122.18599199300002,17.991099655000028],[122.18882727700009,18.000426971000024],[122.05875647900007,18.011889766000024],[122.05848511400006,18.027718440000058],[121.9682487450001,18.028018572000065],[121.96775882600002,18.049900758000035],[121.9587868100001,18.049895331000073],[121.95434544200009,18.048575695000068],[121.94884289200002,18.044114498000056],[121.94719537200001,18.047766607000028],[121.92483625600005,18.034116081000036],[121.92179263500009,18.03044671300006],[121.91816077500005,18.019351451000034],[121.91001701200003,18.019395391000046],[121.8733150490001,18.009882004000076],[121.87120627800005,18.01308733600007],[121.86116852700002,18.009207197000023],[121.85357695200003,18.008869794000077],[121.84868460300004,18.001531271000033],[121.8170678570001,17.994311594000067],[121.7773466860001,17.99745835600004],[121.76230933900001,18.000940815000035],[121.74406984400002,17.996458622000034],[121.74062060000006,17.929014119000044],[121.73800543100003,17.919109863000074],[121.74297610700012,17.91078212800005],[121.74091735700006,17.907054121000044],[121.7412685920001,17.899760531000027],[121.74587199400003,17.88373323600007]]]}},{"type":"Feature","properties":{"shapeName":"Ballesteros","shapeISO":"","shapeID":"30758251B49973431010235","shapeGroup":"PHL","shapeType":"ADM3","psgc_code":"0201507000","legacy_psgc_code":"021507000","province":"Cagayan"},"geometry":{"type":"Polygon","coordinates":[[[121.48022320600012,18.30637117400005],[121.4646269640001,18.284910661000026],[121.46791386300004,18.262596828000028],[121.48059010800011,18.26337983800005],[121.4820524800001,18.259690483000043],[121.49243239700002,18.25881656000007],[121.50444509200008,18.272750420000023],[121.52975965300004,18.284827808000045],[121.53867619100004,18.308687646000067],[121.53621398200005,18.318660838000028],[121.54138833000002,18.324672401000043],[121.54227812800002,18.32939453800003],[121.54100609000011,18.330518088000076],[121.54257554900005,18.33163975900004],[121.54385032800008,18.339193102000024],[121.54729970700009,18.337907752000035],[121.55097984500003,18.342377128000066],[121.55698442100004,18.380104603000063],[121.56271483300009,18.391173630000026],[121.51714940700003,18.414931998000043],[121.48353097000006,18.436793754000064],[121.47762607800007,18.42954488400005],[121.47083814400003,18.417334870000047],[121.45891202900009,18.402712807000057],[121.45636397400006,18.396028213000022],[121.45663991900005,18.389502588000028],[121.46279480500004,18.376286306000054],[121.47300492000011,18.361412812000026],[121.48509701500006,18.323173952000047],[121.48022320600012,18.30637117400005]]]}},{"type":"Feature","properties":{"shapeName":"Buguey","shapeISO":"","shapeID":"30758251B28234662478026","shapeGroup":"PHL","shapeType":"ADM3","psgc_code":"0201508000","legacy_psgc_code":"021508000","province":"Cagayan"},"geometry":{"type":"Polygon","coordinates":[[[121.75677787200004,18.288450157000057],[121.76995032000002,18.28128287100003],[121.75893357100006,18.271791664000034],[121.75726330200007,18.26916925000006],[121.75802272300007,18.26559927900007],[121.75381034100008,18.258993915000076],[121.75767789100007,18.255593952000027],[121.76638403400011,18.25485537700007],[121.76543883900001,18.25104501100003],[121.7618509130001,18.24836893400004],[121.76343722000001,18.246778929000072],[121.76290511600007,18.244295776000058],[121.765139954,18.239347206000048],[121.76208922300009,18.236562527000046],[121.76246169600006,18.23500168700002],[121.76668305700002,18.235196792000067],[121.76797784400003,18.233050638000066],[121.77071908200003,18.232606404000023],[121.77134790100001,18.23058518700003],[121.77635066800008,18.231219977000023],[121.77776698500008,18.228341809000028],[121.77631725800006,18.221481116000064],[121.77761764600007,18.21776666900007],[121.77095098200004,18.215548204000072],[121.77157891700006,18.21067905800004],[121.77557978000004,18.20693930300007],[121.7726123860001,18.204619152000078],[121.76996224200002,18.198037869000075],[121.77064473500002,18.190701384000022],[121.77240652800003,18.18981732700007],[121.77058869700011,18.183587730000056],[121.77246276000005,18.181025214000044],[121.77067442100008,18.180077166000046],[121.7709296480001,18.175146935000043],[121.76839024800006,18.173484141000074],[121.77102446800006,18.170527469000035],[121.80104754600006,18.171457528000076],[121.84146958400004,18.16895248000003],[121.84103854700004,18.186221853000063],[121.84197570900005,18.185991560000048],[121.84342551700001,18.19128911000007],[121.84210389400005,18.19371076400006],[121.84301202600011,18.196250779000025],[121.84137855000006,18.197801738000067],[121.841981153,18.201830779000034],[121.83904474600001,18.20869306000003],[121.83963904000007,18.223204554000063],[121.83845836900002,18.22693524700003],[121.84079205600005,18.230382064000025],[121.83822889800001,18.23398035100007],[121.83871923100003,18.237142883000047],[121.84835369600012,18.24784801000004],[121.86547775000008,18.250812771000028],[121.86823580500004,18.25958630200006],[121.86993869500009,18.258252535000054],[121.87242786000002,18.261560975000066],[121.86823762000006,18.26875146200007],[121.87327558700008,18.27210139600004],[121.877558958,18.27305551200004],[121.88243103800005,18.27072097300004],[121.8926645790001,18.270707601000026],[121.89765419000003,18.266464620000022],[121.89918659500006,18.26869523000005],[121.89626562600006,18.272232046000056],[121.83898267900008,18.288663619000033],[121.754464987,18.31929986600005],[121.75296975100002,18.316149429000063],[121.74802779900006,18.315808594000032],[121.74610568300011,18.312691115000064],[121.74714721600003,18.30818006000004],[121.75266122100004,18.302554119000035],[121.7521842540001,18.301121720000026],[121.75910598000007,18.301837713000054],[121.76281386800008,18.300141112000063],[121.76284725200003,18.297551946000056],[121.76596706200007,18.296235135000074],[121.75677787200004,18.288450157000057]]]}},{"type":"Feature","properties":{"shapeName":"Calayan","shapeISO":"","shapeID":"30758251B50105091710963","shapeGroup":"PHL","shapeType":"ADM3","psgc_code":"0201509000","legacy_psgc_code":"021509000","province":"Cagayan"},"geometry":{"type":"MultiPolygon","coordinates":[[[[121.822408558,18.876891320000027],[121.82194363300005,18.87517920500005],[121.82423159100006,18.872725036000077],[121.822408558,18.876891320000027]]],[[[121.83403788900011,18.90756016000006],[121.83017521700003,18.903653613000074],[121.83363892900002,18.897343763000038],[121.83860567500005,18.896479166000063],[121.83876219500007,18.90471100900004],[121.83403788900011,18.90756016000006]]],[[[121.21868204800012,18.98688670100006],[121.21386981800003,18.98246354400004],[121.213851943,18.98028300800007],[121.21574567200003,18.980081159000065],[121.2179323800001,18.98198883400005],[121.21868204800012,18.98688670100006]]],[[[121.91774692900003,19.00351504300005],[121.89702695500011,19.00125293600007],[121.89378535000003,18.997601522000025],[121.89364934200012,18.994636811000078],[121.88910759500004,18.993441363000045],[121.87954757800003,18.984563369000057],[121.87147523200008,18.980820125000037],[121.86656880300006,18.97395436900007],[121.87080116900006,18.96422895300003],[121.86738365100007,18.964020005000066],[121.86652147400002,18.96067346700005],[121.87060272800011,18.946812290000025],[121.86910338500002,18.94384979700004],[121.86464401300009,18.942403031000026],[121.86222466200002,18.937043809000045],[121.85873226600006,18.93361316100004],[121.85330011700012,18.93021566500005],[121.85242651500005,18.927721448000057],[121.85091492400011,18.92787982400006],[121.84936531100004,18.922938371000043],[121.8512578750001,18.91684407300005],[121.85689232400011,18.917100633000075],[121.86360906300001,18.913822177000043],[121.8663296420001,18.908583511000074],[121.86585208500003,18.904851165000025],[121.86874217000002,18.90239218000005],[121.86838231100012,18.89894871300004],[121.87123266600008,18.893064201000072],[121.86608291000005,18.88677491800007],[121.86440475100005,18.88229844600005],[121.8605675450001,18.88000011500003],[121.85431448800011,18.879653353000037],[121.84898574400006,18.87556345300004],[121.84226611300005,18.875533934000032],[121.83549141300011,18.871429944000056],[121.82899342600001,18.875702794000063],[121.82765646000007,18.87492978800003],[121.83006073800004,18.871489592000046],[121.8298660160001,18.86717600700007],[121.82611915900009,18.86117830300003],[121.8353207990001,18.838528069000063],[121.83444584000006,18.834921605000034],[121.83708132700008,18.83000313900004],[121.835479372,18.828650663000076],[121.83711768300009,18.822322172000042],[121.84156009700007,18.818162362000066],[121.84727335500008,18.816871304000074],[121.85467510400008,18.812150252000038],[121.86014516500006,18.813147697000034],[121.87746811300008,18.826968436000072],[121.88078264400008,18.835682288000044],[121.87928887200007,18.847493954000072],[121.88200832000007,18.851874577000046],[121.890474702,18.857097674000045],[121.89092380300008,18.868409548000045],[121.90423092000003,18.874459310000077],[121.91129248200002,18.879797044000043],[121.9170730300001,18.87861606900003],[121.92021005800007,18.879620506000037],[121.92275082600008,18.88163875500004],[121.92130295200002,18.88322117000007],[121.92335864300003,18.885733980000055],[121.92851742500011,18.885819737000077],[121.93371881500002,18.89199342200004],[121.94263070300008,18.89290803600005],[121.93903795300002,18.896270696000045],[121.93895114400004,18.898653187000036],[121.94207576400004,18.900586788000055],[121.94632654000009,18.89976499200003],[121.952896269,18.902985159000025],[121.95567382600007,18.907634787000063],[121.95721559100002,18.915899551000052],[121.95468013900006,18.92005020600004],[121.95023167800002,18.92236871700004],[121.95193000200004,18.924128589000077],[121.95122538300006,18.926587977000054],[121.95780713400006,18.929868310000074],[121.96073931300009,18.93558137200006],[121.96701158600001,18.932642282000074],[121.96958722600004,18.933969716000036],[121.9697081280001,18.93742744800005],[121.97345983700006,18.938250984000035],[121.9792995140001,18.935305372000073],[121.98898475800002,18.942674100000033],[121.99300375200005,18.95816826400005],[121.9922709540001,18.960514837000062],[121.98689939600001,18.96621531900007],[121.98200792600005,18.967556252000065],[121.97906477400011,18.97033708400005],[121.97299406000002,18.970354495000038],[121.97151709600007,18.969147861000067],[121.96500983400006,18.973055593000026],[121.96554655300008,18.975620260000028],[121.9635291940001,18.977970838000033],[121.96356663900008,18.980723259000058],[121.95917573000008,18.983024714000067],[121.95218704600006,18.993426915000043],[121.94627780600001,18.99934321300003],[121.94507251300001,19.002730674000077],[121.9405382860001,19.001492778000056],[121.91774692900003,19.00351504300005]]],[[[121.21789591400011,19.171320620000074],[121.21583731900012,19.17125063900005],[121.21324503500011,19.167278401000033],[121.21150535700008,19.161459843000046],[121.21086494700012,19.143091077000065],[121.205078995,19.136427905000062],[121.2050303100001,19.13207329900007],[121.20178816700002,19.12640119400004],[121.19813070700002,19.108752167000034],[121.1954798810001,19.107547668000052],[121.1971099320001,19.10425839800007],[121.19567332500003,19.09827222900003],[121.19790572600004,19.077135697000074],[121.1967146510001,19.06728430900006],[121.19914052400009,19.059833291000075],[121.20784544000003,19.05094977400006],[121.21440829300002,19.039188091000028],[121.21901545900005,19.036325618000035],[121.22080687500011,19.037495483000043],[121.22518542000012,19.036551969000072],[121.23529323000002,19.030620595000073],[121.23841087500011,19.024398104000056],[121.23905766200005,19.01606057600003],[121.23726414100008,19.01463509100006],[121.23849790200006,19.012750443000073],[121.24060004300009,19.013860273000034],[121.248518181,19.01286363500003],[121.25016543200002,19.014158933000033],[121.25384397300002,19.028598033000037],[121.25288721100003,19.040831181000044],[121.25032165000005,19.048126507000063],[121.24860140600003,19.060534112000028],[121.25091330100008,19.07092405800006],[121.24999432100003,19.079035347000058],[121.2477043990001,19.082601182000076],[121.24958277200005,19.086184289000073],[121.24588549700002,19.092221619000043],[121.24554569400004,19.09986436300005],[121.24776716400004,19.104926773000045],[121.24382715500008,19.11246135400006],[121.24434056300004,19.114387473000022],[121.23918217000005,19.117471029000058],[121.23841299700007,19.122282147000078],[121.2348955540001,19.126994616000047],[121.23632521500008,19.132915912000044],[121.23354531900009,19.136542074000033],[121.2354973360001,19.13900950200002],[121.23370099500005,19.139935342000058],[121.23340715000006,19.14138211900007],[121.23487639400003,19.141700925000066],[121.23171783400005,19.148419551000075],[121.23169895700005,19.15094112500003],[121.23296126000002,19.15093434000005],[121.23208806600007,19.155363996000062],[121.22912420900002,19.156183922000025],[121.2303018980001,19.158590033000053],[121.22551384100007,19.166396035000048],[121.22074590000011,19.169434077000062],[121.21942233800007,19.168987233000053],[121.21789591400011,19.171320620000074]]],[[[121.40700169100012,19.393310426000028],[121.40438796500007,19.391236031000062],[121.399523627,19.390273096000044],[121.39190222500008,19.38992081500004],[121.39070433200004,19.391192189000037],[121.39233084700004,19.388337721000028],[121.39261838000004,19.379211914000052],[121.38897591300008,19.36930880600005],[121.36783994900009,19.360310353000045],[121.36464451400002,19.361107235000077],[121.36258613000007,19.366154279000057],[121.35533150800006,19.366601982000077],[121.34838882200006,19.36327709400007],[121.34664579900004,19.356861322000043],[121.34957478400008,19.354933519000042],[121.35755126200002,19.353409972000065],[121.36144398700003,19.348754064000047],[121.36679222300006,19.345799130000046],[121.36963608400004,19.34133579300004],[121.3766587020001,19.338558980000073],[121.37822547300004,19.335864470000047],[121.38157427500005,19.33563773700007],[121.38265352300004,19.33091900900007],[121.38633081800003,19.33129397700003],[121.39063928000007,19.329048709000062],[121.39057965500001,19.324335033000068],[121.38869142400006,19.322185542000057],[121.39382485500005,19.31405284500005],[121.39062987400007,19.30828282600004],[121.39142163400004,19.305678495000052],[121.3900035580001,19.30061753700005],[121.40425557300011,19.291218898000068],[121.40479055600008,19.28778925900008],[121.4019072850001,19.28443214300006],[121.40277740200008,19.283181864000028],[121.40948484300009,19.28279416600003],[121.41519463400004,19.286057490000076],[121.41898421100007,19.28400646800003],[121.41986937400009,19.281210990000034],[121.42396023600008,19.281698437000045],[121.44075045600005,19.274336007000045],[121.44377889600003,19.267428420000044],[121.45111642100005,19.26710310200008],[121.45713912500003,19.26885358900006],[121.45986433100006,19.26687871400003],[121.4683937310001,19.266533224000057],[121.47417869000003,19.262118131000022],[121.4766609510001,19.25810597000003],[121.49932843400006,19.25363292800006],[121.50929888000007,19.248240571000053],[121.51179179700011,19.244259920000047],[121.51248228500003,19.24970806400006],[121.5101892890001,19.251168242000062],[121.51159438200011,19.259751076000043],[121.51620077600012,19.260815172000036],[121.5181460660001,19.263633768000034],[121.52975891300002,19.26370243300005],[121.53895893000004,19.26733641900006],[121.54047454900001,19.272372934000032],[121.54221314000006,19.27346585500004],[121.54089932300008,19.275362554000026],[121.54233939100004,19.276054851000026],[121.53946526800007,19.28071999200006],[121.5393494110001,19.288399304000052],[121.53379742400011,19.293933561000074],[121.53490889300008,19.29864565500003],[121.5304103960001,19.30272356100005],[121.52927671600003,19.30686534700004],[121.52597071500008,19.307008504000066],[121.52784862900012,19.31432025600003],[121.5242742910001,19.316531183000052],[121.52211814700001,19.320510677000073],[121.528771333,19.347011187000078],[121.53169466600002,19.35117557800004],[121.52761676300008,19.36199838400006],[121.52830172000006,19.364574896000022],[121.5228153060001,19.37451236000004],[121.52416051500006,19.387766630000044],[121.52085279200003,19.389591323000047],[121.51488206600004,19.388380677000043],[121.50977297400004,19.37941666300003],[121.50142005100008,19.371255467000026],[121.49687822500005,19.371087370000055],[121.49578974000008,19.36933614700007],[121.48807760900002,19.36708804600005],[121.47785492600008,19.373514683000053],[121.46742546000007,19.374987661000034],[121.45741484200005,19.37792435600005],[121.45672350200005,19.37923887200003],[121.43485656500002,19.38272457100004],[121.41846910400011,19.390496788000064],[121.40700169100012,19.393310426000028]]],[[[121.50912406000009,19.44732815900005],[121.50814826900012,19.448754407000024],[121.50610108100011,19.445760569000072],[121.50462890800009,19.43572593700003],[121.50943049000011,19.426220769000054],[121.51184763200001,19.423826014000042],[121.51465047900001,19.423449693000066],[121.51704447200007,19.42518371400007],[121.51776252400009,19.42899936400005],[121.51513648700006,19.434377205000033],[121.51532178200011,19.44059534200005],[121.51298665400009,19.44500531700004],[121.50912406000009,19.44732815900005]]],[[[121.96981482700005,19.573752417000037],[121.9607340020001,19.568242713000075],[121.95464108200008,19.56055703000004],[121.94609016400011,19.557618303000027],[121.94387854600006,19.555392201000075],[121.94138112900009,19.555757245000052],[121.94048328800011,19.55876291000004],[121.93803792800009,19.55784985300005],[121.93673799300007,19.559131153000067],[121.93452188300012,19.557036980000078],[121.93281492000006,19.557549807000044],[121.93173552300004,19.555653508000034],[121.92824663100009,19.555788405000044],[121.92695600200011,19.554328566000038],[121.92628047900007,19.55534315400007],[121.92642293800009,19.554126557000075],[121.92319485400003,19.553296554000042],[121.92141514800005,19.553251593000027],[121.92097752600012,19.554590629000074],[121.91351797900006,19.551533466000024],[121.90866549800012,19.551842756000042],[121.90641081700005,19.550085386000035],[121.9042176590001,19.551738702000023],[121.89913787400008,19.549662245000036],[121.89479632500002,19.549799477000022],[121.89522160800004,19.54630079100008],[121.89298309700007,19.545112396000036],[121.8942364610001,19.543467621000048],[121.89270416800002,19.541228353000065],[121.89327139700003,19.534632853000062],[121.89705014900005,19.53108517800007],[121.89723643800005,19.528562176000037],[121.9004367660001,19.526473633000023],[121.89747737800008,19.52105476400004],[121.89908691100004,19.52050255200004],[121.89923074600006,19.517895271000043],[121.9016329430001,19.517431214000055],[121.90203857100005,19.514090547000023],[121.90534268500005,19.51385162500003],[121.90654399800007,19.511450591000028],[121.91014573700011,19.512050244000022],[121.91336833800005,19.51057090300003],[121.91961054500007,19.505177669000034],[121.91963591400008,19.50369424200005],[121.92551629700006,19.499800140000048],[121.92837969100003,19.494680148000043],[121.9430407530001,19.48848434100006],[121.95024308400002,19.483159502000035],[121.95391861700011,19.47806181800007],[121.95936440100002,19.47580261400003],[121.96639146900009,19.476101080000035],[121.9679990190001,19.48237576500003],[121.9779751210001,19.490036630000077],[121.98444191900012,19.498682986000063],[121.99049111600004,19.503744596000047],[121.99415670600001,19.512952416000076],[121.99322671400012,19.520400832000064],[121.99463300700006,19.53113896800005],[121.9916267110001,19.540072414000065],[121.99387016300011,19.547681968000063],[121.9932004420001,19.552668951000044],[121.986939129,19.560893433000047],[121.96981482700005,19.573752417000037]]]]}},{"type":"Feature","properties":{"shapeName":"Camalaniugan","shapeISO":"","shapeID":"30758251B52901607273477","shapeGroup":"PHL","shapeType":"ADM3","psgc_code":"0201510000","legacy_psgc_code":"021510000","province":"Cagayan"},"geometry":{"type":"Polygon","coordinates":[[[121.61873160500011,18.24467975600004],[121.67809261000002,18.235851600000046],[121.70029147800005,18.234501739000052],[121.70140773600008,18.238305082000068],[121.70618399800003,18.239241907000064],[121.71255183500011,18.25009198600003],[121.72401657800003,18.250400625000054],[121.72432669900002,18.252085829000066],[121.74125531900006,18.250765113000057],[121.74103121700011,18.24673621200003],[121.74565311300012,18.24168925500004],[121.74524253600009,18.246025769000028],[121.748405681,18.247283202000062],[121.75613117000012,18.244182210000076],[121.76290511600007,18.244295776000058],[121.76343722000001,18.246778929000072],[121.7618509130001,18.24836893400004],[121.76543883900001,18.25104501100003],[121.76638403400011,18.25485537700007],[121.75767789100007,18.255593952000027],[121.75381034100008,18.258993915000076],[121.75802272300007,18.26559927900007],[121.75726330200007,18.26916925000006],[121.75893357100006,18.271791664000034],[121.76995032000002,18.28128287100003],[121.75677787200004,18.288450157000057],[121.75225499400005,18.283934071000033],[121.7488367410001,18.284621920000063],[121.74158789400008,18.290006187000074],[121.73668190600006,18.291011166000033],[121.73581397100008,18.29308850900003],[121.72947196200005,18.297024871000076],[121.72543596800006,18.297431878000054],[121.72693176300004,18.301456424000037],[121.7248885890001,18.301115895000066],[121.72045402600008,18.303904540000076],[121.69926706800004,18.307187511000052],[121.68799907800008,18.307366586000057],[121.67389206100006,18.304059885000072],[121.67345707000004,18.305169824000075],[121.67015406900009,18.304734875000065],[121.66980308000007,18.306073800000036],[121.65769421000005,18.30147768300003],[121.6566170110001,18.29667244600006],[121.65795229300011,18.294895180000026],[121.6529040470001,18.288746424000067],[121.64119989100004,18.28092447800003],[121.63730890700003,18.282515415000034],[121.63472989600007,18.280987524000068],[121.61641191000001,18.281127655000034],[121.61873160500011,18.24467975600004]]]}},{"type":"Feature","properties":{"shapeName":"Claveria","shapeISO":"","shapeID":"30758251B2770524616489","shapeGroup":"PHL","shapeType":"ADM3","psgc_code":"0201511000","legacy_psgc_code":"021511000","province":"Cagayan"},"geometry":{"type":"Polygon","coordinates":[[[121.15600338400009,18.54377499800006],[121.15827778000005,18.590538295000044],[121.15733180600012,18.59351113200006],[121.15957480400004,18.59340712000005],[121.16005487000007,18.596088887000064],[121.1567713180001,18.59765029600004],[121.15596765100008,18.599969448000024],[121.1588149270001,18.602587105000055],[121.15764387000002,18.605181800000025],[121.160406738,18.608872661000078],[121.15902158400002,18.609383827000045],[121.15895269900011,18.615675388000057],[121.15706982300003,18.617787883000062],[121.1537150150001,18.617946758000073],[121.14946943400003,18.61500949300006],[121.14763248200006,18.616869407000024],[121.15504917500004,18.621691406000025],[121.1551482220001,18.623835056000075],[121.13083710100011,18.628402873000027],[121.09860238100009,18.627105253000025],[121.09642304400006,18.62644900500004],[121.09655874100008,18.623292367000033],[121.09345779500006,18.621891032000065],[121.0949965320001,18.619887302000052],[121.09198119200005,18.61627872200006],[121.09195086400007,18.61381937500005],[121.0909616890001,18.61465749100006],[121.0790477920001,18.609647727000038],[121.06568194700003,18.607342463000066],[121.05661662900002,18.607847365000055],[121.04998798000008,18.611598034000053],[121.04949877000001,18.613568506000036],[121.05175017700003,18.615152669000054],[121.05028897600005,18.61822270700003],[121.04849229900003,18.616836818000024],[121.04916428100012,18.614488900000026],[121.04785348900009,18.611535722000042],[121.04336665500011,18.61299876100003],[121.03329686900008,18.594356041000026],[121.02199356800008,18.558284198000024],[121.01709963000008,18.554633925000076],[121.01679215600007,18.547839647000046],[121.01683347100004,18.54010426800005],[121.02002362100006,18.538378393000073],[121.0330102690001,18.52353210900003],[121.04146122300006,18.518527332000076],[121.04277930400008,18.528185766000036],[121.06136538900012,18.539197991000037],[121.0935009960001,18.541745912000067],[121.0929344870001,18.539144134000026],[121.09056585000008,18.538185129000055],[121.09235553000008,18.530459628000074],[121.0907866230001,18.527309866000053],[121.08905418300003,18.527137542000048],[121.08906431300011,18.49539121400005],[121.11848091500008,18.54311065400003],[121.15600338400009,18.54377499800006]]]}},{"type":"Feature","properties":{"shapeName":"Enrile","shapeISO":"","shapeID":"30758251B30056946994693","shapeGroup":"PHL","shapeType":"ADM3","psgc_code":"0201512000","legacy_psgc_code":"021512000","province":"Cagayan"},"geometry":{"type":"Polygon","coordinates":[[[121.78851574600003,17.52549255400004],[121.7841661120001,17.538853450000033],[121.77517922400011,17.557764990000067],[121.76633021200007,17.56563568300004],[121.75505467000005,17.570999980000067],[121.74411184400003,17.57863778500007],[121.73331698000004,17.598722993000024],[121.72828956800004,17.603220926000063],[121.72156129500001,17.603770560000044],[121.71671493000008,17.601404218000027],[121.70108372600009,17.574335940000026],[121.69741129800002,17.570663512000067],[121.69092594800009,17.567303632000062],[121.68545637500006,17.569178914000076],[121.68240904200002,17.574101529000075],[121.68126577300006,17.588051436000057],[121.68551682300006,17.609436214000027],[121.6782646900001,17.611633330000075],[121.66210675000002,17.612849871000037],[121.66228363400012,17.606745382000042],[121.65927535300011,17.603598789000046],[121.66027811300012,17.596164531000056],[121.65718324300008,17.592272216000026],[121.6324267660001,17.584863794000057],[121.61961445100007,17.588107870000044],[121.60658234400012,17.577083618000074],[121.60549635500001,17.563004540000065],[121.60700935600005,17.56123643500007],[121.61420260300008,17.560316989000057],[121.63257510800008,17.533221769000022],[121.62597293100009,17.528587955000035],[121.62821918700001,17.525553668000043],[121.63064219800003,17.52564204500004],[121.63519759400003,17.521625578000055],[121.63324585500004,17.51925667300003],[121.63961454200012,17.504361036000034],[121.64723067800003,17.50048373000004],[121.67058345500004,17.499331217000076],[121.70381581100003,17.50181446600004],[121.75512754700003,17.509929960000022],[121.7786286170001,17.51868379800004],[121.79013633400007,17.51921268500007],[121.78851574600003,17.52549255400004]]]}},{"type":"Feature","properties":{"shapeName":"Gattaran","shapeISO":"","shapeID":"30758251B93060635103686","shapeGroup":"PHL","shapeType":"ADM3","psgc_code":"0201513000","legacy_psgc_code":"021513000","province":"Cagayan"},"geometry":{"type":"Polygon","coordinates":[[[121.74406984400002,17.996458622000034],[121.76230933900001,18.000940815000035],[121.7773466860001,17.99745835600004],[121.8170678570001,17.994311594000067],[121.84868460300004,18.001531271000033],[121.85357695200003,18.008869794000077],[121.86116852700002,18.009207197000023],[121.87120627800005,18.01308733600007],[121.8733150490001,18.009882004000076],[121.91001701200003,18.019395391000046],[121.91816077500005,18.019351451000034],[121.92179263500009,18.03044671300006],[121.92483625600005,18.034116081000036],[121.94719537200001,18.047766607000028],[121.94884289200002,18.044114498000056],[121.95434544200009,18.048575695000068],[121.9587868100001,18.049895331000073],[121.96775882600002,18.049900758000035],[121.9682487450001,18.028018572000065],[122.05848511400006,18.027718440000058],[122.05875647900007,18.011889766000024],[122.18882727700009,18.000426971000024],[122.18978460700009,18.00196745900007],[122.18651769600001,18.00379261200004],[122.18430155600004,18.00985504500005],[122.1882731390001,18.017724728000076],[122.18759975700004,18.016935810000064],[122.18462979700007,18.02452569700006],[122.179942621,18.030913697000074],[122.17576257300004,18.031362100000024],[122.17399943400005,18.034765251000067],[122.17722354600005,18.054280487000028],[122.18179352100003,18.057239560000028],[122.1835372270001,18.060198412000034],[122.18016146100001,18.063546746000043],[122.1739204270001,18.061648582000032],[122.17163930000004,18.06414635300007],[122.1675352640001,18.064455560000056],[122.16496789200005,18.06973320900005],[122.16493342600006,18.07207821800006],[122.16792989100009,18.075181315000066],[122.16758096400008,18.086906056000032],[122.17082005300006,18.088819536000074],[122.17669400800003,18.10527477100004],[122.0657451190001,18.10740839300007],[121.80044630700002,18.103653610000038],[121.70450914800006,18.104827777000025],[121.69666740500008,18.106187243000022],[121.69080953600007,18.109221381000054],[121.6826475800001,18.116466753000054],[121.67912291700009,18.116621732000056],[121.67707678600004,18.11610104700003],[121.67550054500009,18.111736072000042],[121.67188963400008,18.109303503000035],[121.65832141800001,18.108760774000075],[121.65321976900009,18.10514258300003],[121.64735830000006,18.092949281000074],[121.6455853870001,18.08086452400005],[121.63603336300002,18.050688813000022],[121.62000477900006,18.03180185700006],[121.6043741950001,18.008283618000064],[121.6008645500001,17.99609031500006],[121.6010646530001,17.98511264600006],[121.6048807410001,17.97438117100006],[121.61320258,17.964648238000052],[121.61819568300007,17.96204314000005],[121.62930352900003,17.960885319000056],[121.64232901500009,17.96403314500003],[121.64840757600007,17.96718097100006],[121.65318358800005,17.96529951200006],[121.65667188500004,17.968362600000034],[121.67784935600002,17.976637968000034],[121.74203560500007,18.012747371000046],[121.74406984400002,17.996458622000034]]]}},{"type":"Feature","properties":{"shapeName":"Gonzaga","shapeISO":"","shapeID":"30758251B98012473462325","shapeGroup":"PHL","shapeType":"ADM3","psgc_code":"0201514000","legacy_psgc_code":"021514000","province":"Cagayan"},"geometry":{"type":"MultiPolygon","coordinates":[[[[121.89765419000003,18.266464620000022],[121.90135701600002,18.266360943000052],[121.90256203000001,18.270148834000054],[121.89626562600006,18.272232046000056],[121.89918659500006,18.26869523000005],[121.89765419000003,18.266464620000022]]],[[[122.10355122100009,18.383711792000042],[122.10018873700005,18.382354539000062],[122.09744630500006,18.37751798000005],[122.09765752500005,18.365169390000062],[122.09141656600002,18.36023691300005],[122.08546637800009,18.35777711700007],[122.08684844800007,18.357511767000062],[122.08635666400005,18.35593448700007],[122.08264086400004,18.356596429000035],[122.08234778600001,18.35242471300006],[122.07945716000006,18.349314587000038],[122.06415288700009,18.34369165000004],[122.06243110300011,18.34086168400006],[122.06385833000002,18.336197191000053],[122.06277471900012,18.334127005000028],[122.05228129200009,18.32859130500003],[122.05395157500004,18.324490783000044],[122.05209101600008,18.32075364800005],[122.04218903000003,18.316243030000066],[122.03111297500004,18.308519601000057],[122.02781465200007,18.307837862000042],[122.02593321900008,18.303185303000078],[122.02623336600004,18.298710592000077],[122.01537553900005,18.294122569000024],[122.01122037700009,18.287921264000033],[121.99643300900004,18.28406031000003],[121.98174939800003,18.28239112500006],[121.9779880640001,18.278681310000024],[121.9686708380001,18.277503081000077],[121.96466767000004,18.274150185000053],[121.95913496000003,18.27257723500003],[121.94629058200007,18.27219616600007],[121.94179101800012,18.267790732000037],[121.93754901400007,18.26679370900007],[121.90855523200003,18.269707892000042],[121.90541411000004,18.268713818000037],[121.90618490700001,18.267275306000045],[121.91477368100004,18.26735186600007],[121.91843962700011,18.265397935000067],[121.9244130730001,18.266868036000062],[121.92837676200008,18.265825939000024],[121.92999573300006,18.263667311000063],[121.92761379800004,18.26095041600007],[121.92807902000004,18.259294227000055],[121.93058532400005,18.259082],[121.93268056900001,18.256581581000034],[121.9323925220001,18.25420170900003],[121.93734163900001,18.250568542000053],[121.93675995100011,18.244227187000035],[121.94067919500003,18.24604853900007],[121.94265312000005,18.242529802000035],[121.9487370060001,18.241786004000062],[121.94959523500006,18.239201783000055],[121.95479228500005,18.243626427000038],[121.96186790100012,18.24173832500003],[121.96477634200005,18.238457985000025],[121.96872419300007,18.237990727000067],[121.97633768000003,18.226850445000025],[121.97485723600005,18.21706664100003],[121.972186,18.213751733000038],[121.97662028700006,18.18237731200003],[122.00670848100003,18.18417157600004],[122.054607497,18.178949561000024],[122.11363569500008,18.182362644000023],[122.2405196310001,18.162832781000077],[122.24917146300004,18.162325164000038],[122.25304872900006,18.167578331000072],[122.25733005900008,18.16676895100005],[122.2631520540001,18.169751924000025],[122.263216026,18.172811125000067],[122.2661026610001,18.175431967000065],[122.26350583300007,18.17847959900007],[122.26609010800007,18.185983114000067],[122.2802403600001,18.196798555000044],[122.28779170300004,18.200450190000026],[122.29018558200005,18.206092944000034],[122.28975165400004,18.21001907300007],[122.29385542600005,18.21263407200007],[122.29606630100011,18.212219107000067],[122.29716518100008,18.21575030100007],[122.30294973700006,18.219455707000066],[122.29847510700006,18.228250149000075],[122.30285217300002,18.22932439400006],[122.30477199600011,18.23291380200004],[122.30385099800003,18.234917662000043],[122.30527433400005,18.236940722000043],[122.30564472200001,18.237876678000077],[122.15260571200008,18.344881077000025],[122.11024958200005,18.36816793400004],[122.10437569100009,18.375075373000072],[122.10355122100009,18.383711792000042]]]]}},{"type":"Feature","properties":{"shapeName":"Iguig","shapeISO":"","shapeID":"30758251B88140585742756","shapeGroup":"PHL","shapeType":"ADM3","psgc_code":"0201515000","legacy_psgc_code":"021515000","province":"Cagayan"},"geometry":{"type":"Polygon","coordinates":[[[121.68843686600007,17.77797904700003],[121.70257699000001,17.77165175400006],[121.71407615700002,17.76923087700004],[121.72364962600011,17.76235338500004],[121.72574038400012,17.757126491000065],[121.73086531600006,17.72489753800005],[121.7341232660001,17.715539598000078],[121.74167893600008,17.704933932000074],[121.7398766660001,17.688297594000062],[121.74419208400002,17.68533054200003],[121.75739832800002,17.685815426000033],[121.76424572100007,17.684040175000064],[121.77996591100009,17.683502481000062],[121.78507027500007,17.729404729000066],[121.79329563700003,17.77518596400006],[121.80732049100004,17.792565283000044],[121.74239779400011,17.78970848700004],[121.72149063100005,17.790709740000068],[121.72401593200004,17.786435074000053],[121.72352172100011,17.782709483000076],[121.7219250390001,17.780124380000075],[121.71682742000007,17.77715138700006],[121.71390709900004,17.777602983000065],[121.70960778000006,17.78202519100006],[121.70363923100001,17.792137509000042],[121.69417318900003,17.793658159000074],[121.68987735400003,17.790882974000056],[121.6869120880001,17.78662515600007],[121.68673124800011,17.779849725000076],[121.68843686600007,17.77797904700003]]]}},{"type":"Feature","properties":{"shapeName":"Lal-Lo","shapeISO":"","shapeID":"30758251B85734212591616","shapeGroup":"PHL","shapeType":"ADM3","psgc_code":"0201516000","legacy_psgc_code":"021516000","province":"Cagayan"},"geometry":{"type":"Polygon","coordinates":[[[121.54765794600007,18.10662861700007],[121.60500245600008,18.104627024000024],[121.65321976900009,18.10514258300003],[121.65832141800001,18.108760774000075],[121.67188963400008,18.109303503000035],[121.67550054500009,18.111736072000042],[121.67707678600004,18.11610104700003],[121.67912291700009,18.116621732000056],[121.6826475800001,18.116466753000054],[121.69080953600007,18.109221381000054],[121.69666740500008,18.106187243000022],[121.70450914800006,18.104827777000025],[121.80044630700002,18.103653610000038],[122.0657451190001,18.10740839300007],[122.17669400800003,18.10527477100004],[122.18178743300007,18.11667841700006],[122.18654823500003,18.118826486000046],[122.19068965000008,18.116224230000057],[122.19492706500012,18.117438139000058],[122.19796648600004,18.12157736200004],[122.19778680500008,18.126842380000028],[122.19963982500008,18.13004402400003],[122.20182764200001,18.13227173300004],[122.2039106090001,18.13132289300006],[122.2027334170001,18.13301856100003],[122.20551572700003,18.134748605000027],[122.20519627100009,18.13802081600005],[122.20760338100001,18.14074328600003],[122.20803800800002,18.14392054800004],[122.21507480100001,18.14565983700004],[122.21571312000003,18.151680963000047],[122.22495756300009,18.155116230000033],[122.22813778800003,18.154984125000055],[122.22879605300011,18.157987626000022],[122.23388128300007,18.160026221000066],[122.23567042700006,18.15885898700003],[122.23655664800003,18.16145233000003],[122.23949917800007,18.15982363200004],[122.2405196310001,18.162832781000077],[122.11363569500008,18.182362644000023],[122.054607497,18.178949561000024],[122.00670848100003,18.18417157600004],[121.97662028700006,18.18237731200003],[121.92002417900005,18.174469672000043],[121.84146958400004,18.16895248000003],[121.80104754600006,18.171457528000076],[121.77102446800006,18.170527469000035],[121.76839024800006,18.173484141000074],[121.7709296480001,18.175146935000043],[121.77067442100008,18.180077166000046],[121.77246276000005,18.181025214000044],[121.77058869700011,18.183587730000056],[121.77240652800003,18.18981732700007],[121.77064473500002,18.190701384000022],[121.76996224200002,18.198037869000075],[121.7726123860001,18.204619152000078],[121.77557978000004,18.20693930300007],[121.77157891700006,18.21067905800004],[121.77095098200004,18.215548204000072],[121.77761764600007,18.21776666900007],[121.77631725800006,18.221481116000064],[121.77776698500008,18.228341809000028],[121.77635066800008,18.231219977000023],[121.77134790100001,18.23058518700003],[121.77071908200003,18.232606404000023],[121.76797784400003,18.233050638000066],[121.76668305700002,18.235196792000067],[121.76246169600006,18.23500168700002],[121.76208922300009,18.236562527000046],[121.765139954,18.239347206000048],[121.76290511600007,18.244295776000058],[121.75613117000012,18.244182210000076],[121.748405681,18.247283202000062],[121.74524253600009,18.246025769000028],[121.74565311300012,18.24168925500004],[121.74103121700011,18.24673621200003],[121.74125531900006,18.250765113000057],[121.72432669900002,18.252085829000066],[121.72401657800003,18.250400625000054],[121.71255183500011,18.25009198600003],[121.70618399800003,18.239241907000064],[121.70140773600008,18.238305082000068],[121.70029147800005,18.234501739000052],[121.67809261000002,18.235851600000046],[121.61873160500011,18.24467975600004],[121.62068439300003,18.219302219000042],[121.61724331300002,18.20942881900004],[121.5990901240001,18.185120373000075],[121.60021406900012,18.178548747000036],[121.59401383500006,18.149706476000063],[121.59011574500005,18.138431163000064],[121.55182769200007,18.12890900700006],[121.55209463800009,18.12244338200003],[121.54765794600007,18.10662861700007]]]}},{"type":"Feature","properties":{"shapeName":"Lasam","shapeISO":"","shapeID":"30758251B73427064919579","shapeGroup":"PHL","shapeType":"ADM3","psgc_code":"0201517000","legacy_psgc_code":"021517000","province":"Cagayan"},"geometry":{"type":"Polygon","coordinates":[[[121.46315965800011,18.11228163900006],[121.46567299300011,18.10467871900005],[121.4649593910001,18.08573718100007],[121.46035909600005,18.04941033700004],[121.427838,18.035335404000023],[121.44908399500002,18.003593075000026],[121.47223753600008,17.997621197000058],[121.48603668200008,18.000809987000025],[121.52259746700008,18.015721660000054],[121.56701708100002,18.012197651000065],[121.56691194700011,18.013397419000057],[121.57132140200008,18.01479508600005],[121.57045559000005,18.01639683800005],[121.57672035700011,18.02020641000007],[121.57608955100011,18.016786453000066],[121.57738224600007,18.017433131000075],[121.57772660300009,18.01623649100003],[121.58081720300004,18.018044364000048],[121.58061058900012,18.015237857000045],[121.58346874900008,18.015246466000065],[121.58219462900001,18.01831124000006],[121.58536271000003,18.020420424000065],[121.58740713200007,18.017384882000044],[121.5890514670001,18.019299739000076],[121.59737485900007,18.01576848900004],[121.60021121900002,18.01702583200006],[121.60258674500005,18.014063788000044],[121.59826982200002,18.009125336000068],[121.6043741950001,18.008283618000064],[121.62000477900006,18.03180185700006],[121.63603336300002,18.050688813000022],[121.6455853870001,18.08086452400005],[121.64735830000006,18.092949281000074],[121.65321976900009,18.10514258300003],[121.60500245600008,18.104627024000024],[121.54765794600007,18.10662861700007],[121.52528863700002,18.11242708800006],[121.5041047420001,18.111962710000057],[121.49031716900004,18.109477602000027],[121.46315965800011,18.11228163900006]]]}},{"type":"Feature","properties":{"shapeName":"Pamplona","shapeISO":"","shapeID":"30758251B95967075879397","shapeGroup":"PHL","shapeType":"ADM3","psgc_code":"0201518000","legacy_psgc_code":"021518000","province":"Cagayan"},"geometry":{"type":"Polygon","coordinates":[[[121.4141468150001,18.477087804000064],[121.35799696100003,18.501523844000076],[121.35711400800005,18.500751430000037],[121.36229452300006,18.49854896100004],[121.36014472500005,18.496813350000025],[121.35264293800003,18.49984803600006],[121.34906507000005,18.504440701000078],[121.3157863240001,18.519974080000054],[121.2831110410001,18.541437398000028],[121.28038827700004,18.533962359000043],[121.27258816100004,18.524449212000036],[121.27030707200004,18.51375184500006],[121.26944492300004,18.49606587100004],[121.25920569700008,18.468598532000044],[121.24686851900003,18.446674891000043],[121.2414553960001,18.43175379300004],[121.24884436800005,18.428879903000052],[121.270539589,18.405082501000038],[121.28555701000005,18.388537952000036],[121.3186229800001,18.38715477900007],[121.3734936840001,18.355494191000048],[121.38867139600006,18.37792422900003],[121.39361714900008,18.37913605500006],[121.394920393,18.384234494000054],[121.40295599300009,18.385035549000065],[121.4045894190001,18.39075279900004],[121.40356584300002,18.401216993000048],[121.4074941450001,18.41293760900004],[121.40342701100008,18.420183546000032],[121.40448636500003,18.430608293000034],[121.40148923400011,18.432153205000077],[121.39960133900001,18.43540937100005],[121.3970707840001,18.436169978000066],[121.38778382200007,18.432239818000028],[121.38362405500004,18.43366753500004],[121.37979866,18.43814746700002],[121.38421711,18.451001140000074],[121.38390812800003,18.457273486000076],[121.38532070200006,18.459073232000037],[121.38433458000009,18.461424753000074],[121.38734069500003,18.465352693000057],[121.3901292170001,18.464810268000065],[121.391871089,18.469653893000043],[121.39575159500009,18.46756945800007],[121.39801729500005,18.471425122000028],[121.40552987800004,18.471186627000066],[121.41208848200006,18.46645648300006],[121.4141468150001,18.477087804000064]]]}},{"type":"Feature","properties":{"shapeName":"Peñablanca","shapeISO":"","shapeID":"30758251B24835314311291","shapeGroup":"PHL","shapeType":"ADM3","psgc_code":"0201519000","legacy_psgc_code":"021519000","province":"Cagayan"},"geometry":{"type":"Polygon","coordinates":[[[121.80732049100004,17.792565283000044],[121.79329563700003,17.77518596400006],[121.78507027500007,17.729404729000066],[121.77996591100009,17.683502481000062],[121.77376980500003,17.66967534500003],[121.77413171300009,17.66218841500006],[121.76712096900008,17.65584271700004],[121.76133904500011,17.646050960000025],[121.75992207000002,17.646762479000074],[121.76006522300008,17.63894685500003],[121.76322816000004,17.63793592600007],[121.76959577700006,17.629989140000077],[121.77458424000008,17.62823503000004],[121.77614040600008,17.621512178000046],[121.769013803,17.61607894900004],[121.80615225100007,17.580492872000036],[121.82160575700004,17.551014561000045],[121.8234569330001,17.542684270000052],[121.82031676800011,17.53140441100004],[121.84870563100003,17.52951411300006],[121.89488360000007,17.530313728000067],[122.04625641700011,17.57031679800002],[122.11294895700007,17.578423074000057],[122.13330466600007,17.579526023000028],[122.14173072000006,17.58103635200007],[122.15038542400009,17.58536370400003],[122.17296890000011,17.58454244400002],[122.16542416200002,17.60354451300003],[122.16232943000011,17.61885975000007],[122.1666216210001,17.634186296000053],[122.1642258920001,17.641195967000044],[122.16599935700003,17.645354903000054],[122.16291577400011,17.65690096800006],[122.16731102800009,17.669220375000066],[122.16345600800003,17.67013150100007],[122.16551251400006,17.674629442000025],[122.16378736100012,17.67440103000007],[122.16224728300006,17.67644982400003],[122.15969840700006,17.675197860000026],[122.16032502200005,17.678911218000053],[122.15775179000002,17.678820631000065],[122.15624554300007,17.68111630100003],[122.1573887830001,17.684980146000044],[122.16038971500006,17.687369190000027],[122.16139608600008,17.692955143000063],[122.16458925400002,17.69378234000004],[122.1648157940001,17.696117754000056],[122.16821259200003,17.69684458000006],[122.16853843800004,17.698783305000063],[122.16362761900007,17.704812022000056],[122.15861020800003,17.703584676000048],[122.15769475900004,17.70705302600004],[122.16238905800003,17.709989927000038],[122.15907630600009,17.712497693000046],[122.15705895300005,17.717128728000034],[122.15212508600007,17.720509238000034],[122.15055171600011,17.723747796000055],[122.15091563200008,17.72787009700005],[122.14933145900011,17.728160159000026],[122.15130663600007,17.732082718000072],[122.14838648300008,17.73499666400005],[122.14654847000008,17.734684338000022],[122.14650765100009,17.73684733600004],[122.14405099300006,17.73825904800003],[122.1432042450001,17.74275909100004],[122.14479400800008,17.74947960700007],[122.14843102100008,17.755539876000057],[122.14626687400005,17.759582047000038],[122.14306901700002,17.757006955000065],[122.14578091800001,17.760364147000075],[122.14451991300007,17.765898708000066],[122.14167772400003,17.76746040100005],[122.14372992100004,17.76878453100005],[122.14340666100009,17.770766430000037],[122.14054764800005,17.778160687000025],[122.13864743600004,17.777809356000034],[122.13903119800011,17.77921402800007],[122.13786613800005,17.77941747500006],[122.14017260500009,17.780859419000024],[122.13680427100007,17.783212556000024],[122.1397639490001,17.78525380600007],[122.13686809600006,17.793759050000062],[122.13724665600012,17.796377824000047],[122.13896508900007,17.796451691000073],[122.14125702600006,17.799349130000053],[122.13990921300001,17.80297550000006],[122.14240343000006,17.805264584000042],[122.14246352300006,17.80728098000003],[122.14690488500003,17.807625164000058],[122.14778374100001,17.81009907300006],[122.1504659520001,17.80920334700005],[122.15539870100008,17.814013053000053],[122.15451005600005,17.814375031000054],[122.15668415700009,17.81915798500006],[121.92783988300005,17.818902387000037],[121.90997990800008,17.820144447000075],[121.85655278800004,17.819069502000048],[121.83589586900007,17.815519094000024],[121.82121009100001,17.808256895000056],[121.80732049100004,17.792565283000044]]]}},{"type":"Feature","properties":{"shapeName":"Piat","shapeISO":"","shapeID":"30758251B70490734398893","shapeGroup":"PHL","shapeType":"ADM3","psgc_code":"0201520000","legacy_psgc_code":"021520000","province":"Cagayan"},"geometry":{"type":"MultiPolygon","coordinates":[[[[121.60706426900003,17.78016555800002],[121.61501282100005,17.778503743000044],[121.61682680500007,17.784103385000037],[121.6074574700001,17.786298370000054],[121.61138717900008,17.80086043700004],[121.61348752800006,17.803167108000025],[121.60687352000002,17.806215964000046],[121.59956187800003,17.785916455000063],[121.60127488900002,17.781457029000023],[121.60706426900003,17.78016555800002]]],[[[121.57024987800003,17.78534701500007],[121.55387346900011,17.790590889000043],[121.55000977600002,17.794057184000053],[121.53127052600007,17.796121396000046],[121.529616,17.797410420000062],[121.52625558400007,17.803070998000067],[121.51721111800009,17.812587936000057],[121.51161490200002,17.825129066000045],[121.5136912690001,17.833672811000042],[121.5125048970001,17.83814452300004],[121.51350875000003,17.846357873000045],[121.51075758200011,17.849110894000034],[121.50469515400005,17.851373761000048],[121.50041148600008,17.850074430000063],[121.48876418200007,17.849938033000058],[121.47964273500008,17.844943012000044],[121.47409543700007,17.837170902000025],[121.46853620000002,17.831786759000067],[121.46332167800006,17.83558966000004],[121.46145193600012,17.83435041300004],[121.46238680700003,17.822827584000038],[121.45827920600004,17.81854015600004],[121.45928813500007,17.81808613800007],[121.456,17.809653370000035],[121.44756404800012,17.80472842100005],[121.4481859650001,17.800388197000075],[121.44650425600003,17.798640224000053],[121.44834503100003,17.795230467000067],[121.44542191200003,17.77028789700006],[121.45281233100002,17.768483798000034],[121.45923963700011,17.76507835600006],[121.46627039900011,17.766500332000078],[121.47038253800008,17.760134739000023],[121.488149711,17.75481219900007],[121.48976731900007,17.742198468000026],[121.49579943100002,17.738326956000037],[121.49720978000005,17.735632516000067],[121.50204530100007,17.736555828000064],[121.51111018000006,17.733837710000046],[121.51281762400004,17.72930655600004],[121.5205357100001,17.72021544000006],[121.5401962200001,17.709198770000057],[121.5645790100001,17.70169973000003],[121.56846285000006,17.704532150000034],[121.57195494100006,17.70455389600005],[121.5869270500001,17.710872075000054],[121.59003849700002,17.71957384500007],[121.58727133500008,17.719333783000025],[121.57829566700002,17.726249238000037],[121.57024987800003,17.78534701500007]]]]}},{"type":"Feature","properties":{"shapeName":"Rizal","shapeISO":"","shapeID":"30758251B45096657077891","shapeGroup":"PHL","shapeType":"ADM3","psgc_code":"0201521000","legacy_psgc_code":"021521000","province":"Cagayan"},"geometry":{"type":"Polygon","coordinates":[[[121.41650268500007,17.74934727300007],[121.42473361800012,17.759009814000024],[121.438108768,17.770566546000055],[121.44542191200003,17.77028789700006],[121.44834503100003,17.795230467000067],[121.44650425600003,17.798640224000053],[121.4481859650001,17.800388197000075],[121.44756404800012,17.80472842100005],[121.456,17.809653370000035],[121.45928813500007,17.81808613800007],[121.45827920600004,17.81854015600004],[121.46238680700003,17.822827584000038],[121.46145193600012,17.83435041300004],[121.46332167800006,17.83558966000004],[121.46853620000002,17.831786759000067],[121.47409543700007,17.837170902000025],[121.43614949500011,17.851209133000054],[121.41982515600012,17.868672149000076],[121.41262734800011,17.879523004000077],[121.44293873400011,17.921645453000053],[121.45933435400002,17.95095467300007],[121.457328404,17.95396359800003],[121.46734427600006,17.97602138800005],[121.47223753600008,17.997621197000058],[121.44908399500002,18.003593075000026],[121.427838,18.035335404000023],[121.36446941600002,18.061619119000056],[121.34689143800006,18.03861084700003],[121.34356314900003,18.031746456000064],[121.34828189900009,18.02974415400007],[121.34908344500002,18.024898303000043],[121.34759250900004,18.022759493000024],[121.34399115500003,18.022781058000078],[121.34422767400008,18.01669662300003],[121.34074094300001,18.015952612000035],[121.33969858900002,18.01326315800003],[121.33671511700004,18.013687573000027],[121.3385484580001,18.007974079000064],[121.33095626000011,17.99977583200007],[121.33333782800003,17.997669693000034],[121.33311889000004,17.995296069000062],[121.33107069400012,17.993711361000067],[121.33161727200002,17.99098106200006],[121.330216285,17.992489746000047],[121.32768990700004,17.991035031000024],[121.32439761700005,17.992105093000077],[121.3233409290001,17.991337860000044],[121.32415807200005,17.989211873000045],[121.32158608700001,17.988680685000077],[121.32050303300002,17.984501248000072],[121.32662977400003,17.975108411000065],[121.32310746200005,17.976986132000036],[121.322066532,17.975466766000068],[121.32412051300003,17.97344461600005],[121.32030734500006,17.973391652000032],[121.31859298000006,17.975259680000022],[121.3175669530001,17.974368196000057],[121.31824474100006,17.970964412000058],[121.31511820900005,17.97078315600004],[121.35745211900007,17.92236854300006],[121.35706746300002,17.91319670400003],[121.35283696500005,17.903187702000025],[121.34696177600006,17.87941514000005],[121.33985049000012,17.87173246800006],[121.32413865500007,17.84713067200005],[121.32072423000011,17.826204914000073],[121.31841334900002,17.828700953000066],[121.31589038800007,17.827735174000054],[121.31874795100009,17.825088898000047],[121.31739943200012,17.820880587000033],[121.319817467,17.818392801000073],[121.3194454610001,17.815230756000062],[121.30730878600002,17.816579275000038],[121.30648750600005,17.814161650000074],[121.31058088100008,17.812933754000028],[121.31134171100007,17.809270224000045],[121.31346801000007,17.807667348000052],[121.32536518200004,17.803086445000076],[121.35867264400008,17.804646966000064],[121.37339240200004,17.800851305000037],[121.38829731500005,17.793630291000056],[121.41411788300002,17.76319366200005],[121.41650268500007,17.74934727300007]]]}},{"type":"Feature","properties":{"shapeName":"Sanchez-Mira","shapeISO":"","shapeID":"30758251B62706464581778","shapeGroup":"PHL","shapeType":"ADM3","psgc_code":"0201522000","legacy_psgc_code":"021522000","province":"Cagayan"},"geometry":{"type":"Polygon","coordinates":[[[121.2414553960001,18.43175379300004],[121.24686851900003,18.446674891000043],[121.25920569700008,18.468598532000044],[121.26944492300004,18.49606587100004],[121.27030707200004,18.51375184500006],[121.27258816100004,18.524449212000036],[121.28038827700004,18.533962359000043],[121.2831110410001,18.541437398000028],[121.2028885410001,18.60505316600006],[121.19092496200005,18.611144859000035],[121.1551482220001,18.623835056000075],[121.15504917500004,18.621691406000025],[121.14763248200006,18.616869407000024],[121.14946943400003,18.61500949300006],[121.1537150150001,18.617946758000073],[121.15706982300003,18.617787883000062],[121.15895269900011,18.615675388000057],[121.15902158400002,18.609383827000045],[121.160406738,18.608872661000078],[121.15764387000002,18.605181800000025],[121.1588149270001,18.602587105000055],[121.15596765100008,18.599969448000024],[121.1567713180001,18.59765029600004],[121.16005487000007,18.596088887000064],[121.15957480400004,18.59340712000005],[121.15733180600012,18.59351113200006],[121.15827778000005,18.590538295000044],[121.15600338400009,18.54377499800006],[121.16923104300008,18.539120576000073],[121.16786370000011,18.521977657000036],[121.22208115400008,18.500580942000056],[121.22086083900001,18.48304399400007],[121.22579675000009,18.472817545000055],[121.22770208700001,18.441720402000044],[121.22654139600002,18.436471329000028],[121.2414553960001,18.43175379300004]]]}},{"type":"Feature","properties":{"shapeName":"Santa Ana","shapeISO":"","shapeID":"30758251B2806913705882","shapeGroup":"PHL","shapeType":"ADM3","psgc_code":"0201523000","legacy_psgc_code":"021523000","province":"Cagayan"},"geometry":{"type":"MultiPolygon","coordinates":[[[[122.30477199600011,18.23291380200004],[122.308445118,18.231569974000024],[122.3067965350001,18.233843320000062],[122.30526853000003,18.233086481000043],[122.30527433400005,18.236940722000043],[122.30385099800003,18.234917662000043],[122.30477199600011,18.23291380200004]]],[[[122.32753657600006,18.24593611800003],[122.32970358300008,18.24702503800006],[122.32932959200002,18.248056981000047],[122.32536259000005,18.24731505400007],[122.32574357700003,18.245821138000053],[122.32753657600006,18.24593611800003]]],[[[122.31430312000009,18.38734088600006],[122.31301656500011,18.38640338600004],[122.31475242300007,18.386200315000053],[122.31430312000009,18.38734088600006]]],[[[122.31353569300006,18.39027870900003],[122.31145733700009,18.38943864500004],[122.31376944400006,18.38870526100004],[122.31459483000003,18.38969601100007],[122.31353569300006,18.39027870900003]]],[[[122.3093144400001,18.395740111000066],[122.30965468300008,18.390736177000065],[122.31355497200002,18.390591017000077],[122.3112463220001,18.394991984000058],[122.3093144400001,18.395740111000066]]],[[[122.13239840400001,18.511812821000035],[122.13107202700007,18.508013531000074],[122.13404231600009,18.503222969000035],[122.1359953440001,18.504626606000045],[122.13571437400003,18.508483171000023],[122.13688716500008,18.508962799000074],[122.13239840400001,18.511812821000035]]],[[[122.30564472200001,18.237876678000077],[122.30751178100002,18.240524734000076],[122.31216554600007,18.243019333000063],[122.31507023800009,18.242755212000077],[122.32035253400011,18.247193071000027],[122.32120824100002,18.249215065000044],[122.31909398700009,18.252721976000032],[122.3211810460001,18.257859960000076],[122.32040762200006,18.25881293300006],[122.32753586100011,18.266873318000023],[122.33082427900001,18.27550024800007],[122.3323059920001,18.27631946100007],[122.33143515400002,18.27981850200007],[122.33498194000003,18.284399820000033],[122.33023678600011,18.28554192000007],[122.32754211600002,18.290578410000023],[122.3290702160001,18.295217294000054],[122.33254439000007,18.296918134000066],[122.33174490400006,18.300134076000063],[122.33761494700002,18.309548025000026],[122.32964986700006,18.315962029000048],[122.33293962400012,18.32267054500005],[122.33281353500001,18.325902045000078],[122.33094718600012,18.330350053000075],[122.3246137750001,18.336168110000074],[122.32431559100007,18.34033377700007],[122.32544589500003,18.33875054400005],[122.32597051400012,18.34070134600006],[122.32393236700011,18.34427220500004],[122.32510948100003,18.34634434900005],[122.32352029200001,18.347434530000044],[122.32763052900009,18.35036909100006],[122.32714196000006,18.357016695000027],[122.32353486300008,18.365737529000057],[122.3250007040001,18.36466173200006],[122.32503053300002,18.36691354000004],[122.32105241800002,18.367026863000035],[122.321214327,18.369040348000055],[122.32243602400001,18.36821960000003],[122.32348069800003,18.369344873000045],[122.31983827200008,18.379913699000042],[122.31167239100012,18.380158321000067],[122.31153488900009,18.38556264300007],[122.3133949270001,18.387942748000057],[122.309137587,18.390024021000045],[122.30885429800003,18.392521732000034],[122.30502797400004,18.39365710800007],[122.3030382710001,18.39607600200003],[122.30358400500006,18.393703594000044],[122.3025026680001,18.39431709400003],[122.29587936400003,18.409842151000078],[122.29257894200009,18.412087962000044],[122.276972827,18.41631417800005],[122.27483857600009,18.418483712000068],[122.27453944400008,18.422935841000026],[122.27191220400005,18.425192674000073],[122.26815123200004,18.42595491800006],[122.26450719500008,18.42950738600007],[122.26119365700004,18.429128364000064],[122.26204574200005,18.431953300000032],[122.26451419500006,18.43365209600006],[122.2595855290001,18.435029944000064],[122.25912695800002,18.437373069000046],[122.25698525100006,18.438611945000048],[122.25811117600006,18.443149521000066],[122.25712381200003,18.44617452500006],[122.255579624,18.44583044500007],[122.25415958400004,18.447656719000065],[122.25229413000011,18.44663767700007],[122.2495637500001,18.44890252700003],[122.24842521000005,18.45288496300003],[122.25020415800009,18.45966689200003],[122.2413666760001,18.472375001000046],[122.24083900200003,18.47860529600007],[122.24637605200007,18.487154885000052],[122.24561065500006,18.493716824000046],[122.23904993800011,18.51194197500007],[122.2328927960001,18.518810384000062],[122.226003579,18.521017375000042],[122.22537788900001,18.52285736300007],[122.21916221700008,18.52267978900005],[122.2182722330001,18.521118561000037],[122.21436276400004,18.520741987000065],[122.21441451500004,18.518176410000024],[122.2115512580001,18.51510226000005],[122.208893525,18.51607713800007],[122.20068086800006,18.51417757200005],[122.19853987500005,18.512348494000037],[122.1990877830001,18.509981269000036],[122.19732777100012,18.511868634000052],[122.1944372800001,18.512179167000056],[122.19619768400003,18.512940205000064],[122.1941080150001,18.51769327100004],[122.19220229900009,18.514876662000063],[122.19420037000009,18.513036286000045],[122.19132366200006,18.512383014000022],[122.190596292,18.510514356000044],[122.18784323900002,18.51603731700004],[122.19049680800003,18.516631663000055],[122.19120964000001,18.51561177600007],[122.19121654000003,18.51772786400005],[122.18706626300002,18.519915414000025],[122.18464260500002,18.51695949200007],[122.18195508100007,18.516617619000044],[122.18284318100007,18.515376869000022],[122.18026663,18.516126099000076],[122.17871342500007,18.51420123300005],[122.17664990600008,18.51454103900005],[122.17320620300006,18.51977028500005],[122.16687579400002,18.521697646000064],[122.15870381700006,18.515828250000027],[122.16297105000001,18.514529768000045],[122.162301092,18.51238001400003],[122.16405523200001,18.510618586000078],[122.16171618900012,18.512087980000047],[122.16123122600004,18.510172485000055],[122.15375921300006,18.511598896000066],[122.15055831000006,18.508204372000023],[122.14912381900001,18.510588461000054],[122.14985901200009,18.508261896000022],[122.14665067700003,18.507007084000065],[122.14885958700006,18.494202983000037],[122.14683328500007,18.477241320000076],[122.13665490700009,18.451860934000024],[122.12836967200008,18.439964099000065],[122.12725627100008,18.432059605000063],[122.12486318800006,18.427315316000033],[122.12501257300005,18.422926455000038],[122.13251196700003,18.414081551000038],[122.13083118500003,18.409189354000034],[122.12604849500008,18.40578711300003],[122.1251612850001,18.398352767000063],[122.12968075700007,18.389473878000047],[122.12880823900002,18.393878786000073],[122.13142213900005,18.391542052000034],[122.13234581900008,18.38791397600005],[122.13106595800002,18.38669666900006],[122.13045372800002,18.389605303000053],[122.12873580500002,18.381970685000056],[122.11787789700008,18.374524007000048],[122.1113695030001,18.37562292100006],[122.10903882600007,18.378253887000028],[122.1083846140001,18.38008953600007],[122.1108018650001,18.38152711300006],[122.11084559100004,18.385432439000056],[122.11301080100009,18.386950330000047],[122.11072070700004,18.38551805700007],[122.10999167700004,18.383315825000068],[122.10857609200002,18.38360640600007],[122.1070755500001,18.381741142000067],[122.10355122100009,18.383711792000042],[122.10437569100009,18.375075373000072],[122.11024958200005,18.36816793400004],[122.15260571200008,18.344881077000025],[122.30564472200001,18.237876678000077]]],[[[122.15833069100006,18.528167344000053],[122.1577339590001,18.528996621000033],[122.15738830600003,18.527169537000077],[122.15833069100006,18.528167344000053]]],[[[122.13345586200012,18.581714198000043],[122.1388463620001,18.577462651000076],[122.13948207600004,18.575342351000074],[122.13660221200007,18.57366897000003],[122.13287118300002,18.575105106000024],[122.12871217000009,18.57372556400003],[122.12658173200009,18.574804482000047],[122.1266056180001,18.572327425000026],[122.12141200600001,18.572996833000047],[122.12160930400012,18.569200764000072],[122.11600311100005,18.568797807000067],[122.11786975600012,18.562719043000072],[122.1131226440001,18.56228442300005],[122.11207816300009,18.560301537000043],[122.1132342200001,18.558322314000065],[122.11164057000008,18.554998887000067],[122.11395433000007,18.553316257000063],[122.11165182500008,18.55217613800005],[122.1116452010001,18.54811018500004],[122.11476054600007,18.547492436000027],[122.11762570000008,18.544562763000044],[122.1235197850001,18.547709268000062],[122.1265026960001,18.54655956000005],[122.12496151100004,18.54121589700003],[122.12005251700009,18.53974471600003],[122.11995673800004,18.53790759800006],[122.11706227500008,18.537812333000034],[122.11630067600004,18.53646604900007],[122.12071277300004,18.531668817000025],[122.11728549300005,18.528760945000045],[122.11809371900006,18.525802515000066],[122.11509512600003,18.52382754100006],[122.1181102380001,18.521446025000046],[122.11680824500002,18.518563671000038],[122.11429407900005,18.517783421000047],[122.11747862100003,18.509891476000064],[122.11352682300003,18.504416586000048],[122.11453773500011,18.503500962000032],[122.11326859200005,18.502215230000047],[122.115325331,18.500811859000066],[122.11954406900009,18.50683078900005],[122.12843688600003,18.512139974000036],[122.1334235710001,18.518662618000064],[122.14271343500002,18.520455795000032],[122.14774888800002,18.51424841200003],[122.15025669900001,18.517054810000047],[122.1475437580001,18.520506863000037],[122.15302455000005,18.52262070100005],[122.15202034000004,18.52577921900007],[122.14789820600004,18.527098403000025],[122.14849880200006,18.528784667000025],[122.1457255680001,18.534014757000023],[122.14997563500003,18.541884596000045],[122.15298666900003,18.544486370000072],[122.15644693000002,18.544961431000047],[122.1540008820001,18.54728410000007],[122.15772453600005,18.554891221000048],[122.15626196700009,18.56721520900004],[122.15988616200002,18.56907317400004],[122.1549967310001,18.571455033000063],[122.15384840600007,18.575846092000063],[122.15698081200003,18.579808435000075],[122.15000019000001,18.58034889000004],[122.14532595700007,18.57747818100006],[122.1419784200001,18.579685641000026],[122.14002481300008,18.579048585000066],[122.13820339300003,18.581283105000068],[122.13345586200012,18.581714198000043]]],[[[122.13728673800006,18.587349637000045],[122.13869988700003,18.584984873000053],[122.13892383000007,18.58646000500005],[122.13728673800006,18.587349637000045]]],[[[122.14073656100004,18.592709684000056],[122.14087331600001,18.591084270000067],[122.13794090500005,18.590578368000024],[122.13805880200005,18.589298292000024],[122.14119000700009,18.589875122000024],[122.14192602500009,18.591325054000038],[122.14073656100004,18.592709684000056]]]]}},{"type":"Feature","properties":{"shapeName":"Santa Praxedes","shapeISO":"","shapeID":"30758251B96523663514621","shapeGroup":"PHL","shapeType":"ADM3","psgc_code":"0201524000","legacy_psgc_code":"021524000","province":"Cagayan"},"geometry":{"type":"Polygon","coordinates":[[[120.95867309800008,18.463202412000044],[121.002873797,18.46610564300005],[121.0234730630001,18.498688611000034],[121.0388081100001,18.505030128000044],[121.04146122300006,18.518527332000076],[121.0330102690001,18.52353210900003],[121.02002362100006,18.538378393000073],[121.01683347100004,18.54010426800005],[121.01679215600007,18.547839647000046],[121.01709963000008,18.554633925000076],[121.02199356800008,18.558284198000024],[121.03329686900008,18.594356041000026],[121.04336665500011,18.61299876100003],[121.03592343300011,18.61656126200006],[121.03707199400003,18.619278697000027],[121.03619030800007,18.620363748000045],[121.03237934800006,18.619540829000073],[121.03104039900006,18.617206684000053],[121.02772185800006,18.615791173000048],[121.02915557200004,18.611546178000026],[121.02439898800003,18.605792690000044],[121.01830512600009,18.60441047200004],[121.01249962100007,18.599713355000063],[121.00760145800007,18.59934246200004],[121.00516599000002,18.595782115000077],[121.001405051,18.594708256000047],[120.99865501900001,18.596315152000045],[120.99869046100002,18.597945525000057],[120.99635579900007,18.595741822000036],[120.9943939100001,18.59671217600004],[120.9945993550001,18.59813779800004],[120.99126428400007,18.597192823000057],[120.98984238300011,18.599394937000056],[120.98667477700008,18.59500504400006],[120.98323389600012,18.593404301000078],[120.97888220400012,18.58529097400003],[120.97476321700003,18.583673915000077],[120.97143995200008,18.579972885000075],[120.97413311000003,18.576991173000067],[120.97645367700011,18.568958937000048],[120.96914518200003,18.510116371000038],[120.95867309800008,18.463202412000044]]]}},{"type":"Feature","properties":{"shapeName":"Santa Teresita","shapeISO":"","shapeID":"30758251B86029010724112","shapeGroup":"PHL","shapeType":"ADM3","psgc_code":"0201525000","legacy_psgc_code":"021525000","province":"Cagayan"},"geometry":{"type":"Polygon","coordinates":[[[121.84146958400004,18.16895248000003],[121.92002417900005,18.174469672000043],[121.97662028700006,18.18237731200003],[121.972186,18.213751733000038],[121.97485723600005,18.21706664100003],[121.97633768000003,18.226850445000025],[121.96872419300007,18.237990727000067],[121.96477634200005,18.238457985000025],[121.96186790100012,18.24173832500003],[121.95479228500005,18.243626427000038],[121.94959523500006,18.239201783000055],[121.9487370060001,18.241786004000062],[121.94265312000005,18.242529802000035],[121.94067919500003,18.24604853900007],[121.93675995100011,18.244227187000035],[121.93734163900001,18.250568542000053],[121.9323925220001,18.25420170900003],[121.93268056900001,18.256581581000034],[121.93058532400005,18.259082],[121.92807902000004,18.259294227000055],[121.92761379800004,18.26095041600007],[121.92999573300006,18.263667311000063],[121.92837676200008,18.265825939000024],[121.9244130730001,18.266868036000062],[121.91843962700011,18.265397935000067],[121.91477368100004,18.26735186600007],[121.90618490700001,18.267275306000045],[121.90326417000006,18.265711595000028],[121.90135701600002,18.266360943000052],[121.89765419000003,18.266464620000022],[121.8926645790001,18.270707601000026],[121.88243103800005,18.27072097300004],[121.877558958,18.27305551200004],[121.87327558700008,18.27210139600004],[121.86823762000006,18.26875146200007],[121.87242786000002,18.261560975000066],[121.86993869500009,18.258252535000054],[121.86823580500004,18.25958630200006],[121.86547775000008,18.250812771000028],[121.84835369600012,18.24784801000004],[121.83871923100003,18.237142883000047],[121.83822889800001,18.23398035100007],[121.84079205600005,18.230382064000025],[121.83845836900002,18.22693524700003],[121.83963904000007,18.223204554000063],[121.83904474600001,18.20869306000003],[121.841981153,18.201830779000034],[121.84137855000006,18.197801738000067],[121.84301202600011,18.196250779000025],[121.84210389400005,18.19371076400006],[121.84342551700001,18.19128911000007],[121.84197570900005,18.185991560000048],[121.84103854700004,18.186221853000063],[121.84146958400004,18.16895248000003]]]}},{"type":"Feature","properties":{"shapeName":"Santo Niño","shapeISO":"","shapeID":"30758251B40207314243633","shapeGroup":"PHL","shapeType":"ADM3","psgc_code":"0201526000","legacy_psgc_code":"021526000","province":"Cagayan"},"geometry":{"type":"Polygon","coordinates":[[[121.65318358800005,17.96529951200006],[121.64840757600007,17.96718097100006],[121.64232901500009,17.96403314500003],[121.62930352900003,17.960885319000056],[121.61819568300007,17.96204314000005],[121.61320258,17.964648238000052],[121.6048807410001,17.97438117100006],[121.6010646530001,17.98511264600006],[121.6008645500001,17.99609031500006],[121.6043741950001,18.008283618000064],[121.59826982200002,18.009125336000068],[121.60258674500005,18.014063788000044],[121.60021121900002,18.01702583200006],[121.59737485900007,18.01576848900004],[121.5890514670001,18.019299739000076],[121.58740713200007,18.017384882000044],[121.58536271000003,18.020420424000065],[121.58219462900001,18.01831124000006],[121.58346874900008,18.015246466000065],[121.58061058900012,18.015237857000045],[121.58081720300004,18.018044364000048],[121.57772660300009,18.01623649100003],[121.57738224600007,18.017433131000075],[121.57608955100011,18.016786453000066],[121.57672035700011,18.02020641000007],[121.57045559000005,18.01639683800005],[121.57132140200008,18.01479508600005],[121.56691194700011,18.013397419000057],[121.56701708100002,18.012197651000065],[121.52259746700008,18.015721660000054],[121.48603668200008,18.000809987000025],[121.47223753600008,17.997621197000058],[121.46734427600006,17.97602138800005],[121.457328404,17.95396359800003],[121.45933435400002,17.95095467300007],[121.44293873400011,17.921645453000053],[121.41262734800011,17.879523004000077],[121.41982515600012,17.868672149000076],[121.43614949500011,17.851209133000054],[121.47409543700007,17.837170902000025],[121.47964273500008,17.844943012000044],[121.48876418200007,17.849938033000058],[121.50041148600008,17.850074430000063],[121.50469515400005,17.851373761000048],[121.51075758200011,17.849110894000034],[121.51350875000003,17.846357873000045],[121.5125048970001,17.83814452300004],[121.5136912690001,17.833672811000042],[121.51161490200002,17.825129066000045],[121.51721111800009,17.812587936000057],[121.52625558400007,17.803070998000067],[121.529616,17.797410420000062],[121.53127052600007,17.796121396000046],[121.55000977600002,17.794057184000053],[121.55387346900011,17.790590889000043],[121.57024987800003,17.78534701500007],[121.58875030800004,17.837584406000076],[121.614661909,17.916409975000022],[121.62242113500008,17.94481624900004],[121.62519813200004,17.944622240000058],[121.63203409300002,17.940473432000033],[121.63818100300011,17.940373425000075],[121.63931193100007,17.945782214000076],[121.64565496500006,17.94961753700005],[121.65165380400003,17.95596057100005],[121.65401400300004,17.962156093000033],[121.65318358800005,17.96529951200006]]]}},{"type":"Feature","properties":{"shapeName":"Solana","shapeISO":"","shapeID":"30758251B34223591098012","shapeGroup":"PHL","shapeType":"ADM3","psgc_code":"0201527000","legacy_psgc_code":"021527000","province":"Cagayan"},"geometry":{"type":"Polygon","coordinates":[[[121.59003849700002,17.71957384500007],[121.5869270500001,17.710872075000054],[121.57195494100006,17.70455389600005],[121.57183909000003,17.687091047000024],[121.57357615600006,17.67256285600007],[121.56812440700003,17.63433787300005],[121.55210964200012,17.610501895000027],[121.54702791700004,17.594138740000062],[121.54672301300002,17.580621351000048],[121.57330452200006,17.564788665000037],[121.57497229100011,17.557070383000053],[121.5767341620001,17.55549054100004],[121.59972009100011,17.548195070000077],[121.60304284400002,17.563412498000048],[121.60549635500001,17.563004540000065],[121.60658234400012,17.577083618000074],[121.61961445100007,17.588107870000044],[121.6324267660001,17.584863794000057],[121.65718324300008,17.592272216000026],[121.66027811300012,17.596164531000056],[121.65927535300011,17.603598789000046],[121.66228363400012,17.606745382000042],[121.66210675000002,17.612849871000037],[121.6782646900001,17.611633330000075],[121.68551682300006,17.609436214000027],[121.70305163000012,17.644705920000035],[121.7052047630001,17.652205018000075],[121.70664093300002,17.667524163000053],[121.71328321800002,17.673687725000036],[121.7323903140001,17.682821466000064],[121.7398766660001,17.688297594000062],[121.74167893600008,17.704933932000074],[121.7341232660001,17.715539598000078],[121.73086531600006,17.72489753800005],[121.72574038400012,17.757126491000065],[121.72364962600011,17.76235338500004],[121.71407615700002,17.76923087700004],[121.70257699000001,17.77165175400006],[121.68843686600007,17.77797904700003],[121.68779335800002,17.76905941600006],[121.68975761700005,17.764851562000047],[121.69569038500003,17.758534548000057],[121.69301976200006,17.757593860000043],[121.69320774100004,17.75199210100004],[121.68391951800004,17.74879266100004],[121.67969130600011,17.749037539000028],[121.67904616800001,17.750680986000077],[121.67453604600007,17.74913906300003],[121.67474806000007,17.747520045000044],[121.66890803000001,17.74690327600007],[121.6642244410001,17.74844519800007],[121.66175736500008,17.751317029000063],[121.66090758100006,17.745087531000024],[121.6638898860001,17.742961064000042],[121.66184217700004,17.739191180000034],[121.66435193300003,17.737836541000036],[121.66220446400007,17.73715922200006],[121.66179406600008,17.732759845000032],[121.65851050900005,17.733596359000046],[121.65827493900008,17.73162526300007],[121.65530867900009,17.730418567000072],[121.63609385300003,17.734389906000047],[121.61646844400002,17.735354622000045],[121.6180633890001,17.728559011000073],[121.61605334800004,17.723345334000044],[121.59427839500006,17.72741525400005],[121.59003849700002,17.71957384500007]]]}},{"type":"Feature","properties":{"shapeName":"Tuao","shapeISO":"","shapeID":"30758251B28856028744619","shapeGroup":"PHL","shapeType":"ADM3","psgc_code":"0201528000","legacy_psgc_code":"021528000","province":"Cagayan"},"geometry":{"type":"Polygon","coordinates":[[[121.43655489200012,17.69322616000005],[121.4393278340001,17.69023258900006],[121.43675604700002,17.671347725000032],[121.44186998900011,17.664542089000065],[121.44633298200006,17.663998089000074],[121.44961295600001,17.661005241000055],[121.45216195600005,17.661194212000055],[121.457623968,17.66307906000003],[121.45757936200005,17.669447244000025],[121.46370834100003,17.669227143000057],[121.46647706300007,17.672358059000032],[121.47269773300002,17.672020574000044],[121.47706405600002,17.66879736800007],[121.47587026100007,17.663122695000027],[121.47338809900009,17.662269612000046],[121.4740407590001,17.66097971000005],[121.47227292500008,17.659905649000052],[121.48512366300008,17.647321689000023],[121.47618784800011,17.64545142000003],[121.484090594,17.638499731000024],[121.48884152300002,17.62598446100003],[121.48758995800006,17.624506232000044],[121.48723603600001,17.610048520000078],[121.49190766200002,17.609354548000056],[121.49661415900005,17.59104271800004],[121.51407593600004,17.590183152000066],[121.52581727300003,17.583678302000067],[121.53392325200002,17.584324932000072],[121.54672301300002,17.580621351000048],[121.54702791700004,17.594138740000062],[121.55210964200012,17.610501895000027],[121.56812440700003,17.63433787300005],[121.57357615600006,17.67256285600007],[121.57183909000003,17.687091047000024],[121.57195494100006,17.70455389600005],[121.56846285000006,17.704532150000034],[121.5645790100001,17.70169973000003],[121.5401962200001,17.709198770000057],[121.5205357100001,17.72021544000006],[121.51281762400004,17.72930655600004],[121.51111018000006,17.733837710000046],[121.50204530100007,17.736555828000064],[121.49720978000005,17.735632516000067],[121.49579943100002,17.738326956000037],[121.48976731900007,17.742198468000026],[121.488149711,17.75481219900007],[121.47038253800008,17.760134739000023],[121.46627039900011,17.766500332000078],[121.45923963700011,17.76507835600006],[121.45281233100002,17.768483798000034],[121.44542191200003,17.77028789700006],[121.438108768,17.770566546000055],[121.42473361800012,17.759009814000024],[121.41650268500007,17.74934727300007],[121.424688607,17.74036174200006],[121.42891472400004,17.72700616700007],[121.4285264450001,17.72361555300006],[121.4304143820001,17.721234441000036],[121.42909260600004,17.719236984000077],[121.43068890600011,17.714933555000073],[121.42887822400007,17.71148485200007],[121.431374903,17.71019681300004],[121.43052035100004,17.704280053000048],[121.43655489200012,17.69322616000005]]]}},{"type":"Feature","properties":{"shapeName":"Tuguegarao City","shapeISO":"","shapeID":"30758251B86340482939237","shapeGroup":"PHL","shapeType":"ADM3","psgc_code":"0201529000","legacy_psgc_code":"021529000","province":"Cagayan"},"geometry":{"type":"Polygon","coordinates":[[[121.78851574600003,17.52549255400004],[121.82031676800011,17.53140441100004],[121.8234569330001,17.542684270000052],[121.82160575700004,17.551014561000045],[121.80615225100007,17.580492872000036],[121.769013803,17.61607894900004],[121.77614040600008,17.621512178000046],[121.77458424000008,17.62823503000004],[121.76959577700006,17.629989140000077],[121.76322816000004,17.63793592600007],[121.76006522300008,17.63894685500003],[121.75992207000002,17.646762479000074],[121.76133904500011,17.646050960000025],[121.76712096900008,17.65584271700004],[121.77413171300009,17.66218841500006],[121.77376980500003,17.66967534500003],[121.77996591100009,17.683502481000062],[121.76424572100007,17.684040175000064],[121.75739832800002,17.685815426000033],[121.74419208400002,17.68533054200003],[121.7398766660001,17.688297594000062],[121.7323903140001,17.682821466000064],[121.71328321800002,17.673687725000036],[121.70664093300002,17.667524163000053],[121.7052047630001,17.652205018000075],[121.70305163000012,17.644705920000035],[121.68551682300006,17.609436214000027],[121.68126577300006,17.588051436000057],[121.68240904200002,17.574101529000075],[121.68545637500006,17.569178914000076],[121.69092594800009,17.567303632000062],[121.69741129800002,17.570663512000067],[121.70108372600009,17.574335940000026],[121.71671493000008,17.601404218000027],[121.72156129500001,17.603770560000044],[121.72828956800004,17.603220926000063],[121.73331698000004,17.598722993000024],[121.74411184400003,17.57863778500007],[121.75505467000005,17.570999980000067],[121.76633021200007,17.56563568300004],[121.77517922400011,17.557764990000067],[121.7841661120001,17.538853450000033],[121.78851574600003,17.52549255400004]]]}}]}
