{"type":"FeatureCollection","source":{"dataset":"geoBoundaries gbOpen PHL ADM3","commit":"9469f09","license":"CC BY 3.0 IGO","boundary_year":2020,"url":"https://media.githubusercontent.com/media/wmgeolab/geoBoundaries/9469f09/releaseData/gbOpen/PHL/ADM3/geoBoundaries-PHL-ADM3_simplified.geojson","upstream_sources":["NAMRIA","PSA","OCHA Philippines"],"reference":"https://data.humdata.org/dataset/cod-ab-phl","psgc_reference":"https://psa.gov.ph/classification/psgc/provinces/0500000000","area_notes":"Bicol references use OCHA Philippines COD-AB v03 published polygon area_sqkm, converted to hectares for the importer comparison. These are polygon checks, not PSA LMB land-area totals. See docs/BICOL_BOUNDARY_SOURCES.md.","notice":"Approximate planning/reference boundaries, not legal, cadastral, or survey-grade."},"features":[{"type":"Feature","properties":{"shapeName":"Baao","shapeISO":"","shapeID":"30758251B83742421641730","shapeGroup":"PHL","shapeType":"ADM3","psgc_code":"0501701000","legacy_psgc_code":"051701000","province":"Camarines Sur"},"geometry":{"type":"Polygon","coordinates":[[[123.40897022200011,13.532492889000025],[123.40876668400006,13.535081123000055],[123.41150657000003,13.538766963000057],[123.40912257800005,13.539385808000077],[123.41050812800006,13.540429672000073],[123.40851716100008,13.543360513000039],[123.39851503200009,13.54436387100003],[123.39702247200012,13.545661804000076],[123.39373305400011,13.542340938000052],[123.39308555800005,13.538893227000074],[123.38660126700006,13.537164123000025],[123.38439693700002,13.537326593000046],[123.38154473300006,13.539898853000068],[123.37953988400011,13.538163981000025],[123.37946282400003,13.540759071000025],[123.37581604900004,13.542210208000029],[123.37114775000009,13.538434823000046],[123.36858022800004,13.542178410000076],[123.3677841760001,13.539916774000062],[123.36483723900005,13.539554378000048],[123.35137660800001,13.529199821000077],[123.35006167900008,13.527542030000063],[123.3520439350001,13.52515629100003],[123.35045138100008,13.524033080000038],[123.35271163100003,13.522701724000058],[123.3494443080001,13.521472864000032],[123.3479551900001,13.516329830000075],[123.33954682100011,13.512921765000044],[123.31903247100001,13.494897240000057],[123.31801542500011,13.495241572000054],[123.31858241300006,13.489203037000038],[123.31574224300005,13.476218637000045],[123.32362814700002,13.475526484000056],[123.32350006600007,13.471659756000065],[123.32649534900008,13.470455283000035],[123.32853474800004,13.471686070000032],[123.33501462400011,13.467415188000075],[123.33119469500002,13.463990343000034],[123.32238831500001,13.462940767000077],[123.3193330260001,13.459186482000064],[123.3158355280001,13.458124535000024],[123.31280640200009,13.458981780000045],[123.31013750900001,13.441109102000041],[123.30658765800001,13.439912612000057],[123.30654653600004,13.436486657000046],[123.3038198590001,13.434354318000032],[123.30689847600001,13.429259940000065],[123.3065048090001,13.425539445000027],[123.307313571,13.427194847000067],[123.3081161020001,13.425519717000043],[123.31186720000005,13.427941947000022],[123.31320894800001,13.426612181000053],[123.32865995200007,13.432758467000042],[123.3498752590001,13.427624712000068],[123.35392812600003,13.429160325000055],[123.36513414500007,13.42767109700003],[123.39572074500006,13.430899338000074],[123.39467929200009,13.433295139000052],[123.3958245660001,13.435672915000055],[123.39131196300002,13.442176610000047],[123.39335368000002,13.444388780000054],[123.39400447000003,13.451172176000057],[123.391675856,13.451053568000077],[123.39671030000011,13.455956408000077],[123.39969202400005,13.456175359000042],[123.39807138200001,13.460746759000074],[123.404860245,13.462663509000038],[123.40437984300002,13.46507755500005],[123.40736278000008,13.468237566000028],[123.40658271500001,13.472369766000043],[123.40925805300003,13.473286763000033],[123.40885255300009,13.47534545700006],[123.41074652600003,13.476758109000059],[123.40873798100006,13.479367111000045],[123.41048856900011,13.481657134000045],[123.417385222,13.48391934500006],[123.41895937200002,13.48711815400003],[123.42044731100009,13.487293747000024],[123.41719952500011,13.489854148000063],[123.41710928300006,13.491791998000053],[123.41873615600002,13.49187213700003],[123.41833838500008,13.49410006100004],[123.42106499700003,13.495705440000052],[123.42136604200005,13.505707564000033],[123.41717215000006,13.512557402000027],[123.41692683200006,13.516655332000028],[123.41541640200012,13.516241745000059],[123.41463999200005,13.519095864000064],[123.41651948600008,13.520416531000023],[123.4160430720001,13.521980980000023],[123.41460644000006,13.523973572000045],[123.41004876900001,13.525608676000047],[123.41044052900008,13.531030126000076],[123.40897022200011,13.532492889000025]]]}},{"type":"Feature","properties":{"shapeName":"Balatan","shapeISO":"","shapeID":"30758251B20087067633208","shapeGroup":"PHL","shapeType":"ADM3","psgc_code":"0501702000","legacy_psgc_code":"051702000","province":"Camarines Sur"},"geometry":{"type":"Polygon","coordinates":[[[123.26617403800003,13.393466709000052],[123.2615194870001,13.392114243000037],[123.25928417800003,13.393207696000047],[123.25780187300006,13.39132475200006],[123.25351550200003,13.394003978000057],[123.25057353900002,13.393330043000049],[123.24893963500006,13.387479380000059],[123.24772415900009,13.386558857000068],[123.2445155480001,13.388163001000066],[123.24073315300006,13.38415281500005],[123.23785302700003,13.379512815000055],[123.2381265030001,13.37390072200003],[123.22485385200002,13.371741835000023],[123.2213403180001,13.366645817000062],[123.20759230300007,13.354244574000063],[123.20973636800011,13.352063947000033],[123.20992102000002,13.346300188000043],[123.21936894900011,13.334694287000048],[123.2254017790001,13.33167594400004],[123.23026085800007,13.322915098000067],[123.23735569200005,13.303181184000039],[123.23858758600011,13.290379663000067],[123.24684229900004,13.287204627000051],[123.25018385800001,13.291545303000078],[123.24899461300004,13.292809714000043],[123.25012607500003,13.294060702000024],[123.24855307300004,13.294060564000063],[123.24802789400007,13.296218880000026],[123.24974876800002,13.296154203000071],[123.25081343900001,13.299367754000059],[123.2516050380001,13.297811594000052],[123.25361369600012,13.29887945300004],[123.25181760700002,13.300627815000041],[123.25417443200001,13.30227231300006],[123.2529314840001,13.303522857000075],[123.25403361200006,13.304612058000032],[123.25508688500008,13.30332302100004],[123.25593920400001,13.304009299000029],[123.25523281900007,13.307702407000022],[123.257300944,13.308771661000037],[123.25513956400005,13.312460028000032],[123.25610981200009,13.31381366900007],[123.2577912810001,13.312700261000032],[123.25903425000001,13.313658960000055],[123.257321982,13.315737643000034],[123.26063158400007,13.316283258000055],[123.2627545150001,13.314918736000038],[123.26610223000012,13.316868700000043],[123.27342265300001,13.328394670000023],[123.29023665200009,13.340067001000023],[123.29084018500009,13.345674244000065],[123.29643347400008,13.359874454000021],[123.29423537200012,13.36347399300007],[123.28567532500006,13.367243918000042],[123.27777146000005,13.383586318000027],[123.26690224100003,13.391300690000037],[123.26617403800003,13.393466709000052]]]}},{"type":"Feature","properties":{"shapeName":"Bato","shapeISO":"","shapeID":"30758251B25061359196597","shapeGroup":"PHL","shapeType":"ADM3","psgc_code":"0501703000","legacy_psgc_code":"051703000","province":"Camarines Sur"},"geometry":{"type":"Polygon","coordinates":[[[123.24684229900004,13.287204627000051],[123.25207888600005,13.278273870000021],[123.25741794900011,13.275138949000052],[123.26377960200011,13.26739328900004],[123.27494172800004,13.263459574000024],[123.28127328200003,13.258541065000031],[123.28296083700002,13.260568972000044],[123.28060600200001,13.263704974000063],[123.28522357100007,13.26951265100007],[123.29826975200001,13.27637715000003],[123.31225141000004,13.287249039000073],[123.33555191200003,13.294827203000068],[123.3526878670001,13.306672606000063],[123.34840619400006,13.313585930000045],[123.34944659200005,13.320135623000056],[123.3467154550001,13.320250009000063],[123.34625460200004,13.316078251000022],[123.34369136500004,13.315465370000027],[123.34136777200001,13.316939809000075],[123.34203672300009,13.313602537000065],[123.33981147300005,13.31136847700003],[123.33573050600012,13.31095762800004],[123.33474124300005,13.31160249900006],[123.33571568000002,13.31869599600003],[123.32718364700008,13.327270271000032],[123.33026744200004,13.334653611000022],[123.3306609340001,13.34173650200006],[123.33292006700003,13.347676081000031],[123.34140162100005,13.357780860000048],[123.35588633700002,13.358050742000046],[123.37347123000006,13.348629537000022],[123.37955195900008,13.343469870000035],[123.38016205800011,13.339277826000057],[123.37533964900001,13.339530739000054],[123.37310651700011,13.338789702000042],[123.37317003100009,13.33751864900006],[123.38182927900004,13.337122470000054],[123.38337582500003,13.335821211000052],[123.38664841400009,13.340177719000053],[123.39259550500003,13.341061079000042],[123.39639939800009,13.339194464000059],[123.39879749300007,13.334653747000061],[123.40378621700006,13.330119497000055],[123.4010343010001,13.337831687000062],[123.40301770700012,13.342433545000063],[123.40177709300008,13.345418694000045],[123.40645509100011,13.347575831000029],[123.40857270400011,13.346344061000025],[123.40952089100006,13.343372674000022],[123.41337047700006,13.347736961000066],[123.40370822600005,13.358596860000034],[123.4030022820001,13.363113751000071],[123.39501719700002,13.36578689700002],[123.373939919,13.365485385000056],[123.33699810000007,13.368599213000039],[123.30602300400005,13.359024441000031],[123.29643347400008,13.359874454000021],[123.29084018500009,13.345674244000065],[123.29023665200009,13.340067001000023],[123.27342265300001,13.328394670000023],[123.26610223000012,13.316868700000043],[123.2627545150001,13.314918736000038],[123.26063158400007,13.316283258000055],[123.257321982,13.315737643000034],[123.25903425000001,13.313658960000055],[123.2577912810001,13.312700261000032],[123.25610981200009,13.31381366900007],[123.25513956400005,13.312460028000032],[123.257300944,13.308771661000037],[123.25523281900007,13.307702407000022],[123.25593920400001,13.304009299000029],[123.25508688500008,13.30332302100004],[123.25403361200006,13.304612058000032],[123.2529314840001,13.303522857000075],[123.25417443200001,13.30227231300006],[123.25181760700002,13.300627815000041],[123.25361369600012,13.29887945300004],[123.2516050380001,13.297811594000052],[123.25081343900001,13.299367754000059],[123.24974876800002,13.296154203000071],[123.24802789400007,13.296218880000026],[123.24855307300004,13.294060564000063],[123.25012607500003,13.294060702000024],[123.24899461300004,13.292809714000043],[123.25018385800001,13.291545303000078],[123.24684229900004,13.287204627000051]]]}},{"type":"Feature","properties":{"shapeName":"Bombon","shapeISO":"","shapeID":"30758251B14591039015578","shapeGroup":"PHL","shapeType":"ADM3","psgc_code":"0501704000","legacy_psgc_code":"051704000","province":"Camarines Sur"},"geometry":{"type":"Polygon","coordinates":[[[123.28548857900012,13.672370147000038],[123.28667119900001,13.67389283600005],[123.28436774500005,13.676492411000027],[123.2820275900001,13.676029173000074],[123.28172238600007,13.678584064000063],[123.27886033000004,13.678733118000025],[123.27538842600006,13.682369506000043],[123.27343517100007,13.681030617000033],[123.27018847500005,13.682219243000077],[123.26442550000002,13.681294617000049],[123.25674308600003,13.678753896000046],[123.2526837690001,13.68181699300004],[123.24721019600008,13.683692932000042],[123.24495847900005,13.683045113000048],[123.243383074,13.684909638000022],[123.23702159900006,13.686082244000033],[123.23695774900011,13.687373103000027],[123.23212858300008,13.688205461000052],[123.23154276800005,13.689574454000024],[123.22878554800002,13.689056839000045],[123.21850392500005,13.694730667000044],[123.18276535200005,13.692740438000044],[123.16748037400009,13.696224889000064],[123.15075882000008,13.702867858000047],[123.14692634300002,13.702963714000077],[123.13414658300007,13.707527828000025],[123.13321867400009,13.70657555200006],[123.13281392400006,13.70813098900004],[123.12983266600008,13.709177668000052],[123.12847170400005,13.706832890000044],[123.12634639300006,13.706342670000026],[123.12507884200011,13.701636907000022],[123.1307585190001,13.700469247000058],[123.14792322000005,13.687530116000062],[123.16158474000008,13.681782148000025],[123.17437107900003,13.680993339000054],[123.18513709800004,13.676998860000026],[123.2030545240001,13.673068215000058],[123.20654472300009,13.67388967200003],[123.21155398000008,13.672350772000073],[123.21457427700011,13.668275039000036],[123.21900926700005,13.66775477400006],[123.2410321530001,13.666416561000062],[123.25125033000006,13.667898391000051],[123.2550169210001,13.670084244000066],[123.26363851600001,13.670840803000033],[123.26512688900004,13.67012204200006],[123.26264759600008,13.665204790000075],[123.28548857900012,13.672370147000038]]]}},{"type":"Feature","properties":{"shapeName":"Buhi","shapeISO":"","shapeID":"30758251B40011294763010","shapeGroup":"PHL","shapeType":"ADM3","psgc_code":"0501705000","legacy_psgc_code":"051705000","province":"Camarines Sur"},"geometry":{"type":"Polygon","coordinates":[[[123.54560845100002,13.516697864000037],[123.54086874500001,13.516697864000037],[123.53292995100003,13.519904092000047],[123.52009417800002,13.519454448000033],[123.51347890900001,13.523749070000065],[123.5018274680001,13.520013790000064],[123.49809599500009,13.520408976000056],[123.48110946100007,13.498095052000053],[123.46303737700009,13.487690913000051],[123.45672219700009,13.477503389000049],[123.45380560600006,13.448376792000033],[123.45762397500005,13.442445554000074],[123.46671942900002,13.387998418000052],[123.46619650600007,13.362437040000032],[123.46802729700005,13.363971094000021],[123.4694048980001,13.361998801000027],[123.47216685100011,13.361384272000066],[123.47334236400002,13.362460656000053],[123.47277601600001,13.365974120000033],[123.48000446300011,13.360419687000046],[123.48171694100006,13.362417581000045],[123.48097808500006,13.367458258000056],[123.48245786700011,13.36807873500004],[123.48424536000005,13.365932186000066],[123.48404759800007,13.361406600000066],[123.4865865490001,13.358845893000023],[123.4903601420001,13.364648287000023],[123.49383574500007,13.361898781000036],[123.49391575900006,13.36036563700003],[123.49086895300002,13.355739983000035],[123.49278101800007,13.352047169000059],[123.48986447000004,13.350148937000029],[123.49227447600003,13.349919747000058],[123.49379612100006,13.344597269000076],[123.49924205700006,13.344551700000068],[123.50109077400009,13.341147253000031],[123.50459555100008,13.339948449000076],[123.504757573,13.345094721000066],[123.50639090100003,13.344835462000049],[123.50902235900003,13.347465920000047],[123.51568674200007,13.347789067000065],[123.5180531210001,13.35027923900003],[123.51941464200002,13.348448929000028],[123.52244858000006,13.352235688000064],[123.52706200400007,13.353745079000078],[123.5343793610001,13.349674011000047],[123.53688841500002,13.350198510000041],[123.53767392400005,13.353357803000051],[123.55164868700001,13.352808077000077],[123.5568097470001,13.35576229000003],[123.55974349100006,13.360683734000077],[123.56718921700008,13.36506693900003],[123.57150571400007,13.36533662200003],[123.56798881000009,13.371857841000065],[123.5770305320001,13.379295598000056],[123.58243122100009,13.395386389000066],[123.588063368,13.422057589000076],[123.58498847100009,13.438728501000071],[123.58129249100011,13.448367139000027],[123.57268960300007,13.458021292000069],[123.55664269700003,13.469524604000071],[123.54544748100011,13.48583663900007],[123.54328423700008,13.501666299000021],[123.54560845100002,13.516697864000037]]]}},{"type":"Feature","properties":{"shapeName":"Bula","shapeISO":"","shapeID":"30758251B33307504465511","shapeGroup":"PHL","shapeType":"ADM3","psgc_code":"0501706000","legacy_psgc_code":"051706000","province":"Camarines Sur"},"geometry":{"type":"Polygon","coordinates":[[[123.31280640200009,13.458981780000045],[123.30576236800005,13.459354382000072],[123.30233158800002,13.457669241000076],[123.29672624500006,13.467127614000049],[123.29766819300005,13.469671757000071],[123.30243520200008,13.473900439000033],[123.30782003900003,13.473846847000061],[123.3112593190001,13.474608828000044],[123.31168109100008,13.476048849000051],[123.31574224300005,13.476218637000045],[123.31858241300006,13.489203037000038],[123.31801542500011,13.495241572000054],[123.31903247100001,13.494897240000057],[123.33954682100011,13.512921765000044],[123.3479551900001,13.516329830000075],[123.3494443080001,13.521472864000032],[123.35271163100003,13.522701724000058],[123.35045138100008,13.524033080000038],[123.3520439350001,13.52515629100003],[123.35006167900008,13.527542030000063],[123.35137660800001,13.529199821000077],[123.34577056600006,13.528136414000073],[123.34615732300006,13.529337995000049],[123.343665686,13.531912261000059],[123.3456015370001,13.535118748000059],[123.34234473400011,13.534099024000056],[123.33787610800005,13.538089900000045],[123.33505939400004,13.535917079000058],[123.33047355100007,13.538786820000041],[123.32574086400007,13.53539672100004],[123.32090856900004,13.538126188000035],[123.31986540600008,13.53571747500007],[123.32101986900011,13.533517750000044],[123.31801747400004,13.530930772000033],[123.31822956200006,13.527213423000035],[123.3126469980001,13.527369732000068],[123.3126069010001,13.524448456000073],[123.30584842700011,13.524988484000062],[123.30355747100009,13.523161646000062],[123.30271124900003,13.525551832000076],[123.29687910500002,13.526976030000071],[123.29917129300009,13.528981441000042],[123.29537376500002,13.529882497000074],[123.29377413800012,13.529342468000038],[123.29464831000007,13.52748405400007],[123.2920817050001,13.52558126100007],[123.2875420150001,13.524463941000022],[123.2882120810001,13.521072013000037],[123.27520441200011,13.521715794000045],[123.269196211,13.517193555000063],[123.26652247600009,13.518648262000056],[123.26107427600004,13.517570498000055],[123.25841388900005,13.511478595000028],[123.25150371500001,13.508293821000052],[123.24841223800001,13.50842769600007],[123.24554623900008,13.505550584000048],[123.24089881800012,13.50550619300003],[123.23778500900005,13.501697627000055],[123.23317994100012,13.502309168000068],[123.22847455300007,13.497782689000076],[123.22263389400007,13.49762815300005],[123.21828854700004,13.495255773000054],[123.22177661900002,13.494333624000035],[123.22241811300012,13.486213292000059],[123.19072613100002,13.465796957000066],[123.20456941200007,13.441467731000046],[123.2102227470001,13.424542795000036],[123.21425032000002,13.417259391000073],[123.21501465300003,13.412913807000052],[123.21230892400001,13.411445883000056],[123.21089701800008,13.411321735000058],[123.21015977800005,13.414022243000034],[123.20879385,13.413571897000054],[123.2083892280001,13.414768726000034],[123.20726983500003,13.413313319000054],[123.2054350190001,13.413870435000035],[123.20483835200002,13.412243631000024],[123.2031791490001,13.413972632000025],[123.20361141400008,13.41292710600004],[123.20156787000008,13.412014742000054],[123.19953161500007,13.409772494000038],[123.19972257500001,13.406049727000038],[123.20506197400005,13.402275574000043],[123.20493661400008,13.400645548000057],[123.20287645200005,13.400220779000051],[123.20654991100002,13.398305629000049],[123.20735292100005,13.39574770400003],[123.20664827200005,13.392692843000077],[123.20083983400002,13.388385794000044],[123.20393013400007,13.383647386000064],[123.20850249800003,13.370942306000074],[123.20794175200001,13.368774401000053],[123.20584540700008,13.367837990000055],[123.20515115700005,13.361196146000054],[123.20759230300007,13.354244574000063],[123.2213403180001,13.366645817000062],[123.22485385200002,13.371741835000023],[123.2381265030001,13.37390072200003],[123.23785302700003,13.379512815000055],[123.24073315300006,13.38415281500005],[123.2445155480001,13.388163001000066],[123.24772415900009,13.386558857000068],[123.24893963500006,13.387479380000059],[123.25057353900002,13.393330043000049],[123.25351550200003,13.394003978000057],[123.25780187300006,13.39132475200006],[123.25928417800003,13.393207696000047],[123.2615194870001,13.392114243000037],[123.26617403800003,13.393466709000052],[123.26888840300012,13.399973660000057],[123.27529544400011,13.403017822000038],[123.2761529180001,13.405128595000065],[123.28016569600004,13.40421864600006],[123.27946529100007,13.406212851000078],[123.282438898,13.40734313300004],[123.284546,13.405363407000038],[123.28639744300006,13.407124414000066],[123.28838267800006,13.405653095000048],[123.28882102900002,13.408150393000028],[123.29008481900007,13.407683418000033],[123.28875922200007,13.408942534000062],[123.28885770000011,13.413244461000033],[123.2904275940001,13.413155150000023],[123.28929197800005,13.412303330000043],[123.29159152700004,13.410530795000057],[123.29267708500004,13.413096236000058],[123.29417701700004,13.41283577400003],[123.29337778400009,13.41153534600005],[123.29508452700009,13.411849754000059],[123.29430635100005,13.410011547000067],[123.29627522700002,13.408085049000022],[123.29816166600006,13.408339541000032],[123.2967398290001,13.408941450000043],[123.29720806500006,13.410203126000056],[123.30128885700003,13.40883216800006],[123.303454385,13.412244861000033],[123.30176308000011,13.414028427000062],[123.30513618600003,13.415480951000063],[123.30552369100008,13.417104613000049],[123.30785238700003,13.415093384000045],[123.30788255400012,13.412574294000024],[123.30941156000006,13.412540438000065],[123.309660387,13.416430941000044],[123.31122435300006,13.41745959900004],[123.30952406600011,13.418479056000024],[123.31210405600007,13.421289160000072],[123.31059895400006,13.42491055000005],[123.31295911200004,13.425145066000027],[123.31320894800001,13.426612181000053],[123.31186720000005,13.427941947000022],[123.3081161020001,13.425519717000043],[123.307313571,13.427194847000067],[123.3065048090001,13.425539445000027],[123.30689847600001,13.429259940000065],[123.3038198590001,13.434354318000032],[123.30654653600004,13.436486657000046],[123.30658765800001,13.439912612000057],[123.31013750900001,13.441109102000041],[123.31280640200009,13.458981780000045]]]}},{"type":"Feature","properties":{"shapeName":"Cabusao","shapeISO":"","shapeID":"30758251B48434085268731","shapeGroup":"PHL","shapeType":"ADM3","psgc_code":"0501707000","legacy_psgc_code":"051707000","province":"Camarines Sur"},"geometry":{"type":"Polygon","coordinates":[[[123.12634639300006,13.706342670000026],[123.1257053490001,13.71740956800005],[123.1232322730001,13.721664478000037],[123.12003810800002,13.721126771000058],[123.11605215700001,13.724768341000072],[123.11510511900008,13.728901868000037],[123.11624161800012,13.730153961000042],[123.1161399990001,13.728020443000048],[123.11808903200006,13.732955473000061],[123.1164341440001,13.737608255000055],[123.09344544400005,13.745856151000055],[123.04823509300002,13.773473409000076],[123.04549681300011,13.77686995700003],[123.04240458400011,13.774741963000054],[123.03252792300009,13.77582368800006],[123.02960160600003,13.774976452000033],[123.0186939680001,13.768873212000074],[123.01388624100002,13.76449857800003],[123.02268380800001,13.761037146000035],[123.05398580500002,13.733565561000034],[123.05565330500008,13.73449873900006],[123.05810261400006,13.733028510000054],[123.05947574800007,13.734422153000025],[123.06509580000011,13.73133272800004],[123.0815736830001,13.718128114000024],[123.09805158300003,13.714190674000065],[123.10084987100004,13.71223503400006],[123.10214162600005,13.713124293000021],[123.1013847480001,13.711758230000044],[123.10255903300003,13.710733254000047],[123.10567493000008,13.711898861000066],[123.10863079100011,13.70742204000004],[123.11038250600006,13.707405815000072],[123.10983023400001,13.708805987000062],[123.11180802000001,13.707194738000055],[123.10935535700003,13.706741710000074],[123.11061048800002,13.705320485000072],[123.10972922300004,13.704414721000035],[123.11169559200005,13.704595261000065],[123.11265155700005,13.702342501000032],[123.11396338300005,13.702918834000059],[123.11329294000006,13.701206617000025],[123.1166614980001,13.701298608000059],[123.11587564000001,13.702970568000069],[123.11850514900004,13.703608229000054],[123.12209085100005,13.701295139000024],[123.12507884200011,13.701636907000022],[123.12634639300006,13.706342670000026]]]}},{"type":"Feature","properties":{"shapeName":"Calabanga","shapeISO":"","shapeID":"30758251B85876225109747","shapeGroup":"PHL","shapeType":"ADM3","psgc_code":"0501708000","legacy_psgc_code":"051708000","province":"Camarines Sur"},"geometry":{"type":"MultiPolygon","coordinates":[[[[123.25718903600011,13.744963079000058],[123.25572991000001,13.746274802000073],[123.25609454300002,13.74465697900007],[123.25718903600011,13.744963079000058]]],[[[123.24460906600007,13.748627179000039],[123.24236687600012,13.74768281200005],[123.24425535400007,13.741329940000071],[123.24386708400004,13.744876540000064],[123.24654742100006,13.746958930000062],[123.24460906600007,13.748627179000039]]],[[[123.27092246400002,13.768776982000077],[123.27054589300008,13.770716496000034],[123.2675887360001,13.771399689000077],[123.27092246400002,13.768776982000077]]],[[[123.28548857900012,13.672370147000038],[123.29194704500003,13.67298190400004],[123.29450854900006,13.669675639000047],[123.30269445500005,13.674295123000036],[123.3253712610001,13.674360222000075],[123.36644016100001,13.660110209000038],[123.3764742400001,13.655068811000035],[123.37799061900012,13.683358352000027],[123.37623296200002,13.691830648000064],[123.36617999500004,13.697490713000036],[123.35754650400008,13.706697734000045],[123.35044337200009,13.71703791400006],[123.3489169820001,13.72419338900005],[123.34685031100003,13.725256785000056],[123.34378435400004,13.732135781000068],[123.33953195800007,13.73346136400005],[123.33774011900005,13.735511875000043],[123.33376392500008,13.734978703000024],[123.33316888700006,13.736186429000043],[123.3297795100001,13.734978950000027],[123.3284741120001,13.742993475000048],[123.32661212900007,13.741323412000042],[123.32658265200007,13.743353073000037],[123.3224636860001,13.74144939100006],[123.32093784000006,13.742116596000074],[123.3201714700001,13.740317755000035],[123.31860032600002,13.741937265000047],[123.31405621600004,13.739690428000074],[123.31033418000004,13.74169231600007],[123.3105551760001,13.743551273000037],[123.30683789700004,13.746846560000051],[123.30365738500007,13.746073043000024],[123.30431548700005,13.748999832000038],[123.30190291500003,13.751880897000035],[123.30470815300009,13.753411932000063],[123.30600999400008,13.758290130000034],[123.30170038000006,13.765408538000031],[123.2958190380001,13.770087028000034],[123.29626745100006,13.773501752000072],[123.29371869300007,13.77447803800004],[123.29252564800004,13.776652839000064],[123.29131901200003,13.775724313000069],[123.29225599500012,13.772545667000031],[123.2855930820001,13.771162401000026],[123.28865698100003,13.770295156000032],[123.28909871700012,13.766520064000076],[123.28502434200004,13.765050400000064],[123.27976807300001,13.75633431700004],[123.2785489580001,13.75722827800007],[123.27870586600011,13.753835178000031],[123.27433009600009,13.748809754000035],[123.26879846200006,13.745348787000069],[123.25125008900011,13.740263890000051],[123.25081659200009,13.738958988000036],[123.24263768000003,13.740386357000034],[123.24160812500008,13.742750639000064],[123.2407532950001,13.739424629000041],[123.24408611500007,13.737520306000022],[123.24378078300003,13.734377952000045],[123.23490983200008,13.730437639000058],[123.2053409990001,13.72735375600007],[123.15690371300002,13.73090968400004],[123.135637631,13.729729372000065],[123.12289372700002,13.727434262000031],[123.12606148000009,13.722184365000032],[123.1232322730001,13.721664478000037],[123.1257053490001,13.71740956800005],[123.12634639300006,13.706342670000026],[123.12847170400005,13.706832890000044],[123.12983266600008,13.709177668000052],[123.13281392400006,13.70813098900004],[123.13321867400009,13.70657555200006],[123.13414658300007,13.707527828000025],[123.14692634300002,13.702963714000077],[123.15075882000008,13.702867858000047],[123.16748037400009,13.696224889000064],[123.18276535200005,13.692740438000044],[123.21850392500005,13.694730667000044],[123.22878554800002,13.689056839000045],[123.23154276800005,13.689574454000024],[123.23212858300008,13.688205461000052],[123.23695774900011,13.687373103000027],[123.23702159900006,13.686082244000033],[123.243383074,13.684909638000022],[123.24495847900005,13.683045113000048],[123.24721019600008,13.683692932000042],[123.2526837690001,13.68181699300004],[123.25674308600003,13.678753896000046],[123.26442550000002,13.681294617000049],[123.27018847500005,13.682219243000077],[123.27343517100007,13.681030617000033],[123.27538842600006,13.682369506000043],[123.27886033000004,13.678733118000025],[123.28172238600007,13.678584064000063],[123.2820275900001,13.676029173000074],[123.28436774500005,13.676492411000027],[123.28667119900001,13.67389283600005],[123.28548857900012,13.672370147000038]]],[[[123.27843214100005,13.776917067000056],[123.26830085000006,13.775269110000067],[123.272314993,13.77364218300005],[123.27716466700008,13.776709321000055],[123.27949496800011,13.776514624000072],[123.27843214100005,13.776917067000056]]]]}},{"type":"Feature","properties":{"shapeName":"Camaligan","shapeISO":"","shapeID":"30758251B44874081828887","shapeGroup":"PHL","shapeType":"ADM3","psgc_code":"0501709000","legacy_psgc_code":"051709000","province":"Camarines Sur"},"geometry":{"type":"Polygon","coordinates":[[[123.17771383500008,13.631836876000023],[123.17595549300006,13.63262078300005],[123.16601220200005,13.630110087000048],[123.16124486100011,13.627127036000047],[123.15799957000002,13.631059379000021],[123.13789766800005,13.632196665000038],[123.138547947,13.618749384000068],[123.14665158800005,13.619778865000058],[123.15076275800004,13.623323218000053],[123.15240845500011,13.617992063000031],[123.16440720500009,13.618964967000068],[123.16542494400005,13.61130410000004],[123.17284955700006,13.612325380000073],[123.17572547500004,13.61083459200006],[123.17749655700004,13.615918171000033],[123.17484443400008,13.617743140000073],[123.17643577500007,13.618356539000047],[123.17547290300001,13.619979723000029],[123.17696135100005,13.621450666000044],[123.17284881500007,13.626004928000043],[123.17814722500009,13.629626432000066],[123.17771383500008,13.631836876000023]]]}},{"type":"Feature","properties":{"shapeName":"Canaman","shapeISO":"","shapeID":"30758251B59508339277809","shapeGroup":"PHL","shapeType":"ADM3","psgc_code":"0501710000","legacy_psgc_code":"051710000","province":"Camarines Sur"},"geometry":{"type":"Polygon","coordinates":[[[123.17771383500008,13.631836876000023],[123.19027411000002,13.647522990000027],[123.1947708990001,13.64633307500003],[123.19634300500002,13.649803529000053],[123.2007232090001,13.65326794400005],[123.19660652000005,13.652467279000064],[123.19253025900002,13.653880857000047],[123.16821330800008,13.655626311000049],[123.16574854600003,13.660882574000027],[123.13098273900005,13.66581917800005],[123.111868791,13.664630258000045],[123.10448707300009,13.662862156000074],[123.0937431100001,13.663807504000033],[123.09215232200006,13.66594974800006],[123.0869461100001,13.66050374300005],[123.07233236400009,13.663374713000053],[123.0694699280001,13.659607825000023],[123.07071371600011,13.655587859000036],[123.0780069330001,13.64792890800004],[123.08398603300009,13.644278],[123.09081954900012,13.644961458000068],[123.10250069300002,13.650675802000023],[123.1119186090001,13.650319663000062],[123.10878925400004,13.642994229000067],[123.11139658000002,13.632264913000029],[123.10453751600005,13.626419535000025],[123.101181558,13.616914594000036],[123.10270138400006,13.609570914000074],[123.10919804000002,13.611308915000052],[123.11866556100006,13.61737454300004],[123.121677524,13.617676506000066],[123.12870842500001,13.615014920000021],[123.138547947,13.618749384000068],[123.13789766800005,13.632196665000038],[123.15799957000002,13.631059379000021],[123.16124486100011,13.627127036000047],[123.16601220200005,13.630110087000048],[123.17595549300006,13.63262078300005],[123.17771383500008,13.631836876000023]]]}},{"type":"Feature","properties":{"shapeName":"Caramoan","shapeISO":"","shapeID":"30758251B12412533731052","shapeGroup":"PHL","shapeType":"ADM3","psgc_code":"0501711000","legacy_psgc_code":"051711000","province":"Camarines Sur"},"geometry":{"type":"MultiPolygon","coordinates":[[[[123.99613046500008,13.713813539000057],[123.9973064080001,13.712103865000074],[123.99589681900011,13.71255553800006],[123.9948254740001,13.71093305900007],[123.99874222500011,13.71156643300003],[123.99613046500008,13.713813539000057]]],[[[124.00057222300006,13.715141839000069],[123.9991442910001,13.714319419000049],[124.00084385100001,13.711527471000068],[124.00233313400008,13.71328846800003],[124.00057222300006,13.715141839000069]]],[[[123.98165551700004,13.727270672000031],[123.97978787200009,13.726689823000072],[123.9818488190001,13.725108096000042],[123.98283472600008,13.726058540000054],[123.98165551700004,13.727270672000031]]],[[[123.9907766770001,13.776403965000043],[123.99012373300002,13.773240758000043],[123.9919435060001,13.771503946000053],[123.99286698300011,13.774994913000057],[123.9907766770001,13.776403965000043]]],[[[123.94919789000005,13.778206517000058],[123.947695801,13.777281923000032],[123.94762939000009,13.77385255400003],[123.94987699600006,13.772299686000053],[123.95131136300006,13.772350967000023],[123.95257393700001,13.77485202300005],[123.953649057,13.77367468600005],[123.9543368410001,13.776498247000063],[123.9528344040001,13.77690774000007],[123.95236821500009,13.775108142000022],[123.95086826700003,13.775106118000053],[123.94919789000005,13.778206517000058]]],[[[123.98726291300011,13.793959985000072],[123.98417435100009,13.784881446000043],[123.988753169,13.782609145000038],[123.9904433260001,13.786557962000074],[123.98685361700007,13.791040484000064],[123.98726291300011,13.793959985000072]]],[[[123.89138402600008,13.805138925000051],[123.89027102800003,13.806242238000038],[123.8899739420001,13.803525739000065],[123.8912515720001,13.802936407000061],[123.89138402600008,13.805138925000051]]],[[[123.89501785900006,13.811950079000042],[123.8934496710001,13.810836348000066],[123.89420364900002,13.809255704000066],[123.8984960570001,13.810582392000072],[123.89839932000007,13.811949966000043],[123.89501785900006,13.811950079000042]]],[[[123.90658256800009,13.812573678000035],[123.90599647300007,13.811309810000068],[123.90802342900008,13.811500590000037],[123.90658256800009,13.812573678000035]]],[[[123.85605216400006,13.823423818000037],[123.8535425560001,13.823177092000037],[123.85337096800004,13.820510311000021],[123.85438997100005,13.819093590000023],[123.85415954000007,13.820073628000046],[123.85719702600011,13.82063850700007],[123.85555058600005,13.822001773000068],[123.85605216400006,13.823423818000037]]],[[[123.84920593700008,13.842840163000062],[123.84791016300005,13.842318673000022],[123.84765502100004,13.839122719000045],[123.84395169600009,13.839575027000024],[123.83923195700004,13.837867402000029],[123.84352482000008,13.836467860000027],[123.84111173400004,13.834120123000048],[123.84230721100005,13.832525195000073],[123.84694063600011,13.833497699000077],[123.84644486400009,13.831546239000033],[123.8480839450001,13.831391320000023],[123.84976742100002,13.827538984000057],[123.8521571010001,13.82805865000006],[123.85068431800005,13.834558713000035],[123.85292442900004,13.83846705600007],[123.84920593700008,13.842840163000062]]],[[[123.80563685600009,13.845292967000034],[123.80360773300004,13.842773625000063],[123.80646355800002,13.84427886800006],[123.80563685600009,13.845292967000034]]],[[[123.84095017000004,13.847884050000062],[123.83856887500008,13.847620234000033],[123.83742293900002,13.84487970300006],[123.83981952700003,13.842041786000038],[123.84274199000004,13.846524785000042],[123.84095017000004,13.847884050000062]]],[[[123.79967212000008,13.861433431000023],[123.79804076300002,13.861484507000057],[123.79957164000007,13.860120321000068],[123.80056450400002,13.860708334000037],[123.79967212000008,13.861433431000023]]],[[[123.82089754200001,13.863826305000032],[123.82002811600012,13.86187138200006],[123.82253637000008,13.86104313800007],[123.82089754200001,13.863826305000032]]],[[[123.86915704700004,13.864875833000042],[123.86703934900004,13.863676210000051],[123.86921135000011,13.862821170000075],[123.87170792800009,13.864714304000074],[123.86915704700004,13.864875833000042]]],[[[123.85646453200002,13.867024356000059],[123.85594398500007,13.868505910000067],[123.85579758400002,13.866369253000073],[123.85347509600001,13.865358756000035],[123.85604767900008,13.861835647000078],[123.85584492700002,13.859071936000078],[123.86265176500001,13.864131650000047],[123.85646453200002,13.867024356000059]]],[[[123.76376728700006,13.870460112000046],[123.76295875800008,13.869322624000063],[123.76123754000002,13.869836645000078],[123.76126835500008,13.867493546000048],[123.76522634700007,13.868568443000072],[123.76376728700006,13.870460112000046]]],[[[123.83848246900004,13.875109069000075],[123.83695403600007,13.86988715800004],[123.83939395400012,13.86668996900005],[123.84092302900001,13.872415291000038],[123.83848246900004,13.875109069000075]]],[[[123.80642105400011,13.87457403600007],[123.80650337800012,13.875665842000046],[123.80448812300006,13.87470386800004],[123.80773117000001,13.870941386000027],[123.80942674100004,13.873924411000075],[123.80642105400011,13.87457403600007]]],[[[123.83151093400011,13.881220579000058],[123.82902728300007,13.881222249000075],[123.82845658400004,13.87733766100007],[123.82413977700003,13.873485689000063],[123.83195869600002,13.87180291900006],[123.833236112,13.869508732000043],[123.8358487160001,13.874975641000049],[123.8321025570001,13.878557294000075],[123.83151093400011,13.881220579000058]]],[[[123.85581675300011,13.882684672000039],[123.85528531700004,13.883601399000042],[123.85281230100009,13.882447053000021],[123.85293091100004,13.880781640000066],[123.85121472600008,13.880755524000051],[123.85057070500011,13.872101221000037],[123.85052257500001,13.874297002000048],[123.84731275000001,13.871947226000032],[123.84560150800007,13.873684249000064],[123.8448452130001,13.87142149400006],[123.8426278930001,13.870825963000073],[123.84061612900007,13.865079422000065],[123.84326413600002,13.859941024000022],[123.845044013,13.862145757000064],[123.84755604600002,13.86188762100005],[123.84682682500011,13.859287621000021],[123.84947884700011,13.85669990100007],[123.85157566200007,13.857130561000076],[123.8497256610001,13.858879801000057],[123.84875307000004,13.863983616000041],[123.84938512100007,13.865911572000073],[123.85070304100009,13.865585846000045],[123.85153068800003,13.869560053000043],[123.8501910550001,13.871442355000056],[123.85213210300003,13.872529799000063],[123.85502015600002,13.879785377000076],[123.85782062300007,13.880145571000071],[123.85902453200003,13.881886307000059],[123.85581675300011,13.882684672000039]]],[[[123.83865319300003,13.885522738000077],[123.83537503200012,13.885592384000063],[123.83706390300006,13.883188289000032],[123.83674271100006,13.87706978600005],[123.839047305,13.87868575400006],[123.84149077400002,13.886095391000026],[123.84052282300001,13.884897096000032],[123.83865319300003,13.885522738000077]]],[[[123.74619104900012,13.886008356000048],[123.72444445500003,13.858819924000045],[123.7225879560001,13.855875568000044],[123.72308714400003,13.852334958000029],[123.72128687600002,13.851037753000071],[123.72013967600003,13.851827795000077],[123.71947005600009,13.846549179000021],[123.722056801,13.844363482000063],[123.71846710700004,13.844187987000055],[123.71735153300006,13.842928113000028],[123.71867717100008,13.841359073000035],[123.71745366300001,13.839649636000047],[123.71610432200009,13.840307160000066],[123.71525479800005,13.834174871000073],[123.7123622800001,13.833890458000042],[123.71298976900005,13.831843430000049],[123.71166886600008,13.829581265000058],[123.71298443500007,13.826288071000022],[123.71152644300003,13.822943579000025],[123.71284906700009,13.81941710600006],[123.71202289000007,13.817269166000074],[123.70746742100005,13.815127713000038],[123.707706744,13.813300507000065],[123.70599459900006,13.812902912000027],[123.7054391910001,13.810324681000054],[123.73266595200005,13.80188935600006],[123.74711266800011,13.78981789900007],[123.8216260480001,13.718714552000051],[123.83615290800003,13.697818785000038],[123.8388687910001,13.703904623000028],[123.84322756900008,13.70521708800004],[123.84636554400004,13.71090437600003],[123.85060298200005,13.713045325000053],[123.85390512300012,13.717579120000039],[123.85741845600012,13.718169260000025],[123.86115769600008,13.724319455000057],[123.86276089000012,13.724502739000059],[123.86199760700003,13.726952501000028],[123.85998029500001,13.727691038000046],[123.86017938000009,13.730676405000054],[123.86465858000008,13.731213586000024],[123.86708970100005,13.735078079000061],[123.86962776000007,13.736330122000027],[123.87082313700012,13.734543299000052],[123.86996859800001,13.73631380200004],[123.87102847200003,13.735280706000026],[123.87269764000007,13.737617052000076],[123.87579333100007,13.737378441000033],[123.87913934800008,13.733883295000055],[123.88093498100011,13.73734920000004],[123.88379387000009,13.738829016000068],[123.8840210830001,13.735672932000057],[123.88205896800002,13.733002635000048],[123.88677498600009,13.731321035000065],[123.88793822200012,13.72851842700004],[123.88990371000011,13.72969107700004],[123.88974368700008,13.72781311600005],[123.89196685900004,13.727752155000076],[123.89230487700002,13.729116869000052],[123.89318506900008,13.727672534000021],[123.89557084000012,13.728216374000056],[123.89642232900007,13.725669839000034],[123.89669211600005,13.72729905600005],[123.8985878090001,13.725550613000053],[123.89810541200006,13.727466305000064],[123.90034049000008,13.72552427900007],[123.9034255470001,13.72611186100005],[123.90493966600002,13.727700045000063],[123.90710813600003,13.727477485000065],[123.90818641900012,13.73004042100007],[123.91049832300007,13.730155099000058],[123.91372128900002,13.727654207000057],[123.919482334,13.727299189000064],[123.92273850100003,13.724413660000039],[123.9340990610001,13.719600709000076],[123.93326120600011,13.722895129000051],[123.92857914400008,13.725294613000074],[123.926968181,13.729526990000068],[123.92822647000003,13.731598786000063],[123.93686027700005,13.736675884000022],[123.93837795700006,13.732837619000065],[123.9428201390001,13.733270659000027],[123.94137564300001,13.731669714000077],[123.94342681100011,13.730237912000064],[123.94277142400006,13.728727680000077],[123.94702487400002,13.726585020000073],[123.94735397900001,13.725159011000073],[123.94805752900004,13.726354788000037],[123.94904991700002,13.724908067000058],[123.94954591300007,13.726886353000054],[123.95219583900007,13.72743749500006],[123.95480782300001,13.726849940000022],[123.95752075900009,13.723951758000055],[123.96490231700011,13.726398217000053],[123.96387537400005,13.724954552000042],[123.96476526700008,13.724120408000033],[123.96319876000007,13.723405354000022],[123.96554887700006,13.721074088000023],[123.9622286120001,13.717683934000036],[123.96399190200009,13.71443650200007],[123.9687759520001,13.713049934000026],[123.96886575200006,13.709010883000076],[123.97208703900003,13.714200154000025],[123.97174240800007,13.716163201000029],[123.9749950690001,13.716904032000059],[123.9742306060001,13.71778555800006],[123.97563065700001,13.718619970000077],[123.97365783700002,13.719886287000065],[123.9772502830001,13.722356621000074],[123.97150844400005,13.722046504000048],[123.96946036100007,13.72549127800005],[123.9707863430001,13.727063603000033],[123.96888160300011,13.72778849100007],[123.96779573200001,13.730610348000027],[123.96863959100006,13.731814651000036],[123.97049464000008,13.730985733000068],[123.97567772200011,13.739153953000027],[123.96692289400005,13.743792923000058],[123.9694903730001,13.753924145000042],[123.96727731300007,13.756495370000039],[123.96477396000012,13.756419466000068],[123.96118489700007,13.752341053000066],[123.95760737900002,13.75447433200003],[123.95806180200009,13.756001449000053],[123.95609834100003,13.755729522000024],[123.95552454300002,13.753809163000028],[123.95330231900004,13.754791131000047],[123.95175813700007,13.753644596000072],[123.950954668,13.75516484800005],[123.94869584300011,13.75319625000003],[123.94737259500005,13.754654627000036],[123.95221092300005,13.757294569000067],[123.954714523,13.761323592000053],[123.95215447600003,13.762457878000077],[123.95130026800007,13.765042650000055],[123.95287733900011,13.767603652000048],[123.95458627700009,13.76763135300007],[123.9500035750001,13.768866741000068],[123.94602410700008,13.768248314000061],[123.94373632400004,13.773298414000067],[123.93995420500005,13.77028397600003],[123.93706872200005,13.772455259000026],[123.93731270100011,13.773778304000075],[123.94067985200002,13.774394975000064],[123.94247269300001,13.776513489000024],[123.94473880300006,13.78437950500006],[123.9459403400001,13.784662816000036],[123.94711367100001,13.78202525100005],[123.94955056600008,13.784314669000025],[123.94827755800009,13.784508800000026],[123.94828715100005,13.786149586000022],[123.9443565790001,13.785749772000031],[123.94456899200009,13.789677107000045],[123.94108379800002,13.79576768100003],[123.93850825800007,13.79595155100003],[123.9382073920001,13.79407171400004],[123.9346512950001,13.79530730700003],[123.932517372,13.79310318000006],[123.93109694800012,13.793700221000051],[123.92819345100008,13.79028491300005],[123.92533290400002,13.792379072000074],[123.91879161000008,13.790874475000066],[123.917672519,13.792359160000046],[123.91670744200007,13.789997550000066],[123.91668822100007,13.791469629000062],[123.91443014200001,13.791986687000076],[123.91673565600001,13.79351708300004],[123.91467858700003,13.794473130000029],[123.9134388970001,13.79311821500005],[123.9128293220001,13.795228431000055],[123.91097278100005,13.794322258000022],[123.90840244700007,13.795538626000052],[123.90706364100004,13.794568408000032],[123.90124674100002,13.795402525000043],[123.8969642830001,13.79819119800004],[123.89160634900009,13.798786226000061],[123.88786111900004,13.802828360000035],[123.88819009400004,13.804520395000054],[123.88452978900011,13.803631259000042],[123.88425590600002,13.807609526000022],[123.88183821300004,13.806483244000049],[123.87972818500009,13.808334173000048],[123.87766617600005,13.811223415000029],[123.87736338000002,13.816442073000076],[123.86704009200002,13.825756424000076],[123.86360935300002,13.823706646000062],[123.86141181800008,13.819545308000045],[123.8590512510001,13.820242414000063],[123.85647428900006,13.818718269000044],[123.85663003800005,13.817378348000034],[123.85511801100006,13.818197535000024],[123.85457438200001,13.816350502000034],[123.85202696200008,13.815730501000075],[123.85186444300007,13.812089229000037],[123.8510172550001,13.81293069700007],[123.84852562100002,13.809933518000037],[123.84640995600012,13.81086117700005],[123.84737092500006,13.816316533000077],[123.84982252600003,13.817176915000061],[123.84888613500004,13.81825124200003],[123.84342825100009,13.815781523000055],[123.83785624900008,13.818876302000035],[123.83683664300008,13.822508939000045],[123.8359268480001,13.821428584000046],[123.83387309200009,13.822627127000032],[123.83336871000006,13.82157483900005],[123.83066768100002,13.82215658900003],[123.82901552300007,13.826346324000042],[123.8222139500001,13.824780858000054],[123.82305840600009,13.826550072000032],[123.82192963300008,13.827405284000065],[123.81876888900001,13.82773938300005],[123.81817209300004,13.82660407800006],[123.81523023600005,13.827785274000064],[123.81069344100001,13.832967285000052],[123.81092559000001,13.83480322400004],[123.80756264000001,13.835017798000024],[123.80321471100001,13.840545912000039],[123.80161418300008,13.840765518000069],[123.80216600200004,13.847247871000036],[123.8010742890001,13.846022493000078],[123.80036259100007,13.847556031000067],[123.79899675700005,13.845968612000036],[123.79751473500005,13.84680598400007],[123.7938265040001,13.842536955000071],[123.79306272200006,13.84406531600007],[123.79223714400007,13.842395174000046],[123.79101134500002,13.844196405000048],[123.78598178200002,13.84610168200004],[123.785118656,13.84404071800003],[123.78332616000012,13.843609273000027],[123.78421440700004,13.846378152000057],[123.78133765600012,13.849433573000056],[123.7789627950001,13.850944845000072],[123.77492220400006,13.850487635000036],[123.77840989200001,13.85302596400004],[123.77913761700006,13.857315189000076],[123.781385698,13.860398447000023],[123.77821177400006,13.858948066000039],[123.7771523670001,13.860880719000022],[123.7780106240001,13.862114120000058],[123.77338219600006,13.862054899000043],[123.77313959700007,13.859452564000037],[123.77470665900012,13.85833780400003],[123.77261398400003,13.857984981000072],[123.76709939000011,13.859681115000058],[123.76449612600004,13.863490991000049],[123.7594460040001,13.863953926000022],[123.75845597400007,13.866203595000059],[123.75495166700011,13.868244808000043],[123.75164554900005,13.880422363000037],[123.74619104900012,13.886008356000048]]],[[[123.85660977700002,13.88691420400005],[123.85383142700005,13.88660991300003],[123.8486161840001,13.882653491000042],[123.85660977700002,13.88691420400005]]],[[[123.7871080330001,13.89075684900007],[123.785563668,13.890677802000027],[123.78403692300003,13.88615750100007],[123.78078473700009,13.885047177000047],[123.77960972000005,13.886210432000041],[123.77918830900012,13.884901676000027],[123.78390900500006,13.879416075000051],[123.7868515340001,13.877531956000041],[123.78961048500003,13.877601898000023],[123.78760904700005,13.873374462000072],[123.78862448400002,13.87133903800003],[123.78540470400003,13.871550759000058],[123.78597593300003,13.868259643000044],[123.78984574900005,13.867817961000071],[123.7917302950001,13.872760751000044],[123.79335084000002,13.871541389000072],[123.796351608,13.873456012000076],[123.79339413800005,13.879298413000072],[123.78892754000003,13.88271226300003],[123.78922068200006,13.884628923000037],[123.78615201800005,13.887652003000028],[123.7871080330001,13.89075684900007]]],[[[123.85199347600008,13.950391786000068],[123.84749070400005,13.949749556000029],[123.84393129400007,13.947188308000023],[123.84805204600002,13.946469532000037],[123.85388965000004,13.950318396000057],[123.85199347600008,13.950391786000068]]],[[[123.81296659800012,13.961182188000066],[123.81230325000001,13.959407105000025],[123.81431990200008,13.95808143000005],[123.81296659800012,13.961182188000066]]],[[[123.78210449200003,13.96087646500007],[123.78070068400007,13.962707520000038],[123.77850341800001,13.961914063000052],[123.78112793000003,13.960083008000026],[123.78210449200003,13.96087646500007]]],[[[123.85915545400007,13.967098689000068],[123.8552693360001,13.965790644000037],[123.85367640200002,13.963067335000062],[123.855248447,13.961699109000051],[123.8541875620001,13.958048193000025],[123.85537589800003,13.957472718000076],[123.8580737850001,13.959249948000036],[123.858657289,13.957380859000068],[123.86110518200007,13.957504540000059],[123.8596844650001,13.953858321000041],[123.86088671200002,13.953267319000076],[123.85744651200002,13.949015211000074],[123.86528257400005,13.951578203000054],[123.86677209000004,13.949728178000043],[123.872103207,13.94880542900006],[123.86964079100005,13.951625807000028],[123.87063490100002,13.95352235200005],[123.86477175900006,13.957193121000046],[123.86516058000007,13.959824014000048],[123.8597955570001,13.964153558000078],[123.86073357600003,13.96661738000006],[123.85915545400007,13.967098689000068]]],[[[123.81179466100002,13.968794367000044],[123.81365765500004,13.965612431000068],[123.81348455600005,13.967777142000045],[123.81179466100002,13.968794367000044]]],[[[123.774902343,13.973327637000068],[123.77410888700001,13.97491455100004],[123.77349853500004,13.973510743000077],[123.774902343,13.973327637000068]]],[[[123.81795992900004,13.978474025000025],[123.81679602200006,13.976947181000071],[123.81725860000006,13.974125321000031],[123.81891209900004,13.973312166000028],[123.81905473100005,13.96712259800006],[123.81647697000005,13.961498494000068],[123.8188343170001,13.95191156900006],[123.81669287200009,13.948162049000075],[123.80981828200004,13.947449952000056],[123.8072682180001,13.94419941700005],[123.80965526200009,13.944721986000047],[123.81052462200012,13.942781492000051],[123.81669195500001,13.939566267000032],[123.81656505400008,13.936694326000065],[123.8136631220001,13.936516250000068],[123.81392732100005,13.93395642300004],[123.81556805500009,13.93343178200007],[123.8154849340001,13.931438660000026],[123.81820421400005,13.930142500000045],[123.81935039500001,13.927472051000052],[123.81818405100012,13.926473461000057],[123.81661760200006,13.928528953000068],[123.8112753040001,13.929654839000023],[123.81090890500002,13.92445512300003],[123.81415154100011,13.92426886800007],[123.81560278500001,13.920340207000038],[123.81449204700004,13.917907011000068],[123.81229102300006,13.917857123000033],[123.81575545900012,13.916277652000076],[123.81153692100008,13.912345366000068],[123.8149539320001,13.90958177400006],[123.82098087500003,13.912903027000027],[123.82363471000008,13.911266804000036],[123.82640397700004,13.902411845000074],[123.82613031900007,13.89939060000006],[123.8243601590001,13.897787307000044],[123.82872257200006,13.891224586000021],[123.83160873200006,13.889459657000032],[123.83725196000012,13.89273995700006],[123.83856942900002,13.89592477900004],[123.84138182000004,13.896446465000054],[123.83775302700008,13.89718788600004],[123.83793431600009,13.898424527000032],[123.84037785400005,13.898752514000023],[123.84079917200006,13.902436287000057],[123.8384269500001,13.905565571000068],[123.8362418260001,13.912989437000022],[123.83481559300003,13.923031306000041],[123.83614144100011,13.927622352000071],[123.83145082100009,13.936463639000067],[123.83416881300002,13.942402018000053],[123.83138189500005,13.943984279000063],[123.83338886400009,13.945346912000048],[123.83252815300011,13.946726847000036],[123.83611282900006,13.943197347000023],[123.83792771000003,13.945239321000031],[123.83637258300007,13.948939301000053],[123.83779824900012,13.951201599000058],[123.83381377100011,13.952382430000057],[123.8350198920001,13.955092141000023],[123.83366260900004,13.957060884000043],[123.83330115500007,13.96551007100004],[123.83653677300003,13.968156900000054],[123.83861715400008,13.967792116000055],[123.83973412800003,13.969629663000035],[123.8372055320001,13.972505424000076],[123.83827981900004,13.974253650000037],[123.83269184500011,13.97415333400005],[123.831235923,13.976061206000054],[123.82505430300012,13.97361998100007],[123.82004805100007,13.975634723000042],[123.81795992900004,13.978474025000025]]],[[[123.82634477400006,13.985441110000068],[123.82412059400008,13.983918251000034],[123.82459380600005,13.981726954000067],[123.826847799,13.98336795800003],[123.82634477400006,13.985441110000068]]]]}},{"type":"Feature","properties":{"shapeName":"Del Gallego","shapeISO":"","shapeID":"30758251B11399000509804","shapeGroup":"PHL","shapeType":"ADM3","psgc_code":"0501712000","legacy_psgc_code":"051712000","province":"Camarines Sur"},"geometry":{"type":"Polygon","coordinates":[[[122.8380215740001,13.989171990000045],[122.79251799700012,14.013752262000025],[122.66522009700009,13.983192314000064],[122.62832535300004,13.972545667000077],[122.6201502670001,13.967995488000042],[122.59492760000012,13.962740007000036],[122.58387379100009,13.96181139600003],[122.57204341200008,13.955299199000024],[122.55241423100006,13.947554817000025],[122.55091044800008,13.945774870000037],[122.5541560910001,13.942820047000055],[122.55639426500011,13.943752318000065],[122.56262826400007,13.941755713000077],[122.56343129100003,13.939433054000062],[122.56735241700005,13.937458148000076],[122.56592237900009,13.93665132500007],[122.56690966200006,13.931414769000071],[122.56516293900006,13.929895662000035],[122.56491414800007,13.927016598000023],[122.55741454200006,13.925225191000038],[122.55403819500009,13.922545725000077],[122.55961736800009,13.91882193500004],[122.55862158500008,13.920248568000034],[122.56215948900001,13.91910791500004],[122.56487578000008,13.920774195000035],[122.56151892600008,13.91721214100005],[122.564899308,13.913701111000023],[122.56571900900008,13.906573630000025],[122.56712875100004,13.905037651000043],[122.58953639000003,13.89656959000007],[122.59060674900002,13.89812242000005],[122.5929877640001,13.897421200000053],[122.593033579,13.893727085000023],[122.59458236000012,13.89547716900006],[122.59982361700008,13.896352450000052],[122.60110361800002,13.898512519000064],[122.60367873300004,13.898162464000052],[122.60589424700004,13.900324663000049],[122.60574124900006,13.898438679000037],[122.60920297700011,13.896217055000022],[122.61498972700008,13.895329584000024],[122.61877137800002,13.889504920000036],[122.62274146700008,13.889202112000078],[122.63110359400002,13.880351224000037],[122.63558908300001,13.884348139000053],[122.63959078200003,13.884355078000056],[122.64159908800002,13.882494823000059],[122.64933569000004,13.881547197000032],[122.6503527210001,13.88376471600003],[122.65321737800002,13.882689665000044],[122.65551410000012,13.885158009000065],[122.66250305800008,13.88441436200003],[122.68975244700005,13.901470041000039],[122.69732697000006,13.90887346900007],[122.69979460800005,13.908079501000032],[122.71092533100011,13.91590868700007],[122.72397827800012,13.92580010000006],[122.73133585200003,13.933711419000076],[122.8380215740001,13.989171990000045]]]}},{"type":"Feature","properties":{"shapeName":"Gainza","shapeISO":"","shapeID":"30758251B63624521547352","shapeGroup":"PHL","shapeType":"ADM3","psgc_code":"0501713000","legacy_psgc_code":"051713000","province":"Camarines Sur"},"geometry":{"type":"Polygon","coordinates":[[[123.138547947,13.618749384000068],[123.12870842500001,13.615014920000021],[123.121677524,13.617676506000066],[123.11866556100006,13.61737454300004],[123.10919804000002,13.611308915000052],[123.10693360500011,13.607213779000062],[123.10242586800007,13.60475880100006],[123.10250523800005,13.602823758000056],[123.10512997800004,13.60316308800003],[123.10466655300002,13.60067387500004],[123.10732002300006,13.60121141600007],[123.10633539300011,13.59916964000007],[123.10794541500002,13.597956037000074],[123.10862381200002,13.599459850000073],[123.110716206,13.598082349000038],[123.11331688700011,13.599050265000074],[123.11410875600006,13.597823834000053],[123.11613147500009,13.60043446900005],[123.11906981000004,13.599115883000024],[123.12006132700003,13.597232632000043],[123.1190339320001,13.594643989000076],[123.12430637000011,13.591862175000074],[123.12353586400002,13.589485328000023],[123.11871637900003,13.58549206500004],[123.13845010900002,13.579347450000057],[123.14407605300005,13.580520715000034],[123.14546561000009,13.583555552000064],[123.15341577900006,13.585700532000033],[123.15382293900007,13.587539229000072],[123.13724638300005,13.602269240000055],[123.16542494400005,13.61130410000004],[123.16440720500009,13.618964967000068],[123.15240845500011,13.617992063000031],[123.15076275800004,13.623323218000053],[123.14665158800005,13.619778865000058],[123.138547947,13.618749384000068]]]}},{"type":"Feature","properties":{"shapeName":"Garchitorena","shapeISO":"","shapeID":"30758251B40937413002129","shapeGroup":"PHL","shapeType":"ADM3","psgc_code":"0501714000","legacy_psgc_code":"051714000","province":"Camarines Sur"},"geometry":{"type":"MultiPolygon","coordinates":[[[[123.62685197000008,13.897948068000062],[123.62638877400002,13.896653190000052],[123.62881477000008,13.895378278000067],[123.62685197000008,13.897948068000062]]],[[[123.62909953100007,13.900760153000022],[123.62735149200012,13.900311098000032],[123.62842416,13.898891392000053],[123.63313946400001,13.899152316000027],[123.63260364300004,13.900394608000056],[123.62909953100007,13.900760153000022]]],[[[123.62558468300006,13.902438545000052],[123.624650287,13.902191825000045],[123.6282476240001,13.901762571000063],[123.62558468300006,13.902438545000052]]],[[[123.63787411800001,13.906964940000023],[123.63531959200009,13.905698770000072],[123.63694472200007,13.90516053400006],[123.63787411800001,13.906964940000023]]],[[[123.58214578900004,13.932904688000065],[123.58169992900002,13.93107271100007],[123.57862075300011,13.930548209000051],[123.57808987200008,13.927892113000041],[123.58059047100005,13.927313236000032],[123.58519620800007,13.922029981000037],[123.5928361660001,13.921711665000032],[123.59491364500002,13.91993388800006],[123.59302977900006,13.918751702000066],[123.59586820000004,13.916207249000024],[123.59672472800003,13.919922506000034],[123.5992568260001,13.919777046000036],[123.5983168790001,13.921587147000025],[123.599424397,13.92379941300004],[123.59675625300008,13.926184096000043],[123.58669676600005,13.927740855000025],[123.58214578900004,13.932904688000065]]],[[[123.74619104900012,13.886008356000048],[123.74237394400006,13.892760131000045],[123.73952019500007,13.883987389000026],[123.73736290600004,13.884374534000074],[123.73855674900005,13.889834488000076],[123.73583338100002,13.892500243000029],[123.7335584970001,13.898666263000052],[123.73606739800005,13.901171632000057],[123.73352803300008,13.901478716000042],[123.733251042,13.903764593000062],[123.73030016700011,13.904661084000054],[123.73174606400005,13.906692133000035],[123.73059472600005,13.905573123000067],[123.73085490400001,13.907364436000023],[123.73396769600004,13.908191277000071],[123.72978024300005,13.920639815000072],[123.72555562700006,13.925511597000025],[123.7218842530001,13.934895109000024],[123.71535047300006,13.940253215000041],[123.7067749790001,13.943235874000038],[123.7068121640001,13.936243189000038],[123.7097177600001,13.937388554000051],[123.711457472,13.935875072000044],[123.71305037900004,13.931964811000057],[123.7117987470001,13.926939400000037],[123.71804372500003,13.923121303000073],[123.71694644900003,13.921176608000053],[123.71818921400006,13.920243041000049],[123.70823593700004,13.917632773000037],[123.70269170400002,13.913001742000063],[123.70286504400008,13.909105992000036],[123.70468072800008,13.909089531000063],[123.70557858300003,13.904782690000047],[123.70712921100005,13.904344395000066],[123.70626397500007,13.898911824000038],[123.70240416500008,13.891600020000055],[123.70576627200012,13.892217199000072],[123.70556671400004,13.888917194000044],[123.70225736900011,13.889793137000026],[123.69929389300012,13.884178615000053],[123.69593666000003,13.882195706000061],[123.68638787400005,13.881729376000067],[123.68479739100007,13.88290124200006],[123.68511315,13.880679218000068],[123.68068762300004,13.878508182000076],[123.67942627000002,13.880376332000026],[123.66941460900011,13.883060355000055],[123.6688924550001,13.881393099000036],[123.66351801100006,13.88668678700003],[123.66318691900005,13.889377276000062],[123.6656116900001,13.890779828000063],[123.66500644400003,13.893058225000061],[123.66297904500004,13.894049988000063],[123.66222920900009,13.890692392000062],[123.6600085770001,13.890019667000047],[123.66047427,13.887066737000055],[123.65829904700001,13.890057203000026],[123.657515009,13.888460245000033],[123.6551055110001,13.889008420000039],[123.65368215900003,13.89164796700004],[123.65111471900002,13.889584851000052],[123.64830069200002,13.89097017000006],[123.64666071300007,13.890310280000051],[123.64692713200009,13.883904708000046],[123.64338890500005,13.882524065000041],[123.63845950100006,13.88330970000004],[123.63150451900003,13.888663734000033],[123.62797218000003,13.888021819000073],[123.61669416900008,13.892530228000055],[123.60336071800009,13.894401019000043],[123.60149273200011,13.891835214000025],[123.60144356800004,13.89298548000005],[123.59939437300011,13.892302710000024],[123.60120243900008,13.89442985200003],[123.59783250900011,13.894023817000061],[123.59991975200012,13.896511227000076],[123.59641113500004,13.897086596000065],[123.59836860200005,13.898562294000044],[123.59740788900001,13.900733324000043],[123.5934929760001,13.899914244000058],[123.59230646000003,13.898202753000021],[123.59135629600007,13.89945156400006],[123.59527335400003,13.902299076000077],[123.59221613300008,13.907520503000057],[123.58971237600008,13.907521979000023],[123.59382207500005,13.909633375000055],[123.59295309600009,13.911660537000046],[123.59071676700012,13.911616224000056],[123.59096046500008,13.909599796000066],[123.5881822560001,13.90998019400007],[123.58866140200007,13.908141125000043],[123.58721326400007,13.909865745000047],[123.58673173500006,13.908736133000048],[123.58510589100001,13.909683330000064],[123.5862897500001,13.909294334000037],[123.58651791700004,13.91174341900006],[123.58826645300007,13.91058699000007],[123.58962462500006,13.911362433000022],[123.58594453700005,13.912278080000021],[123.58457863300009,13.911323448000076],[123.5825456440001,13.914319682000041],[123.58349348900003,13.91274041400004],[123.5821849990001,13.910922912000046],[123.583420208,13.909242664000033],[123.58113303000005,13.91025439200007],[123.58035007,13.909063077000042],[123.58374867200007,13.905499680000048],[123.58287642000005,13.902106988000071],[123.58243585800005,13.892342901000063],[123.58873223700004,13.876653593000071],[123.57751397900006,13.872781563000046],[123.53392563200009,13.839317423000068],[123.53559556200003,13.825368033000075],[123.62050823900006,13.785546004000025],[123.63189145800004,13.781947079000076],[123.64758719600002,13.77433168300007],[123.65379710400009,13.772959048000075],[123.66955270300002,13.793944691000036],[123.6761949700001,13.799473741000043],[123.68292385900008,13.802456619000054],[123.68419879900011,13.805143043000044],[123.68902872400008,13.804850529000078],[123.69278179100002,13.806754480000052],[123.69197672400003,13.809891612000058],[123.69380667400003,13.813861219000046],[123.69541978000007,13.814702443000044],[123.69872467500011,13.812273420000054],[123.7054391910001,13.810324681000054],[123.70599459900006,13.812902912000027],[123.707706744,13.813300507000065],[123.70746742100005,13.815127713000038],[123.71202289000007,13.817269166000074],[123.71284906700009,13.81941710600006],[123.71152644300003,13.822943579000025],[123.71298443500007,13.826288071000022],[123.71166886600008,13.829581265000058],[123.71298976900005,13.831843430000049],[123.7123622800001,13.833890458000042],[123.71525479800005,13.834174871000073],[123.71610432200009,13.840307160000066],[123.71745366300001,13.839649636000047],[123.71867717100008,13.841359073000035],[123.71735153300006,13.842928113000028],[123.71846710700004,13.844187987000055],[123.722056801,13.844363482000063],[123.71947005600009,13.846549179000021],[123.72013967600003,13.851827795000077],[123.72128687600002,13.851037753000071],[123.72308714400003,13.852334958000029],[123.7225879560001,13.855875568000044],[123.72444445500003,13.858819924000045],[123.74619104900012,13.886008356000048]]],[[[123.51522727400004,13.958827080000049],[123.5122257480001,13.957754635000072],[123.51221881700008,13.952794530000062],[123.51580438400003,13.957692227000052],[123.51522727400004,13.958827080000049]]],[[[123.54053333800005,13.959135460000027],[123.53678220800009,13.958198049000032],[123.53388869600008,13.954759155000033],[123.53736303700009,13.95482729400004],[123.54053333800005,13.959135460000027]]],[[[123.4905757900001,13.92996923800007],[123.49626144700005,13.933248539000033],[123.49929130900011,13.939508674000024],[123.5015491260001,13.940023187000065],[123.5011594980001,13.941608272000053],[123.49611191200006,13.942169510000042],[123.49299469200002,13.938797599000054],[123.48907008600008,13.939292934000036],[123.48504008600003,13.941712722000034],[123.4835511760001,13.94446735200006],[123.48497089400007,13.945548605000056],[123.47920350900006,13.952540942000041],[123.47661728300011,13.95286662500007],[123.47577041600005,13.951308159000064],[123.4729390330001,13.95274951500005],[123.47072082800003,13.961193885000057],[123.46716303800008,13.959564044000047],[123.46347664500001,13.95323607000006],[123.48228975000006,13.926420993000022],[123.4905757900001,13.92996923800007]]],[[[123.7039184570001,13.965087891000053],[123.70410156200012,13.966674805000025],[123.70190429600007,13.965270997000061],[123.7039184570001,13.965087891000053]]],[[[123.52320078800005,13.967517205000036],[123.51732751700001,13.965870546000076],[123.51801909500011,13.962504999000032],[123.52280578200009,13.96411474000007],[123.5244681480001,13.966965663000053],[123.52320078800005,13.967517205000036]]],[[[123.5652671260001,13.968545566000046],[123.56366633800008,13.968726078000032],[123.56319305900001,13.967006352000055],[123.56528142000002,13.966317158000038],[123.56681981700001,13.967381687000056],[123.5652671260001,13.968545566000046]]],[[[123.57775347900008,13.969881650000048],[123.57478847100003,13.968716534000066],[123.57445656800007,13.965888767000024],[123.57047918300009,13.964415383000073],[123.57004826900004,13.962232522000022],[123.56767984200008,13.964190612000039],[123.56372052800009,13.963551523000035],[123.56516979000003,13.96121110300004],[123.5650350730001,13.957313202000023],[123.56121570800008,13.96088308700007],[123.56044553400011,13.956479720000061],[123.5580021940001,13.956895872000075],[123.556227669,13.955167328000073],[123.55908569600001,13.955864448000057],[123.563793486,13.952876290000063],[123.56617071000005,13.948095180000053],[123.56876422700009,13.951001854000026],[123.56697785900008,13.951287337000053],[123.56589753100002,13.95393285800003],[123.56941421300007,13.951786920000075],[123.56898332100002,13.947953099000074],[123.56654953300006,13.946038568000063],[123.56884358000002,13.944108594000056],[123.56850734400007,13.942474576000052],[123.56643685400002,13.942501704000051],[123.5671027300001,13.939701944000035],[123.57174681400011,13.93572685600003],[123.57197238200001,13.932686620000027],[123.57484006400011,13.93125492200005],[123.57677821400011,13.933467779000068],[123.57563540800004,13.938875060000044],[123.57145235400003,13.940857020000067],[123.57028040800003,13.944343659000026],[123.572210863,13.945702620000077],[123.57175618700012,13.948901258000035],[123.57352507200005,13.949679359000072],[123.57472513000005,13.947747487000072],[123.57586118900008,13.951491128000043],[123.57818099800011,13.953020853000055],[123.576908548,13.95549496500007],[123.57842180900002,13.955989316000057],[123.57564828500006,13.959892524000054],[123.57775347900008,13.969881650000048]]],[[[123.55014729600009,13.97710130300004],[123.54751192600008,13.97402904300003],[123.55024416600008,13.973877147000053],[123.55739497800005,13.968286426000077],[123.557826943,13.971166208000056],[123.55381709300002,13.972562677000042],[123.55377965700006,13.974125490000063],[123.55073034400004,13.975071710000066],[123.55014729600009,13.97710130300004]]],[[[123.54613936400006,13.977664598000047],[123.53931160900004,13.975608692000037],[123.54236263500002,13.975657905000048],[123.54450414500002,13.973826763000034],[123.54727032800008,13.97491429200005],[123.54613936400006,13.977664598000047]]],[[[123.64427264900007,13.978375624000023],[123.64160428700006,13.982021002000067],[123.63981595700011,13.978530325000065],[123.63750285700007,13.978694592000068],[123.641469131,13.972936314000037],[123.64092561900009,13.969931124000027],[123.63963225400005,13.969632785000044],[123.6459165340001,13.967740150000054],[123.64458720900006,13.971500048000053],[123.64588191700011,13.973596574000055],[123.64482837800006,13.972762662000036],[123.64363528400008,13.974048657000026],[123.64536575800003,13.976455342000065],[123.64796664200003,13.973567291000052],[123.65138656400006,13.973500978000061],[123.64967833600008,13.970042227000022],[123.65261032400008,13.966194847000054],[123.65244754000003,13.961455097000055],[123.6542180570001,13.960813135000024],[123.65291192500001,13.958789405000061],[123.65489998800001,13.95780306100005],[123.65430952800011,13.956625632000055],[123.65656226700003,13.955012530000033],[123.65542760500011,13.952955257000042],[123.65888033500005,13.946991214000036],[123.66038060200003,13.946633233000057],[123.65790064500004,13.94570279800007],[123.65900006900006,13.945192936000069],[123.65823411000008,13.944107684000073],[123.65459029200008,13.945253660000049],[123.65107087000001,13.950102166000022],[123.64912564000008,13.957424780000053],[123.64487173100008,13.95805745000007],[123.64182706400004,13.96367536300005],[123.63893356900007,13.963095859000077],[123.63470894200009,13.964772158000073],[123.63385353100011,13.960829371000045],[123.63615897900002,13.960301039000058],[123.63791555900002,13.951990788000046],[123.63521797800001,13.951530546000072],[123.6296921390001,13.954741623000075],[123.63100736500007,13.95578611600007],[123.62889649500005,13.960294171000044],[123.62708456500002,13.958254810000028],[123.6243112200001,13.958536578000064],[123.62360141300007,13.955404696000073],[123.62150377500006,13.954860545000031],[123.62089376300003,13.952948129000049],[123.62423654800011,13.950221465000027],[123.62285876700003,13.946836725000026],[123.62948741700006,13.942994603000045],[123.6266296660001,13.941677682000034],[123.62472036500003,13.943121050000059],[123.62252400000011,13.94255749100006],[123.62094491700009,13.940990472000067],[123.62202433800007,13.940013512000064],[123.62157817800005,13.938934263000021],[123.6213750600001,13.94029583200006],[123.61819667600003,13.941338199000029],[123.61841228000003,13.944402756000045],[123.61986784800001,13.945559675000027],[123.61806051500002,13.950018474000046],[123.61154768600011,13.951632027000073],[123.61230904600006,13.94941351500006],[123.60995992900007,13.945411076000028],[123.60879725600012,13.946315947000073],[123.60502120900003,13.945114816000057],[123.6031704510001,13.94697724100007],[123.60310854400007,13.950415161000024],[123.60382444100003,13.94852829000007],[123.6056781530001,13.948808427000074],[123.60531042800005,13.94731727900006],[123.60632433900003,13.948168348000024],[123.60591507200002,13.95460029800006],[123.60893895000004,13.961066570000071],[123.60667533500009,13.961758495000026],[123.60396684800003,13.959758989000022],[123.605031359,13.955107858000076],[123.60036615500007,13.947823468000024],[123.60071449800012,13.94585470000004],[123.59765254600006,13.944015567000065],[123.59630246100005,13.945061576000057],[123.59696734900001,13.947829950000028],[123.59531687000003,13.945580165000024],[123.59608312600005,13.942907859000059],[123.59639286700008,13.944386186000031],[123.5979605980001,13.94300032600006],[123.60126835800008,13.946273829000063],[123.60133692800002,13.943418627000028],[123.5985188630001,13.942589676000068],[123.60201049800003,13.941263563000064],[123.60227662200009,13.939572171000066],[123.60483056200007,13.94035894600006],[123.60739053100008,13.937908787000026],[123.6061522010001,13.936443652000037],[123.60372481900004,13.93748961800003],[123.60251357600009,13.935056811000038],[123.59626441900002,13.934013794000066],[123.596910868,13.93166821400007],[123.59866026500003,13.93184195300006],[123.60061875400004,13.929068861000076],[123.60784705100002,13.925542778000022],[123.60686294200002,13.92354582300004],[123.60298213300007,13.924062260000028],[123.6037052590001,13.918195720000028],[123.60610688700001,13.915572361000045],[123.60095241500005,13.915543743000057],[123.6013959930001,13.914199946000053],[123.60846745800006,13.913950631000034],[123.60920100200008,13.916432112000052],[123.61236283400001,13.917618161000064],[123.61418750500002,13.916323566000074],[123.61277483700007,13.91496225700007],[123.61621282100009,13.915505848000066],[123.61867588400003,13.913555822000035],[123.6240931320001,13.913444752000032],[123.62040420000005,13.912226833000034],[123.6217831460001,13.909269275000042],[123.61969656200006,13.910034835000033],[123.61625588600009,13.90766135900003],[123.62515324000003,13.907007735000036],[123.62725649700008,13.912023098000077],[123.62993176300006,13.914135901000066],[123.63652278500001,13.914718707000077],[123.63862839700005,13.913639174000025],[123.64210375000005,13.917784621000067],[123.64607330100011,13.917838894000056],[123.64821032500004,13.91977573400004],[123.6515944040001,13.928807647000042],[123.65644252000004,13.933998287000065],[123.67027377400007,13.936031341000046],[123.67781324200007,13.942650682000021],[123.67779017700002,13.951410870000075],[123.67523796500006,13.954316221000056],[123.6770511850001,13.955932634000021],[123.67516077900007,13.956687127000066],[123.66964736700004,13.966581578000046],[123.66765803600003,13.964310431000058],[123.6690099010001,13.962963033000051],[123.66705110600003,13.960524403000022],[123.66239583800007,13.959942167000065],[123.6599389700001,13.961894748000077],[123.65751331600006,13.967154933000074],[123.65852613100003,13.970426340000074],[123.6477320250001,13.979064592000043],[123.64572888700002,13.977690519000078],[123.64427264900007,13.978375624000023]]],[[[123.52106147300003,13.988621137000052],[123.51744568200002,13.985738398000024],[123.51648101500007,13.979919626000026],[123.5133680990001,13.97814392500004],[123.51379405300008,13.971729209000046],[123.51867267800003,13.97514486600005],[123.52012748200002,13.974609387000044],[123.52204154900005,13.977227067000058],[123.52316371100005,13.97662118200003],[123.52661728700002,13.980579016000036],[123.52762122000001,13.984924904000025],[123.52585143300007,13.982724198000028],[123.52366334800001,13.983501150000052],[123.52093155900002,13.985962905000065],[123.52106147300003,13.988621137000052]]],[[[123.56745964100003,13.991212045000054],[123.56917495500011,13.988289078000037],[123.5695659370001,13.98965507400004],[123.56745964100003,13.991212045000054]]],[[[123.52292487500006,13.99212729800007],[123.52141138200011,13.99129934900003],[123.52287291700009,13.990961300000038],[123.52292487500006,13.99212729800007]]],[[[123.55795851300002,13.993874875000074],[123.55660402,13.991094153000063],[123.55316911800003,13.989594922000038],[123.55512454900008,13.987203415000067],[123.56176399800006,13.986267346000034],[123.56723331500007,13.980181808000054],[123.56724657900008,13.97523386000006],[123.57110342100009,13.974554326000032],[123.57127481400005,13.972395796000058],[123.5751281250001,13.969203132000075],[123.57734431100005,13.97120108300004],[123.5762249390001,13.974470985000039],[123.57785635000005,13.97489661700007],[123.5772241410001,13.978038415000071],[123.58005535600012,13.981698403000053],[123.58053611700007,13.986071826000057],[123.57836753000004,13.985203616000035],[123.57561138300002,13.987387050000052],[123.57739625200009,13.98421240600004],[123.57365927700005,13.982667261000074],[123.5674532160001,13.987576004000061],[123.56251862300007,13.987966329000074],[123.5620883260001,13.98978410500007],[123.55890026700001,13.990890312000033],[123.55795851300002,13.993874875000074]]],[[[123.63882473900003,13.995044634000067],[123.63789031800002,13.994776254000044],[123.63923386200008,13.990911938000067],[123.63705056100002,13.988428404000047],[123.63996015400005,13.984235591000072],[123.64256427600003,13.989544093000063],[123.63882473900003,13.995044634000067]]],[[[123.51258985700008,13.999712123000052],[123.51216066800009,13.998794411000063],[123.51391518200012,13.99910475400003],[123.51258985700008,13.999712123000052]]],[[[123.51642689300002,14.002285522000022],[123.51501921400006,14.001817739000046],[123.51428315200008,13.998751081000023],[123.5171882200001,14.000498710000045],[123.51642689300002,14.002285522000022]]]]}},{"type":"Feature","properties":{"shapeName":"Goa","shapeISO":"","shapeID":"30758251B64069082540255","shapeGroup":"PHL","shapeType":"ADM3","psgc_code":"0501715000","legacy_psgc_code":"051715000","province":"Camarines Sur"},"geometry":{"type":"Polygon","coordinates":[[[123.41452211100011,13.869890702000077],[123.41148895100002,13.87166045500004],[123.41099464400008,13.870002580000062],[123.41052618300012,13.871630677000041],[123.40866677000008,13.87107179000003],[123.40758838500005,13.87233130800007],[123.40627894900001,13.87072964500004],[123.40199951500006,13.872949496000047],[123.3946054920001,13.86594298500006],[123.38803146100008,13.842703459000063],[123.38857239700008,13.832054042000038],[123.3822877880001,13.810472597000057],[123.38589600900002,13.808599786000059],[123.38772484700007,13.806737952000049],[123.38720435400012,13.805035874000055],[123.39092818900008,13.802250763000075],[123.3952256440001,13.803519520000066],[123.3945921940001,13.804364391000036],[123.39643943800002,13.804416527000058],[123.39890354600004,13.807023882000067],[123.40191310300008,13.803814973000044],[123.39766248400008,13.798026529000026],[123.40033845800008,13.792953787000044],[123.39922174800006,13.788272360000065],[123.40055636600005,13.784965206000038],[123.39997137800003,13.780457656000067],[123.39332529800004,13.777462527000068],[123.39336979200004,13.773868717000028],[123.39003613000011,13.769327788000055],[123.39053977600008,13.76437902500004],[123.38893443500001,13.76383147200005],[123.38580547100003,13.75738356100004],[123.38525900800005,13.75435839000005],[123.3871573990001,13.749855318000073],[123.38464131800004,13.748055469000064],[123.386019142,13.746896703000061],[123.3839763310001,13.745873930000073],[123.38534528800005,13.737132845000076],[123.38151022400007,13.726342136000028],[123.38409990600007,13.720514163000075],[123.39870400600012,13.645351284000071],[123.4076055480001,13.644527740000058],[123.41942013700009,13.645656834000022],[123.43083904000002,13.644086280000067],[123.44626714500009,13.64680129800007],[123.48124166200012,13.659775662000072],[123.48956166800008,13.665261765000025],[123.50437539900008,13.667186862000051],[123.50373581600002,13.673339921000036],[123.50594503600007,13.683026968000036],[123.50392471900011,13.692852517000063],[123.50629938300006,13.695487533000062],[123.49976892600012,13.701539179000065],[123.50594539300005,13.71456192100004],[123.50442826500012,13.716834727000048],[123.501606121,13.716318141000045],[123.49366796400011,13.718699753000067],[123.49183297200011,13.72629573000006],[123.47546511100006,13.741275951000034],[123.4766943520001,13.743071555000029],[123.47406054700002,13.743076080000037],[123.43406179600004,13.783385303000045],[123.43495688300004,13.78445350000004],[123.43282115800002,13.78420492600003],[123.43431437400011,13.788413104000028],[123.43305920500006,13.789923100000067],[123.43517809200011,13.790102613000045],[123.43658849400003,13.796707831000049],[123.43773059300008,13.796897394000041],[123.43489010700011,13.797560236000038],[123.43481764500007,13.80013340000005],[123.43856122600005,13.801467798000033],[123.43743352000001,13.803306563000035],[123.43919634500003,13.80566936100007],[123.43760947600003,13.806689659000028],[123.43497681400004,13.805959985000072],[123.43491181900004,13.808616819000065],[123.43399068400004,13.806881645000033],[123.43070716000011,13.807197932000065],[123.43082065800002,13.804199225000048],[123.42907279600001,13.806563174000075],[123.42977572100006,13.80842335400007],[123.42770177600005,13.808523198000046],[123.42793166000001,13.814308685000071],[123.4286610150001,13.815518477000069],[123.43229237800006,13.815678728000023],[123.43286620700007,13.818361249000077],[123.43576864300007,13.818508304000034],[123.43251670100005,13.820680864000053],[123.4355399640001,13.82811964900003],[123.43468092300009,13.829323104000025],[123.43221947400002,13.827637289000052],[123.43008216100009,13.829425489000073],[123.42271946200003,13.826873871000032],[123.42232871600004,13.832962525000028],[123.41697845400006,13.833271077000063],[123.41605140700005,13.835733965000031],[123.41025339500004,13.838127833000044],[123.40851110400001,13.846816701000023],[123.4103268560001,13.849083347000033],[123.40974793800001,13.850925733000054],[123.41548655400004,13.85504495400005],[123.41575841300005,13.860073012000043],[123.41756870800009,13.861807158000033],[123.41730767900003,13.865794185000027],[123.41294536400005,13.867503789000068],[123.41452211100011,13.869890702000077]]]}},{"type":"Feature","properties":{"shapeName":"Iriga City","shapeISO":"","shapeID":"30758251B92034423804037","shapeGroup":"PHL","shapeType":"ADM3","psgc_code":"0501716000","legacy_psgc_code":"051716000","province":"Camarines Sur"},"geometry":{"type":"Polygon","coordinates":[[[123.39572074500006,13.430899338000074],[123.39774526200006,13.427775500000052],[123.39518717100009,13.416237882000075],[123.39707459700003,13.41001226700007],[123.40151328900004,13.410359925000023],[123.40234489700003,13.398628884000061],[123.399640395,13.38641212500005],[123.3945824750001,13.377222472000028],[123.39501719700002,13.36578689700002],[123.4030022820001,13.363113751000071],[123.40370822600005,13.358596860000034],[123.41337047700006,13.347736961000066],[123.41758121300006,13.352300169000046],[123.42072264500007,13.351169796000022],[123.42160789400009,13.354923253000038],[123.4257000990001,13.354261448000045],[123.42563763100009,13.356696674000034],[123.43312312600005,13.363193587000069],[123.43929871800003,13.361226229000067],[123.44890557100007,13.36740880800005],[123.45107607600005,13.36404486300006],[123.45215253900005,13.366573135000067],[123.45605923800008,13.366099039000062],[123.4560614720001,13.368717786000047],[123.45822883200003,13.369870711000033],[123.46017923200009,13.366064018000031],[123.46251545600012,13.365904277000027],[123.46370035300004,13.368246267000075],[123.46571023600006,13.368148849000022],[123.46460985400006,13.362986019000061],[123.46619650600007,13.362437040000032],[123.46671942900002,13.387998418000052],[123.45762397500005,13.442445554000074],[123.45380560600006,13.448376792000033],[123.45672219700009,13.477503389000049],[123.46303737700009,13.487690913000051],[123.48110946100007,13.498095052000053],[123.49809599500009,13.520408976000056],[123.5018274680001,13.520013790000064],[123.50226935500007,13.525724764000074],[123.49996970100005,13.532647556000029],[123.49776328400003,13.534646007000049],[123.49007610000001,13.536800929000037],[123.47062437300008,13.536863138000058],[123.45602700100005,13.540672254000071],[123.45097040200005,13.543336125000053],[123.44720944900007,13.543127810000044],[123.44051931800004,13.548189597000032],[123.43904965100012,13.546314412000072],[123.43680645200004,13.546371220000026],[123.43706880400009,13.543959254000072],[123.43133222400002,13.539740340000037],[123.40897022200011,13.532492889000025],[123.41044052900008,13.531030126000076],[123.41004876900001,13.525608676000047],[123.41460644000006,13.523973572000045],[123.4160430720001,13.521980980000023],[123.41651948600008,13.520416531000023],[123.41463999200005,13.519095864000064],[123.41541640200012,13.516241745000059],[123.41692683200006,13.516655332000028],[123.41717215000006,13.512557402000027],[123.42136604200005,13.505707564000033],[123.42106499700003,13.495705440000052],[123.41833838500008,13.49410006100004],[123.41873615600002,13.49187213700003],[123.41710928300006,13.491791998000053],[123.41719952500011,13.489854148000063],[123.42044731100009,13.487293747000024],[123.41895937200002,13.48711815400003],[123.417385222,13.48391934500006],[123.41048856900011,13.481657134000045],[123.40873798100006,13.479367111000045],[123.41074652600003,13.476758109000059],[123.40885255300009,13.47534545700006],[123.40925805300003,13.473286763000033],[123.40658271500001,13.472369766000043],[123.40736278000008,13.468237566000028],[123.40437984300002,13.46507755500005],[123.404860245,13.462663509000038],[123.39807138200001,13.460746759000074],[123.39969202400005,13.456175359000042],[123.39671030000011,13.455956408000077],[123.391675856,13.451053568000077],[123.39400447000003,13.451172176000057],[123.39335368000002,13.444388780000054],[123.39131196300002,13.442176610000047],[123.3958245660001,13.435672915000055],[123.39467929200009,13.433295139000052],[123.39572074500006,13.430899338000074]]]}},{"type":"Feature","properties":{"shapeName":"Lagonoy","shapeISO":"","shapeID":"30758251B60102557901251","shapeGroup":"PHL","shapeType":"ADM3","psgc_code":"0501717000","legacy_psgc_code":"051717000","province":"Camarines Sur"},"geometry":{"type":"MultiPolygon","coordinates":[[[[123.44606550700007,13.965575716000046],[123.44319084500012,13.963461089000077],[123.44644781900001,13.963932186000022],[123.44606550700007,13.965575716000046]]],[[[123.58287642000005,13.902106988000071],[123.58092438900007,13.902292056000022],[123.58032973400009,13.900384719000044],[123.5800813520001,13.902041329000042],[123.57886627000005,13.901370975000077],[123.57659749600009,13.902816790000031],[123.57717532700008,13.904754788000048],[123.5797892810001,13.904837977000057],[123.57543886000008,13.90970790700004],[123.57352211700004,13.908929973000056],[123.57546482900011,13.912631858000054],[123.57293691900009,13.913569118000055],[123.57320417900007,13.917396293000024],[123.57096830800003,13.918909649000057],[123.5707338840001,13.917117528000063],[123.56597526100006,13.917010004000076],[123.5619723430001,13.922669789000054],[123.56206318400007,13.920792685000038],[123.55812653800001,13.918987104000053],[123.55412050600012,13.924389460000043],[123.555053326,13.925836335000042],[123.5491302800001,13.930756245000055],[123.54827472900001,13.92682205500006],[123.5453920550001,13.928259074000039],[123.54536864800002,13.932107792000068],[123.54287718300009,13.931885727000065],[123.54103817500004,13.928531251000038],[123.54494041700002,13.923037205000071],[123.54230898900005,13.92374523500007],[123.54330604300003,13.922297255000046],[123.54080369500002,13.919920967000053],[123.53874475900011,13.92092677100004],[123.5415542510001,13.916655932000026],[123.54376658800004,13.918365851000033],[123.54541520700002,13.917079252000065],[123.54533676200003,13.915481791000047],[123.54312899800004,13.916679171000055],[123.54433575000007,13.912350167000056],[123.54287942100007,13.91285117700005],[123.54253979600003,13.909368270000073],[123.54194037700006,13.912133500000039],[123.53733586800001,13.913599981000061],[123.53683006200004,13.91237536400007],[123.53475280600003,13.913669236000032],[123.53400551700008,13.91779725400005],[123.53031379600009,13.918500352000024],[123.52909997200004,13.918603760000053],[123.52898382500007,13.915968977000034],[123.5245298860001,13.915682359000073],[123.52347733400006,13.913250800000071],[123.5207238910001,13.914482690000057],[123.51912641400008,13.912502740000036],[123.52028630300003,13.918424088000052],[123.51817501300002,13.917573016000063],[123.51696436000009,13.920915196000067],[123.52215961600007,13.92821314300005],[123.51903916200001,13.92983137400006],[123.51738707900006,13.928954605000058],[123.5167692980001,13.930265639000027],[123.51475228000004,13.928708415000074],[123.51330783000003,13.929296360000023],[123.5122900670001,13.92649762700006],[123.51083929700008,13.926505203000033],[123.51048893300003,13.92840245900004],[123.50780639200002,13.928063920000056],[123.50893592400007,13.925851709000028],[123.50577185400005,13.925428519000036],[123.5040604940001,13.918928007000034],[123.50264066400007,13.919571965000046],[123.50338180800009,13.924285461000068],[123.50229838000007,13.925365380000073],[123.495161187,13.914076239000053],[123.49385596000002,13.913472442000057],[123.49180724400003,13.914968147000025],[123.4922091310001,13.913827638000043],[123.49062298400008,13.913764408000077],[123.4909243620001,13.917484537000064],[123.4925516190001,13.917884417000039],[123.49233109900001,13.91907291800004],[123.49383164300002,13.918228725000063],[123.49501826500011,13.921874613000057],[123.49303460500005,13.921220512000048],[123.49158463800006,13.923277703000053],[123.48924628000009,13.921724519000065],[123.4875153800001,13.924218218000021],[123.4905757900001,13.92996923800007],[123.48228975000006,13.926420993000022],[123.46347664500001,13.95323607000006],[123.46716303800008,13.959564044000047],[123.46169570600011,13.959273116000077],[123.45928235100007,13.961667954000063],[123.45480064500009,13.962627626000028],[123.4544493620001,13.964650407000022],[123.45014774700007,13.961598534000075],[123.44846141100004,13.964481728000067],[123.45007409000004,13.965116127000044],[123.4502762410001,13.967046390000064],[123.44830979700009,13.96656286700005],[123.44762581200007,13.963372652000032],[123.44958119500006,13.956990958000063],[123.44809919600004,13.956309834000024],[123.44833737800002,13.951112872000067],[123.44561496500012,13.95290962100006],[123.44501636000007,13.949427531000026],[123.44701261700004,13.943758875000071],[123.44558417100006,13.939926867000054],[123.44731621800008,13.939172824000025],[123.44697940100002,13.935414858000058],[123.4481422550001,13.934021221000023],[123.45095852700001,13.93572262300006],[123.45469615600007,13.935506157000077],[123.45409761700012,13.93707431200005],[123.45573917200011,13.936504803000048],[123.4575300890001,13.938567381000041],[123.45691687900012,13.931934881000075],[123.45200782900008,13.93117428000005],[123.45005292200005,13.928411545000074],[123.45099580100009,13.925959196000065],[123.44947189200002,13.922701947000064],[123.45121104700002,13.92013877100004],[123.45025196400002,13.919622623000066],[123.44030895300011,13.918641613000034],[123.440608902,13.924612517000071],[123.43162972700009,13.925720570000067],[123.42950076300008,13.925032286000032],[123.43075359700003,13.924931978000075],[123.43153737600005,13.92105422800006],[123.4299372700001,13.920803160000048],[123.43065015400009,13.914956499000027],[123.42956811900001,13.911197641000058],[123.425058841,13.906117509000069],[123.42059079100011,13.897298713000055],[123.41644095400011,13.894384867000042],[123.41622430500001,13.888145135000059],[123.41901766500007,13.884152010000037],[123.41741356700004,13.881667867000033],[123.41794430100003,13.874673385000051],[123.41552097400006,13.87332864700005],[123.41452211100011,13.869890702000077],[123.41294536400005,13.867503789000068],[123.41730767900003,13.865794185000027],[123.41756870800009,13.861807158000033],[123.41575841300005,13.860073012000043],[123.41548655400004,13.85504495400005],[123.40974793800001,13.850925733000054],[123.4103268560001,13.849083347000033],[123.40851110400001,13.846816701000023],[123.41025339500004,13.838127833000044],[123.41605140700005,13.835733965000031],[123.41697845400006,13.833271077000063],[123.42232871600004,13.832962525000028],[123.42271946200003,13.826873871000032],[123.43008216100009,13.829425489000073],[123.43221947400002,13.827637289000052],[123.43468092300009,13.829323104000025],[123.4355399640001,13.82811964900003],[123.43251670100005,13.820680864000053],[123.43576864300007,13.818508304000034],[123.43286620700007,13.818361249000077],[123.43229237800006,13.815678728000023],[123.4286610150001,13.815518477000069],[123.42793166000001,13.814308685000071],[123.42770177600005,13.808523198000046],[123.42977572100006,13.80842335400007],[123.42907279600001,13.806563174000075],[123.43082065800002,13.804199225000048],[123.43070716000011,13.807197932000065],[123.43399068400004,13.806881645000033],[123.43491181900004,13.808616819000065],[123.43497681400004,13.805959985000072],[123.43760947600003,13.806689659000028],[123.43919634500003,13.80566936100007],[123.43743352000001,13.803306563000035],[123.43856122600005,13.801467798000033],[123.43481764500007,13.80013340000005],[123.43489010700011,13.797560236000038],[123.43773059300008,13.796897394000041],[123.43658849400003,13.796707831000049],[123.43517809200011,13.790102613000045],[123.43305920500006,13.789923100000067],[123.43431437400011,13.788413104000028],[123.43282115800002,13.78420492600003],[123.43495688300004,13.78445350000004],[123.43406179600004,13.783385303000045],[123.47406054700002,13.743076080000037],[123.4766943520001,13.743071555000029],[123.47546511100006,13.741275951000034],[123.49183297200011,13.72629573000006],[123.49366796400011,13.718699753000067],[123.501606121,13.716318141000045],[123.50442826500012,13.716834727000048],[123.50594539300005,13.71456192100004],[123.51335110700006,13.719425630000046],[123.53769482900009,13.719915667000066],[123.55353823500002,13.715813884000056],[123.56146349300002,13.71927077600003],[123.56562450700005,13.71852079200005],[123.5672810420001,13.721044609000046],[123.57219285500003,13.717526147000058],[123.57407172500007,13.718797316000064],[123.57515012400006,13.722564079000051],[123.57775554700004,13.722849835000034],[123.5825831190001,13.728129402000036],[123.58912745900011,13.729904151000028],[123.59237917100006,13.727617304000034],[123.59722941500002,13.728242824000063],[123.61389445000009,13.725262662000034],[123.62808345700012,13.720862125000053],[123.6334999710001,13.72442897700006],[123.63508921500011,13.727218830000027],[123.63917285100001,13.726202887000056],[123.6388259040001,13.730012424000051],[123.63588119300005,13.730710245000068],[123.63717632200007,13.732441379000022],[123.63694357800011,13.738509986000054],[123.6389141630001,13.739378824000028],[123.63902901500012,13.747178358000042],[123.64289195300012,13.75300418200004],[123.64244299600011,13.754869963000033],[123.64511854500006,13.760824392000075],[123.65379710400009,13.772959048000075],[123.64758719600002,13.77433168300007],[123.63189145800004,13.781947079000076],[123.62050823900006,13.785546004000025],[123.53559556200003,13.825368033000075],[123.53392563200009,13.839317423000068],[123.57751397900006,13.872781563000046],[123.58873223700004,13.876653593000071],[123.58243585800005,13.892342901000063],[123.58287642000005,13.902106988000071]]]]}},{"type":"Feature","properties":{"shapeName":"Libmanan","shapeISO":"","shapeID":"30758251B7660717026766","shapeGroup":"PHL","shapeType":"ADM3","psgc_code":"0501718000","legacy_psgc_code":"051718000","province":"Camarines Sur"},"geometry":{"type":"Polygon","coordinates":[[[123.01388624100002,13.76449857800003],[122.99832010000011,13.751292472000046],[122.99692279400006,13.747335064000026],[122.99324902400008,13.744617281000046],[122.97655143700001,13.738825014000042],[122.97136266700011,13.738895291000063],[122.96543902300004,13.736010140000076],[122.91955446100008,13.707195364000029],[122.90919142500002,13.702743266000027],[122.9080793280001,13.70033688500007],[122.9028809570001,13.698816893000071],[122.89917948900006,13.694244033000075],[122.89994042500007,13.693517542000052],[122.89663363900002,13.687290700000062],[122.89383688300006,13.687938905000067],[122.89251933500009,13.686050655000031],[122.88996174300007,13.687593665000065],[122.88985605700009,13.685952015000055],[122.8856709050001,13.684747199000071],[122.88457882000012,13.682823720000044],[122.8777063120001,13.684447465000062],[122.87488018400006,13.67899116600006],[122.8674512560001,13.677606407000042],[122.86658469300005,13.675368148000075],[122.86594525600003,13.677039867000076],[122.86396323100007,13.676670170000023],[122.86366276400008,13.679160995000075],[122.86493430400003,13.679940466000062],[122.8623476790001,13.680406407000078],[122.86212994900006,13.678525225000044],[122.86000926500003,13.67897810200003],[122.86115016700012,13.680663328000037],[122.85768041500012,13.681765918000053],[122.85128751400009,13.678324549000024],[122.84588983300011,13.680336551000039],[122.84580819100006,13.681631253000035],[122.84226869500003,13.681868560000055],[122.84118273800004,13.67809520700007],[122.83982899800003,13.677918573000056],[122.84100421200003,13.675354984000023],[122.83745683300003,13.674794317000021],[122.83402047600009,13.670616633000066],[122.83257066500005,13.662483980000047],[122.82895448600004,13.654510861000063],[122.8239936440001,13.649319817000048],[122.81454129000008,13.64886423400003],[122.81119969600002,13.647289258000058],[122.8103697890001,13.648436144000073],[122.80465826600005,13.64869105200006],[122.80112993400007,13.652005674000065],[122.79908947400008,13.652057891000027],[122.79865096500009,13.650544668000066],[122.80635661500003,13.645458344000076],[122.81134518800002,13.644508063000046],[122.81257606300005,13.646394960000066],[122.81669016300009,13.646465899000077],[122.82403532300009,13.641835900000046],[122.82938492200003,13.641483205000043],[122.83251415900008,13.639714566000066],[122.83436953600005,13.629796746000068],[122.84120953700005,13.625255755000069],[122.84623149900006,13.61781307900003],[122.86012482900003,13.606871930000068],[122.87073188400007,13.600970919000076],[122.87276375600004,13.597585514000059],[122.87070715100003,13.594745189000037],[122.87655274400004,13.592978223000046],[122.87566449600001,13.597724154000048],[122.88002059400003,13.597515560000033],[122.88643472500007,13.599764598000036],[122.88930771700007,13.596780029000058],[122.89060875200005,13.597213262000025],[122.89094418400009,13.599127296000063],[122.88820732900001,13.602678006000076],[122.89135280100004,13.60830863600006],[122.8943819320001,13.609958122000023],[122.89393904200006,13.61117308400003],[122.89611726300006,13.611157656000046],[122.89549395100005,13.61427757100006],[123.00837258900003,13.582173539000053],[123.01771105600005,13.586165410000035],[123.0354882360001,13.600530191000075],[123.03846444900012,13.607605999000043],[123.04564224700005,13.607855088000065],[123.07117087800009,13.613945656000055],[123.07887911300008,13.612328078000075],[123.09025824100002,13.631727821000027],[123.09092873600002,13.636812852000048],[123.08898025400003,13.638553480000041],[123.08924027600006,13.640664394000055],[123.09158351600001,13.641939738000076],[123.09081954900012,13.644961458000068],[123.08398603300009,13.644278],[123.0780069330001,13.64792890800004],[123.07071371600011,13.655587859000036],[123.0694699280001,13.659607825000023],[123.07233236400009,13.663374713000053],[123.0869461100001,13.66050374300005],[123.09215232200006,13.66594974800006],[123.09481413300011,13.669653875000051],[123.09977019400003,13.671442852000041],[123.10194939700011,13.674234568000031],[123.10568361000003,13.684364174000052],[123.10944747600001,13.68769581500004],[123.1223591480001,13.693326522000064],[123.12507884200011,13.701636907000022],[123.12209085100005,13.701295139000024],[123.11850514900004,13.703608229000054],[123.11587564000001,13.702970568000069],[123.1166614980001,13.701298608000059],[123.11329294000006,13.701206617000025],[123.11396338300005,13.702918834000059],[123.11265155700005,13.702342501000032],[123.11169559200005,13.704595261000065],[123.10972922300004,13.704414721000035],[123.11061048800002,13.705320485000072],[123.10935535700003,13.706741710000074],[123.11180802000001,13.707194738000055],[123.10983023400001,13.708805987000062],[123.11038250600006,13.707405815000072],[123.10863079100011,13.70742204000004],[123.10567493000008,13.711898861000066],[123.10255903300003,13.710733254000047],[123.1013847480001,13.711758230000044],[123.10214162600005,13.713124293000021],[123.10084987100004,13.71223503400006],[123.09805158300003,13.714190674000065],[123.0815736830001,13.718128114000024],[123.06509580000011,13.73133272800004],[123.05947574800007,13.734422153000025],[123.05810261400006,13.733028510000054],[123.05565330500008,13.73449873900006],[123.05398580500002,13.733565561000034],[123.02268380800001,13.761037146000035],[123.01388624100002,13.76449857800003]]]}},{"type":"Feature","properties":{"shapeName":"Lupi","shapeISO":"","shapeID":"30758251B13192443251748","shapeGroup":"PHL","shapeType":"ADM3","psgc_code":"0501719000","legacy_psgc_code":"051719000","province":"Camarines Sur"},"geometry":{"type":"Polygon","coordinates":[[[122.91333867600008,13.939665857000023],[122.90082775600001,13.940135232000046],[122.90018664900003,13.943085593000035],[122.90408282400006,13.948424829000032],[122.89186546600001,13.964380530000028],[122.8550517750001,13.977365439000039],[122.8524973420001,13.976814888000035],[122.85007000300004,13.980005541000025],[122.84692929000005,13.981249744000024],[122.84601731500004,13.984732321000024],[122.83981613900005,13.98820220500005],[122.84382678600002,13.976188991000072],[122.8483127180001,13.934233939000023],[122.850256736,13.934234976000027],[122.85263628300004,13.928432135000037],[122.850568199,13.925488797000071],[122.850362345,13.92112630400004],[122.85259698300001,13.92144064100006],[122.8527630420001,13.919700594000062],[122.85422480200009,13.920313321000037],[122.85475611900006,13.916338333000056],[122.8613150220001,13.913283505000038],[122.86200392400008,13.909510712000042],[122.86435309600006,13.91074874800006],[122.86170919200003,13.907632684000077],[122.86381796900002,13.904398184000058],[122.86241773900008,13.900154394000026],[122.86376303800012,13.90069771800006],[122.86523231400008,13.899240237000072],[122.86361016100011,13.898311185000068],[122.86460370000009,13.896506014000067],[122.86359986700006,13.895867468000063],[122.86449941700005,13.893519561000062],[122.86882761900006,13.894090575000064],[122.8674317980001,13.891698872000063],[122.86599825700011,13.892306416000054],[122.86693084500007,13.890506808000055],[122.87118616700002,13.890956515000028],[122.87372930100003,13.889269346000049],[122.87178759500011,13.887567753000042],[122.87374488300009,13.886762339000029],[122.87045042500006,13.882755043000031],[122.87457907700002,13.883459366000068],[122.8727444860001,13.880051371000036],[122.87529766500006,13.879604354000037],[122.87540963200001,13.878438302000063],[122.87243438900009,13.877584117000026],[122.87662853800009,13.87534112800006],[122.87506580800004,13.87261251700005],[122.87735924800006,13.870661271000074],[122.87551072300005,13.869282629000054],[122.87693929900001,13.868033591000028],[122.87452188400005,13.866226263000044],[122.87426979300005,13.862113974000067],[122.8696797560001,13.861272022000037],[122.86844068000005,13.856657950000056],[122.86533697900006,13.856336760000033],[122.86343945800002,13.85267748700005],[122.86455646800005,13.850260386000059],[122.86230240000009,13.848397529000067],[122.8618225780001,13.839994320000073],[122.86434359100008,13.837611861000028],[122.867352664,13.837505231000023],[122.86577156900012,13.835567987000047],[122.86713904400006,13.83280284400007],[122.8653628720001,13.83050830600007],[122.86769408000009,13.829416241000047],[122.86527322400002,13.828414558000077],[122.86642194100011,13.825988056000028],[122.86478473600005,13.824243478000028],[122.86704558500003,13.82209741400004],[122.86782358900007,13.818623503000026],[122.86657997700001,13.817355933000044],[122.86310092100007,13.818801098000051],[122.86267057500004,13.821001275000071],[122.86076694100007,13.820490993000021],[122.86074849900001,13.821888987000023],[122.85855017800009,13.821059908000052],[122.85874156400007,13.810886537000044],[122.85229933000005,13.794856753000033],[122.81916319100003,13.745757281000067],[122.83089522600005,13.736124777000043],[122.83389595200003,13.736343926000075],[122.83626548200004,13.734824236000065],[122.83555681200005,13.729264364000073],[122.83923694700002,13.726396702000045],[122.84257027600006,13.71643670700007],[122.8551412270001,13.724132810000071],[122.85584869900003,13.727109062000068],[122.8610697690001,13.73242665400005],[122.86221048300001,13.744682112000078],[122.86693153600004,13.746013375000075],[122.87149390700006,13.754015112000047],[122.8753470150001,13.755997753000031],[122.87633924800002,13.759688152000024],[122.87851860100011,13.759601153000062],[122.88515846900009,13.76441027900006],[122.88947795100012,13.763887307000061],[122.8913735110001,13.769688329000076],[122.89690755800007,13.770819618000075],[122.89923214900011,13.773805150000044],[122.91221534700003,13.774444366000068],[122.9167883990001,13.772632963000035],[122.92051318500012,13.773919704000036],[122.92111198100008,13.777891590000024],[122.93031370900007,13.778208677000066],[122.93203977600001,13.779349756000045],[122.93144874600011,13.783093266000037],[122.92664154200008,13.78371803500005],[122.92660459700005,13.79054172800005],[122.9225581610001,13.794375294000076],[122.92374160800011,13.79595140500004],[122.92750743500005,13.795908014000076],[122.92509306300008,13.797408673000064],[122.92613560400002,13.79939975700006],[122.92493997500003,13.802283898000042],[122.92765336000002,13.80200128100006],[122.93002395300005,13.797027279000076],[122.93293184000004,13.799033502000043],[122.93138691900003,13.801333082000042],[122.93434538200006,13.801772293000056],[122.93566536600008,13.80417010800005],[122.94098049800004,13.806327034000049],[122.94187742000008,13.808955623000031],[122.94010818200002,13.812202093000053],[122.94236160600008,13.813294917000064],[122.93945440300001,13.816785663000076],[122.939575482,13.822126291000075],[122.94073787500008,13.823482525000031],[122.94321813400006,13.82180924000005],[122.94508173800011,13.823673959000075],[122.942252961,13.828346386000021],[122.93910241900005,13.828256688000067],[122.94033942600004,13.832356825000033],[122.93676718300003,13.833290559000034],[122.93367802000012,13.832223942000041],[122.94032737500004,13.838711704000048],[122.93779737500006,13.841445179000061],[122.93795275900004,13.843701710000062],[122.94055048300004,13.841422844000022],[122.9411086450001,13.842827550000038],[122.94494081500011,13.842404961000057],[122.94504459900008,13.844155440000065],[122.94216087000007,13.847459436000065],[122.94137057700004,13.845742848000043],[122.93869214900008,13.846402769000065],[122.93895738300012,13.850978736000059],[122.94187647000001,13.853336432000049],[122.94098272700012,13.855622968000034],[122.94313326500003,13.856130954000037],[122.94131236100009,13.857257951000065],[122.94304422500011,13.858580325000048],[122.94285285600006,13.860378671000035],[122.94136456100011,13.859203490000027],[122.94062271200005,13.861416500000075],[122.94470828300007,13.865637832000061],[122.94650922000005,13.865491967000025],[122.9466347130001,13.867574425000043],[122.94778579700005,13.866460388000064],[122.9492314900001,13.86761494500007],[122.94937673100003,13.870191935000037],[122.94673780000005,13.873660538000024],[122.94248404100006,13.875324764000027],[122.94490442000006,13.88234312700007],[122.93545775300004,13.892474360000051],[122.93814829100006,13.893794292000052],[122.93796775600003,13.895771625000066],[122.93613453400008,13.895727106000038],[122.93585206700004,13.89692672600006],[122.93818224200004,13.899675745000025],[122.93539339200004,13.899729931000024],[122.94084647300008,13.90166345800003],[122.93912587800003,13.903971911000042],[122.94080284000006,13.902967138000065],[122.94272514200009,13.904982838000024],[122.9469466810001,13.903610478000076],[122.94565692900005,13.905261576000044],[122.94785635300002,13.905135390000055],[122.94873158300004,13.90658687000007],[122.94784606100006,13.911762618000068],[122.94641911200006,13.913353890000053],[122.94491005600003,13.91301162600007],[122.946346962,13.919446552000068],[122.94525985100006,13.921653622000065],[122.94065676800005,13.922917850000033],[122.93901622400006,13.921315249000031],[122.93592525100007,13.922040757000048],[122.93471289000001,13.92049015300006],[122.92897968800003,13.922242766000068],[122.92667827000002,13.919010267000033],[122.9239657380001,13.91974896000005],[122.92309044100011,13.922154160000048],[122.9257253720001,13.925287842000046],[122.92424381500007,13.927750349000064],[122.92506970000011,13.929393145000063],[122.92399562800006,13.931669793000026],[122.9256313200001,13.933176457000059],[122.92383142500012,13.934987057000058],[122.92448373800005,13.937720640000066],[122.92248369000004,13.936572030000036],[122.9206084220001,13.938803076000056],[122.91333867600008,13.939665857000023]]]}},{"type":"Feature","properties":{"shapeName":"Magarao","shapeISO":"","shapeID":"30758251B22935570216565","shapeGroup":"PHL","shapeType":"ADM3","psgc_code":"0501720000","legacy_psgc_code":"051720000","province":"Camarines Sur"},"geometry":{"type":"Polygon","coordinates":[[[123.12507884200011,13.701636907000022],[123.1223591480001,13.693326522000064],[123.10944747600001,13.68769581500004],[123.10568361000003,13.684364174000052],[123.10194939700011,13.674234568000031],[123.09977019400003,13.671442852000041],[123.09481413300011,13.669653875000051],[123.09215232200006,13.66594974800006],[123.0937431100001,13.663807504000033],[123.10448707300009,13.662862156000074],[123.111868791,13.664630258000045],[123.13098273900005,13.66581917800005],[123.16574854600003,13.660882574000027],[123.16821330800008,13.655626311000049],[123.19253025900002,13.653880857000047],[123.19660652000005,13.652467279000064],[123.2007232090001,13.65326794400005],[123.20181101600008,13.652300389000061],[123.20456129000002,13.65447713900005],[123.20632603900003,13.652933320000045],[123.20757829000001,13.65534548200003],[123.21510014600005,13.656105314000058],[123.21833595100009,13.65889661600005],[123.21848634300011,13.657921420000037],[123.22305217600001,13.659085021000067],[123.22571674300002,13.658024005000073],[123.22629112100003,13.659470666000061],[123.23125019200006,13.660560734000057],[123.23447521900005,13.659314534000032],[123.23752122700012,13.661587521000058],[123.24052004000009,13.660518945000035],[123.24312994500008,13.661825200000067],[123.24474930400004,13.660738159000061],[123.2542533940001,13.661532793000049],[123.26264759600008,13.665204790000075],[123.26512688900004,13.67012204200006],[123.26363851600001,13.670840803000033],[123.2550169210001,13.670084244000066],[123.25125033000006,13.667898391000051],[123.2410321530001,13.666416561000062],[123.21900926700005,13.66775477400006],[123.21457427700011,13.668275039000036],[123.21155398000008,13.672350772000073],[123.20654472300009,13.67388967200003],[123.2030545240001,13.673068215000058],[123.18513709800004,13.676998860000026],[123.17437107900003,13.680993339000054],[123.16158474000008,13.681782148000025],[123.14792322000005,13.687530116000062],[123.1307585190001,13.700469247000058],[123.12507884200011,13.701636907000022]]]}},{"type":"Feature","properties":{"shapeName":"Milaor","shapeISO":"","shapeID":"30758251B47632906140247","shapeGroup":"PHL","shapeType":"ADM3","psgc_code":"0501721000","legacy_psgc_code":"051721000","province":"Camarines Sur"},"geometry":{"type":"Polygon","coordinates":[[[123.16542494400005,13.61130410000004],[123.13724638300005,13.602269240000055],[123.15382293900007,13.587539229000072],[123.16059688300004,13.579948869000077],[123.17416251500003,13.569633774000067],[123.18015350900009,13.57823879600005],[123.181911979,13.57882595700005],[123.18223455300006,13.581453453000051],[123.18876291200002,13.579841647000023],[123.19004805000009,13.581603405000067],[123.18957748100001,13.584334174000048],[123.19208012500007,13.58344760700004],[123.1979084410001,13.584647549000067],[123.20007191400009,13.580612537000036],[123.19986032300005,13.577049685000077],[123.20309302500004,13.576155715000027],[123.20390184200005,13.577689501000066],[123.2063957370001,13.577518931000043],[123.20793655300008,13.575893461000021],[123.21393313500005,13.581861274000062],[123.21953984900006,13.579036950000045],[123.22064598100008,13.580392478000022],[123.22291357800009,13.578338216000077],[123.22577532300011,13.582400306000068],[123.22794764800005,13.584651948000044],[123.23358631500003,13.586032510000052],[123.23514100300008,13.585248574000047],[123.23930236500007,13.587296938000065],[123.24015598900007,13.590300143000036],[123.2344693550001,13.59541256500006],[123.2385373300001,13.597319023000068],[123.2441698780001,13.59670697100006],[123.24645463400009,13.59939260300007],[123.24301013700006,13.603375769000024],[123.24522727200008,13.611067392000052],[123.23985952800001,13.611414314000058],[123.23827945100004,13.610243088000061],[123.23570064300009,13.611663158000056],[123.23273690100007,13.610528275000036],[123.22866664700007,13.611779857000045],[123.21312111500004,13.611486254000056],[123.20119259300009,13.609158114000024],[123.18613312000002,13.602327056000036],[123.1830635980001,13.606512767000027],[123.17572547500004,13.61083459200006],[123.17284955700006,13.612325380000073],[123.16542494400005,13.61130410000004]]]}},{"type":"Feature","properties":{"shapeName":"Minalabac","shapeISO":"","shapeID":"30758251B9994709288668","shapeGroup":"PHL","shapeType":"ADM3","psgc_code":"0501722000","legacy_psgc_code":"051722000","province":"Camarines Sur"},"geometry":{"type":"Polygon","coordinates":[[[123.26107427600004,13.517570498000055],[123.25723388200004,13.523948577000056],[123.25087837700005,13.525162726000076],[123.25358335300007,13.527991237000037],[123.25185598500002,13.534056559000021],[123.25375521900003,13.536635696000076],[123.25311347600007,13.542153015000054],[123.25009501300008,13.545560607000027],[123.25079715800007,13.55378458000007],[123.24420834500006,13.567820661000042],[123.23810581700002,13.57707767100004],[123.23447935500008,13.577468862000046],[123.2349180760001,13.580149605000031],[123.23059445100012,13.582812059000048],[123.22753541200007,13.581600038000033],[123.22577532300011,13.582400306000068],[123.22291357800009,13.578338216000077],[123.22064598100008,13.580392478000022],[123.21953984900006,13.579036950000045],[123.21393313500005,13.581861274000062],[123.20793655300008,13.575893461000021],[123.2063957370001,13.577518931000043],[123.20390184200005,13.577689501000066],[123.20309302500004,13.576155715000027],[123.19986032300005,13.577049685000077],[123.20007191400009,13.580612537000036],[123.1979084410001,13.584647549000067],[123.19208012500007,13.58344760700004],[123.18957748100001,13.584334174000048],[123.19004805000009,13.581603405000067],[123.18876291200002,13.579841647000023],[123.18223455300006,13.581453453000051],[123.181911979,13.57882595700005],[123.18015350900009,13.57823879600005],[123.17416251500003,13.569633774000067],[123.16058942900008,13.55611992200005],[123.15606369900001,13.542552235000073],[123.15258469600008,13.515575713000032],[123.15174596600002,13.457285761000037],[123.15848707600003,13.455158721000032],[123.16311439900005,13.450540801000045],[123.16784780900002,13.448980358000028],[123.18844368300006,13.434588865000023],[123.20068451300006,13.418737296000074],[123.20156787000008,13.412014742000054],[123.20361141400008,13.41292710600004],[123.2031791490001,13.413972632000025],[123.20483835200002,13.412243631000024],[123.2054350190001,13.413870435000035],[123.20726983500003,13.413313319000054],[123.2083892280001,13.414768726000034],[123.20879385,13.413571897000054],[123.21015977800005,13.414022243000034],[123.21089701800008,13.411321735000058],[123.21230892400001,13.411445883000056],[123.21501465300003,13.412913807000052],[123.21425032000002,13.417259391000073],[123.2102227470001,13.424542795000036],[123.20456941200007,13.441467731000046],[123.19072613100002,13.465796957000066],[123.22241811300012,13.486213292000059],[123.22177661900002,13.494333624000035],[123.21828854700004,13.495255773000054],[123.22263389400007,13.49762815300005],[123.22847455300007,13.497782689000076],[123.23317994100012,13.502309168000068],[123.23778500900005,13.501697627000055],[123.24089881800012,13.50550619300003],[123.24554623900008,13.505550584000048],[123.24841223800001,13.50842769600007],[123.25150371500001,13.508293821000052],[123.25841388900005,13.511478595000028],[123.26107427600004,13.517570498000055]]]}},{"type":"Feature","properties":{"shapeName":"Nabua","shapeISO":"","shapeID":"30758251B88883641582403","shapeGroup":"PHL","shapeType":"ADM3","psgc_code":"0501723000","legacy_psgc_code":"051723000","province":"Camarines Sur"},"geometry":{"type":"Polygon","coordinates":[[[123.31320894800001,13.426612181000053],[123.31295911200004,13.425145066000027],[123.31059895400006,13.42491055000005],[123.31210405600007,13.421289160000072],[123.30952406600011,13.418479056000024],[123.31122435300006,13.41745959900004],[123.309660387,13.416430941000044],[123.30941156000006,13.412540438000065],[123.30788255400012,13.412574294000024],[123.30785238700003,13.415093384000045],[123.30552369100008,13.417104613000049],[123.30513618600003,13.415480951000063],[123.30176308000011,13.414028427000062],[123.303454385,13.412244861000033],[123.30128885700003,13.40883216800006],[123.29720806500006,13.410203126000056],[123.2967398290001,13.408941450000043],[123.29816166600006,13.408339541000032],[123.29627522700002,13.408085049000022],[123.29430635100005,13.410011547000067],[123.29508452700009,13.411849754000059],[123.29337778400009,13.41153534600005],[123.29417701700004,13.41283577400003],[123.29267708500004,13.413096236000058],[123.29159152700004,13.410530795000057],[123.28929197800005,13.412303330000043],[123.2904275940001,13.413155150000023],[123.28885770000011,13.413244461000033],[123.28875922200007,13.408942534000062],[123.29008481900007,13.407683418000033],[123.28882102900002,13.408150393000028],[123.28838267800006,13.405653095000048],[123.28639744300006,13.407124414000066],[123.284546,13.405363407000038],[123.282438898,13.40734313300004],[123.27946529100007,13.406212851000078],[123.28016569600004,13.40421864600006],[123.2761529180001,13.405128595000065],[123.27529544400011,13.403017822000038],[123.26888840300012,13.399973660000057],[123.26617403800003,13.393466709000052],[123.26690224100003,13.391300690000037],[123.27777146000005,13.383586318000027],[123.28567532500006,13.367243918000042],[123.29423537200012,13.36347399300007],[123.29643347400008,13.359874454000021],[123.30602300400005,13.359024441000031],[123.33699810000007,13.368599213000039],[123.373939919,13.365485385000056],[123.39501719700002,13.36578689700002],[123.3945824750001,13.377222472000028],[123.399640395,13.38641212500005],[123.40234489700003,13.398628884000061],[123.40151328900004,13.410359925000023],[123.39707459700003,13.41001226700007],[123.39518717100009,13.416237882000075],[123.39774526200006,13.427775500000052],[123.39572074500006,13.430899338000074],[123.36513414500007,13.42767109700003],[123.35392812600003,13.429160325000055],[123.3498752590001,13.427624712000068],[123.32865995200007,13.432758467000042],[123.31320894800001,13.426612181000053]]]}},{"type":"Feature","properties":{"shapeName":"Ocampo","shapeISO":"","shapeID":"30758251B20065579392201","shapeGroup":"PHL","shapeType":"ADM3","psgc_code":"0501725000","legacy_psgc_code":"051725000","province":"Camarines Sur"},"geometry":{"type":"Polygon","coordinates":[[[123.40897022200011,13.532492889000025],[123.43133222400002,13.539740340000037],[123.43706880400009,13.543959254000072],[123.43680645200004,13.546371220000026],[123.43904965100012,13.546314412000072],[123.44051931800004,13.548189597000032],[123.44302794500004,13.54953501700004],[123.44247266000002,13.550565314000039],[123.4434534940001,13.55012570200006],[123.44282362800004,13.553361971000072],[123.44415361300003,13.554839273000027],[123.44610313400005,13.553903681000065],[123.44789980100006,13.557787725000026],[123.44604739700003,13.56095047100007],[123.44758966000006,13.563965902000064],[123.44474130800006,13.568149048000066],[123.44560545700006,13.570340749000025],[123.44269841100004,13.57312947500003],[123.44921078800007,13.579161965000026],[123.44653462100007,13.581623600000057],[123.44658893000008,13.584954784000047],[123.44480178200001,13.586363892000065],[123.44591141100011,13.587241249000044],[123.44337776800012,13.589742576000049],[123.44331664100002,13.593593273000067],[123.43976344300006,13.59835507400004],[123.42380733000005,13.609011209000073],[123.41905645000008,13.610068366000064],[123.41013846800001,13.61783147400007],[123.40584977700007,13.618873248000057],[123.40194539700008,13.627159057000028],[123.39870400600012,13.645351284000071],[123.38398218000009,13.645861240000045],[123.3764938710001,13.647544539000023],[123.35864148400003,13.63386610300006],[123.34468350600002,13.611156150000056],[123.34121206000009,13.59171815600007],[123.33728398100004,13.591164026000058],[123.33496861600008,13.588209479000056],[123.33385748100011,13.588636923000024],[123.33120510800006,13.580739651000044],[123.32774928100002,13.577868360000025],[123.32577820400002,13.578595343000075],[123.32343815800004,13.575955778000036],[123.32240587500007,13.573023398000032],[123.32350990500004,13.570587039000031],[123.321732343,13.569750017000047],[123.32143232600004,13.567814528000042],[123.32338161900009,13.566866904000051],[123.32106607700007,13.565897773000074],[123.32341957000006,13.565244526000072],[123.32156025200004,13.564080507000028],[123.32268044800003,13.560968024000033],[123.3182649370001,13.559319837000032],[123.31788734600002,13.553265107000072],[123.31546246100004,13.553552523000064],[123.3181688300001,13.55116384400003],[123.31705628800012,13.548521577000031],[123.32055528500007,13.547472159000051],[123.31876208100005,13.546051410000075],[123.3209175400001,13.54439586500007],[123.31921254100007,13.539936031000025],[123.32090856900004,13.538126188000035],[123.32574086400007,13.53539672100004],[123.33047355100007,13.538786820000041],[123.33505939400004,13.535917079000058],[123.33787610800005,13.538089900000045],[123.34234473400011,13.534099024000056],[123.3456015370001,13.535118748000059],[123.343665686,13.531912261000059],[123.34615732300006,13.529337995000049],[123.34577056600006,13.528136414000073],[123.35137660800001,13.529199821000077],[123.36483723900005,13.539554378000048],[123.3677841760001,13.539916774000062],[123.36858022800004,13.542178410000076],[123.37114775000009,13.538434823000046],[123.37581604900004,13.542210208000029],[123.37946282400003,13.540759071000025],[123.37953988400011,13.538163981000025],[123.38154473300006,13.539898853000068],[123.38439693700002,13.537326593000046],[123.38660126700006,13.537164123000025],[123.39308555800005,13.538893227000074],[123.39373305400011,13.542340938000052],[123.39702247200012,13.545661804000076],[123.39851503200009,13.54436387100003],[123.40851716100008,13.543360513000039],[123.41050812800006,13.540429672000073],[123.40912257800005,13.539385808000077],[123.41150657000003,13.538766963000057],[123.40876668400006,13.535081123000055],[123.40897022200011,13.532492889000025]]]}},{"type":"Feature","properties":{"shapeName":"Pamplona","shapeISO":"","shapeID":"30758251B58646010264693","shapeGroup":"PHL","shapeType":"ADM3","psgc_code":"0501726000","legacy_psgc_code":"051726000","province":"Camarines Sur"},"geometry":{"type":"Polygon","coordinates":[[[123.09081954900012,13.644961458000068],[123.09158351600001,13.641939738000076],[123.08924027600006,13.640664394000055],[123.08898025400003,13.638553480000041],[123.09092873600002,13.636812852000048],[123.09025824100002,13.631727821000027],[123.07887911300008,13.612328078000075],[123.07117087800009,13.613945656000055],[123.04564224700005,13.607855088000065],[123.03846444900012,13.607605999000043],[123.0354882360001,13.600530191000075],[123.01771105600005,13.586165410000035],[123.03496349700004,13.571892717000026],[123.03499469500002,13.565307730000029],[123.0330152470001,13.562698187000024],[123.03520508200006,13.557500095000023],[123.04131461300005,13.552712295000049],[123.04814066300003,13.551812085000051],[123.05247775400005,13.552996177000068],[123.070342363,13.550839675000077],[123.09435293700005,13.554944478000039],[123.10373333400003,13.552887314000031],[123.11178321300008,13.56595040600007],[123.111264731,13.56841785000006],[123.11436315700007,13.571134823000023],[123.11871637900003,13.58549206500004],[123.12353586400002,13.589485328000023],[123.12430637000011,13.591862175000074],[123.1190339320001,13.594643989000076],[123.12006132700003,13.597232632000043],[123.11906981000004,13.599115883000024],[123.11613147500009,13.60043446900005],[123.11410875600006,13.597823834000053],[123.11331688700011,13.599050265000074],[123.110716206,13.598082349000038],[123.10862381200002,13.599459850000073],[123.10794541500002,13.597956037000074],[123.10633539300011,13.59916964000007],[123.10732002300006,13.60121141600007],[123.10466655300002,13.60067387500004],[123.10512997800004,13.60316308800003],[123.10250523800005,13.602823758000056],[123.10242586800007,13.60475880100006],[123.10693360500011,13.607213779000062],[123.10919804000002,13.611308915000052],[123.10270138400006,13.609570914000074],[123.101181558,13.616914594000036],[123.10453751600005,13.626419535000025],[123.11139658000002,13.632264913000029],[123.10878925400004,13.642994229000067],[123.1119186090001,13.650319663000062],[123.10250069300002,13.650675802000023],[123.09081954900012,13.644961458000068]]]}},{"type":"Feature","properties":{"shapeName":"Pasacao","shapeISO":"","shapeID":"30758251B74500883185148","shapeGroup":"PHL","shapeType":"ADM3","psgc_code":"0501727000","legacy_psgc_code":"051727000","province":"Camarines Sur"},"geometry":{"type":"Polygon","coordinates":[[[122.87655274400004,13.592978223000046],[122.8790840580001,13.59013264500004],[122.88508456900001,13.587330140000063],[122.8847515330001,13.581704898000055],[122.88821281900005,13.576154275000022],[122.90854491400012,13.570221324000045],[122.913454924,13.562844810000058],[122.92140962100007,13.556134457000041],[122.9431692060001,13.55184556000006],[122.94988065300004,13.549109994000048],[122.9611224680001,13.541133435000063],[122.96520293000003,13.532665859000076],[122.96879071300009,13.530209352000043],[122.97001332500008,13.526513130000069],[122.97513402000004,13.521486596000045],[122.99110028000007,13.52030316400004],[123.00107774000003,13.522933933000047],[123.02992771200002,13.507284640000023],[123.02974133500004,13.506023506000076],[123.03062764300012,13.50663976800007],[123.03410723900004,13.502831661000073],[123.0338473170001,13.501283864000072],[123.0344924640001,13.502644710000027],[123.03869971300003,13.501500884000052],[123.04115701600006,13.50461451800004],[123.04254248500001,13.503591105000055],[123.04061874400008,13.505742612000063],[123.04124602900004,13.507405105000032],[123.04244346700011,13.507753731000037],[123.04301457100007,13.506313982000052],[123.04258900600007,13.508169657000053],[123.04728100800003,13.508895435000056],[123.05654746300002,13.503689454000039],[123.05785940700002,13.501692652000031],[123.0600541340001,13.502018062000047],[123.05990610300012,13.499766238000063],[123.06784112000003,13.498199472000067],[123.06827916000009,13.49608635900006],[123.07517730900008,13.492604404000076],[123.0785578550001,13.487849309000069],[123.08705806900002,13.485273215000063],[123.0864241910001,13.502792715000055],[123.0777735800001,13.523581987000057],[123.1004826950001,13.546317126000076],[123.10373333400003,13.552887314000031],[123.09435293700005,13.554944478000039],[123.070342363,13.550839675000077],[123.05247775400005,13.552996177000068],[123.04814066300003,13.551812085000051],[123.04131461300005,13.552712295000049],[123.03520508200006,13.557500095000023],[123.0330152470001,13.562698187000024],[123.03499469500002,13.565307730000029],[123.03496349700004,13.571892717000026],[123.01771105600005,13.586165410000035],[123.00837258900003,13.582173539000053],[122.89549395100005,13.61427757100006],[122.89611726300006,13.611157656000046],[122.89393904200006,13.61117308400003],[122.8943819320001,13.609958122000023],[122.89135280100004,13.60830863600006],[122.88820732900001,13.602678006000076],[122.89094418400009,13.599127296000063],[122.89060875200005,13.597213262000025],[122.88930771700007,13.596780029000058],[122.88643472500007,13.599764598000036],[122.88002059400003,13.597515560000033],[122.87566449600001,13.597724154000048],[122.87655274400004,13.592978223000046]]]}},{"type":"Feature","properties":{"shapeName":"Pili","shapeISO":"","shapeID":"30758251B53297443650612","shapeGroup":"PHL","shapeType":"ADM3","psgc_code":"0501728000","legacy_psgc_code":"051728000","province":"Camarines Sur"},"geometry":{"type":"Polygon","coordinates":[[[123.32090856900004,13.538126188000035],[123.31921254100007,13.539936031000025],[123.3209175400001,13.54439586500007],[123.31876208100005,13.546051410000075],[123.32055528500007,13.547472159000051],[123.31705628800012,13.548521577000031],[123.3181688300001,13.55116384400003],[123.31546246100004,13.553552523000064],[123.31788734600002,13.553265107000072],[123.3182649370001,13.559319837000032],[123.32268044800003,13.560968024000033],[123.32156025200004,13.564080507000028],[123.32341957000006,13.565244526000072],[123.32106607700007,13.565897773000074],[123.32338161900009,13.566866904000051],[123.32143232600004,13.567814528000042],[123.321732343,13.569750017000047],[123.32350990500004,13.570587039000031],[123.32240587500007,13.573023398000032],[123.32343815800004,13.575955778000036],[123.32577820400002,13.578595343000075],[123.32774928100002,13.577868360000025],[123.33120510800006,13.580739651000044],[123.33385748100011,13.588636923000024],[123.33496861600008,13.588209479000056],[123.33728398100004,13.591164026000058],[123.34121206000009,13.59171815600007],[123.34468350600002,13.611156150000056],[123.35864148400003,13.63386610300006],[123.3764938710001,13.647544539000023],[123.38092023700005,13.652667561000044],[123.3764742400001,13.655068811000035],[123.37157890700007,13.650994744000059],[123.36593399100002,13.649047242000051],[123.35961638600008,13.650259339000058],[123.3477394360001,13.64750457100007],[123.33809928800008,13.649311598000054],[123.33137832500006,13.647486701000048],[123.31835544700004,13.649775145000035],[123.31541523900012,13.646304685000075],[123.31423199500011,13.647141350000027],[123.3137916070001,13.645333152000035],[123.31041195400007,13.644967807000057],[123.30998197100007,13.643285155000058],[123.30911868800001,13.644706986000074],[123.3067779160001,13.644203017000052],[123.30647368000007,13.642723968000041],[123.30371732900005,13.643207149000034],[123.2998047100001,13.639612733000035],[123.29845192200003,13.640381321000064],[123.2968424820001,13.637952220000045],[123.29296420900005,13.637488751000035],[123.29243504400006,13.63632130700006],[123.29066533900004,13.637369432000071],[123.28884977000007,13.63515456600004],[123.28420962000007,13.634967157000062],[123.28348942200012,13.633774731000074],[123.28250142800005,13.63454547200007],[123.28258109700005,13.632747046000077],[123.27995167800009,13.632035880000046],[123.27995983700009,13.628979815000037],[123.2766449070001,13.62826530600006],[123.27667617400004,13.63052003100006],[123.27555305700002,13.629548984000053],[123.27221749600005,13.630740279000065],[123.27172336800004,13.628301273000034],[123.26820441500001,13.625962885000035],[123.26803620100009,13.622400104000064],[123.2626076890001,13.622428402000025],[123.25724792300002,13.617074241000068],[123.25194132500008,13.617278273000068],[123.25154703800001,13.619136484000023],[123.24883336900007,13.61834893200006],[123.24994286200001,13.620458163000023],[123.24880180200012,13.623077645000023],[123.2457845670001,13.62238553900005],[123.2460949550001,13.620483893000028],[123.24334689000011,13.61976807700006],[123.24379186100009,13.618139344000042],[123.23985952800001,13.611414314000058],[123.24522727200008,13.611067392000052],[123.24301013700006,13.603375769000024],[123.24645463400009,13.59939260300007],[123.2441698780001,13.59670697100006],[123.2385373300001,13.597319023000068],[123.2344693550001,13.59541256500006],[123.24015598900007,13.590300143000036],[123.23930236500007,13.587296938000065],[123.23514100300008,13.585248574000047],[123.23358631500003,13.586032510000052],[123.22794764800005,13.584651948000044],[123.22577532300011,13.582400306000068],[123.22753541200007,13.581600038000033],[123.23059445100012,13.582812059000048],[123.2349180760001,13.580149605000031],[123.23447935500008,13.577468862000046],[123.23810581700002,13.57707767100004],[123.24420834500006,13.567820661000042],[123.25079715800007,13.55378458000007],[123.25009501300008,13.545560607000027],[123.25311347600007,13.542153015000054],[123.25375521900003,13.536635696000076],[123.25185598500002,13.534056559000021],[123.25358335300007,13.527991237000037],[123.25087837700005,13.525162726000076],[123.25723388200004,13.523948577000056],[123.26107427600004,13.517570498000055],[123.26652247600009,13.518648262000056],[123.269196211,13.517193555000063],[123.27520441200011,13.521715794000045],[123.2882120810001,13.521072013000037],[123.2875420150001,13.524463941000022],[123.2920817050001,13.52558126100007],[123.29464831000007,13.52748405400007],[123.29377413800012,13.529342468000038],[123.29537376500002,13.529882497000074],[123.29917129300009,13.528981441000042],[123.29687910500002,13.526976030000071],[123.30271124900003,13.525551832000076],[123.30355747100009,13.523161646000062],[123.30584842700011,13.524988484000062],[123.3126069010001,13.524448456000073],[123.3126469980001,13.527369732000068],[123.31822956200006,13.527213423000035],[123.31801747400004,13.530930772000033],[123.32101986900011,13.533517750000044],[123.31986540600008,13.53571747500007],[123.32090856900004,13.538126188000035]]]}},{"type":"Feature","properties":{"shapeName":"Presentacion","shapeISO":"","shapeID":"30758251B19946568365659","shapeGroup":"PHL","shapeType":"ADM3","psgc_code":"0501729000","legacy_psgc_code":"051729000","province":"Camarines Sur"},"geometry":{"type":"MultiPolygon","coordinates":[[[[123.67064676000007,13.703632614000071],[123.669711591,13.70341525300006],[123.67092146700008,13.702498362000028],[123.67064676000007,13.703632614000071]]],[[[123.7054391910001,13.810324681000054],[123.69872467500011,13.812273420000054],[123.69541978000007,13.814702443000044],[123.69380667400003,13.813861219000046],[123.69197672400003,13.809891612000058],[123.69278179100002,13.806754480000052],[123.68902872400008,13.804850529000078],[123.68419879900011,13.805143043000044],[123.68292385900008,13.802456619000054],[123.6761949700001,13.799473741000043],[123.66955270300002,13.793944691000036],[123.65379710400009,13.772959048000075],[123.64511854500006,13.760824392000075],[123.64244299600011,13.754869963000033],[123.64289195300012,13.75300418200004],[123.63902901500012,13.747178358000042],[123.6389141630001,13.739378824000028],[123.63694357800011,13.738509986000054],[123.63717632200007,13.732441379000022],[123.63588119300005,13.730710245000068],[123.6388259040001,13.730012424000051],[123.63917285100001,13.726202887000056],[123.63508921500011,13.727218830000027],[123.6334999710001,13.72442897700006],[123.62808345700012,13.720862125000053],[123.62828784200008,13.719666912000037],[123.63312355200003,13.71994653400003],[123.63989718200003,13.716056094000066],[123.64511631200003,13.714823552000041],[123.65755303900005,13.707337556000027],[123.67063160200007,13.72039735800007],[123.68327731600004,13.720499549000067],[123.68086063200008,13.723853027000075],[123.68034111000009,13.728227135000054],[123.68235550800011,13.732708506000051],[123.69038358700004,13.740492568000036],[123.69098222800005,13.744607316000042],[123.68858994700008,13.745918219000032],[123.68983294400005,13.751389537000023],[123.70938551800009,13.73907169100005],[123.69987883100009,13.723491118000027],[123.70706744200004,13.711198209000031],[123.7150929170001,13.710644246000072],[123.71810707500003,13.708653636000065],[123.72685975000002,13.711233684000035],[123.74089885700005,13.705561121000073],[123.74673679200009,13.708660623000071],[123.75145359600003,13.708271163000063],[123.759321655,13.704876032000072],[123.76066765000007,13.702481920000025],[123.76379204600005,13.702868738000063],[123.76528091700004,13.701045254000064],[123.776132802,13.698741960000064],[123.7816557750001,13.693264182000064],[123.78795095800001,13.693286876000059],[123.79338384200003,13.691312726000035],[123.796576619,13.692385153000032],[123.79825113100003,13.689551807000043],[123.79998794200003,13.68984567700005],[123.80262613600007,13.687670033000074],[123.81838289300003,13.689428203000034],[123.82166151800004,13.691794584000036],[123.82573395500003,13.692428557000028],[123.82901553600004,13.697386220000055],[123.8321758190001,13.697165730000052],[123.83347912500005,13.698831141000028],[123.83615290800003,13.697818785000038],[123.8216260480001,13.718714552000051],[123.74711266800011,13.78981789900007],[123.73266595200005,13.80188935600006],[123.7054391910001,13.810324681000054]]]]}},{"type":"Feature","properties":{"shapeName":"Ragay","shapeISO":"","shapeID":"30758251B23999947934104","shapeGroup":"PHL","shapeType":"ADM3","psgc_code":"0501730000","legacy_psgc_code":"051730000","province":"Camarines Sur"},"geometry":{"type":"MultiPolygon","coordinates":[[[[122.75709725500008,13.783916821000048],[122.75704066800006,13.782973587000072],[122.75817308,13.783734111000058],[122.75709725500008,13.783916821000048]]],[[[122.74335498500011,13.78309656500005],[122.74275945800002,13.784162360000039],[122.74255297900004,13.782647480000037],[122.73972890100003,13.783207321000077],[122.73851511700002,13.780470067000067],[122.73397766700009,13.782878863000064],[122.72391998500007,13.779136168000036],[122.72733197800005,13.776901464000048],[122.72618907900005,13.778931627000077],[122.72771905400009,13.779817814000069],[122.72948987100006,13.77760304900005],[122.73255121200009,13.777643854000075],[122.73407012900009,13.776212309000073],[122.73502308000002,13.777247731000045],[122.73558266400005,13.775818688000072],[122.73636906700006,13.777504707000048],[122.73697951200006,13.776228397000068],[122.74174486600009,13.77762516200005],[122.74085698800002,13.778840384000034],[122.74268581500007,13.779531802000065],[122.74335498500011,13.78309656500005]]],[[[122.76255567400005,13.785412434000023],[122.76219707200005,13.784053881000034],[122.76339847200006,13.784631571000034],[122.76255567400005,13.785412434000023]]],[[[122.74341580600003,13.80296916900005],[122.74285285100007,13.801865531000033],[122.74528701500003,13.802406382000072],[122.74341580600003,13.80296916900005]]],[[[122.64159908800002,13.882494823000059],[122.63703235900005,13.880919403000064],[122.63511355100002,13.876732098000048],[122.64164061000008,13.868081959000051],[122.64218338700005,13.864127411000027],[122.64638057000002,13.864708058000076],[122.64946078000003,13.861906635000025],[122.65159501900007,13.851190717000065],[122.64817019800012,13.850069829000063],[122.64930260100004,13.849656738000022],[122.64789243400003,13.847589330000062],[122.64825318200008,13.844720040000027],[122.64575282500005,13.844887628000038],[122.6403121830001,13.84069703700004],[122.63856056500003,13.841349189000027],[122.63686122100012,13.839884651000034],[122.63839518000009,13.837875074000067],[122.64527203400007,13.839116249000028],[122.6461951120001,13.83737098000006],[122.65104848500005,13.835471505000044],[122.6515094660001,13.833499522000068],[122.64724837400001,13.832654424000054],[122.65115171700006,13.832502833000035],[122.65088413,13.828822374000026],[122.65320687300004,13.826856102000022],[122.65294944700008,13.820765620000032],[122.66106437700012,13.81935978000007],[122.66486102100009,13.81628749400005],[122.66580315500005,13.812105215000031],[122.66835808600001,13.809829562000061],[122.6700523720001,13.811056837000024],[122.67324240200003,13.80929317600004],[122.67506550700011,13.810290834000057],[122.679564,13.80741848100007],[122.67958492900004,13.81148612000004],[122.67701065400001,13.816128786000036],[122.67857534000007,13.818263213000023],[122.67764321100003,13.819207344000063],[122.68012437400012,13.82807583300007],[122.68165956500002,13.828131290000044],[122.68337216900011,13.825054524000052],[122.6872563710001,13.826515149000045],[122.69056816900002,13.824885894000033],[122.69706376600004,13.817356112000027],[122.69726507500002,13.81885987100003],[122.69931845100007,13.817831753000064],[122.70063038800004,13.814317162000066],[122.70138384100005,13.817083153000056],[122.70258447200001,13.815659671000049],[122.706330782,13.818012206000049],[122.70527307400005,13.82178766800007],[122.70784195800002,13.819441529000073],[122.70918967500006,13.821824286000037],[122.71003044500003,13.820123291000073],[122.71795525400012,13.817166249000024],[122.71508683800005,13.817543752000063],[122.71572784200009,13.816745734000051],[122.72247131800009,13.817124299000056],[122.72387697200008,13.814848176000055],[122.73898277400008,13.80819878400007],[122.7398110370001,13.805967344000067],[122.74175490800008,13.806082156000059],[122.74110069500011,13.804586451000034],[122.742631877,13.806074238000065],[122.74656939200008,13.803399586000069],[122.74533849300008,13.80362681400004],[122.74970679400008,13.802579029000071],[122.74781725800005,13.80227108500003],[122.74986030800005,13.800763649000032],[122.74625235000008,13.801666631000046],[122.7435046270001,13.80064690000006],[122.74871066600008,13.797000149000041],[122.74881416500011,13.793300018000025],[122.74756832700007,13.792930788000035],[122.74915115400006,13.79112311700004],[122.75568203600005,13.79241434200003],[122.75888179200001,13.791239999000027],[122.76116696300005,13.787300290000076],[122.76450467900008,13.78658847500003],[122.76319633700007,13.786075635000032],[122.76738719200011,13.787501734000045],[122.76860407200002,13.785823910000033],[122.7664783130001,13.783047913000075],[122.75728157900005,13.78235489900004],[122.75380245600002,13.783092560000057],[122.75280581700008,13.780873407000058],[122.75003099600008,13.780328041000075],[122.74603943200009,13.780256178000059],[122.74470869600009,13.782365877000075],[122.74248891900004,13.777337234000072],[122.74604680200002,13.778376498000057],[122.74635314200009,13.777343629000029],[122.75441392300002,13.776652053000078],[122.76358983300008,13.778696082000067],[122.77150836300007,13.777308950000076],[122.77293522000002,13.77581445100003],[122.7712039490001,13.77232209300007],[122.779754636,13.763979163000045],[122.79767577900009,13.755934793000051],[122.80486856000005,13.749892824000028],[122.81556984100007,13.747734769000033],[122.81916319100003,13.745757281000067],[122.85229933000005,13.794856753000033],[122.85874156400007,13.810886537000044],[122.85855017800009,13.821059908000052],[122.86074849900001,13.821888987000023],[122.86076694100007,13.820490993000021],[122.86267057500004,13.821001275000071],[122.86310092100007,13.818801098000051],[122.86657997700001,13.817355933000044],[122.86782358900007,13.818623503000026],[122.86704558500003,13.82209741400004],[122.86478473600005,13.824243478000028],[122.86642194100011,13.825988056000028],[122.86527322400002,13.828414558000077],[122.86769408000009,13.829416241000047],[122.8653628720001,13.83050830600007],[122.86713904400006,13.83280284400007],[122.86577156900012,13.835567987000047],[122.867352664,13.837505231000023],[122.86434359100008,13.837611861000028],[122.8618225780001,13.839994320000073],[122.86230240000009,13.848397529000067],[122.86455646800005,13.850260386000059],[122.86343945800002,13.85267748700005],[122.86533697900006,13.856336760000033],[122.86844068000005,13.856657950000056],[122.8696797560001,13.861272022000037],[122.87426979300005,13.862113974000067],[122.87452188400005,13.866226263000044],[122.87693929900001,13.868033591000028],[122.87551072300005,13.869282629000054],[122.87735924800006,13.870661271000074],[122.87506580800004,13.87261251700005],[122.87662853800009,13.87534112800006],[122.87243438900009,13.877584117000026],[122.87540963200001,13.878438302000063],[122.87529766500006,13.879604354000037],[122.8727444860001,13.880051371000036],[122.87457907700002,13.883459366000068],[122.87045042500006,13.882755043000031],[122.87374488300009,13.886762339000029],[122.87178759500011,13.887567753000042],[122.87372930100003,13.889269346000049],[122.87118616700002,13.890956515000028],[122.86693084500007,13.890506808000055],[122.86599825700011,13.892306416000054],[122.8674317980001,13.891698872000063],[122.86882761900006,13.894090575000064],[122.86449941700005,13.893519561000062],[122.86359986700006,13.895867468000063],[122.86460370000009,13.896506014000067],[122.86361016100011,13.898311185000068],[122.86523231400008,13.899240237000072],[122.86376303800012,13.90069771800006],[122.86241773900008,13.900154394000026],[122.86381796900002,13.904398184000058],[122.86170919200003,13.907632684000077],[122.86435309600006,13.91074874800006],[122.86200392400008,13.909510712000042],[122.8613150220001,13.913283505000038],[122.85475611900006,13.916338333000056],[122.85422480200009,13.920313321000037],[122.8527630420001,13.919700594000062],[122.85259698300001,13.92144064100006],[122.850362345,13.92112630400004],[122.850568199,13.925488797000071],[122.85263628300004,13.928432135000037],[122.850256736,13.934234976000027],[122.8483127180001,13.934233939000023],[122.84382678600002,13.976188991000072],[122.83981613900005,13.98820220500005],[122.8380215740001,13.989171990000045],[122.73133585200003,13.933711419000076],[122.72397827800012,13.92580010000006],[122.71092533100011,13.91590868700007],[122.69979460800005,13.908079501000032],[122.69732697000006,13.90887346900007],[122.68975244700005,13.901470041000039],[122.66250305800008,13.88441436200003],[122.65551410000012,13.885158009000065],[122.65321737800002,13.882689665000044],[122.6503527210001,13.88376471600003],[122.64933569000004,13.881547197000032],[122.64159908800002,13.882494823000059]]]]}},{"type":"Feature","properties":{"shapeName":"Sagñay","shapeISO":"","shapeID":"30758251B59561254174499","shapeGroup":"PHL","shapeType":"ADM3","psgc_code":"0501731000","legacy_psgc_code":"051731000","province":"Camarines Sur"},"geometry":{"type":"MultiPolygon","coordinates":[[[[123.57045753200009,13.59197215200004],[123.56358681400002,13.587154418000068],[123.56414567000002,13.584776911000063],[123.56999413300002,13.579607930000066],[123.57751957700009,13.580103475000044],[123.57862149900006,13.583474477000038],[123.57424489800007,13.582108608000055],[123.57369534000009,13.588683321000076],[123.57045753200009,13.59197215200004]]],[[[123.54560845100002,13.516697864000037],[123.57855773400001,13.52052855100004],[123.58280362200003,13.522253086000035],[123.58947719000003,13.521386353000025],[123.59591849600008,13.52325522600006],[123.60125067900003,13.522687456000028],[123.6019580520001,13.528235403000053],[123.60009354500005,13.529579987000034],[123.60072653800012,13.532026441000028],[123.59768959500002,13.535144824000042],[123.59827660700012,13.537064240000063],[123.59606579700005,13.54024333600006],[123.59287814600009,13.542951619000064],[123.58793863500011,13.541390608000029],[123.58181129500008,13.546509452000066],[123.58130854800004,13.551262546000032],[123.58384950200002,13.55291509500006],[123.5837720610001,13.554652986000065],[123.5812019230001,13.552905226000064],[123.57800766200012,13.553308918000027],[123.56793691700011,13.562217863000058],[123.55241841300005,13.55684591000005],[123.55129071500005,13.55388386800007],[123.550811167,13.555757758000027],[123.55105441100011,13.553338277000023],[123.54778339900008,13.551496367000027],[123.54525338500002,13.557310585000039],[123.53836560000002,13.558276147000072],[123.53348229200003,13.562094080000065],[123.53133698900001,13.566344254000057],[123.53009736600006,13.57674004100005],[123.53671295600009,13.584703047000062],[123.54286102900005,13.588539652000065],[123.55207940000003,13.601866089000055],[123.551614663,13.602924287000064],[123.54394445600008,13.60069773500004],[123.54514339400009,13.601347449000059],[123.54293437400008,13.601848376000078],[123.54311647500003,13.60351931200006],[123.54622822400006,13.603280177000045],[123.54032591400005,13.606618885000046],[123.53743305400008,13.611408037000047],[123.53607944300006,13.611476244000073],[123.53478257400002,13.621408721000023],[123.53004815700001,13.62140134300006],[123.52753151600007,13.618863801000032],[123.52152049500012,13.618405432000031],[123.51929404900011,13.62284935300005],[123.51595162600006,13.621751184000061],[123.51392237000005,13.623282687000028],[123.50885221500005,13.615965248000066],[123.48835970300001,13.600414288000024],[123.48577864000004,13.596281585000042],[123.4858803090001,13.59337471300006],[123.47473863200003,13.590989875000048],[123.46687598200003,13.586789895000038],[123.47009502300011,13.582609705000039],[123.4620769920001,13.573794709000026],[123.46123297200006,13.575221569000064],[123.45928084900004,13.574024731000065],[123.45673284000009,13.576940082000021],[123.45406028600007,13.577396126000053],[123.4525346050001,13.576128987000061],[123.45206995500007,13.578921729000058],[123.45118127400008,13.577987306000068],[123.44921078800007,13.579161965000026],[123.44269841100004,13.57312947500003],[123.44560545700006,13.570340749000025],[123.44474130800006,13.568149048000066],[123.44758966000006,13.563965902000064],[123.44604739700003,13.56095047100007],[123.44789980100006,13.557787725000026],[123.44610313400005,13.553903681000065],[123.44415361300003,13.554839273000027],[123.44282362800004,13.553361971000072],[123.4434534940001,13.55012570200006],[123.44247266000002,13.550565314000039],[123.44302794500004,13.54953501700004],[123.44051931800004,13.548189597000032],[123.44720944900007,13.543127810000044],[123.45097040200005,13.543336125000053],[123.45602700100005,13.540672254000071],[123.47062437300008,13.536863138000058],[123.49007610000001,13.536800929000037],[123.49776328400003,13.534646007000049],[123.49996970100005,13.532647556000029],[123.50226935500007,13.525724764000074],[123.5018274680001,13.520013790000064],[123.51347890900001,13.523749070000065],[123.52009417800002,13.519454448000033],[123.53292995100003,13.519904092000047],[123.54086874500001,13.516697864000037],[123.54560845100002,13.516697864000037]]]]}},{"type":"Feature","properties":{"shapeName":"San Fernando","shapeISO":"","shapeID":"30758251B90301857682432","shapeGroup":"PHL","shapeType":"ADM3","psgc_code":"0501732000","legacy_psgc_code":"051732000","province":"Camarines Sur"},"geometry":{"type":"Polygon","coordinates":[[[123.11871637900003,13.58549206500004],[123.11436315700007,13.571134823000023],[123.111264731,13.56841785000006],[123.11178321300008,13.56595040600007],[123.10373333400003,13.552887314000031],[123.1004826950001,13.546317126000076],[123.0777735800001,13.523581987000057],[123.0864241910001,13.502792715000055],[123.08705806900002,13.485273215000063],[123.09809608000012,13.481996710000033],[123.10912602600001,13.475277137000035],[123.11666508500002,13.475151941000036],[123.12682807600004,13.468585431000065],[123.12999004500011,13.468089397000028],[123.13567640400004,13.464737728000046],[123.13846459600006,13.461199806000025],[123.13769550400002,13.459141960000068],[123.14311702200007,13.454239199000028],[123.14753916400002,13.454669401000046],[123.14653693500009,13.455357531000061],[123.1475695900001,13.456637415000046],[123.15174596600002,13.457285761000037],[123.15258469600008,13.515575713000032],[123.15606369900001,13.542552235000073],[123.16058942900008,13.55611992200005],[123.17416251500003,13.569633774000067],[123.16059688300004,13.579948869000077],[123.15382293900007,13.587539229000072],[123.15341577900006,13.585700532000033],[123.14546561000009,13.583555552000064],[123.14407605300005,13.580520715000034],[123.13845010900002,13.579347450000057],[123.11871637900003,13.58549206500004]]]}},{"type":"Feature","properties":{"shapeName":"San Jose","shapeISO":"","shapeID":"30758251B67944670665540","shapeGroup":"PHL","shapeType":"ADM3","psgc_code":"0501733000","legacy_psgc_code":"051733000","province":"Camarines Sur"},"geometry":{"type":"MultiPolygon","coordinates":[[[[123.50437539900008,13.667186862000051],[123.506759138,13.66546143000005],[123.50796288000004,13.655904187000033],[123.51146736600003,13.655484043000058],[123.509505869,13.649683061000076],[123.51289686500002,13.651640346000022],[123.51472261300012,13.650981760000036],[123.51486294300003,13.649226672000054],[123.51827651200006,13.648283270000036],[123.52339658300002,13.649043233000043],[123.5258431520001,13.644119923000062],[123.52769364500011,13.644596312000033],[123.5301624220001,13.641847142000074],[123.53036099400003,13.63933520200004],[123.53785691600001,13.63531856700007],[123.54335716300011,13.651903890000028],[123.55402690000005,13.676455542000042],[123.55692320300011,13.688843662000068],[123.56224757900009,13.699524291000046],[123.57477830000005,13.716219160000037],[123.58831009700009,13.725690016000044],[123.57775554700004,13.722849835000034],[123.57515012400006,13.722564079000051],[123.57407172500007,13.718797316000064],[123.57219285500003,13.717526147000058],[123.5672810420001,13.721044609000046],[123.56562450700005,13.71852079200005],[123.56146349300002,13.71927077600003],[123.55353823500002,13.715813884000056],[123.53769482900009,13.719915667000066],[123.51335110700006,13.719425630000046],[123.50594539300005,13.71456192100004],[123.49976892600012,13.701539179000065],[123.50629938300006,13.695487533000062],[123.50392471900011,13.692852517000063],[123.50594503600007,13.683026968000036],[123.50373581600002,13.673339921000036],[123.50437539900008,13.667186862000051]]],[[[123.68327731600004,13.720499549000067],[123.69494943900008,13.71955515600007],[123.69728619400007,13.715833341000064],[123.70706744200004,13.711198209000031],[123.69987883100009,13.723491118000027],[123.70938551800009,13.73907169100005],[123.68983294400005,13.751389537000023],[123.68858994700008,13.745918219000032],[123.69098222800005,13.744607316000042],[123.69038358700004,13.740492568000036],[123.68235550800011,13.732708506000051],[123.68034111000009,13.728227135000054],[123.68086063200008,13.723853027000075],[123.68327731600004,13.720499549000067]]]]}},{"type":"Feature","properties":{"shapeName":"Sipocot","shapeISO":"","shapeID":"30758251B70291415391467","shapeGroup":"PHL","shapeType":"ADM3","psgc_code":"0501734000","legacy_psgc_code":"051734000","province":"Camarines Sur"},"geometry":{"type":"Polygon","coordinates":[[[122.946346962,13.919446552000068],[122.94491005600003,13.91301162600007],[122.94641911200006,13.913353890000053],[122.94784606100006,13.911762618000068],[122.94873158300004,13.90658687000007],[122.94785635300002,13.905135390000055],[122.94565692900005,13.905261576000044],[122.9469466810001,13.903610478000076],[122.94272514200009,13.904982838000024],[122.94080284000006,13.902967138000065],[122.93912587800003,13.903971911000042],[122.94084647300008,13.90166345800003],[122.93539339200004,13.899729931000024],[122.93818224200004,13.899675745000025],[122.93585206700004,13.89692672600006],[122.93613453400008,13.895727106000038],[122.93796775600003,13.895771625000066],[122.93814829100006,13.893794292000052],[122.93545775300004,13.892474360000051],[122.94490442000006,13.88234312700007],[122.94248404100006,13.875324764000027],[122.94673780000005,13.873660538000024],[122.94937673100003,13.870191935000037],[122.9492314900001,13.86761494500007],[122.94778579700005,13.866460388000064],[122.9466347130001,13.867574425000043],[122.94650922000005,13.865491967000025],[122.94470828300007,13.865637832000061],[122.94062271200005,13.861416500000075],[122.94136456100011,13.859203490000027],[122.94285285600006,13.860378671000035],[122.94304422500011,13.858580325000048],[122.94131236100009,13.857257951000065],[122.94313326500003,13.856130954000037],[122.94098272700012,13.855622968000034],[122.94187647000001,13.853336432000049],[122.93895738300012,13.850978736000059],[122.93869214900008,13.846402769000065],[122.94137057700004,13.845742848000043],[122.94216087000007,13.847459436000065],[122.94504459900008,13.844155440000065],[122.94494081500011,13.842404961000057],[122.9411086450001,13.842827550000038],[122.94055048300004,13.841422844000022],[122.93795275900004,13.843701710000062],[122.93779737500006,13.841445179000061],[122.94032737500004,13.838711704000048],[122.93367802000012,13.832223942000041],[122.93676718300003,13.833290559000034],[122.94033942600004,13.832356825000033],[122.93910241900005,13.828256688000067],[122.942252961,13.828346386000021],[122.94508173800011,13.823673959000075],[122.94321813400006,13.82180924000005],[122.94073787500008,13.823482525000031],[122.939575482,13.822126291000075],[122.93945440300001,13.816785663000076],[122.94236160600008,13.813294917000064],[122.94010818200002,13.812202093000053],[122.94187742000008,13.808955623000031],[122.94098049800004,13.806327034000049],[122.93566536600008,13.80417010800005],[122.93434538200006,13.801772293000056],[122.93138691900003,13.801333082000042],[122.93293184000004,13.799033502000043],[122.93002395300005,13.797027279000076],[122.92765336000002,13.80200128100006],[122.92493997500003,13.802283898000042],[122.92613560400002,13.79939975700006],[122.92509306300008,13.797408673000064],[122.92750743500005,13.795908014000076],[122.92374160800011,13.79595140500004],[122.9225581610001,13.794375294000076],[122.92660459700005,13.79054172800005],[122.92664154200008,13.78371803500005],[122.93144874600011,13.783093266000037],[122.93203977600001,13.779349756000045],[122.93031370900007,13.778208677000066],[122.92111198100008,13.777891590000024],[122.92051318500012,13.773919704000036],[122.9167883990001,13.772632963000035],[122.91221534700003,13.774444366000068],[122.89923214900011,13.773805150000044],[122.89690755800007,13.770819618000075],[122.8913735110001,13.769688329000076],[122.88947795100012,13.763887307000061],[122.88515846900009,13.76441027900006],[122.87851860100011,13.759601153000062],[122.87633924800002,13.759688152000024],[122.8753470150001,13.755997753000031],[122.87149390700006,13.754015112000047],[122.86693153600004,13.746013375000075],[122.86221048300001,13.744682112000078],[122.8610697690001,13.73242665400005],[122.85584869900003,13.727109062000068],[122.8551412270001,13.724132810000071],[122.84257027600006,13.71643670700007],[122.84756122400006,13.714448425000057],[122.85175178200006,13.716028723000022],[122.85270006500002,13.714751050000075],[122.85294255400004,13.712945348000062],[122.84953815200004,13.709627402000024],[122.85584061800012,13.702212708000047],[122.85706413700007,13.694886877000044],[122.86139126000012,13.693490116000078],[122.86220509300006,13.689709840000035],[122.85979068600011,13.687619136000023],[122.85768041500012,13.681765918000053],[122.86115016700012,13.680663328000037],[122.86000926500003,13.67897810200003],[122.86212994900006,13.678525225000044],[122.8623476790001,13.680406407000078],[122.86493430400003,13.679940466000062],[122.86366276400008,13.679160995000075],[122.86396323100007,13.676670170000023],[122.86594525600003,13.677039867000076],[122.86658469300005,13.675368148000075],[122.8674512560001,13.677606407000042],[122.87488018400006,13.67899116600006],[122.8777063120001,13.684447465000062],[122.88457882000012,13.682823720000044],[122.8856709050001,13.684747199000071],[122.88985605700009,13.685952015000055],[122.88996174300007,13.687593665000065],[122.89251933500009,13.686050655000031],[122.89383688300006,13.687938905000067],[122.89663363900002,13.687290700000062],[122.89994042500007,13.693517542000052],[122.89917948900006,13.694244033000075],[122.9028809570001,13.698816893000071],[122.9080793280001,13.70033688500007],[122.90919142500002,13.702743266000027],[122.91955446100008,13.707195364000029],[122.96543902300004,13.736010140000076],[122.97136266700011,13.738895291000063],[122.97655143700001,13.738825014000042],[122.99324902400008,13.744617281000046],[122.99692279400006,13.747335064000026],[122.99832010000011,13.751292472000046],[123.01388624100002,13.76449857800003],[123.0186939680001,13.768873212000074],[123.02960160600003,13.774976452000033],[123.03252792300009,13.77582368800006],[123.04240458400011,13.774741963000054],[123.04549681300011,13.77686995700003],[123.04833465900003,13.78223003900007],[123.04695641800004,13.785025596000025],[123.04844512900002,13.789738586000055],[123.044296615,13.794345976000045],[123.04983142900005,13.802386178000063],[123.0488662350001,13.806267416000026],[123.04707229100006,13.80657932500003],[123.04855377900003,13.80767146200003],[123.04774559300006,13.810615571000028],[123.04904231500007,13.813317537000046],[123.04718198900002,13.817484411000066],[123.05256284900008,13.82287377700004],[123.05536276600003,13.833600722000028],[123.05677308500003,13.833046067000055],[123.0570140420001,13.83499615900007],[123.05823690700004,13.83490084500005],[123.05749563000006,13.83787706000004],[123.06069556700004,13.837581502000035],[123.0082219090001,13.879259786000034],[122.95698706100006,13.918252184000039],[122.946346962,13.919446552000068]]]}},{"type":"Feature","properties":{"shapeName":"Siruma","shapeISO":"","shapeID":"30758251B38539874694447","shapeGroup":"PHL","shapeType":"ADM3","psgc_code":"0501735000","legacy_psgc_code":"051735000","province":"Camarines Sur"},"geometry":{"type":"MultiPolygon","coordinates":[[[[123.2518813800001,13.960828777000074],[123.24998767500006,13.957813144000056],[123.25461415500001,13.956931778000069],[123.2518813800001,13.960828777000074]]],[[[123.2236998080001,13.970327194000049],[123.22269682700005,13.971458268000049],[123.22230706200003,13.970739546000061],[123.22940876300004,13.963967126000057],[123.23284839300004,13.962789967000049],[123.23404473000005,13.966265046000046],[123.23249667700009,13.964751744000068],[123.2236998080001,13.970327194000049]]],[[[123.21268377000001,14.030992464000065],[123.20760295000002,14.024315282000032],[123.21043907,14.023292145000028],[123.2131591100001,14.025300965000042],[123.2186622270001,14.023815704000071],[123.22168248500009,14.02555256200003],[123.22441002000005,14.024814592000041],[123.22494760300003,14.026207151000051],[123.21268377000001,14.030992464000065]]],[[[123.34270766400005,14.013367906000042],[123.34480083400001,14.016500410000049],[123.3439445030001,14.015469752000058],[123.343104949,14.020974883000065],[123.34569312400004,14.024499304000074],[123.34765154600007,14.024396824000064],[123.3461267130001,14.027071421000073],[123.34668534200011,14.029006130000027],[123.35315363400002,14.029790716000036],[123.35066066500008,14.033100969000031],[123.35244686300007,14.035611800000027],[123.35109867900007,14.03714658000007],[123.35266062800008,14.037246137000068],[123.35191162400008,14.038781081000025],[123.35555317,14.037682193000023],[123.35661065600004,14.03217029600006],[123.35915039500003,14.03315161300003],[123.35788612500005,14.036405672000058],[123.35893407600008,14.038218294000046],[123.35766762800006,14.039597641000057],[123.35922287800008,14.041804126000045],[123.35896309000009,14.04012149600004],[123.36102648000008,14.039990494000051],[123.36121202700008,14.037564041000053],[123.36894653600007,14.038387793000027],[123.37140223800009,14.036089912000023],[123.37416280900004,14.036563865000062],[123.37446290300011,14.040301258000056],[123.37167875700004,14.042724685000053],[123.36672484400003,14.04143847000006],[123.36134718200003,14.045100870000056],[123.3598094890001,14.047382924000033],[123.36049238600003,14.049735257000066],[123.35524670500001,14.053916761000039],[123.35411734000002,14.060507163000068],[123.35920540100005,14.06507504900003],[123.35922602100004,14.07617663700006],[123.3567484780001,14.076317661000076],[123.35544147100006,14.07854822400003],[123.35543469000004,14.085714720000055],[123.35153865900008,14.087340428000061],[123.3459901870001,14.08539180200006],[123.34438781200004,14.087036668000053],[123.34681073600007,14.088998469000046],[123.3472035960001,14.092562430000044],[123.3434173390001,14.094601666000074],[123.34251852600005,14.099770273000047],[123.34017365400007,14.101158835000035],[123.34130842800005,14.104974672000026],[123.33770930900005,14.103682570000046],[123.33875759900002,14.09831607600006],[123.33646329400005,14.094085617000076],[123.32947674500008,14.09212887800004],[123.32947998600002,14.087453432000075],[123.34309462700003,14.084349778000046],[123.34435008700007,14.08004685900005],[123.34642294600008,14.079138561000036],[123.34137215300007,14.077772536000055],[123.34114186200009,14.074778683000034],[123.34579419700003,14.068864530000042],[123.34247212200012,14.067432852000024],[123.33661822600004,14.068714640000053],[123.33348207000006,14.067503270000032],[123.33179571800008,14.069322796000051],[123.32963056500012,14.066468072000077],[123.32685176600012,14.06738000200005],[123.32508518000009,14.06608131300004],[123.31862551200004,14.067732387000035],[123.31424044700009,14.072377569000025],[123.30897272000004,14.067116183000053],[123.31261957600009,14.063591544000076],[123.310733346,14.058874776000039],[123.31229920500004,14.054447823000032],[123.3168713010001,14.050419420000026],[123.316199417,14.046939734000034],[123.32189256400011,14.043186195000033],[123.32118527400007,14.039469309000026],[123.31550416000005,14.038524233000032],[123.31031748100008,14.039565765000077],[123.30866899800003,14.045309167000028],[123.29866860700008,14.051228280000032],[123.29790939500003,14.052993722000053],[123.30024154300008,14.055666135000024],[123.29899142500005,14.054984239000078],[123.2926135890001,14.062073145000056],[123.28591664500004,14.063932965000049],[123.27719887100011,14.071823451000057],[123.27353428700007,14.07364651100005],[123.25492389100009,14.072590219000062],[123.26731610500008,14.059428468000021],[123.27360717500005,14.05614115000003],[123.27766281000004,14.045826456000043],[123.28003438100006,14.045255455000074],[123.277464989,14.044413405000057],[123.27918589600006,14.039498362000074],[123.27726964400006,14.034114500000044],[123.27908044500009,14.035770780000064],[123.28273787500007,14.03571869800004],[123.28332153400004,14.033235441000045],[123.27636914200002,14.031202540000038],[123.27283739100005,14.033785572000056],[123.26506079600006,14.028644666000048],[123.25666683400004,14.025608065000029],[123.24267957900008,14.031664859000045],[123.23048529000005,14.025623762000066],[123.2359814460001,14.023970544000065],[123.2389256460001,14.025389054000073],[123.24530806000007,14.025257603000057],[123.24962104400004,14.02345890600003],[123.25163739200002,14.020711351000045],[123.25517741500005,14.02061154300003],[123.25712584000007,14.018509853000069],[123.25759283500008,14.019561723000038],[123.25919566100004,14.01904380600007],[123.26389300400001,14.014689519000058],[123.26364852000006,14.009766738000053],[123.26804768400007,14.01059996500004],[123.26484875300002,14.009448361000068],[123.26489591600011,14.007854982000026],[123.2645773270001,14.009225220000076],[123.2623042670001,14.00908634800004],[123.26287912900011,14.009810936000065],[123.2580556040001,14.007901181000022],[123.26086883100004,14.005120135000027],[123.25909152800011,14.003403108000043],[123.25949004600011,14.001069089000055],[123.26428443100008,14.002659175000076],[123.26791228600007,14.000769328000047],[123.26959193300002,14.00141078300004],[123.27018131700004,13.999190432000034],[123.26916934100007,14.000795912000058],[123.26757470200005,14.000356015000023],[123.2636101600001,14.001946192000048],[123.26008357400008,14.000101261000054],[123.25725540000008,14.001987192000058],[123.25186423000002,14.002179152000053],[123.25169976500001,14.00079375000007],[123.24972970300007,14.001508082000043],[123.24586593400011,13.999737019000065],[123.24648885500005,14.000902677000056],[123.24481681000009,14.000658371000043],[123.24265485900003,14.003380915000037],[123.23597616600011,14.00241593800007],[123.23333118900007,14.005134653000027],[123.23068621400012,14.002184632000024],[123.22880148800004,14.003155353000068],[123.22801288000005,13.995452453000041],[123.23037113700002,13.99657690500004],[123.23117053300007,13.995102893000023],[123.23362095400012,13.995133859000077],[123.23291698800006,13.996014629000058],[123.23662533200002,13.991811422000069],[123.23779677400012,13.992478667000057],[123.23732870000003,13.98654745600004],[123.23865675900004,13.986143079000044],[123.24018464900007,13.987377842000058],[123.24070639700005,13.98706757900004],[123.24054429400007,13.987521947000062],[123.24096169900008,13.987821610000026],[123.24053986100012,13.98868774600004],[123.24138282500007,13.987895683000033],[123.24123383000006,13.987448271000062],[123.24110665100011,13.987782075000041],[123.24063406300002,13.987555547000056],[123.24079923200009,13.987051172000065],[123.24013303100003,13.98704882900006],[123.24094098500007,13.986392920000071],[123.23848287100009,13.98581114700005],[123.23681878800005,13.986222523000038],[123.23435124200012,13.990735891000043],[123.23350710300008,13.988428536000072],[123.22967892400004,13.990915548000032],[123.22753046200012,13.989173567000023],[123.22955433800007,13.98518543800003],[123.22948906500005,13.981741773000067],[123.23394276600004,13.976850359000025],[123.23199661500007,13.968191365000052],[123.24097952800003,13.966116450000072],[123.24180339800012,13.967074242000024],[123.24035756700005,13.96853258300007],[123.24390627900004,13.968503035000026],[123.24189649800007,13.967418378000048],[123.24887420100004,13.964699547000066],[123.25068814600002,13.96148669400003],[123.25254714500011,13.963390078000032],[123.25118600100006,13.962932849000026],[123.25195367800006,13.964707083000064],[123.253316347,13.963563126000054],[123.25365632900002,13.964643066000065],[123.25396345400009,13.962671130000047],[123.26015187300004,13.958511990000034],[123.26213536300008,13.958988629000032],[123.26186448200008,13.962794497000061],[123.26301107200004,13.961437487000069],[123.26545843600002,13.962419037000075],[123.267856875,13.959320340000033],[123.26671834700005,13.957547400000067],[123.26369575300009,13.957293589000074],[123.26408279200007,13.954681995000044],[123.26180487800002,13.95343818300006],[123.26297148900005,13.95061425700004],[123.26159647800011,13.949105166000038],[123.25995437100005,13.950367441000026],[123.26032216500005,13.948770526000033],[123.26571116600007,13.94812810600007],[123.26935522700012,13.943538138000065],[123.27065063300006,13.943564447000028],[123.269490829,13.945977937000066],[123.27070240300009,13.947512749000055],[123.27262343600012,13.947663550000073],[123.27395649200002,13.945217952000064],[123.27462551700012,13.947299894000025],[123.27756983600011,13.946195457000044],[123.28321428600009,13.933980046000045],[123.28448931700007,13.932723190000047],[123.28698199900009,13.93424956900003],[123.28766523900003,13.933394547000034],[123.28612631600004,13.933382061000032],[123.29373113500003,13.927012693000052],[123.29563033300008,13.929283316000067],[123.29958813400003,13.929254119000063],[123.30208143000004,13.93142550600004],[123.32381951700006,13.990751400000022],[123.32345625200003,14.013667937000037],[123.32443621800007,14.015313156000047],[123.33499022600006,14.012632406000023],[123.33921634900003,14.013087822000045],[123.34103613100001,14.01494225500005],[123.34270766400005,14.013367906000042]]],[[[123.29880567000009,14.128800049000063],[123.29716589000009,14.127310627000043],[123.2934391450001,14.12716716400007],[123.29063087400004,14.124456803000044],[123.29043622800009,14.122259361000033],[123.29744559100004,14.114878807000025],[123.3035010100001,14.11305629900005],[123.30853174700007,14.108932606000053],[123.31211327100004,14.099168716000065],[123.314368295,14.097973549000073],[123.31619773500006,14.089498419000051],[123.3181368700001,14.088780539000027],[123.32060431900004,14.097724546000052],[123.32634340400011,14.09926960100006],[123.32541954800001,14.105947849000074],[123.32766927800003,14.106948787000022],[123.32777847300008,14.110564370000077],[123.32540825400008,14.111124346000054],[123.32398619500009,14.108753661000037],[123.32137175700007,14.110058146000029],[123.32040087400003,14.112727072000041],[123.32149866300006,14.115932045000022],[123.31415797400007,14.124002787000052],[123.30708229700008,14.126863124000067],[123.29977339800007,14.126865077000048],[123.29880567000009,14.128800049000063]]]]}},{"type":"Feature","properties":{"shapeName":"Tigaon","shapeISO":"","shapeID":"30758251B83863346028510","shapeGroup":"PHL","shapeType":"ADM3","psgc_code":"0501736000","legacy_psgc_code":"051736000","province":"Camarines Sur"},"geometry":{"type":"Polygon","coordinates":[[[123.39870400600012,13.645351284000071],[123.40194539700008,13.627159057000028],[123.40584977700007,13.618873248000057],[123.41013846800001,13.61783147400007],[123.41905645000008,13.610068366000064],[123.42380733000005,13.609011209000073],[123.43976344300006,13.59835507400004],[123.44331664100002,13.593593273000067],[123.44337776800012,13.589742576000049],[123.44591141100011,13.587241249000044],[123.44480178200001,13.586363892000065],[123.44658893000008,13.584954784000047],[123.44653462100007,13.581623600000057],[123.44921078800007,13.579161965000026],[123.45118127400008,13.577987306000068],[123.45206995500007,13.578921729000058],[123.4525346050001,13.576128987000061],[123.45406028600007,13.577396126000053],[123.45673284000009,13.576940082000021],[123.45928084900004,13.574024731000065],[123.46123297200006,13.575221569000064],[123.4620769920001,13.573794709000026],[123.47009502300011,13.582609705000039],[123.46687598200003,13.586789895000038],[123.47473863200003,13.590989875000048],[123.4858803090001,13.59337471300006],[123.48577864000004,13.596281585000042],[123.48835970300001,13.600414288000024],[123.50885221500005,13.615965248000066],[123.51392237000005,13.623282687000028],[123.51595162600006,13.621751184000061],[123.51929404900011,13.62284935300005],[123.52152049500012,13.618405432000031],[123.52753151600007,13.618863801000032],[123.53004815700001,13.62140134300006],[123.53478257400002,13.621408721000023],[123.53785691600001,13.63531856700007],[123.53036099400003,13.63933520200004],[123.5301624220001,13.641847142000074],[123.52769364500011,13.644596312000033],[123.5258431520001,13.644119923000062],[123.52339658300002,13.649043233000043],[123.51827651200006,13.648283270000036],[123.51486294300003,13.649226672000054],[123.51472261300012,13.650981760000036],[123.51289686500002,13.651640346000022],[123.509505869,13.649683061000076],[123.51146736600003,13.655484043000058],[123.50796288000004,13.655904187000033],[123.506759138,13.66546143000005],[123.50437539900008,13.667186862000051],[123.48956166800008,13.665261765000025],[123.48124166200012,13.659775662000072],[123.44626714500009,13.64680129800007],[123.43083904000002,13.644086280000067],[123.41942013700009,13.645656834000022],[123.4076055480001,13.644527740000058],[123.39870400600012,13.645351284000071]]]}},{"type":"Feature","properties":{"shapeName":"Tinambac","shapeISO":"","shapeID":"30758251B38953781960130","shapeGroup":"PHL","shapeType":"ADM3","psgc_code":"0501737000","legacy_psgc_code":"051737000","province":"Camarines Sur"},"geometry":{"type":"MultiPolygon","coordinates":[[[[123.41969230600012,13.949906679000037],[123.41862756400008,13.94893963900006],[123.4194596850001,13.94708425500005],[123.42088424200006,13.947843449000061],[123.41969230600012,13.949906679000037]]],[[[123.33060879300001,13.953627828000037],[123.3298847960001,13.952218836000043],[123.33193906000008,13.953406660000041],[123.33060879300001,13.953627828000037]]],[[[123.40168683900004,13.982133399000077],[123.40166171800001,13.980736981000064],[123.40043274400011,13.981277832000046],[123.40166972800012,13.978527246000056],[123.40293990300006,13.979860004000045],[123.40168683900004,13.982133399000077]]],[[[123.40354243500008,14.010217032000071],[123.40273324700001,14.009447084000044],[123.40534839200006,14.008342945000038],[123.40354243500008,14.010217032000071]]],[[[123.39181483700008,14.031233180000072],[123.39175653500001,14.029336322000063],[123.39279839800008,14.030604033000031],[123.39181483700008,14.031233180000072]]],[[[123.3764742400001,13.655068811000035],[123.38092023700005,13.652667561000044],[123.3764938710001,13.647544539000023],[123.38398218000009,13.645861240000045],[123.39870400600012,13.645351284000071],[123.38409990600007,13.720514163000075],[123.38151022400007,13.726342136000028],[123.38534528800005,13.737132845000076],[123.3839763310001,13.745873930000073],[123.386019142,13.746896703000061],[123.38464131800004,13.748055469000064],[123.3871573990001,13.749855318000073],[123.38525900800005,13.75435839000005],[123.38580547100003,13.75738356100004],[123.38893443500001,13.76383147200005],[123.39053977600008,13.76437902500004],[123.39003613000011,13.769327788000055],[123.39336979200004,13.773868717000028],[123.39332529800004,13.777462527000068],[123.39997137800003,13.780457656000067],[123.40055636600005,13.784965206000038],[123.39922174800006,13.788272360000065],[123.40033845800008,13.792953787000044],[123.39766248400008,13.798026529000026],[123.40191310300008,13.803814973000044],[123.39890354600004,13.807023882000067],[123.39643943800002,13.804416527000058],[123.3945921940001,13.804364391000036],[123.3952256440001,13.803519520000066],[123.39092818900008,13.802250763000075],[123.38720435400012,13.805035874000055],[123.38772484700007,13.806737952000049],[123.38589600900002,13.808599786000059],[123.3822877880001,13.810472597000057],[123.38857239700008,13.832054042000038],[123.38803146100008,13.842703459000063],[123.3946054920001,13.86594298500006],[123.40199951500006,13.872949496000047],[123.40627894900001,13.87072964500004],[123.40758838500005,13.87233130800007],[123.40866677000008,13.87107179000003],[123.41052618300012,13.871630677000041],[123.41099464400008,13.870002580000062],[123.41148895100002,13.87166045500004],[123.41452211100011,13.869890702000077],[123.41552097400006,13.87332864700005],[123.41794430100003,13.874673385000051],[123.41741356700004,13.881667867000033],[123.41901766500007,13.884152010000037],[123.41622430500001,13.888145135000059],[123.41644095400011,13.894384867000042],[123.42059079100011,13.897298713000055],[123.425058841,13.906117509000069],[123.42956811900001,13.911197641000058],[123.43065015400009,13.914956499000027],[123.4299372700001,13.920803160000048],[123.42879638200009,13.92062414700007],[123.42757365400007,13.924193184000046],[123.4263747220001,13.920337542000027],[123.4235899360001,13.922733696000023],[123.42346972300004,13.92882277800004],[123.42712485100003,13.93009177600004],[123.41774728300004,13.936190089000036],[123.41774062400009,13.933910839000077],[123.414941139,13.932298794000076],[123.41386002900003,13.938502224000047],[123.41544069800011,13.93988631600007],[123.41428324800006,13.942860480000036],[123.41061612100009,13.943932779000022],[123.40762516100006,13.943001938000066],[123.40736835700011,13.945789655000056],[123.40869551100002,13.94486581600006],[123.40868276000003,13.946978369000021],[123.4117350250001,13.947586886000067],[123.41134163100003,13.949578131000067],[123.41657150300011,13.950718238000036],[123.41589710100004,13.955333475000032],[123.4135767890001,13.953845193000063],[123.41167966800003,13.956103854000048],[123.41399000800004,13.958474377000073],[123.41256482600011,13.959529134000036],[123.41267234000009,13.962140200000022],[123.41488150400005,13.962425462000056],[123.41626749600005,13.965560917000062],[123.41406323800004,13.97010530600005],[123.416514247,13.974223251000069],[123.4131424520001,13.982366119000062],[123.41591040600008,13.984446001000038],[123.41330749200006,13.986298345000023],[123.40757835300008,13.985713169000064],[123.40472636600009,13.98780980500004],[123.4046894600001,13.989340630000072],[123.40306271600002,13.98944507300007],[123.40366632200005,13.987724849000074],[123.40159691800011,13.98515572100007],[123.40394924100008,13.98030751500005],[123.40274031700005,13.98076691700004],[123.40369190400008,13.979513703000066],[123.40199874200005,13.978597189000027],[123.40393177600004,13.978163221000045],[123.40243591500007,13.978110396000034],[123.40216027400004,13.97625120500004],[123.40223858900004,13.978378606000035],[123.39822274900007,13.97760514600003],[123.39982925200002,13.978201617000025],[123.39985779300002,13.980016307000028],[123.3990426250001,13.980931782000027],[123.39698799700011,13.979900913000051],[123.3989711370001,13.981506147000061],[123.39487263400008,13.98519520800005],[123.39397075500005,13.989630390000059],[123.39451799100004,13.991794839000022],[123.39707228500004,13.990639728000076],[123.3984985840001,13.993780529000048],[123.40266278400009,13.994013288000076],[123.40379285300003,13.997516833000077],[123.4054943640001,13.997365592000051],[123.40132287600011,14.001018561000024],[123.40326435000009,14.002693226000076],[123.40108233,14.005210412000054],[123.40151823000008,14.008317302000023],[123.39793770900008,14.010937186000035],[123.39612582100006,14.00784518200004],[123.39275924300011,14.009629301000075],[123.39034187100003,14.007419266000056],[123.38512066100009,14.008944125000028],[123.38360062900006,14.007986771000049],[123.3822534090001,14.008082711000043],[123.38375248800003,14.008440007000047],[123.38399532300002,14.01152251700006],[123.39091198900007,14.01268865700007],[123.39285455700008,14.015888461000031],[123.39269546300011,14.027581400000031],[123.38796236200005,14.030126455000072],[123.39001661200007,14.032270830000073],[123.38853656800006,14.034123278000038],[123.38723692300005,14.03509045100003],[123.380129151,14.028481758000055],[123.3821396080001,14.02502891000006],[123.38132055400001,14.024263359000031],[123.37526076300003,14.025115141000072],[123.37800190700011,14.021912487000066],[123.37724138200008,14.020479029000057],[123.36968458000001,14.022528795000028],[123.36647041100002,14.018827428000066],[123.36346797400006,14.01776990600007],[123.36470869300001,14.01603932200004],[123.36337566200007,14.012526888000025],[123.36607589700009,14.010007383000072],[123.36378163300003,14.010077979000073],[123.3635736220001,14.008040917000073],[123.36127839300002,14.010162038000033],[123.36068352500001,14.00802793300005],[123.35836697600007,14.006990373000065],[123.35491996700011,14.007939990000068],[123.35540927200009,14.005521250000072],[123.35124657200004,14.006554584000071],[123.35121536600002,14.008956612000077],[123.34883961900005,14.011785929000041],[123.35005798800012,14.014065121000044],[123.35286547800001,14.014843819000077],[123.3533597060001,14.019132573000036],[123.35237555200001,14.019637512000031],[123.34968322500004,14.017111],[123.34593509000001,14.019015048000028],[123.34567752900011,14.015876754000033],[123.34337934000007,14.012515983000071],[123.34270766400005,14.013367906000042],[123.34103613100001,14.01494225500005],[123.33921634900003,14.013087822000045],[123.33499022600006,14.012632406000023],[123.32443621800007,14.015313156000047],[123.32345625200003,14.013667937000037],[123.32381951700006,13.990751400000022],[123.30208143000004,13.93142550600004],[123.30752787100005,13.928218130000062],[123.30906433900009,13.930852024000046],[123.3118521450001,13.93035554000005],[123.31165262000002,13.936788075000038],[123.31432228000006,13.938530326000034],[123.31535602000008,13.935607615000038],[123.31648075500004,13.938943252000058],[123.31532421800011,13.938583333000054],[123.31550486900005,13.94079662200005],[123.31318808500009,13.941945234000059],[123.31631609400006,13.945032643000047],[123.31400789300005,13.945150407000028],[123.31487574900007,13.948461266000038],[123.31251779600007,13.950877008000077],[123.31361947200003,13.95164657500004],[123.31730985800004,13.946236456000065],[123.31884965800009,13.950277456000038],[123.31777222300002,13.951813765000054],[123.31964064300007,13.950584814000024],[123.3207323790001,13.951590644000078],[123.32129097100005,13.950278788000048],[123.32071640700008,13.953331135000042],[123.32543115800001,13.967181012000026],[123.32660379700008,13.957083576000059],[123.32891023500008,13.960428200000024],[123.32989659500004,13.967586697000058],[123.33245749200012,13.971195751000039],[123.33459231400002,13.97818850300007],[123.33357380300004,13.978613160000066],[123.33536078000009,13.97874924100006],[123.33891601700009,13.982457827000076],[123.33456713600003,13.977185156000075],[123.33411596400003,13.974607569000057],[123.33495459700009,13.973248745000035],[123.33776773700004,13.974584056000026],[123.33905285800006,13.973534974000074],[123.3385364070001,13.971484549000024],[123.34082626100007,13.971813456000064],[123.34149819000004,13.968849208000051],[123.3393128570001,13.966181670000026],[123.34123437000005,13.96153361200004],[123.33912139300003,13.961556591000033],[123.33959874300001,13.955565174000071],[123.333903856,13.948661464000054],[123.33564930300008,13.946440214000063],[123.33213150900008,13.941384394000067],[123.33266240400008,13.93795360300004],[123.32965732900004,13.939130654000053],[123.3253101140001,13.932994894000046],[123.3241490910001,13.938045072000023],[123.3222437390001,13.939069861000064],[123.32105449700009,13.932902694000063],[123.31618910100008,13.925787529000047],[123.31726346300002,13.922120814000039],[123.31153730000005,13.922189291000052],[123.30935890400008,13.91764779600004],[123.30559618000007,13.915881656000067],[123.2952660740001,13.903841381000063],[123.28718200800006,13.90651144900005],[123.28906168300011,13.899251368000023],[123.287513052,13.895782882000049],[123.28451733200006,13.896269587000063],[123.2872040520001,13.894674400000042],[123.28599159600003,13.891536789000043],[123.29212874000007,13.883664772000031],[123.2913318620001,13.880565965000073],[123.29385020200004,13.877877124000065],[123.29814567000005,13.865824874000054],[123.30194800600009,13.864670273000058],[123.30776331900006,13.859262074000071],[123.30959923600005,13.85223413600005],[123.31430439500002,13.844572461000041],[123.31484342400006,13.839356316000021],[123.3177112090001,13.835756184000047],[123.31767480400003,13.831290229000047],[123.32028531300011,13.829189419000045],[123.3235585320001,13.829878199000063],[123.32059863800009,13.826071519000038],[123.32211976200006,13.825193235000029],[123.32348444500008,13.814816749000045],[123.32634638700006,13.814629785000022],[123.32264968200002,13.813428311000052],[123.32184317700012,13.81164915900007],[123.32470102400009,13.800320698000064],[123.32129474600004,13.80175760700007],[123.31490341500012,13.788076406000073],[123.29934654200008,13.77529245900007],[123.29474261400003,13.774506212000063],[123.29439765600011,13.777434283000048],[123.29252564800004,13.776652839000064],[123.29371869300007,13.77447803800004],[123.29626745100006,13.773501752000072],[123.2958190380001,13.770087028000034],[123.30170038000006,13.765408538000031],[123.30600999400008,13.758290130000034],[123.30470815300009,13.753411932000063],[123.30190291500003,13.751880897000035],[123.30431548700005,13.748999832000038],[123.30365738500007,13.746073043000024],[123.30683789700004,13.746846560000051],[123.3105551760001,13.743551273000037],[123.31033418000004,13.74169231600007],[123.31405621600004,13.739690428000074],[123.31860032600002,13.741937265000047],[123.3201714700001,13.740317755000035],[123.32093784000006,13.742116596000074],[123.3224636860001,13.74144939100006],[123.32658265200007,13.743353073000037],[123.32661212900007,13.741323412000042],[123.3284741120001,13.742993475000048],[123.3297795100001,13.734978950000027],[123.33316888700006,13.736186429000043],[123.33376392500008,13.734978703000024],[123.33774011900005,13.735511875000043],[123.33953195800007,13.73346136400005],[123.34378435400004,13.732135781000068],[123.34685031100003,13.725256785000056],[123.3489169820001,13.72419338900005],[123.35044337200009,13.71703791400006],[123.35754650400008,13.706697734000045],[123.36617999500004,13.697490713000036],[123.37623296200002,13.691830648000064],[123.37799061900012,13.683358352000027],[123.3764742400001,13.655068811000035]]]]}}]}
