{"type":"FeatureCollection","source":{"dataset":"geoBoundaries gbOpen PHL ADM3","commit":"9469f09","license":"CC BY 3.0 IGO","boundary_year":2020,"url":"https://media.githubusercontent.com/media/wmgeolab/geoBoundaries/9469f09/releaseData/gbOpen/PHL/ADM3/geoBoundaries-PHL-ADM3_simplified.geojson","upstream_sources":["NAMRIA","PSA","OCHA Philippines"],"reference":"https://ulap-nga.georisk.gov.ph/arcgis/rest/services/PSA/Municipal/MapServer/0","psgc_reference":"https://psa.gov.ph/classification/psgc/provinces/0200000000","notice":"Approximate planning/reference boundaries, not legal, cadastral, or survey-grade."},"features":[{"type":"Feature","properties":{"shapeName":"Alicia","shapeISO":"","shapeID":"30758251B60271002272881","shapeGroup":"PHL","shapeType":"ADM3","psgc_code":"0203101000","legacy_psgc_code":"023101000","province":"Isabela"},"geometry":{"type":"Polygon","coordinates":[[[121.76896708900006,16.85540361900007],[121.76465964600004,16.85486742300003],[121.76432798600001,16.85326191400003],[121.76115850300005,16.85513633900007],[121.74156913800005,16.85285642100007],[121.72408198800008,16.856197692000023],[121.71405085200001,16.855610888000058],[121.70397338400005,16.85830112800005],[121.69127818200002,16.86494881400006],[121.65851473200007,16.872069343000078],[121.64864672200008,16.877516485000058],[121.64271436900003,16.870470415000057],[121.63859347400012,16.868597281000064],[121.633098947,16.85498584000004],[121.63084407600002,16.85448610800006],[121.62772929500011,16.850490318000027],[121.62648264200004,16.845103410000036],[121.62263117700002,16.843124932000023],[121.61519394200002,16.834592643000065],[121.60929185900011,16.832047540000076],[121.602381293,16.82513697400003],[121.59742542700008,16.82287405200003],[121.59773094200011,16.81729841300006],[121.591557426,16.806423108000047],[121.59446879600011,16.798435502000075],[121.59103487300001,16.795076229000074],[121.58355906800011,16.792501911000045],[121.57729030300004,16.77921277300004],[121.58059652000009,16.77856593200005],[121.58630183500009,16.777550716000064],[121.58919433200003,16.77501293100005],[121.60150324000006,16.779563059000054],[121.62593117800009,16.779166804000056],[121.64414506800006,16.772687431000065],[121.66036597300001,16.77214619500006],[121.67431045700005,16.76627633800007],[121.6729081420001,16.761388684000053],[121.68395469100005,16.755118477000053],[121.69188248400008,16.741512664000027],[121.69521653900006,16.744281603000047],[121.70604816200012,16.759595599000022],[121.71208982200005,16.771090361000063],[121.73610098900008,16.792824237000048],[121.74741574300003,16.816494182000042],[121.75466981900001,16.825092647000076],[121.76010032800002,16.83620835200003],[121.76930766200007,16.849164252000037],[121.76896708900006,16.85540361900007]]]}},{"type":"Feature","properties":{"shapeName":"Angadanan","shapeISO":"","shapeID":"30758251B27132260441991","shapeGroup":"PHL","shapeType":"ADM3","psgc_code":"0203102000","legacy_psgc_code":"023102000","province":"Isabela"},"geometry":{"type":"Polygon","coordinates":[[[121.69521653900006,16.744281603000047],[121.69856104700011,16.737547346000042],[121.70303031000003,16.733824336000055],[121.70612166800004,16.734212659000036],[121.71418410600006,16.730126218000066],[121.71688387000006,16.730200754000066],[121.72591835700007,16.72074929100006],[121.72876989100007,16.71379747900005],[121.74164762500004,16.712630361000038],[121.78300232200002,16.704935155000044],[121.78628334600012,16.713030953000043],[121.78345759400008,16.738725489000046],[121.79059462200007,16.745643630000075],[121.84087931900001,16.750247196000032],[121.84264659500002,16.751474846000065],[121.84062299700008,16.75357938800005],[121.84117611400006,16.755063360000065],[121.84415914800002,16.755656529000078],[121.84533559200008,16.754326637000077],[121.85301572000003,16.75884474000003],[121.85829780900008,16.765785160000064],[121.86391582400006,16.768405185000063],[121.86563842300006,16.767376374000037],[121.8662727200001,16.764157803000046],[121.86905820100003,16.763092766000057],[121.88560723700004,16.760307285000067],[121.893405142,16.772906954000064],[121.91217489900009,16.777633940000044],[121.91933607700003,16.781349137000063],[121.92671262800002,16.787379602000044],[121.93559312500008,16.799190959000043],[121.93391877700003,16.804117081000072],[121.92157472500003,16.820001271000024],[121.92228656800012,16.822703793000073],[121.91808688300011,16.825096802000076],[121.92003193500011,16.826465013000075],[121.91492617200004,16.82892969900007],[121.91583195600003,16.830369420000068],[121.91381539400004,16.831070211000053],[121.91338157100006,16.833501527000067],[121.91177976300003,16.833139213000038],[121.91202289500006,16.834679046000076],[121.90825673900008,16.834416845000078],[121.90915298900006,16.835770755000055],[121.90652349200002,16.835889787000042],[121.89490075300012,16.827452424000057],[121.88552840900002,16.822766252000065],[121.87835667000002,16.812886853000066],[121.87296201000004,16.813888217000056],[121.86563863100002,16.809428809000053],[121.86083369100004,16.801998825000055],[121.84908743800008,16.79815500600006],[121.81935385400004,16.812580879000052],[121.81686379700011,16.812641448000022],[121.8143131710001,16.814976718000025],[121.81428625100011,16.811571397000023],[121.81222017700009,16.814768092000065],[121.808359332,16.815977255000064],[121.80776282200009,16.81860764700002],[121.81049383000004,16.82133146700005],[121.80867055200008,16.82487621000007],[121.81302033400004,16.832028515000047],[121.81198385900007,16.833944123000038],[121.80163807500003,16.838469729000053],[121.7956045300001,16.848025689000053],[121.7891429450001,16.851479295000047],[121.7806760410001,16.853484614000024],[121.77655399500009,16.85259336100006],[121.77636953900003,16.85743125700003],[121.76896708900006,16.85540361900007],[121.76930766200007,16.849164252000037],[121.76010032800002,16.83620835200003],[121.75466981900001,16.825092647000076],[121.74741574300003,16.816494182000042],[121.73610098900008,16.792824237000048],[121.71208982200005,16.771090361000063],[121.70604816200012,16.759595599000022],[121.69521653900006,16.744281603000047]]]}},{"type":"Feature","properties":{"shapeName":"Aurora","shapeISO":"","shapeID":"30758251B51443667838341","shapeGroup":"PHL","shapeType":"ADM3","psgc_code":"0203103000","legacy_psgc_code":"023103000","province":"Isabela"},"geometry":{"type":"Polygon","coordinates":[[[121.56966164300002,16.94863102000005],[121.57077659700008,16.952352975000053],[121.57300291500007,16.95308691100007],[121.57548664600006,16.947060042000032],[121.58286911100004,16.94194770000007],[121.585769389,16.942067074000022],[121.58351120500004,16.935349603000077],[121.58601727200005,16.93392398900005],[121.60021057400002,16.936709590000078],[121.60344642300004,16.940056217000063],[121.61020844300003,16.941648240000063],[121.61384524000005,16.942583953000053],[121.61589827300008,16.947137663000035],[121.62232381700005,16.946921044000078],[121.63509918900002,16.952364869000064],[121.6442075650001,16.951803452000036],[121.64760701000012,16.957773858000053],[121.65252634300009,16.959660649000057],[121.65312439900003,16.96696720500006],[121.66736844200011,16.976389683000036],[121.6673409980001,16.97972082800004],[121.67221454500009,16.98257764400006],[121.69505112000002,16.978388083000027],[121.70071990100007,17.004490975000067],[121.70311280200008,17.007956557000057],[121.71004396500007,17.00985437500003],[121.73013371200011,17.023884234000036],[121.73180128600006,17.024567125000033],[121.73193556800004,17.037002297000072],[121.72947367400002,17.039042152000036],[121.7248817310001,17.034928903000036],[121.69961800600004,17.02606105600006],[121.697780168,17.025620649000075],[121.69129919800002,17.030585320000057],[121.679943782,17.02381147400007],[121.6553462810001,17.009416196000075],[121.6396360110001,17.00800652500004],[121.63395701800005,17.00585632800005],[121.61310775000004,16.991251608000027],[121.57222196700002,16.969886461000044],[121.57146579200003,16.966180688000065],[121.56464249200008,16.961138404000053],[121.56202705200008,16.953168713000025],[121.56244337800001,16.951428382000074],[121.56436846400004,16.953141625000058],[121.5649000840001,16.95091275300007],[121.56966164300002,16.94863102000005]]]}},{"type":"Feature","properties":{"shapeName":"Benito Soliven","shapeISO":"","shapeID":"30758251B26223191466543","shapeGroup":"PHL","shapeType":"ADM3","psgc_code":"0203104000","legacy_psgc_code":"023104000","province":"Isabela"},"geometry":{"type":"Polygon","coordinates":[[[121.97944716800009,17.01351897400002],[121.97450481900012,17.01726921900007],[121.96583662400008,17.029056667000077],[121.96315544700008,17.030541276000065],[121.96159013300007,17.03506436200007],[121.94847292700001,17.036620640000024],[121.93404739800008,17.032033538000064],[121.92806990200006,17.031514452000067],[121.93108126300001,17.01374411000006],[121.92875182900002,17.006683011000064],[121.92965730800006,17.004130235000048],[121.92648121400009,16.99740437500003],[121.92162279100012,16.99487464400005],[121.92036886900007,16.986556964000044],[121.92471579700009,16.98158307500006],[121.93063978400005,16.97975815500007],[121.93658557100002,16.98080861400007],[121.94487865300005,16.985442929000044],[121.95214534600007,16.97844438100003],[121.945397049,16.956531489000042],[121.93946257300001,16.95811205600006],[121.9261161280001,16.95856578200005],[121.921859691,16.955898981000075],[121.91681468600007,16.955405704000043],[121.91251707100002,16.958377635000033],[121.90813176000006,16.957996304000062],[121.9095550720001,16.949482448000026],[121.91333703400005,16.94490969800006],[121.91228402000002,16.94294582400005],[121.91888397900004,16.938185065000027],[121.926233722,16.93891946800005],[121.92664988600006,16.92683869600006],[121.92953385700002,16.923300890000064],[121.92147156800002,16.916601232000062],[121.92331897500003,16.90392885600005],[121.91969037700005,16.898724885000036],[121.92004074400006,16.880830633000073],[121.93049550300009,16.87681269600006],[121.94878783900003,16.856663902000037],[121.95318944200005,16.839336956000068],[121.95659579900007,16.83686216500007],[121.95866370800002,16.816106494000053],[121.97015208700009,16.808600753000064],[121.9797827430001,16.807959292000078],[121.97053413900005,16.79464880200004],[121.97403075300008,16.78023006600006],[121.98427160200004,16.77617637700007],[121.9987724,16.78628955100004],[122.0078202310001,16.788896501000067],[122.02722446300004,16.80113344700004],[122.02548313700004,16.804367339000066],[122.02737367000009,16.812601796000024],[122.03510798700006,16.82226668000004],[122.03257933000009,16.83084767300005],[122.02184138900009,16.841354375000037],[122.01942659500003,16.84892099500007],[122.0039807500001,16.86744703000005],[121.9941022160001,16.86866585000007],[121.98939712000004,16.88703677700005],[121.99660083600008,16.89883996900005],[121.99524830500002,16.904766863000077],[121.99316235700007,16.949138852000033],[121.98606919400004,16.955105926000044],[121.98564507000003,16.962471648000076],[121.9835260320001,16.968091705000063],[121.97397884000009,16.97251090000003],[121.97246771800008,16.978729748000035],[121.97396511800002,16.98488130900006],[121.98143737900011,16.987855059000026],[121.97944716800009,17.01351897400002]]]}},{"type":"Feature","properties":{"shapeName":"Burgos","shapeISO":"","shapeID":"30758251B93529403516197","shapeGroup":"PHL","shapeType":"ADM3","psgc_code":"0203105000","legacy_psgc_code":"023105000","province":"Isabela"},"geometry":{"type":"Polygon","coordinates":[[[121.73180128600006,17.024567125000033],[121.73807465100003,17.025014352000028],[121.74374799800012,17.02820298900002],[121.74780469400002,17.027451308000025],[121.74961231000009,17.031818221000037],[121.75241339100012,17.032393684000056],[121.75223327900005,17.03528676600007],[121.75560903600001,17.037266313000032],[121.761233994,17.036537590000023],[121.76680543300006,17.028702346000046],[121.7702689670001,17.031058219000045],[121.78078860900007,17.027991013000076],[121.78468236600008,17.03023090000005],[121.77426324500004,17.063864283000044],[121.76441902900001,17.070381346000033],[121.75896919700006,17.076043508000055],[121.74446693000004,17.08149116000004],[121.73754465700006,17.08790042000004],[121.73070106500006,17.086160646000053],[121.72350603400002,17.090387364000037],[121.72180155300009,17.09772510700003],[121.71084288800012,17.10786078700005],[121.70730878900008,17.117175375000045],[121.69862671100009,17.118415671000037],[121.6856921860001,17.117765992000045],[121.6845109510001,17.115935078000064],[121.68592843300007,17.10772549400002],[121.682945345,17.10269544500005],[121.68509850200007,17.101310081000065],[121.68312894700011,17.099882989000037],[121.6855324710001,17.09601899000006],[121.68428063600004,17.09599395400005],[121.68328343000007,17.093005015000074],[121.67967550700007,17.093381168000064],[121.67926933500007,17.091466358000048],[121.67665823100003,17.08763673900006],[121.67723847700006,17.083081813000035],[121.67301127300004,17.077516486000036],[121.67353011900002,17.07481849000004],[121.67135096800007,17.068592343000034],[121.67353011900002,17.04285760500005],[121.67186981300006,17.040159608000067],[121.67384142600008,17.037461612000072],[121.67695449900009,17.025528165000026],[121.679943782,17.02381147400007],[121.69129919800002,17.030585320000057],[121.697780168,17.025620649000075],[121.69961800600004,17.02606105600006],[121.7248817310001,17.034928903000036],[121.72947367400002,17.039042152000036],[121.73193556800004,17.037002297000072],[121.73180128600006,17.024567125000033]]]}},{"type":"Feature","properties":{"shapeName":"Cabagan","shapeISO":"","shapeID":"30758251B50421545545985","shapeGroup":"PHL","shapeType":"ADM3","psgc_code":"0203106000","legacy_psgc_code":"023106000","province":"Isabela"},"geometry":{"type":"Polygon","coordinates":[[[122.09036114800006,17.421534218000033],[121.98615278600005,17.399697890000027],[121.91371006000008,17.412758660000065],[121.9092074880001,17.418261805000043],[121.88802872000008,17.408923135000066],[121.8688263460001,17.389676682000072],[121.86635849100003,17.392434810000054],[121.85694630000012,17.395504003000042],[121.83769136300009,17.408536973000025],[121.83449282200002,17.41504067300002],[121.82210283900008,17.424826857000028],[121.81796780800005,17.429871595000066],[121.815269854,17.436044809000066],[121.80705528200008,17.436918212000023],[121.80073808300006,17.431145969000056],[121.7991938890001,17.42553410900007],[121.7935573740001,17.423786247000066],[121.79021627000009,17.425005578000025],[121.78651789700007,17.430546457000048],[121.7826338860001,17.428841587000022],[121.7801699040001,17.430826486000058],[121.78082465400007,17.438980678000064],[121.77964315400004,17.440422325000043],[121.77736998600005,17.44105889700006],[121.77006095900003,17.436897198000054],[121.76968776800004,17.45652082600003],[121.75972066500003,17.45474788100006],[121.73240794600008,17.441142652000053],[121.7249642920001,17.439749876000064],[121.72357876,17.437267465000048],[121.72473337000008,17.436459237000065],[121.725945711,17.43761384800007],[121.72611890300004,17.435044840000046],[121.72066337000001,17.435160301000053],[121.72049017800009,17.433284060000062],[121.71540989400012,17.432360372000062],[121.71532329800004,17.429156329000023],[121.71265333100007,17.427214105000076],[121.71386537900003,17.425735406000058],[121.71026480600005,17.423350415000073],[121.71010803000001,17.42117810600007],[121.70777157200007,17.421782090000022],[121.7076509310001,17.42387319000005],[121.70551961800004,17.42310913400007],[121.7033883040001,17.425964290000024],[121.70041250800011,17.423511269000073],[121.69791210800008,17.424014261000025],[121.69891928800007,17.42879836700007],[121.69715672200005,17.430208419000053],[121.69353087400009,17.429956624000056],[121.69071076900002,17.42753939200003],[121.68899856300004,17.429251598000064],[121.6849698420001,17.42753939200003],[121.68580175800003,17.424189701000046],[121.67842494100012,17.426051509000047],[121.671871,17.43295614500005],[121.67081799800008,17.43267017000005],[121.67146696000009,17.42789645000005],[121.67010095,17.426444546000027],[121.66532494500007,17.425473639000074],[121.66243295900006,17.426915574000077],[121.65819094200003,17.42442475300004],[121.65786296100009,17.426744617000054],[121.65328400100009,17.431483368000045],[121.62909621500012,17.418319980000035],[121.6258280080001,17.406977378000022],[121.62755823500004,17.397941746000072],[121.63217217500005,17.39313555800004],[121.66158604100008,17.371796087000064],[121.67476757300005,17.375778742000023],[121.67786026200008,17.37811973500004],[121.68325098900004,17.377196224000045],[121.69214246800004,17.38091174500005],[121.73544039800004,17.393015645000048],[121.74010867600009,17.395476014000053],[121.75419226000008,17.39741635100006],[121.75556839,17.402403372000038],[121.75360047700008,17.406426230000022],[121.75523343100008,17.409541827000055],[121.75447726200002,17.412661025000034],[121.76658791000011,17.41437501100006],[121.77155415100003,17.419232753000074],[121.79338057300004,17.409815945000048],[121.80283317400006,17.395250756000053],[121.805514635,17.388419003000024],[121.80490530400004,17.38472988600006],[121.8016890560001,17.381843133000075],[121.79400026600001,17.378914560000055],[121.78432859800012,17.37800250400005],[121.77113778000012,17.37419064900007],[121.77464402300006,17.36922529000003],[121.7866437780001,17.36639640800007],[121.81011327100009,17.357234602000062],[121.81434846900004,17.357960840000032],[121.81463845700011,17.354601304000028],[121.82194593600002,17.35053673500005],[121.84145072800004,17.347969256000056],[121.96703977800007,17.34554724900005],[121.96895634500004,17.340345137000043],[121.97415845700004,17.33924995500007],[121.98811029500007,17.324947120000047],[121.99002518500004,17.32533009800005],[121.99524069900008,17.336238207000065],[121.9971741060001,17.336947095000028],[122.00087622600006,17.331585404000066],[122.01223790400002,17.330819448000057],[122.02561140500006,17.33498290600005],[122.05525169400005,17.34117640000005],[122.09197026000004,17.35533295500005],[122.08573036900009,17.394617811000046],[122.08659864000003,17.413430353000024],[122.09036114800006,17.421534218000033]]]}},{"type":"Feature","properties":{"shapeName":"Cabatuan","shapeISO":"","shapeID":"30758251B5044075759859","shapeGroup":"PHL","shapeType":"ADM3","psgc_code":"0203107000","legacy_psgc_code":"023107000","province":"Isabela"},"geometry":{"type":"Polygon","coordinates":[[[121.61020844300003,16.941648240000063],[121.60622365200004,16.938065953000034],[121.60564819300009,16.934114238000063],[121.62335891300006,16.905441216000042],[121.64090470200006,16.897893638000028],[121.64412934500001,16.898979611000073],[121.64639145500007,16.897888212000055],[121.65003756500005,16.902074941000024],[121.65854399600005,16.896291508000047],[121.67157076700005,16.89609893900007],[121.6711038840001,16.901021058000026],[121.67776387200001,16.900105066000037],[121.69084888900011,16.90358576400007],[121.69307692500001,16.908538449000048],[121.69795895900006,16.913391121000075],[121.6978530020001,16.919062780000047],[121.70536805600011,16.92690125300004],[121.70403365600009,16.93054537000006],[121.6971917730001,16.93598685300003],[121.69582562200003,16.946098300000074],[121.69428003900009,16.94652762800007],[121.69360537900002,16.949115867000046],[121.69695051200006,16.956042482000043],[121.69832635000012,16.96475101900006],[121.69505112000002,16.978388083000027],[121.67221454500009,16.98257764400006],[121.6673409980001,16.97972082800004],[121.66736844200011,16.976389683000036],[121.65312439900003,16.96696720500006],[121.65252634300009,16.959660649000057],[121.64760701000012,16.957773858000053],[121.6442075650001,16.951803452000036],[121.63509918900002,16.952364869000064],[121.62232381700005,16.946921044000078],[121.61589827300008,16.947137663000035],[121.61384524000005,16.942583953000053],[121.61020844300003,16.941648240000063]]]}},{"type":"Feature","properties":{"shapeName":"City of Cauayan","shapeISO":"","shapeID":"30758251B60223499645568","shapeGroup":"PHL","shapeType":"ADM3","psgc_code":"0203108000","legacy_psgc_code":"023108000","province":"Isabela"},"geometry":{"type":"Polygon","coordinates":[[[121.76896708900006,16.85540361900007],[121.77636953900003,16.85743125700003],[121.77655399500009,16.85259336100006],[121.7806760410001,16.853484614000024],[121.7891429450001,16.851479295000047],[121.7956045300001,16.848025689000053],[121.80163807500003,16.838469729000053],[121.81198385900007,16.833944123000038],[121.81302033400004,16.832028515000047],[121.80867055200008,16.82487621000007],[121.81049383000004,16.82133146700005],[121.80776282200009,16.81860764700002],[121.808359332,16.815977255000064],[121.81222017700009,16.814768092000065],[121.81428625100011,16.811571397000023],[121.8143131710001,16.814976718000025],[121.81686379700011,16.812641448000022],[121.81935385400004,16.812580879000052],[121.84908743800008,16.79815500600006],[121.86083369100004,16.801998825000055],[121.86563863100002,16.809428809000053],[121.87296201000004,16.813888217000056],[121.87835667000002,16.812886853000066],[121.88552840900002,16.822766252000065],[121.89490075300012,16.827452424000057],[121.90652349200002,16.835889787000042],[121.90915298900006,16.835770755000055],[121.90825673900008,16.834416845000078],[121.91202289500006,16.834679046000076],[121.91177976300003,16.833139213000038],[121.91338157100006,16.833501527000067],[121.91381539400004,16.831070211000053],[121.91583195600003,16.830369420000068],[121.91492617200004,16.82892969900007],[121.92003193500011,16.826465013000075],[121.91808688300011,16.825096802000076],[121.92228656800012,16.822703793000073],[121.92157472500003,16.820001271000024],[121.93391877700003,16.804117081000072],[121.93559312500008,16.799190959000043],[121.94500081500007,16.78045221700006],[121.94520157500006,16.77297390700005],[121.94680852800002,16.76936089900005],[121.94877059600003,16.76850283500005],[121.94945381000002,16.76263754400003],[121.94749563800008,16.758270173000028],[121.9434529020001,16.75491669300004],[121.9407290470001,16.746345398000074],[121.9426249490001,16.74362200400003],[121.959918259,16.741925731000038],[121.96312007600011,16.75439747200005],[121.96683528500012,16.755949395000073],[121.96805801200003,16.75905324000007],[121.97403075300008,16.78023006600006],[121.97053413900005,16.79464880200004],[121.9797827430001,16.807959292000078],[121.97015208700009,16.808600753000064],[121.95866370800002,16.816106494000053],[121.95659579900007,16.83686216500007],[121.95318944200005,16.839336956000068],[121.94878783900003,16.856663902000037],[121.93049550300009,16.87681269600006],[121.92004074400006,16.880830633000073],[121.91453474900004,16.877115441000058],[121.90289381700006,16.882395253000027],[121.90001033100009,16.887810831000024],[121.89573756800007,16.888883586000077],[121.89358483900003,16.891847003000066],[121.89307460500004,16.898170037000057],[121.88322655600007,16.897242869000024],[121.88047981500006,16.89871130000006],[121.88017409400004,16.902106411000034],[121.87847922000003,16.903860284000075],[121.8745695,16.904840024000066],[121.87485706100006,16.90761978100005],[121.87102082000001,16.906965074000027],[121.86429817300007,16.90840776700003],[121.86119427400001,16.91678829600005],[121.862228963,16.931801162000056],[121.86088388400003,16.93060064900004],[121.847556671,16.934002810000038],[121.83537372300009,16.94337611000003],[121.84000002800008,16.946347975000037],[121.83650732100011,16.950422799000023],[121.83788602100003,16.952996373000076],[121.83572336200007,16.95691445600005],[121.83291376300008,16.97129429100005],[121.82925922700008,16.968964338000035],[121.81508781200012,16.97677919800003],[121.80955635200007,16.978225379000037],[121.80117445400003,16.977387901000043],[121.79429852300007,16.97414349400003],[121.79244133200007,16.973931505000053],[121.79137983100009,16.975565164000045],[121.78736530200001,16.975393112000063],[121.78702120000003,16.973787301000073],[121.77618197200002,16.973672600000043],[121.77206846700005,16.974225201000024],[121.75679959500007,16.981737026000076],[121.75236091700003,16.980528138000068],[121.7489303860001,16.975908589000028],[121.75207547900004,16.96946665300004],[121.75153866200003,16.964879308000036],[121.7538323340001,16.961170391000053],[121.75402076900002,16.955244724000067],[121.75026142000002,16.94945808500006],[121.74460660500006,16.946042832000046],[121.74118166100004,16.928467757000078],[121.7304924770001,16.928112971000076],[121.7285214210001,16.929636834000064],[121.71765384000003,16.92637983900005],[121.70685121200006,16.925774084000068],[121.70536805600011,16.92690125300004],[121.6978530020001,16.919062780000047],[121.69795895900006,16.913391121000075],[121.69307692500001,16.908538449000048],[121.69084888900011,16.90358576400007],[121.67776387200001,16.900105066000037],[121.6711038840001,16.901021058000026],[121.67157076700005,16.89609893900007],[121.65854399600005,16.896291508000047],[121.64864672200008,16.877516485000058],[121.65851473200007,16.872069343000078],[121.69127818200002,16.86494881400006],[121.70397338400005,16.85830112800005],[121.71405085200001,16.855610888000058],[121.72408198800008,16.856197692000023],[121.74156913800005,16.85285642100007],[121.76115850300005,16.85513633900007],[121.76432798600001,16.85326191400003],[121.76465964600004,16.85486742300003],[121.76896708900006,16.85540361900007]]]}},{"type":"Feature","properties":{"shapeName":"Cordon","shapeISO":"","shapeID":"30758251B63397111137342","shapeGroup":"PHL","shapeType":"ADM3","psgc_code":"0203109000","legacy_psgc_code":"023109000","province":"Isabela"},"geometry":{"type":"Polygon","coordinates":[[[121.34216163100007,16.78877217200005],[121.33917264000002,16.78847038300006],[121.33585133000008,16.78478889400003],[121.33631990800006,16.780500499000027],[121.34354099500001,16.77754096800004],[121.34534007800005,16.77518529200006],[121.34577175000004,16.769469052000034],[121.34481509700004,16.767646065000065],[121.3317466100001,16.764860861000045],[121.32616836500006,16.757541116000027],[121.3297295960001,16.753671746000066],[121.33727988800001,16.756214705000048],[121.33930603500005,16.755221565000056],[121.33865075400001,16.75348573900004],[121.33933283500005,16.74758722100006],[121.34321809700009,16.745868922000057],[121.34893702200009,16.747466975000066],[121.35073532800004,16.75482642000003],[121.35368989100004,16.757178165000028],[121.3588821190001,16.753681501000074],[121.36317579100012,16.752735407000046],[121.36613663100002,16.753821986000048],[121.37057490500001,16.75200994000005],[121.38037066400011,16.736556165000025],[121.38941715600004,16.727348128000074],[121.37803094900005,16.722181686000056],[121.39026450500012,16.69443652700005],[121.3971688790001,16.64987794800004],[121.39661213300008,16.64523446800007],[121.4005889980001,16.64163803100007],[121.40618698600008,16.639204305000078],[121.43239537300008,16.638312126000073],[121.44575299200005,16.634300799000073],[121.46601437900006,16.641396523000026],[121.4830679580001,16.642962467000075],[121.48460389500008,16.638999684000055],[121.4925712910001,16.63711491300006],[121.49596941800007,16.63793083400003],[121.50517583100009,16.653799363000076],[121.51720640700012,16.680631445000074],[121.51572696300002,16.685570599000073],[121.51891348200002,16.69141094300005],[121.51820419800003,16.694316232000062],[121.51159977800012,16.69446633800004],[121.50988878100009,16.697846669000057],[121.50587226300001,16.698662281000054],[121.49886503700009,16.69829701200007],[121.49672394600009,16.696373875000063],[121.48897482500001,16.694016498000053],[121.48603478300004,16.70281257000005],[121.48671971100009,16.717529612000078],[121.4888422570001,16.720548637000036],[121.48528345300008,16.72965117800004],[121.4880133580001,16.731682302000024],[121.4920878050001,16.73157959100007],[121.48447718700004,16.74646296900005],[121.48400129400011,16.751878273000045],[121.47514402500008,16.766920506000076],[121.46879897800011,16.769168317000037],[121.45884202900004,16.769326096000043],[121.46033899100007,16.77349755800003],[121.4593906660001,16.791109302000052],[121.45541015000003,16.79494956700006],[121.45072501400011,16.796355108000057],[121.45379756400007,16.80740823700006],[121.44856250400005,16.82532377700005],[121.43658470700007,16.819591777000028],[121.42626060100008,16.817211290000046],[121.41951945100004,16.817469334000066],[121.40174811200006,16.804870022000046],[121.39459622000004,16.805247457000064],[121.38601317000007,16.79667802700004],[121.37200766,16.798355138000034],[121.37198409500002,16.795425584000043],[121.37796438600003,16.790435853000076],[121.3759180180001,16.788450158000046],[121.36211575100003,16.789348131000054],[121.35842237500003,16.787017632000072],[121.35953801300002,16.778848228000072],[121.35824240600004,16.77601810400006],[121.35475491600005,16.774420589000044],[121.35409018100006,16.783638653000025],[121.34978934700007,16.787188600000036],[121.34216163100007,16.78877217200005]]]}},{"type":"Feature","properties":{"shapeName":"Dinapigue","shapeISO":"","shapeID":"30758251B31743185560611","shapeGroup":"PHL","shapeType":"ADM3","psgc_code":"0203110000","legacy_psgc_code":"023110000","province":"Isabela"},"geometry":{"type":"Polygon","coordinates":[[[122.23417917900008,16.487238956000056],[122.23561963100008,16.491174406000027],[122.23722808100001,16.49223627500004],[122.23901302900003,16.491500777000056],[122.24244951500009,16.504843726000047],[122.25048164900011,16.516131698000038],[122.25440545900005,16.515530247000072],[122.262594766,16.51769167200007],[122.26606553400006,16.521762702000046],[122.26955250800006,16.521903461000022],[122.27939556000001,16.526350963000027],[122.28161101900002,16.531440716000077],[122.28263929100001,16.53111579700004],[122.29410584700008,16.548354584000037],[122.29836739900009,16.551944413000058],[122.29969530200003,16.557817599000032],[122.30496149800001,16.565769807000038],[122.30886775300007,16.578231965000043],[122.31609722600001,16.585747343000037],[122.31742642900008,16.595210273000077],[122.32069486900002,16.599600656000064],[122.32422801000007,16.61071093700002],[122.3309248160001,16.616502770000068],[122.33425590800005,16.623933136000062],[122.33845685500012,16.62731542100005],[122.33742397700007,16.63299187800004],[122.3393184470001,16.638800212000035],[122.34442135000006,16.648860224000032],[122.35061364100011,16.655135019000056],[122.35901546100001,16.68049510700007],[122.36632632700002,16.691514273000053],[122.36703081300004,16.695153095000023],[122.37469197100006,16.701820756000075],[122.37994396400006,16.714343894000024],[122.38770376700006,16.71870788600006],[122.38846326500004,16.725248031000035],[122.39170276900006,16.727466141000036],[122.39209305600002,16.732663070000058],[122.39542178600004,16.738209081000036],[122.39848040900006,16.739227595000045],[122.39788804900002,16.745594252000046],[122.40709368400007,16.75060545200006],[122.40728328800003,16.752479161000053],[122.40505775300005,16.75368700200005],[122.40801862500007,16.755745399000034],[122.40639477700006,16.76295322900006],[122.41211820900003,16.76699473900004],[122.41398132100005,16.770018652000033],[122.41603199400004,16.777239802000054],[122.41843994900012,16.779942488000074],[122.41895738000005,16.787710451000066],[122.42484587400008,16.79169483800007],[122.42606582200006,16.795477770000048],[122.43460964600001,16.797859368000047],[122.43294988500008,16.800891725000042],[122.43514991800009,16.803318920000038],[122.43262346200004,16.810583179000048],[122.43371284700004,16.814280009000072],[122.4290647680001,16.818844488000025],[122.4302480240001,16.827659958000027],[122.43240194500004,16.832517265000035],[122.43671791700001,16.83407535200007],[122.43923050300009,16.837674133000064],[122.44089181200002,16.847214321000024],[122.4489479560001,16.853408259000048],[122.44739711600005,16.85825952500005],[122.45254915900011,16.863291652000044],[122.4550057670001,16.869196058000057],[122.45923608500004,16.873520495000037],[122.45897670300008,16.880049494000048],[122.46427631800009,16.887536537000074],[122.45900634200007,16.89463875900003],[122.45199714800003,16.893024414000024],[122.38329723200002,16.89524054000003],[122.35928679500012,16.899239185000056],[122.33454245300004,16.898195376000047],[122.31078069600005,16.90983006400006],[122.30898141300008,16.906081783000047],[122.29940845200008,16.909591869000053],[122.29334557700008,16.90927277000003],[122.28919729400002,16.91693113900004],[122.28249622100009,16.919164830000057],[122.2751569510001,16.91629294200004],[122.27260416100012,16.908953671000063],[122.26973227300005,16.884702170000025],[122.26941317400008,16.866513543000053],[122.26554963400008,16.861634818000027],[122.26435626500006,16.853281236000043],[122.26526489100002,16.847048522000023],[122.2601794740001,16.84492765400006],[122.25958279000008,16.842242574000068],[122.25630102500008,16.83925915100002],[122.25664922600004,16.825668909000058],[122.25301926100008,16.82165696000004],[122.25381814000002,16.81481731200006],[122.24960978700005,16.80990756700004],[122.24660382000002,16.81080935700004],[122.24600262700005,16.80960697000006],[122.24710481500006,16.799486884000032],[122.24179427400009,16.791270575000055],[122.24239546700005,16.78265347200005],[122.23447975600004,16.77343517500003],[122.23057199900006,16.77163159500003],[122.22633484900007,16.74908522000004],[122.2139407840001,16.74703792500003],[122.20787704800011,16.742188558000066],[122.204720672,16.732418824000035],[122.20456137700012,16.72462695100006],[122.19825310300007,16.72047677100005],[122.195340439,16.710478745000046],[122.19032452600004,16.707425581000052],[122.18988835900007,16.691941674000077],[122.18770752700004,16.686925760000065],[122.18198012900007,16.680159899000046],[122.1790367000001,16.680241683000077],[122.17759048300002,16.672747654000034],[122.17368356200006,16.66931054300005],[122.16733549600008,16.669197851000035],[122.16194505300007,16.66512215000006],[122.16028141700008,16.661333076000062],[122.1536621790001,16.65894286300005],[122.153230215,16.65613541500005],[122.14873847700005,16.653730747000054],[122.14247726600001,16.64433893100005],[122.1384846090001,16.644066704000068],[122.13354366600004,16.630796014000055],[122.128790406,16.629994903000068],[122.12638707200006,16.625455272000067],[122.12099292300002,16.625348458000076],[122.120352034,16.618458901000054],[122.1175748490001,16.61674986400004],[122.1150429710001,16.614192269000057],[122.10596534400008,16.612312178000025],[122.09725208200007,16.603986172000077],[122.09550942900012,16.601081751000038],[122.09299226400003,16.58597876300007],[122.08931333200007,16.582880714000055],[122.08447263000005,16.581138062000036],[122.08115832200008,16.577840727000023],[122.0668524780001,16.577265501000056],[122.06278628900009,16.575135592000038],[122.058332844,16.567584099000044],[122.0577555320001,16.550682368000025],[122.0603025580001,16.540239563000057],[122.04857117800009,16.534737880000023],[122.0177337130001,16.517024527000046],[122.05880819100003,16.50925477800007],[122.21427288000007,16.479844291000063],[122.23059986800001,16.48400908800005],[122.23417917900008,16.487238956000056]]]}},{"type":"Feature","properties":{"shapeName":"Divilacan","shapeISO":"","shapeID":"30758251B81826872650546","shapeGroup":"PHL","shapeType":"ADM3","psgc_code":"0203111000","legacy_psgc_code":"023111000","province":"Isabela"},"geometry":{"type":"MultiPolygon","coordinates":[[[[122.4220060780001,17.274336883000046],[122.42098720500007,17.274312893000058],[122.41961304200004,17.272920243000044],[122.42203443800008,17.27303351300003],[122.4220060780001,17.274336883000046]]],[[[122.38474196400011,17.316295473000025],[122.38321884100003,17.31463051000003],[122.38478992400007,17.314589166000076],[122.38474196400011,17.316295473000025]]],[[[122.39193923700009,17.35054505000005],[122.38867395800003,17.349337621000075],[122.39078499900006,17.345245998000053],[122.39021435300003,17.343678321000027],[122.39227946000005,17.34359081200006],[122.39448011800005,17.345758029000024],[122.39193923700009,17.35054505000005]]],[[[122.36730601900001,17.362888268000063],[122.36491618100001,17.36184748000005],[122.36283298600006,17.35593947900003],[122.36810713900002,17.35744642900005],[122.36917839000012,17.361566958000026],[122.36730601900001,17.362888268000063]]],[[[122.41875523500005,17.13781373100005],[122.41068501200004,17.15658919400005],[122.41323172900002,17.16055289600007],[122.41121484100006,17.163626691000047],[122.41287068300005,17.16723838000007],[122.41140535600005,17.16802291700003],[122.41098092300001,17.171897079000075],[122.41194564400007,17.173883026000055],[122.41459287100008,17.174374364000073],[122.41494791700006,17.182284477000053],[122.41779487100007,17.183857943000078],[122.42011281500004,17.191682057000037],[122.42299790400011,17.18953848700005],[122.42722312700005,17.192342825000026],[122.4262129120001,17.199454124000056],[122.42197438700009,17.209858170000075],[122.4262807670001,17.21227686000003],[122.42840193000006,17.210596061000047],[122.43093486200007,17.21353645000005],[122.42522057000008,17.22030944000005],[122.42193801300004,17.21941547600005],[122.41906920500003,17.221801652000067],[122.4187881690001,17.22421902700006],[122.42117991400005,17.22909435200006],[122.42006892900008,17.23233166600005],[122.42248779400006,17.236411558000043],[122.41924702800009,17.241922067000075],[122.41919126200003,17.24969335800006],[122.42235368700005,17.25444002100005],[122.42161415900011,17.256407081000077],[122.42551899400007,17.256465998000067],[122.42129367700011,17.256826683000043],[122.42060672100001,17.25820490500007],[122.42171417700001,17.259987414000022],[122.41996246500003,17.265644785000063],[122.42203884800006,17.270044394000024],[122.42096154300009,17.270565371000032],[122.41817747400012,17.27462299900003],[122.41610896100008,17.27257603700002],[122.41340710700001,17.27320540100004],[122.41250192900009,17.275081423000074],[122.41584749700007,17.275144709000074],[122.4165150130001,17.276767509000024],[122.41505992100008,17.27871084700007],[122.41718970000011,17.280330131000028],[122.42386299300006,17.279312840000046],[122.42371587100001,17.285168845000044],[122.42840833100001,17.28202768400007],[122.42925957600005,17.277284252000072],[122.42754409800011,17.272795416000065],[122.43381519000002,17.257306766000056],[122.43802275400003,17.250724774000048],[122.44046220100006,17.24132663100005],[122.44319182800007,17.24450390900006],[122.44371774100011,17.263309648000075],[122.43961195800011,17.274035387000026],[122.4403231870001,17.280767480000065],[122.4387561530001,17.29004248600006],[122.43399290500008,17.294151244000034],[122.43394496600001,17.296210348000045],[122.42162859500002,17.303658306000045],[122.42158095700006,17.30699828400003],[122.40993158600008,17.33068877200003],[122.39781085100003,17.34048582300005],[122.39329639000005,17.340982765000035],[122.3931680280001,17.329244112000026],[122.39685599600011,17.32654436100006],[122.39830182900005,17.32214822800006],[122.40224890900004,17.318459306000022],[122.40340994300004,17.30485296200004],[122.40559344300004,17.30249099200006],[122.41069855900002,17.300689715000033],[122.4123140050001,17.298254064000048],[122.40950549400009,17.29623805600005],[122.40317977600012,17.296215664000044],[122.39952495600005,17.28969369600003],[122.39850629300008,17.291152487000033],[122.40076242400005,17.294393111000034],[122.39886150200005,17.295624791000023],[122.39923497300003,17.298023183000055],[122.39616576800006,17.29984280800005],[122.39337022500001,17.299062039000034],[122.39020185700008,17.301536782000028],[122.3922492150001,17.30419560000007],[122.3952113150001,17.303392076000023],[122.39740462800012,17.305837146000044],[122.39578104500004,17.30800625100005],[122.39764978800008,17.311820656000066],[122.38902179500008,17.30856377300006],[122.38619378900012,17.30988366300005],[122.38350191000006,17.313818350000076],[122.38118559600002,17.31328258700006],[122.37691518600002,17.315066737000052],[122.37557133700011,17.319520213000033],[122.3733204670001,17.32076584400005],[122.37335532400004,17.323262089000025],[122.37768260200005,17.323981348000075],[122.3780855550001,17.322158708000075],[122.3808878640001,17.32170596800006],[122.38177866500007,17.323699512000076],[122.38379796400011,17.320553803000053],[122.38780201700001,17.31998681600004],[122.39419874100008,17.323083325000027],[122.38900307200004,17.332186082000078],[122.38300310300008,17.338885738000045],[122.383039832,17.340778303000036],[122.37883747600006,17.34439758700006],[122.37872741800004,17.347248810000053],[122.37531768800011,17.348753137000074],[122.3734178090001,17.352744434000044],[122.36211613600005,17.354040230000066],[122.35868144300002,17.35182524000004],[122.35667196200006,17.345519258000024],[122.35737360100006,17.34128486000003],[122.35528450900006,17.338303154000073],[122.35334885800012,17.339032211000074],[122.35427666900011,17.334056323000027],[122.35118597000007,17.335305172000062],[122.34995982500004,17.33406781900004],[122.34704595300002,17.337922053000057],[122.34551074300009,17.336954029000026],[122.34495580300006,17.339974873000074],[122.34270388800007,17.340656807000073],[122.34073171600005,17.341056193000043],[122.34006485800012,17.338946185000054],[122.33842113100002,17.338832516000025],[122.3229724040001,17.342467595000073],[122.31883264100009,17.340204933000052],[122.31465929600006,17.33347274700003],[122.311035306,17.332452567000075],[122.30632573200012,17.33552951100006],[122.30753977900008,17.33862773100003],[122.30578238400005,17.338335908000033],[122.30668599600006,17.34043598100004],[122.30378257100006,17.33722659500006],[122.2983833080001,17.33701391200003],[122.29511854000009,17.333668302000035],[122.28750753300005,17.338946431000068],[122.28671048800004,17.343105539000078],[122.29036018400006,17.348707424000054],[122.28786312400007,17.34883973700005],[122.28573236200009,17.351358708000078],[122.28683568600002,17.356449936000047],[122.28493331700008,17.363766803000033],[122.28347326300002,17.36156829500004],[122.27720782500012,17.36341993700006],[122.27463227800001,17.36046413100007],[122.27085775400008,17.362494066000068],[122.27068650700005,17.360875626000052],[122.26763919300004,17.359597498000028],[122.26652381500003,17.35399718700006],[122.25540820900005,17.357820231000062],[122.24941428000011,17.353604807000067],[122.23744078400011,17.351041166000073],[122.21488075900004,17.33704312900005],[122.178914157,17.293736403000025],[122.18731898500005,17.286879672000055],[122.18906922100007,17.262376372000062],[122.19250292200002,17.248568989000034],[122.20044575300005,17.22824677500006],[122.20516050000003,17.20860725400007],[122.22175139600006,17.184664043000055],[122.25287945200012,17.171646856000052],[122.26193488600006,17.147310376000064],[122.30211837600007,17.141084765000073],[122.31866384900002,17.128059870000072],[122.37575287800007,17.102880180000056],[122.38635078200002,17.114113958000075],[122.39314556800002,17.12570401000005],[122.39768974700007,17.123103034000053],[122.40688113600004,17.123923473000048],[122.412222745,17.13562414200004],[122.41875523500005,17.13781373100005]]]]}},{"type":"Feature","properties":{"shapeName":"Echague","shapeISO":"","shapeID":"30758251B53772032763488","shapeGroup":"PHL","shapeType":"ADM3","psgc_code":"0203112000","legacy_psgc_code":"023112000","province":"Isabela"},"geometry":{"type":"Polygon","coordinates":[[[121.6729081420001,16.761388684000053],[121.66755479300002,16.75641583500004],[121.66803573800007,16.749182270000063],[121.67194800200002,16.750174574000027],[121.67418087100009,16.748739158000035],[121.67107080400001,16.741402590000064],[121.65910029600002,16.731884983000043],[121.65432211500001,16.730966102000025],[121.65253686000005,16.73251507300006],[121.64967520300002,16.732200028000022],[121.64665602200012,16.726476713000068],[121.6427704680001,16.724323906000052],[121.64009258700003,16.720412098000054],[121.6440569020001,16.710514438000075],[121.642297901,16.70720646600006],[121.6370888460001,16.706782430000032],[121.63518228500004,16.701261938000073],[121.63668487200005,16.696686527000054],[121.61801232500011,16.684939523000025],[121.61091699700012,16.684398282000075],[121.61055697200004,16.668719183000064],[121.60022499700005,16.662435780000067],[121.59850548500003,16.657537776000026],[121.59949550700003,16.65196238900006],[121.59715071800008,16.64904443000006],[121.59718793900004,16.63607563200003],[121.59405288700009,16.628806096000062],[121.59517872200001,16.627081530000055],[121.59440955000002,16.623432654000055],[121.59739357,16.61865222800003],[121.60217280000006,16.617891704000044],[121.60341378800001,16.616452783000057],[121.60549975100002,16.611550066000063],[121.60336072000007,16.607217345000038],[121.60561867700005,16.601694665000025],[121.60861665000004,16.598335849000023],[121.6101776590001,16.599691756000027],[121.61100464900005,16.598459825000077],[121.61088962600002,16.595281019000026],[121.60353152400012,16.593325658000026],[121.60436746100004,16.591510516000028],[121.60276434700006,16.587490767000077],[121.59933479900008,16.586222632000045],[121.60025997900004,16.584053244000074],[121.59814642100002,16.58245013000004],[121.60219009700006,16.579052485000034],[121.6012152830001,16.577124138000045],[121.59880324500011,16.57761380000005],[121.59952867000004,16.57575489800007],[121.60077096000009,16.57351514800007],[121.60934004500007,16.574149895000062],[121.61524709900004,16.57297101100005],[121.63017430600007,16.57543944200006],[121.6334443930001,16.574780599000064],[121.63569558000006,16.57617633500007],[121.64195388100006,16.575546003000056],[121.64710599700004,16.572815331000072],[121.65299408700002,16.574190215000044],[121.65409997200004,16.576043320000053],[121.66515053100011,16.57480785100006],[121.66401551500007,16.579192926000076],[121.67096705100005,16.586217099000066],[121.67275511700007,16.598212045000025],[121.67654018700011,16.604834098000026],[121.67912638700011,16.605724940000073],[121.6877053400001,16.604917294000074],[121.69279283900005,16.600707164000028],[121.69653914100002,16.599788260000025],[121.70319363600004,16.60380848500006],[121.71002533800004,16.601901964000035],[121.71979547400008,16.603552577000073],[121.73552053300011,16.61073362700006],[121.76529028800007,16.61208480700003],[121.77564948100007,16.613657185000022],[121.7774068440001,16.615923258000066],[121.84627744800002,16.618961096000078],[121.86942906700006,16.612048189000063],[121.88654052200002,16.608585300000072],[121.91646330300011,16.621016474000044],[121.9224375010001,16.620502443000078],[121.936097861,16.616946841000072],[121.94672391600011,16.605486788000064],[121.9495980800001,16.592628438000077],[121.95416251000006,16.586677285000064],[121.95596719600007,16.58021690100003],[121.96127912500003,16.550410062000026],[121.97986336300005,16.53588797900005],[121.99295166700006,16.530570855000065],[122.0177337130001,16.517024527000046],[122.04857117800009,16.534737880000023],[122.01543875300001,16.568200300000058],[121.98030682300009,16.60873714300004],[121.95016021300012,16.655180877000078],[121.93717144100003,16.656063609000057],[121.93351440800006,16.655054773000074],[121.91712081300011,16.65946843300003],[121.8923496430001,16.658838282000033],[121.88718614400011,16.655071822000025],[121.87818218500001,16.652694015000066],[121.86928459100011,16.653209977000074],[121.86826438300011,16.663656437000043],[121.86571044100003,16.66691107500003],[121.86502241800008,16.670729981000022],[121.86553720100005,16.676495334000037],[121.8630886950001,16.681992835000074],[121.86082240300004,16.683611041000063],[121.84300390400006,16.691832163000072],[121.84030367500009,16.68874938500005],[121.83784530500009,16.688593446000027],[121.8304280960001,16.692063079000036],[121.81862369800001,16.693538629000045],[121.81272150000007,16.69610142600004],[121.7992838460001,16.696692296000037],[121.78300232200002,16.704935155000044],[121.74164762500004,16.712630361000038],[121.72876989100007,16.71379747900005],[121.72591835700007,16.72074929100006],[121.71688387000006,16.730200754000066],[121.71418410600006,16.730126218000066],[121.70612166800004,16.734212659000036],[121.70303031000003,16.733824336000055],[121.69856104700011,16.737547346000042],[121.69521653900006,16.744281603000047],[121.69188248400008,16.741512664000027],[121.68395469100005,16.755118477000053],[121.6729081420001,16.761388684000053]]]}},{"type":"Feature","properties":{"shapeName":"Gamu","shapeISO":"","shapeID":"30758251B3499179815070","shapeGroup":"PHL","shapeType":"ADM3","psgc_code":"0203113000","legacy_psgc_code":"023113000","province":"Isabela"},"geometry":{"type":"Polygon","coordinates":[[[121.78468236600008,17.03023090000005],[121.78983832600011,17.025749907000034],[121.79260540100006,17.026469380000037],[121.79387011100005,17.03010538500007],[121.80261518100008,17.028684016000057],[121.81158232500002,17.032428598000024],[121.8154488560001,17.029256445000044],[121.8188323070001,17.029538125000045],[121.82271875000004,17.03461538600004],[121.82045818600011,17.039330552000024],[121.82263141300007,17.04207156600006],[121.83004078800002,17.039294341000073],[121.83456805500009,17.039490495000052],[121.83881197900007,17.036417088000064],[121.84325951400001,17.03640404600003],[121.85039175100007,17.037890872000048],[121.8525544360001,17.043532011000025],[121.85844075500006,17.04382150200007],[121.86046719300009,17.04579969200006],[121.87653363200002,17.04547866100006],[121.88377053400006,17.049882197000045],[121.89037350600006,17.051020641000036],[121.893631378,17.05781435600005],[121.892694892,17.059039323000036],[121.8848415760001,17.06734564900006],[121.87519138200003,17.073271479000027],[121.8770162290001,17.07478176500007],[121.87218013400002,17.076964238000073],[121.87264112100002,17.082834795000053],[121.86489594700004,17.083709214000066],[121.86323124100011,17.081121885000073],[121.86193707900009,17.082311669000035],[121.86081063300003,17.08097792500007],[121.8599968530001,17.082335232000048],[121.8578079560001,17.081542686000034],[121.85902316300007,17.08317796500006],[121.85828574800007,17.08518434000007],[121.86005240500003,17.08631555900007],[121.85826480000003,17.087740057000076],[121.85806928000011,17.091517771000042],[121.85621184600006,17.09387098600007],[121.85348854100005,17.093368222000038],[121.85216878500012,17.095225656000025],[121.85011583200003,17.093081925000035],[121.84815373000004,17.09517891400003],[121.83045960800007,17.089484089000052],[121.82671076600002,17.090546261000043],[121.81690413100011,17.097248403000037],[121.80733530700002,17.100049096000077],[121.77807775300005,17.116176419000055],[121.77203681100002,17.12372257100003],[121.77058027500004,17.123466242000063],[121.76857613200002,17.12591644300005],[121.76732966500003,17.123976337000045],[121.76115566900012,17.122648322000032],[121.75698702200009,17.11960225300004],[121.75552639400007,17.120923839000056],[121.75785670100004,17.123265325000034],[121.75471227600008,17.125032911000062],[121.7494329750001,17.114047842000048],[121.73889297900007,17.115064287000052],[121.73440585300011,17.111783167000056],[121.73449057500011,17.107884639000076],[121.7290180650001,17.108091820000027],[121.72224925300009,17.10554778000005],[121.72593273000007,17.10250256100005],[121.72180155300009,17.09772510700003],[121.72350603400002,17.090387364000037],[121.73070106500006,17.086160646000053],[121.73754465700006,17.08790042000004],[121.74446693000004,17.08149116000004],[121.75896919700006,17.076043508000055],[121.76441902900001,17.070381346000033],[121.77426324500004,17.063864283000044],[121.78468236600008,17.03023090000005]]]}},{"type":"Feature","properties":{"shapeName":"Ilagan City","shapeISO":"","shapeID":"30758251B40091866614257","shapeGroup":"PHL","shapeType":"ADM3","psgc_code":"0203114000","legacy_psgc_code":"023114000","province":"Isabela"},"geometry":{"type":"Polygon","coordinates":[[[121.97944716800009,17.01351897400002],[121.98220318900007,17.013612398000078],[121.98580311,17.01716020400005],[121.990537431,17.015923778000058],[122.0048707090001,17.01717945200005],[122.01927727100008,17.030284006000045],[122.0367964730001,17.041319524000073],[122.07884170700004,17.056123601000024],[122.28167502300005,17.114106459000027],[122.31866384900002,17.128059870000072],[122.30211837600007,17.141084765000073],[122.26193488600006,17.147310376000064],[122.25287945200012,17.171646856000052],[122.22175139600006,17.184664043000055],[122.20516050000003,17.20860725400007],[122.20044575300005,17.22824677500006],[122.19250292200002,17.248568989000034],[122.18906922100007,17.262376372000062],[122.18731898500005,17.286879672000055],[122.178914157,17.293736403000025],[122.13204115700012,17.27053501000006],[122.10135925000009,17.262351168000066],[122.02324077700007,17.24022343200005],[121.95007386900011,17.238413687000048],[121.93818260900002,17.24037139400002],[121.90603593500009,17.237652704000027],[121.89970079500006,17.235239318000026],[121.88776282600008,17.233903285000054],[121.87783901600005,17.225873817000036],[121.86991846500007,17.223091768000074],[121.8645374140001,17.211211846000026],[121.86029988500002,17.211103191000063],[121.85432388100003,17.208169517000044],[121.84432765800011,17.195022309000024],[121.83932954600004,17.190784780000058],[121.8354179800001,17.19100208900005],[121.82753784300007,17.19531459800004],[121.82430251500011,17.201508304000072],[121.8238240710001,17.210372266000036],[121.82968148700002,17.225601546000064],[121.830332311,17.231524044000025],[121.824482869,17.23137765000007],[121.81224172300006,17.236862726000027],[121.80690309200008,17.22991633500004],[121.80062797000005,17.226313951000066],[121.7973742040001,17.22643015700004],[121.79667696800004,17.224222244000032],[121.79345126100009,17.22204387000005],[121.79075046500009,17.212369237000075],[121.7864508450001,17.209812706000037],[121.79152295900008,17.205111099000078],[121.79254224800002,17.20222311300006],[121.79593987900012,17.201939977000052],[121.79831822000006,17.19973151800002],[121.7953736070001,17.194861580000065],[121.79656277800007,17.192766375000076],[121.80267851300005,17.196786904000078],[121.80477371800009,17.196277260000045],[121.8030182760001,17.18925549000005],[121.80692555100006,17.189312117000043],[121.8080580940001,17.186933776000046],[121.80596288900006,17.183422891000077],[121.80250863100002,17.181893957000057],[121.80199898700005,17.178779462000023],[121.80879424800003,17.175608341000043],[121.80733664600007,17.171910006000076],[121.81275815000004,17.175325205000036],[121.81206667300012,17.17180753400004],[121.81855015000008,17.169477366000024],[121.817902881,17.167147198000066],[121.81439891000002,17.164773484000023],[121.80961788200011,17.168535301000077],[121.81245314300008,17.16115991600003],[121.810192346,17.16173438100003],[121.80959935100009,17.164013708000027],[121.80580992800003,17.165056005000054],[121.80426238900009,17.163290995000068],[121.80461448000005,17.161882630000036],[121.80800567500012,17.160974605000035],[121.8073200230001,17.15337684700006],[121.8087469190001,17.150152433000073],[121.80739414800007,17.147039205000056],[121.8104750330001,17.140044283000066],[121.80774854200001,17.139099100000067],[121.80102319700006,17.145606326000063],[121.79285206700001,17.142980514000044],[121.79102606200001,17.14678780500003],[121.78691814800004,17.145697209000048],[121.78362818200003,17.142516302000047],[121.7850641340001,17.134245945000032],[121.78290753100009,17.133132054000043],[121.77983930900007,17.134289094000053],[121.78067609700008,17.130518383000037],[121.77816573300004,17.13342131400003],[121.77394047000007,17.133101062000037],[121.77296070800003,17.137171072000058],[121.77141789600012,17.137856767000073],[121.76867512000001,17.136142531000075],[121.76593234300003,17.131771231000073],[121.76644661300008,17.127914201000067],[121.76857613200002,17.12591644300005],[121.77058027500004,17.123466242000063],[121.77203681100002,17.12372257100003],[121.77807775300005,17.116176419000055],[121.80733530700002,17.100049096000077],[121.81690413100011,17.097248403000037],[121.82671076600002,17.090546261000043],[121.83045960800007,17.089484089000052],[121.84815373000004,17.09517891400003],[121.85011583200003,17.093081925000035],[121.85216878500012,17.095225656000025],[121.85348854100005,17.093368222000038],[121.85621184600006,17.09387098600007],[121.85806928000011,17.091517771000042],[121.85826480000003,17.087740057000076],[121.86005240500003,17.08631555900007],[121.85828574800007,17.08518434000007],[121.85902316300007,17.08317796500006],[121.8578079560001,17.081542686000034],[121.8599968530001,17.082335232000048],[121.86081063300003,17.08097792500007],[121.86193707900009,17.082311669000035],[121.86323124100011,17.081121885000073],[121.86489594700004,17.083709214000066],[121.87264112100002,17.082834795000053],[121.87218013400002,17.076964238000073],[121.8770162290001,17.07478176500007],[121.87519138200003,17.073271479000027],[121.8848415760001,17.06734564900006],[121.892694892,17.059039323000036],[121.893631378,17.05781435600005],[121.89037350600006,17.051020641000036],[121.89594455400004,17.04725105800003],[121.89675852100004,17.044884171000035],[121.90377949100002,17.04155806600005],[121.91043435800009,17.04223395100007],[121.91283805600006,17.037966381000047],[121.92806990200006,17.031514452000067],[121.93404739800008,17.032033538000064],[121.94847292700001,17.036620640000024],[121.96159013300007,17.03506436200007],[121.96315544700008,17.030541276000065],[121.96583662400008,17.029056667000077],[121.97450481900012,17.01726921900007],[121.97944716800009,17.01351897400002]]]}},{"type":"Feature","properties":{"shapeName":"Jones","shapeISO":"","shapeID":"30758251B4586276697259","shapeGroup":"PHL","shapeType":"ADM3","psgc_code":"0203115000","legacy_psgc_code":"023115000","province":"Isabela"},"geometry":{"type":"Polygon","coordinates":[[[121.68380586300009,16.47574939900005],[121.68809978200011,16.47619336400004],[121.69225016500002,16.498606892000055],[121.69880293100005,16.509896617000038],[121.70185499100012,16.51834708000007],[121.70995001400001,16.52224578700003],[121.71670199800008,16.52064383800007],[121.722438957,16.515740098000038],[121.7289330860001,16.515380717000028],[121.73174822600004,16.519251431000043],[121.72669256000006,16.534694054000056],[121.7270703590001,16.537742063000053],[121.738087016,16.53805107100004],[121.75270788700004,16.52714468800002],[121.7605612750001,16.51593729900003],[121.76554590600006,16.51140009200003],[121.7727105570001,16.516183873000045],[121.78595298100004,16.515004925000028],[121.79965971500008,16.517779747000077],[121.80350679600008,16.517272440000056],[121.81056661800005,16.51188716100006],[121.81404384500001,16.511044197000047],[121.81509755000002,16.507356229000038],[121.8185747770001,16.507356229000038],[121.82036607600003,16.511254938000036],[121.83121924000011,16.51346771900006],[121.8405972160001,16.512940866000065],[121.8428857880001,16.515510051000035],[121.84275558400009,16.492901363000044],[121.83405633000007,16.488090259000046],[121.83047969000006,16.48434971300003],[121.83373377600003,16.47491671100005],[121.83282109000004,16.468042076000074],[121.84238109800003,16.468417083000077],[121.8642418170001,16.464024623000057],[121.88729434000004,16.44918003300006],[121.963870541,16.484835325000063],[122.0177337130001,16.517024527000046],[121.99295166700006,16.530570855000065],[121.97986336300005,16.53588797900005],[121.96127912500003,16.550410062000026],[121.95596719600007,16.58021690100003],[121.95416251000006,16.586677285000064],[121.9495980800001,16.592628438000077],[121.94672391600011,16.605486788000064],[121.936097861,16.616946841000072],[121.9224375010001,16.620502443000078],[121.91646330300011,16.621016474000044],[121.88654052200002,16.608585300000072],[121.86942906700006,16.612048189000063],[121.84627744800002,16.618961096000078],[121.7774068440001,16.615923258000066],[121.77564948100007,16.613657185000022],[121.76529028800007,16.61208480700003],[121.73552053300011,16.61073362700006],[121.71979547400008,16.603552577000073],[121.71002533800004,16.601901964000035],[121.70319363600004,16.60380848500006],[121.69653914100002,16.599788260000025],[121.69279283900005,16.600707164000028],[121.6877053400001,16.604917294000074],[121.67912638700011,16.605724940000073],[121.67654018700011,16.604834098000026],[121.67275511700007,16.598212045000025],[121.67096705100005,16.586217099000066],[121.66401551500007,16.579192926000076],[121.66515053100011,16.57480785100006],[121.65409997200004,16.576043320000053],[121.65299408700002,16.574190215000044],[121.64710599700004,16.572815331000072],[121.64195388100006,16.575546003000056],[121.63569558000006,16.57617633500007],[121.6334443930001,16.574780599000064],[121.63017430600007,16.57543944200006],[121.61524709900004,16.57297101100005],[121.60934004500007,16.574149895000062],[121.60077096000009,16.57351514800007],[121.60070759400003,16.570263699000066],[121.62301467600003,16.548898364000024],[121.62547554000002,16.549078374000032],[121.63119705500003,16.530774654000027],[121.63520337300008,16.522721869000065],[121.63801825100006,16.525068834000024],[121.64313825600004,16.523100139000064],[121.65903144000004,16.49300911200004],[121.66099118700004,16.493536595000023],[121.66378245200008,16.491155595000066],[121.66521889800003,16.491839411000058],[121.6662347460001,16.488944342000025],[121.68380586300009,16.47574939900005]]]}},{"type":"Feature","properties":{"shapeName":"Luna","shapeISO":"","shapeID":"30758251B75291685490703","shapeGroup":"PHL","shapeType":"ADM3","psgc_code":"0203116000","legacy_psgc_code":"023116000","province":"Isabela"},"geometry":{"type":"Polygon","coordinates":[[[121.69505112000002,16.978388083000027],[121.69832635000012,16.96475101900006],[121.69695051200006,16.956042482000043],[121.69360537900002,16.949115867000046],[121.69428003900009,16.94652762800007],[121.69582562200003,16.946098300000074],[121.6971917730001,16.93598685300003],[121.70403365600009,16.93054537000006],[121.70536805600011,16.92690125300004],[121.70685121200006,16.925774084000068],[121.71765384000003,16.92637983900005],[121.7285214210001,16.929636834000064],[121.7304924770001,16.928112971000076],[121.74118166100004,16.928467757000078],[121.74460660500006,16.946042832000046],[121.75026142000002,16.94945808500006],[121.75402076900002,16.955244724000067],[121.7538323340001,16.961170391000053],[121.75153866200003,16.964879308000036],[121.75207547900004,16.96946665300004],[121.7489303860001,16.975908589000028],[121.75236091700003,16.980528138000068],[121.73996779400011,16.982245258000034],[121.73850311000001,16.984913170000027],[121.73420688600004,16.986318237000035],[121.72929878700006,17.00466960600005],[121.73094708500003,17.009921747000078],[121.73013371200011,17.023884234000036],[121.71004396500007,17.00985437500003],[121.70311280200008,17.007956557000057],[121.70071990100007,17.004490975000067],[121.69505112000002,16.978388083000027]]]}},{"type":"Feature","properties":{"shapeName":"Maconacon","shapeISO":"","shapeID":"30758251B92607820299430","shapeGroup":"PHL","shapeType":"ADM3","psgc_code":"0203117000","legacy_psgc_code":"023117000","province":"Isabela"},"geometry":{"type":"Polygon","coordinates":[[[122.09197026000004,17.35533295500005],[122.093672179,17.31345462400003],[122.09696629400003,17.299230038000076],[122.10135925000009,17.262351168000066],[122.13204115700012,17.27053501000006],[122.178914157,17.293736403000025],[122.21488075900004,17.33704312900005],[122.23744078400011,17.351041166000073],[122.24941428000011,17.353604807000067],[122.25540820900005,17.357820231000062],[122.25581504100012,17.363361566000037],[122.2514152550001,17.361670368000034],[122.24831009700006,17.362746404000063],[122.24532118800005,17.367147801000044],[122.2443095000001,17.37172457300005],[122.24484591800001,17.374124993000066],[122.248008808,17.37562914800003],[122.24884401000008,17.38270496800004],[122.25295237700004,17.38516837000003],[122.25434136900003,17.387951014000066],[122.2499643330001,17.390388934000043],[122.24797572900002,17.387545399000032],[122.24681961600004,17.391219982000052],[122.24671044700005,17.388038347000077],[122.24278793000008,17.388572366000062],[122.23575924800002,17.399034633000042],[122.23652217300003,17.404248083000027],[122.244656856,17.409369666000032],[122.24853529300003,17.408025182000074],[122.24957288900009,17.412290834000032],[122.24584812500007,17.416296012000032],[122.2397164350001,17.41711746200002],[122.23200661700002,17.42496323000006],[122.21581967300006,17.45346255900006],[122.20426213700011,17.47843029200004],[122.19277097500003,17.508252731000027],[122.19157693200009,17.51878501400006],[122.19298747700009,17.520714979000047],[122.19558069200002,17.521068720000073],[122.19495467700006,17.525917164000077],[122.19227044100012,17.52804676900007],[122.1879442930001,17.52805655000003],[122.18760788000009,17.533704576000048],[122.19037555900002,17.535468598000023],[122.18603285600011,17.53663741300005],[122.18449621200011,17.539495302000034],[122.18491865700003,17.542139650000024],[122.19047179000006,17.546488923000027],[122.19005414900005,17.550592558000062],[122.18608268100002,17.552096764000055],[122.18663808100007,17.553678449000074],[122.18498370900011,17.554722843000036],[122.18760582900006,17.56068132200005],[122.18405957200002,17.56190612300003],[122.18506538600002,17.563556255000037],[122.18377556900009,17.565036538000072],[122.18081109200011,17.563488820000032],[122.17969706200006,17.56425829500006],[122.18085863600004,17.567682885000067],[122.17838848800011,17.570177216000047],[122.18014756900004,17.57255766000003],[122.17782358000011,17.573772054000074],[122.18110412600004,17.58032098600006],[122.17667075800011,17.57943358800003],[122.17296890000011,17.58454244400002],[122.15038542400009,17.58536370400003],[122.14173072000006,17.58103635200007],[122.13330466600007,17.579526023000028],[122.11294895700007,17.578423074000057],[122.04625641700011,17.57031679800002],[122.0510464890001,17.562578990000077],[122.05362575900006,17.54194483300006],[122.05841583100005,17.52131067700003],[122.06689057300002,17.512835935000055],[122.07315451300008,17.48004236500003],[122.07978692100005,17.471936090000042],[122.08347159100003,17.459776676000047],[122.09036114800006,17.421534218000033],[122.08659864000003,17.413430353000024],[122.08573036900009,17.394617811000046],[122.09197026000004,17.35533295500005]]]}},{"type":"Feature","properties":{"shapeName":"Delfin Albano","shapeISO":"","shapeID":"30758251B20818666994539","shapeGroup":"PHL","shapeType":"ADM3","psgc_code":"0203118000","legacy_psgc_code":"023118000","province":"Isabela"},"geometry":{"type":"Polygon","coordinates":[[[121.75615584500008,17.352635973000076],[121.7547347310001,17.349089440000057],[121.75078333400006,17.347099925000066],[121.75185196100006,17.341474997000034],[121.75403000100005,17.338848537000047],[121.75069888100006,17.33552809300005],[121.74442135100003,17.337330449000035],[121.71532282900012,17.331909499000062],[121.6856401010001,17.332402839000054],[121.6769385340001,17.332935588000055],[121.6714334610001,17.33524416700004],[121.66504047300009,17.33453383500006],[121.66628355400007,17.32689776600006],[121.67729370000006,17.30026031500006],[121.68262119000008,17.281614099000024],[121.68475218600008,17.276286609000067],[121.68830384600005,17.272379783000076],[121.68794868000009,17.268295374000047],[121.69700541400005,17.237751097000057],[121.69593991500005,17.23118052600006],[121.69931399300003,17.203122411000038],[121.70180015500011,17.196196674000078],[121.7202447950001,17.19848143300004],[121.74787331200002,17.19733721700004],[121.75904303900006,17.198904150000033],[121.76802825400011,17.192303872000025],[121.76709694300007,17.198141604000057],[121.77314668000008,17.19737686800005],[121.77085338900008,17.20029631600005],[121.76634303100002,17.20066534500006],[121.76916200500011,17.205001440000046],[121.774051643,17.204335137000044],[121.77885927500006,17.198194899000043],[121.78295960100002,17.201218889000074],[121.78421020000008,17.198738192000064],[121.78811351800005,17.19800108800007],[121.79254224800002,17.20222311300006],[121.79152295900008,17.205111099000078],[121.7864508450001,17.209812706000037],[121.79075046500009,17.212369237000075],[121.79345126100009,17.22204387000005],[121.79667696800004,17.224222244000032],[121.7973742040001,17.22643015700004],[121.80062797000005,17.226313951000066],[121.80690309200008,17.22991633500004],[121.81224172300006,17.236862726000027],[121.8065007780001,17.26371288000007],[121.80180618400004,17.26642283500007],[121.79502110200008,17.277432668000074],[121.79209548000006,17.285388804000036],[121.79101974900004,17.291292292000037],[121.79164599100011,17.305492797000056],[121.78726543500011,17.32252588700004],[121.77810255000009,17.33485745300004],[121.76650606100009,17.338941479000027],[121.76093856600005,17.342794499000036],[121.75615584500008,17.352635973000076]]]}},{"type":"Feature","properties":{"shapeName":"Mallig","shapeISO":"","shapeID":"30758251B62291195909479","shapeGroup":"PHL","shapeType":"ADM3","psgc_code":"0203119000","legacy_psgc_code":"023119000","province":"Isabela"},"geometry":{"type":"Polygon","coordinates":[[[121.69593991500005,17.23118052600006],[121.67370132500002,17.23915910900007],[121.65752431500005,17.23990410300007],[121.62170886500007,17.250293407000072],[121.61845029000006,17.247177025000042],[121.61827847400002,17.248758915000053],[121.61587305400008,17.24826124200007],[121.61608041700003,17.250678512000036],[121.61472366600003,17.250151215000074],[121.61485531700009,17.246343886000034],[121.60924884200006,17.247043262000034],[121.6091513880001,17.243649567000034],[121.60646866000002,17.24331669700007],[121.60561762900011,17.244995881000023],[121.60441886600006,17.243129105000037],[121.60036654100008,17.245658138000067],[121.59871182100005,17.24447617900006],[121.58816205100004,17.246208282000055],[121.57021468900007,17.24636972600007],[121.5657307350001,17.24267042100007],[121.54434120000008,17.238029932000074],[121.54769608700008,17.214578156000073],[121.55042941500005,17.210118516000023],[121.54899082100007,17.206162384000038],[121.55042941500005,17.201990463000072],[121.54913468000007,17.19652380800005],[121.55539256200007,17.187029092000046],[121.56243884100002,17.185352245000047],[121.5643394980001,17.182365498000024],[121.56678320000003,17.184944961000042],[121.57203263300005,17.183044304000077],[121.57565293200003,17.179107229000067],[121.57397854400006,17.175532184000076],[121.5762864840001,17.17421982600007],[121.58228882300011,17.175555288000055],[121.586920684,17.17313642700003],[121.59134668400009,17.174423055000034],[121.59407433600006,17.171798334000073],[121.59330235900006,17.175092102000065],[121.59628733600005,17.17622433500003],[121.603722274,17.170656846000043],[121.60336463200008,17.179023],[121.60497580100002,17.180065521000074],[121.60895633400003,17.17447382000006],[121.61047272700011,17.175326791000032],[121.61551207600007,17.17411347500007],[121.61650502700002,17.170363529000042],[121.62150400300004,17.173825863000047],[121.62131226200006,17.170086900000058],[121.6227503240001,17.168505031000052],[121.62835876800011,17.174496958000077],[121.62816702700002,17.171812575000047],[121.63251260600009,17.170747109000047],[121.6312545720001,17.17383501200004],[121.6326841560001,17.174864313000057],[121.6354861430001,17.17292007800006],[121.63640107700007,17.174749947000066],[121.63488571700009,17.176322490000075],[121.6362581190001,17.17672277400004],[121.64011799800005,17.174521213000048],[121.639746306,17.173205995000046],[121.63765911200005,17.17417811300004],[121.63677276900012,17.173234587000024],[121.64003222300005,17.170546967000064],[121.64160476600011,17.171576268000024],[121.64169054100012,17.173892196000054],[121.64314871800002,17.173205995000046],[121.64249110900005,17.17060415000003],[121.644749853,17.16960344100005],[121.64426379400004,17.16711596300007],[121.64815226500002,17.168659915000035],[121.65209791900008,17.166429763000053],[121.66525673800004,17.168555635000075],[121.67390342500005,17.180617724000058],[121.6849523410001,17.183217469000056],[121.70180015500011,17.196196674000078],[121.69931399300003,17.203122411000038],[121.69593991500005,17.23118052600006]]]}},{"type":"Feature","properties":{"shapeName":"Naguilian","shapeISO":"","shapeID":"30758251B29614901400511","shapeGroup":"PHL","shapeType":"ADM3","psgc_code":"0203120000","legacy_psgc_code":"023120000","province":"Isabela"},"geometry":{"type":"Polygon","coordinates":[[[121.92806990200006,17.031514452000067],[121.91283805600006,17.037966381000047],[121.91043435800009,17.04223395100007],[121.90377949100002,17.04155806600005],[121.89675852100004,17.044884171000035],[121.89594455400004,17.04725105800003],[121.89037350600006,17.051020641000036],[121.88377053400006,17.049882197000045],[121.87653363200002,17.04547866100006],[121.86046719300009,17.04579969200006],[121.85844075500006,17.04382150200007],[121.8525544360001,17.043532011000025],[121.85039175100007,17.037890872000048],[121.84325951400001,17.03640404600003],[121.83881197900007,17.036417088000064],[121.83456805500009,17.039490495000052],[121.83004078800002,17.039294341000073],[121.82263141300007,17.04207156600006],[121.82045818600011,17.039330552000024],[121.82271875000004,17.03461538600004],[121.8188323070001,17.029538125000045],[121.8154488560001,17.029256445000044],[121.81158232500002,17.032428598000024],[121.80261518100008,17.028684016000057],[121.79387011100005,17.03010538500007],[121.79260540100006,17.026469380000037],[121.80801651800004,17.01371922000004],[121.80994069200005,17.005583220000062],[121.81578411600003,16.997136683000065],[121.82242865800004,16.99975127700003],[121.82356544100003,16.99425687300004],[121.8315438840001,16.99438766700007],[121.83051508400001,16.98648212200004],[121.83291376300008,16.97129429100005],[121.83572336200007,16.95691445600005],[121.83788602100003,16.952996373000076],[121.83650732100011,16.950422799000023],[121.84000002800008,16.946347975000037],[121.83537372300009,16.94337611000003],[121.847556671,16.934002810000038],[121.86088388400003,16.93060064900004],[121.862228963,16.931801162000056],[121.86119427400001,16.91678829600005],[121.86429817300007,16.90840776700003],[121.87102082000001,16.906965074000027],[121.87485706100006,16.90761978100005],[121.8745695,16.904840024000066],[121.87847922000003,16.903860284000075],[121.88017409400004,16.902106411000034],[121.88047981500006,16.89871130000006],[121.88322655600007,16.897242869000024],[121.89307460500004,16.898170037000057],[121.89358483900003,16.891847003000066],[121.89573756800007,16.888883586000077],[121.90001033100009,16.887810831000024],[121.90289381700006,16.882395253000027],[121.91453474900004,16.877115441000058],[121.92004074400006,16.880830633000073],[121.91969037700005,16.898724885000036],[121.92331897500003,16.90392885600005],[121.92147156800002,16.916601232000062],[121.92953385700002,16.923300890000064],[121.92664988600006,16.92683869600006],[121.926233722,16.93891946800005],[121.91888397900004,16.938185065000027],[121.91228402000002,16.94294582400005],[121.91333703400005,16.94490969800006],[121.9095550720001,16.949482448000026],[121.90813176000006,16.957996304000062],[121.91251707100002,16.958377635000033],[121.91681468600007,16.955405704000043],[121.921859691,16.955898981000075],[121.9261161280001,16.95856578200005],[121.93946257300001,16.95811205600006],[121.945397049,16.956531489000042],[121.95214534600007,16.97844438100003],[121.94487865300005,16.985442929000044],[121.93658557100002,16.98080861400007],[121.93063978400005,16.97975815500007],[121.92471579700009,16.98158307500006],[121.92036886900007,16.986556964000044],[121.92162279100012,16.99487464400005],[121.92648121400009,16.99740437500003],[121.92965730800006,17.004130235000048],[121.92875182900002,17.006683011000064],[121.93108126300001,17.01374411000006],[121.92806990200006,17.031514452000067]]]}},{"type":"Feature","properties":{"shapeName":"Palanan","shapeISO":"","shapeID":"30758251B42816846115964","shapeGroup":"PHL","shapeType":"ADM3","psgc_code":"0203121000","legacy_psgc_code":"023121000","province":"Isabela"},"geometry":{"type":"MultiPolygon","coordinates":[[[[122.46666630600009,16.921348420000072],[122.46719337600007,16.919507272000033],[122.47057453700006,16.919156091000048],[122.46666630600009,16.921348420000072]]],[[[122.46784134900008,16.924214208000024],[122.46723303400006,16.92315482500004],[122.46892135600001,16.923167942000077],[122.46784134900008,16.924214208000024]]],[[[122.50678688000005,17.03521444300003],[122.5062325130001,17.03373682000006],[122.50766219400009,17.033829670000046],[122.5089430910001,17.031454574000065],[122.50840598200011,17.033923446000074],[122.50678688000005,17.03521444300003]]],[[[122.516876324,17.045985189000078],[122.51546423600007,17.044266572000026],[122.51747192000005,17.044410423000045],[122.516876324,17.045985189000078]]],[[[122.45900634200007,16.89463875900003],[122.45729065500007,16.902141442000072],[122.45874757900003,16.905527283000026],[122.46083173600005,16.906366710000043],[122.4592294900001,16.908349025000064],[122.45992111600003,16.91456660700004],[122.46454053900004,16.92328207500003],[122.4714109140001,16.92824538900004],[122.4731981220001,16.937700022000058],[122.47202943800005,16.94184083600004],[122.47280193300003,16.945519914000045],[122.47632110300003,16.950364544000024],[122.4739825040001,16.952257490000022],[122.47238553400007,16.957689955000035],[122.46802441200009,16.957535010000072],[122.46573995100005,16.96118777600003],[122.46486454900003,16.965868975000035],[122.46678233000011,16.97707723800005],[122.47198651400004,16.981341144000055],[122.4734358500001,16.990810484000065],[122.47897602600005,17.000158957000053],[122.48078538300001,17.006307846000027],[122.48366196900008,17.006409704000077],[122.48400144700008,17.015009271000054],[122.48769889400012,17.01822177300005],[122.48743131100002,17.019979336000063],[122.49439290300006,17.021923423000032],[122.4978872590001,17.018419548000054],[122.50091998500011,17.019436386000052],[122.50191878100009,17.028571858000078],[122.49854749200006,17.033800014000064],[122.51054568900008,17.03751657500004],[122.51171828000008,17.04452631500004],[122.50696125200011,17.054397507000033],[122.50956580600007,17.055175615000053],[122.51225736900005,17.058427782000024],[122.51109017700003,17.058939878000047],[122.51174945700006,17.061184324000067],[122.51435903000004,17.064311645000032],[122.51428113500003,17.067538824000053],[122.51735956800007,17.07377211200003],[122.51664361200005,17.082792578000067],[122.52059792000011,17.086805424000033],[122.52011053400008,17.090993652000066],[122.52574040600007,17.09761111200004],[122.52852482800006,17.098073122000073],[122.52147575900005,17.103456832000063],[122.519890701,17.109078804000035],[122.52159922600003,17.111833019000073],[122.51865481300001,17.111472303000028],[122.51748748200009,17.113692980000053],[122.51984259500011,17.120254224000064],[122.51957120100008,17.125374495000074],[122.514842756,17.137131993000025],[122.50986301400008,17.142289332000075],[122.50655677300006,17.139195164000057],[122.50628710500007,17.133230870000034],[122.49655367600008,17.12953545700003],[122.48613058800004,17.12136309300007],[122.48311859700004,17.116598372000055],[122.47828151500005,17.11633334000004],[122.47249443500004,17.11954647700003],[122.46889830000009,17.11645470800005],[122.46103094300008,17.114944085000047],[122.4580203380001,17.11455159600007],[122.45821374000002,17.116841355000076],[122.44836162700005,17.11520049300003],[122.44569927400005,17.11045589500003],[122.44810514500011,17.10284613300007],[122.44712671600007,17.101911057000052],[122.4454139500001,17.10264429600005],[122.4425384650001,17.110672760000057],[122.44776724000008,17.118985715000065],[122.44528650100006,17.11812042400004],[122.44231337200006,17.120435514000064],[122.44518532600011,17.118620788000044],[122.44659978400011,17.120346046000066],[122.462663786,17.118822602000023],[122.46751121600005,17.12090214600005],[122.47067871600007,17.119779],[122.4715508910001,17.122578774000033],[122.4595937140001,17.11969717100004],[122.43805976400006,17.122716182000033],[122.42578784200009,17.130018949000032],[122.41875523500005,17.13781373100005],[122.412222745,17.13562414200004],[122.40688113600004,17.123923473000048],[122.39768974700007,17.123103034000053],[122.39314556800002,17.12570401000005],[122.38635078200002,17.114113958000075],[122.37575287800007,17.102880180000056],[122.38100335500008,17.099683795000033],[122.38100335500008,17.092305216000057],[122.38627376800002,17.07552773200007],[122.3850132340001,17.068301228000053],[122.38773210800002,17.059691461000057],[122.37730975800002,17.049948829000073],[122.3745908840001,17.04043277100004],[122.36734055400007,17.027744693000045],[122.36643426300009,17.01936149900007],[122.36401720700007,17.017568469000025],[122.36280909800007,17.013244033000035],[122.35782322000011,17.009230409000054],[122.35782449600003,17.006220275000032],[122.34898815600002,17.00463426500005],[122.34698374300001,17.002917307000075],[122.34717557300007,16.998969945000056],[122.33936037500007,16.995651284000076],[122.33675322400006,16.99307905200004],[122.31938091600011,16.99027587100005],[122.31701795300012,16.988062138000032],[122.30588365800008,16.988507510000034],[122.30262176200006,16.990527969000027],[122.30156360300009,16.987988388000076],[122.309751129,16.975005074000023],[122.30875908200005,16.973703245000024],[122.3108754000001,16.969788058000063],[122.3129860470001,16.96724796500007],[122.31507444300007,16.966949622000072],[122.31449796900006,16.961952950000068],[122.31615884200005,16.95812016700006],[122.31999162400007,16.954031866000037],[122.32280233200004,16.955820498000037],[122.32906254300008,16.954926182000065],[122.33315084500009,16.952498753000043],[122.33455619800009,16.94738837600005],[122.33442843900002,16.943172315000027],[122.32909652700005,16.93234192500006],[122.3270445280001,16.924475221000023],[122.32457797500001,16.924321062000047],[122.31848867300005,16.916690164000045],[122.31979902900002,16.914146532000075],[122.31910531100004,16.912296617000038],[122.31386388700002,16.913684053000054],[122.31078069600005,16.90983006400006],[122.33454245300004,16.898195376000047],[122.35928679500012,16.899239185000056],[122.38329723200002,16.89524054000003],[122.45199714800003,16.893024414000024],[122.45900634200007,16.89463875900003]]]]}},{"type":"Feature","properties":{"shapeName":"Quezon","shapeISO":"","shapeID":"30758251B61919458942758","shapeGroup":"PHL","shapeType":"ADM3","psgc_code":"0203122000","legacy_psgc_code":"023122000","province":"Isabela"},"geometry":{"type":"Polygon","coordinates":[[[121.62909621500012,17.418319980000035],[121.60608069200009,17.42143218600006],[121.59347822600012,17.39691670600007],[121.58219454800007,17.353559068000038],[121.55993127700003,17.35048310800005],[121.54836106200003,17.32394977100006],[121.5387001150001,17.317268562000038],[121.53321700200001,17.296518934000062],[121.53017478800007,17.274919214000022],[121.53451524700006,17.26951245300006],[121.53708962400003,17.266305630000033],[121.54497556000001,17.26489446200003],[121.54278393400011,17.247162222000043],[121.54434120000008,17.238029932000074],[121.5657307350001,17.24267042100007],[121.57021468900007,17.24636972600007],[121.58816205100004,17.246208282000055],[121.59871182100005,17.24447617900006],[121.60036654100008,17.245658138000067],[121.60441886600006,17.243129105000037],[121.60561762900011,17.244995881000023],[121.60646866000002,17.24331669700007],[121.6091513880001,17.243649567000034],[121.60924884200006,17.247043262000034],[121.61485531700009,17.246343886000034],[121.61472366600003,17.250151215000074],[121.61608041700003,17.250678512000036],[121.61587305400008,17.24826124200007],[121.61827847400002,17.248758915000053],[121.61845029000006,17.247177025000042],[121.62170886500007,17.250293407000072],[121.65752431500005,17.23990410300007],[121.67370132500002,17.23915910900007],[121.69593991500005,17.23118052600006],[121.69700541400005,17.237751097000057],[121.68794868000009,17.268295374000047],[121.68830384600005,17.272379783000076],[121.68475218600008,17.276286609000067],[121.68262119000008,17.281614099000024],[121.67729370000006,17.30026031500006],[121.66628355400007,17.32689776600006],[121.66504047300009,17.33453383500006],[121.66403494000008,17.34427617700004],[121.66162299700011,17.35129273800004],[121.66158604100008,17.371796087000064],[121.63217217500005,17.39313555800004],[121.62755823500004,17.397941746000072],[121.6258280080001,17.406977378000022],[121.62909621500012,17.418319980000035]]]}},{"type":"Feature","properties":{"shapeName":"Quirino","shapeISO":"","shapeID":"30758251B90473540234186","shapeGroup":"PHL","shapeType":"ADM3","psgc_code":"0203123000","legacy_psgc_code":"023123000","province":"Isabela"},"geometry":{"type":"Polygon","coordinates":[[[121.72180155300009,17.09772510700003],[121.72593273000007,17.10250256100005],[121.72224925300009,17.10554778000005],[121.7290180650001,17.108091820000027],[121.73449057500011,17.107884639000076],[121.73440585300011,17.111783167000056],[121.73889297900007,17.115064287000052],[121.7494329750001,17.114047842000048],[121.75471227600008,17.125032911000062],[121.75785670100004,17.123265325000034],[121.75552639400007,17.120923839000056],[121.75698702200009,17.11960225300004],[121.76115566900012,17.122648322000032],[121.76732966500003,17.123976337000045],[121.76857613200002,17.12591644300005],[121.76644661300008,17.127914201000067],[121.76593234300003,17.131771231000073],[121.76867512000001,17.136142531000075],[121.77141789600012,17.137856767000073],[121.77296070800003,17.137171072000058],[121.77394047000007,17.133101062000037],[121.77816573300004,17.13342131400003],[121.78067609700008,17.130518383000037],[121.77983930900007,17.134289094000053],[121.78290753100009,17.133132054000043],[121.7850641340001,17.134245945000032],[121.78362818200003,17.142516302000047],[121.78691814800004,17.145697209000048],[121.79102606200001,17.14678780500003],[121.79285206700001,17.142980514000044],[121.80102319700006,17.145606326000063],[121.80774854200001,17.139099100000067],[121.8104750330001,17.140044283000066],[121.80739414800007,17.147039205000056],[121.8087469190001,17.150152433000073],[121.8073200230001,17.15337684700006],[121.80800567500012,17.160974605000035],[121.80461448000005,17.161882630000036],[121.80426238900009,17.163290995000068],[121.80580992800003,17.165056005000054],[121.80959935100009,17.164013708000027],[121.810192346,17.16173438100003],[121.81245314300008,17.16115991600003],[121.80961788200011,17.168535301000077],[121.81439891000002,17.164773484000023],[121.817902881,17.167147198000066],[121.81855015000008,17.169477366000024],[121.81206667300012,17.17180753400004],[121.81275815000004,17.175325205000036],[121.80733664600007,17.171910006000076],[121.80879424800003,17.175608341000043],[121.80199898700005,17.178779462000023],[121.80250863100002,17.181893957000057],[121.80596288900006,17.183422891000077],[121.8080580940001,17.186933776000046],[121.80692555100006,17.189312117000043],[121.8030182760001,17.18925549000005],[121.80477371800009,17.196277260000045],[121.80267851300005,17.196786904000078],[121.79656277800007,17.192766375000076],[121.7953736070001,17.194861580000065],[121.79831822000006,17.19973151800002],[121.79593987900012,17.201939977000052],[121.79254224800002,17.20222311300006],[121.78811351800005,17.19800108800007],[121.78421020000008,17.198738192000064],[121.78295960100002,17.201218889000074],[121.77885927500006,17.198194899000043],[121.774051643,17.204335137000044],[121.76916200500011,17.205001440000046],[121.76634303100002,17.20066534500006],[121.77085338900008,17.20029631600005],[121.77314668000008,17.19737686800005],[121.76709694300007,17.198141604000057],[121.76802825400011,17.192303872000025],[121.75904303900006,17.198904150000033],[121.74787331200002,17.19733721700004],[121.7202447950001,17.19848143300004],[121.70180015500011,17.196196674000078],[121.6849523410001,17.183217469000056],[121.67390342500005,17.180617724000058],[121.66525673800004,17.168555635000075],[121.66629820900005,17.167745602000025],[121.6653724570001,17.16334828400005],[121.6678025540001,17.16210430500007],[121.67060873800006,17.157330901000023],[121.6691333220001,17.153830404000075],[121.660315104,17.15431961200005],[121.65858738600002,17.12559114900006],[121.65665095600002,17.119566700000064],[121.6537406430001,17.11724036100003],[121.65638481400003,17.11479765000007],[121.67218604200002,17.116586464000022],[121.68054251700005,17.109231909000073],[121.68592843300007,17.10772549400002],[121.6845109510001,17.115935078000064],[121.6856921860001,17.117765992000045],[121.69862671100009,17.118415671000037],[121.70730878900008,17.117175375000045],[121.71084288800012,17.10786078700005],[121.72180155300009,17.09772510700003]]]}},{"type":"Feature","properties":{"shapeName":"Ramon","shapeISO":"","shapeID":"30758251B59808098475352","shapeGroup":"PHL","shapeType":"ADM3","psgc_code":"0203124000","legacy_psgc_code":"023124000","province":"Isabela"},"geometry":{"type":"Polygon","coordinates":[[[121.44856250400005,16.82532377700005],[121.45379756400007,16.80740823700006],[121.45072501400011,16.796355108000057],[121.45541015000003,16.79494956700006],[121.4593906660001,16.791109302000052],[121.46033899100007,16.77349755800003],[121.45884202900004,16.769326096000043],[121.46879897800011,16.769168317000037],[121.47514402500008,16.766920506000076],[121.48400129400011,16.751878273000045],[121.48447718700004,16.74646296900005],[121.4920878050001,16.73157959100007],[121.49307299100008,16.729198346000032],[121.50405215800004,16.731110109000042],[121.507970752,16.739527829000053],[121.51144279500011,16.742892745000063],[121.52523673500002,16.736017065000055],[121.53154241300001,16.73825026800006],[121.55434104900007,16.73990460300007],[121.55701569000007,16.746880358000055],[121.5565806080001,16.75640910900006],[121.56165127300005,16.75748892000007],[121.57890092500008,16.75639622400007],[121.5817059740001,16.758815844000026],[121.57884033100004,16.763503926000055],[121.58076468100012,16.766348617000062],[121.58059652000009,16.77856593200005],[121.57729030300004,16.77921277300004],[121.58355906800011,16.792501911000045],[121.59103487300001,16.795076229000074],[121.59446879600011,16.798435502000075],[121.591557426,16.806423108000047],[121.59773094200011,16.81729841300006],[121.59742542700008,16.82287405200003],[121.5944580580001,16.824374772000056],[121.58055630900003,16.822591028000033],[121.55380411200008,16.82456512500005],[121.54607195000006,16.822061834000067],[121.5397382640001,16.822149266000054],[121.53820584700009,16.827338315000077],[121.53081262400008,16.828371469000047],[121.52615559000003,16.83560695600005],[121.5213223400001,16.83893476700007],[121.50234861600006,16.834543403000055],[121.48873380600003,16.834475329000043],[121.47913536400006,16.83597295800007],[121.47614010600012,16.835019921000026],[121.47341714400011,16.831616218000022],[121.45826265700009,16.826283526000054],[121.44856250400005,16.82532377700005]]]}},{"type":"Feature","properties":{"shapeName":"Reina Mercedes","shapeISO":"","shapeID":"30758251B79932991691017","shapeGroup":"PHL","shapeType":"ADM3","psgc_code":"0203125000","legacy_psgc_code":"023125000","province":"Isabela"},"geometry":{"type":"Polygon","coordinates":[[[121.73013371200011,17.023884234000036],[121.73094708500003,17.009921747000078],[121.72929878700006,17.00466960600005],[121.73420688600004,16.986318237000035],[121.73850311000001,16.984913170000027],[121.73996779400011,16.982245258000034],[121.75236091700003,16.980528138000068],[121.75679959500007,16.981737026000076],[121.77206846700005,16.974225201000024],[121.77618197200002,16.973672600000043],[121.78702120000003,16.973787301000073],[121.78736530200001,16.975393112000063],[121.79137983100009,16.975565164000045],[121.79244133200007,16.973931505000053],[121.79429852300007,16.97414349400003],[121.80117445400003,16.977387901000043],[121.80955635200007,16.978225379000037],[121.81508781200012,16.97677919800003],[121.82925922700008,16.968964338000035],[121.83291376300008,16.97129429100005],[121.83051508400001,16.98648212200004],[121.8315438840001,16.99438766700007],[121.82356544100003,16.99425687300004],[121.82242865800004,16.99975127700003],[121.81578411600003,16.997136683000065],[121.80994069200005,17.005583220000062],[121.80801651800004,17.01371922000004],[121.79260540100006,17.026469380000037],[121.78983832600011,17.025749907000034],[121.78468236600008,17.03023090000005],[121.78078860900007,17.027991013000076],[121.7702689670001,17.031058219000045],[121.76680543300006,17.028702346000046],[121.761233994,17.036537590000023],[121.75560903600001,17.037266313000032],[121.75223327900005,17.03528676600007],[121.75241339100012,17.032393684000056],[121.74961231000009,17.031818221000037],[121.74780469400002,17.027451308000025],[121.74374799800012,17.02820298900002],[121.73807465100003,17.025014352000028],[121.73180128600006,17.024567125000033],[121.73013371200011,17.023884234000036]]]}},{"type":"Feature","properties":{"shapeName":"Roxas","shapeISO":"","shapeID":"30758251B43997150317842","shapeGroup":"PHL","shapeType":"ADM3","psgc_code":"0203126000","legacy_psgc_code":"023126000","province":"Isabela"},"geometry":{"type":"Polygon","coordinates":[[[121.570315305,17.056518095000058],[121.57343395500004,17.056985893000046],[121.58473391200005,17.053926153000077],[121.58742060500003,17.055120239000075],[121.58992558900002,17.053783382000063],[121.59532518200001,17.057365985000047],[121.59792150100009,17.061227177000035],[121.60147202100006,17.06134922600006],[121.60257046400011,17.06369035000006],[121.60892811500003,17.062580813000068],[121.61193496200008,17.06630885900006],[121.61122485800001,17.068217264000054],[121.61445361200003,17.07069153300006],[121.61293746400008,17.078167120000046],[121.61445298300009,17.082867863000047],[121.63895558900003,17.087040958000046],[121.64369279400012,17.092863623000028],[121.64762127600011,17.091151207000053],[121.64883004,17.092662162000067],[121.66675325500012,17.094100920000074],[121.66819181200003,17.091775433000066],[121.67263727800002,17.093105828000034],[121.67926933500007,17.091466358000048],[121.67967550700007,17.093381168000064],[121.68328343000007,17.093005015000074],[121.68428063600004,17.09599395400005],[121.6855324710001,17.09601899000006],[121.68312894700011,17.099882989000037],[121.68509850200007,17.101310081000065],[121.682945345,17.10269544500005],[121.68592843300007,17.10772549400002],[121.68054251700005,17.109231909000073],[121.67218604200002,17.116586464000022],[121.65638481400003,17.11479765000007],[121.6537406430001,17.11724036100003],[121.65665095600002,17.119566700000064],[121.65858738600002,17.12559114900006],[121.660315104,17.15431961200005],[121.6691333220001,17.153830404000075],[121.67060873800006,17.157330901000023],[121.6678025540001,17.16210430500007],[121.6653724570001,17.16334828400005],[121.66629820900005,17.167745602000025],[121.66525673800004,17.168555635000075],[121.65209791900008,17.166429763000053],[121.64815226500002,17.168659915000035],[121.64426379400004,17.16711596300007],[121.644749853,17.16960344100005],[121.64249110900005,17.17060415000003],[121.64314871800002,17.173205995000046],[121.64169054100012,17.173892196000054],[121.64160476600011,17.171576268000024],[121.64003222300005,17.170546967000064],[121.63677276900012,17.173234587000024],[121.63765911200005,17.17417811300004],[121.639746306,17.173205995000046],[121.64011799800005,17.174521213000048],[121.6362581190001,17.17672277400004],[121.63488571700009,17.176322490000075],[121.63640107700007,17.174749947000066],[121.6354861430001,17.17292007800006],[121.6326841560001,17.174864313000057],[121.6312545720001,17.17383501200004],[121.63251260600009,17.170747109000047],[121.62816702700002,17.171812575000047],[121.62835876800011,17.174496958000077],[121.6227503240001,17.168505031000052],[121.62131226200006,17.170086900000058],[121.62150400300004,17.173825863000047],[121.61650502700002,17.170363529000042],[121.61551207600007,17.17411347500007],[121.61047272700011,17.175326791000032],[121.60895633400003,17.17447382000006],[121.60497580100002,17.180065521000074],[121.60336463200008,17.179023],[121.603722274,17.170656846000043],[121.59628733600005,17.17622433500003],[121.59330235900006,17.175092102000065],[121.59407433600006,17.171798334000073],[121.59134668400009,17.174423055000034],[121.586920684,17.17313642700003],[121.58228882300011,17.175555288000055],[121.5762864840001,17.17421982600007],[121.57397854400006,17.175532184000076],[121.57565293200003,17.179107229000067],[121.57203263300005,17.183044304000077],[121.56678320000003,17.184944961000042],[121.5643394980001,17.182365498000024],[121.56243884100002,17.185352245000047],[121.56135275200006,17.181143647000056],[121.56266511000001,17.15295057000003],[121.56029487300009,17.149470072000042],[121.55990226900008,17.14452834900004],[121.56334011600006,17.14262085100006],[121.563173301,17.13792101000007],[121.56694659200002,17.135397021000074],[121.56821946600007,17.130746136000027],[121.56560436300003,17.12079569100007],[121.56702055400001,17.10782628800007],[121.56604146900008,17.085724945000038],[121.56750018100001,17.07905657500004],[121.56891191300008,17.072423208000032],[121.568600048,17.06096217100003],[121.570315305,17.056518095000058]]]}},{"type":"Feature","properties":{"shapeName":"San Agustin","shapeISO":"","shapeID":"30758251B75696282088707","shapeGroup":"PHL","shapeType":"ADM3","psgc_code":"0203127000","legacy_psgc_code":"023127000","province":"Isabela"},"geometry":{"type":"Polygon","coordinates":[[[121.7018694520001,16.445344540000065],[121.71641132900004,16.430010378000077],[121.72461886600001,16.415500345000055],[121.73038909500008,16.409043109000038],[121.73400277200005,16.405350247000058],[121.73585852600002,16.406203659000028],[121.73977162000006,16.401935888000025],[121.74353453200001,16.401068914000064],[121.74555747300008,16.395818899000062],[121.74500357300008,16.393169809000028],[121.79286491500011,16.40878079500004],[121.79632309200008,16.41476179400007],[121.80059177500004,16.417749977000028],[121.88729434000004,16.44918003300006],[121.8642418170001,16.464024623000057],[121.84238109800003,16.468417083000077],[121.83282109000004,16.468042076000074],[121.83373377600003,16.47491671100005],[121.83047969000006,16.48434971300003],[121.83405633000007,16.488090259000046],[121.84275558400009,16.492901363000044],[121.8428857880001,16.515510051000035],[121.8405972160001,16.512940866000065],[121.83121924000011,16.51346771900006],[121.82036607600003,16.511254938000036],[121.8185747770001,16.507356229000038],[121.81509755000002,16.507356229000038],[121.81404384500001,16.511044197000047],[121.81056661800005,16.51188716100006],[121.80350679600008,16.517272440000056],[121.79965971500008,16.517779747000077],[121.78595298100004,16.515004925000028],[121.7727105570001,16.516183873000045],[121.76554590600006,16.51140009200003],[121.7605612750001,16.51593729900003],[121.75270788700004,16.52714468800002],[121.738087016,16.53805107100004],[121.7270703590001,16.537742063000053],[121.72669256000006,16.534694054000056],[121.73174822600004,16.519251431000043],[121.7289330860001,16.515380717000028],[121.722438957,16.515740098000038],[121.71670199800008,16.52064383800007],[121.70995001400001,16.52224578700003],[121.70185499100012,16.51834708000007],[121.69880293100005,16.509896617000038],[121.69225016500002,16.498606892000055],[121.68809978200011,16.47619336400004],[121.68380586300009,16.47574939900005],[121.69108260900009,16.461195907000047],[121.69022134400007,16.459001794000073],[121.7018694520001,16.445344540000065]]]}},{"type":"Feature","properties":{"shapeName":"San Guillermo","shapeISO":"","shapeID":"30758251B48222146671596","shapeGroup":"PHL","shapeType":"ADM3","psgc_code":"0203128000","legacy_psgc_code":"023128000","province":"Isabela"},"geometry":{"type":"Polygon","coordinates":[[[121.78300232200002,16.704935155000044],[121.7992838460001,16.696692296000037],[121.81272150000007,16.69610142600004],[121.81862369800001,16.693538629000045],[121.8304280960001,16.692063079000036],[121.83784530500009,16.688593446000027],[121.84030367500009,16.68874938500005],[121.84300390400006,16.691832163000072],[121.86082240300004,16.683611041000063],[121.8630886950001,16.681992835000074],[121.86553720100005,16.676495334000037],[121.86502241800008,16.670729981000022],[121.86571044100003,16.66691107500003],[121.86826438300011,16.663656437000043],[121.86928459100011,16.653209977000074],[121.87818218500001,16.652694015000066],[121.88718614400011,16.655071822000025],[121.8923496430001,16.658838282000033],[121.91712081300011,16.65946843300003],[121.93351440800006,16.655054773000074],[121.93717144100003,16.656063609000057],[121.95016021300012,16.655180877000078],[121.98030682300009,16.60873714300004],[122.01543875300001,16.568200300000058],[122.04857117800009,16.534737880000023],[122.0603025580001,16.540239563000057],[122.0577555320001,16.550682368000025],[122.058332844,16.567584099000044],[122.06278628900009,16.575135592000038],[122.0668524780001,16.577265501000056],[122.08115832200008,16.577840727000023],[122.08447263000005,16.581138062000036],[122.08931333200007,16.582880714000055],[122.09299226400003,16.58597876300007],[122.09550942900012,16.601081751000038],[122.09725208200007,16.603986172000077],[122.10596534400008,16.612312178000025],[122.1150429710001,16.614192269000057],[122.1175748490001,16.61674986400004],[122.11356929200008,16.617177123000033],[122.10924329200009,16.620328160000042],[122.10729500800005,16.628929069000037],[122.10429810100004,16.631377247000046],[122.10294738200002,16.635133933000077],[122.09973942500005,16.636146972000063],[122.09876859600001,16.644926643000076],[122.09480086000008,16.645602003000022],[122.08788328000003,16.656646340000066],[122.0835223900001,16.660205691000044],[122.08252980800012,16.664771571000074],[122.07597876300008,16.668245609000053],[122.0710158500001,16.67827069300006],[122.07200843300006,16.684126930000048],[122.06942771800004,16.68551654600003],[122.0656559040001,16.68452396300006],[122.0629759310001,16.68650912800007],[122.05950189300006,16.69693124500003],[122.05612711200001,16.700901575000046],[122.05096568300007,16.700703059000034],[122.04352546000007,16.704154748000065],[122.03498510400004,16.70536819600005],[122.03399252100007,16.706956329000036],[122.0250106960001,16.707463345000065],[122.01827735000006,16.70997044300003],[122.00767086500002,16.711132253000073],[121.99858775000007,16.71034241700005],[121.99319162200004,16.721562250000034],[121.95974028300009,16.729203163000022],[121.959918259,16.741925731000038],[121.9426249490001,16.74362200400003],[121.9407290470001,16.746345398000074],[121.9434529020001,16.75491669300004],[121.94749563800008,16.758270173000028],[121.94945381000002,16.76263754400003],[121.94877059600003,16.76850283500005],[121.94680852800002,16.76936089900005],[121.94520157500006,16.77297390700005],[121.94500081500007,16.78045221700006],[121.93559312500008,16.799190959000043],[121.92671262800002,16.787379602000044],[121.91933607700003,16.781349137000063],[121.91217489900009,16.777633940000044],[121.893405142,16.772906954000064],[121.88560723700004,16.760307285000067],[121.86905820100003,16.763092766000057],[121.8662727200001,16.764157803000046],[121.86563842300006,16.767376374000037],[121.86391582400006,16.768405185000063],[121.85829780900008,16.765785160000064],[121.85301572000003,16.75884474000003],[121.84533559200008,16.754326637000077],[121.84415914800002,16.755656529000078],[121.84117611400006,16.755063360000065],[121.84062299700008,16.75357938800005],[121.84264659500002,16.751474846000065],[121.84087931900001,16.750247196000032],[121.79059462200007,16.745643630000075],[121.78345759400008,16.738725489000046],[121.78628334600012,16.713030953000043],[121.78300232200002,16.704935155000044]]]}},{"type":"Feature","properties":{"shapeName":"San Isidro","shapeISO":"","shapeID":"30758251B62946220983570","shapeGroup":"PHL","shapeType":"ADM3","psgc_code":"0203129000","legacy_psgc_code":"023129000","province":"Isabela"},"geometry":{"type":"Polygon","coordinates":[[[121.58059652000009,16.77856593200005],[121.58076468100012,16.766348617000062],[121.57884033100004,16.763503926000055],[121.5817059740001,16.758815844000026],[121.57890092500008,16.75639622400007],[121.59010870300006,16.737397529000077],[121.59541725400004,16.716082220000033],[121.60236194000004,16.712252026000044],[121.60947856700011,16.696821423000074],[121.61091699700012,16.684398282000075],[121.61801232500011,16.684939523000025],[121.63668487200005,16.696686527000054],[121.63518228500004,16.701261938000073],[121.6370888460001,16.706782430000032],[121.642297901,16.70720646600006],[121.6440569020001,16.710514438000075],[121.64009258700003,16.720412098000054],[121.6427704680001,16.724323906000052],[121.64665602200012,16.726476713000068],[121.64967520300002,16.732200028000022],[121.65253686000005,16.73251507300006],[121.65432211500001,16.730966102000025],[121.65910029600002,16.731884983000043],[121.67107080400001,16.741402590000064],[121.67418087100009,16.748739158000035],[121.67194800200002,16.750174574000027],[121.66803573800007,16.749182270000063],[121.66755479300002,16.75641583500004],[121.6729081420001,16.761388684000053],[121.67431045700005,16.76627633800007],[121.66036597300001,16.77214619500006],[121.64414506800006,16.772687431000065],[121.62593117800009,16.779166804000056],[121.60150324000006,16.779563059000054],[121.58919433200003,16.77501293100005],[121.58630183500009,16.777550716000064],[121.58059652000009,16.77856593200005]]]}},{"type":"Feature","properties":{"shapeName":"San Manuel","shapeISO":"","shapeID":"30758251B36577910172008","shapeGroup":"PHL","shapeType":"ADM3","psgc_code":"0203130000","legacy_psgc_code":"023130000","province":"Isabela"},"geometry":{"type":"Polygon","coordinates":[[[121.57222196700002,16.969886461000044],[121.61310775000004,16.991251608000027],[121.63395701800005,17.00585632800005],[121.6396360110001,17.00800652500004],[121.6553462810001,17.009416196000075],[121.679943782,17.02381147400007],[121.67695449900009,17.025528165000026],[121.67384142600008,17.037461612000072],[121.67186981300006,17.040159608000067],[121.67353011900002,17.04285760500005],[121.67135096800007,17.068592343000034],[121.67353011900002,17.07481849000004],[121.67301127300004,17.077516486000036],[121.67723847700006,17.083081813000035],[121.67665823100003,17.08763673900006],[121.67926933500007,17.091466358000048],[121.67263727800002,17.093105828000034],[121.66819181200003,17.091775433000066],[121.66675325500012,17.094100920000074],[121.64883004,17.092662162000067],[121.64762127600011,17.091151207000053],[121.64369279400012,17.092863623000028],[121.63895558900003,17.087040958000046],[121.61445298300009,17.082867863000047],[121.61293746400008,17.078167120000046],[121.61445361200003,17.07069153300006],[121.61122485800001,17.068217264000054],[121.61193496200008,17.06630885900006],[121.60892811500003,17.062580813000068],[121.60257046400011,17.06369035000006],[121.60147202100006,17.06134922600006],[121.59792150100009,17.061227177000035],[121.59532518200001,17.057365985000047],[121.58992558900002,17.053783382000063],[121.58742060500003,17.055120239000075],[121.58473391200005,17.053926153000077],[121.57343395500004,17.056985893000046],[121.570315305,17.056518095000058],[121.57149082100011,17.04094346000005],[121.56974889600008,17.02265323900002],[121.56743606500004,17.017275815000062],[121.56412176700007,17.015030522000075],[121.56211416100007,17.01527019400004],[121.55875504700009,17.01219056700006],[121.56071687200006,17.00945781000007],[121.56253966100007,16.967386641000076],[121.57222196700002,16.969886461000044]]]}},{"type":"Feature","properties":{"shapeName":"San Mariano","shapeISO":"","shapeID":"30758251B27665954981210","shapeGroup":"PHL","shapeType":"ADM3","psgc_code":"0203131000","legacy_psgc_code":"023131000","province":"Isabela"},"geometry":{"type":"Polygon","coordinates":[[[121.97403075300008,16.78023006600006],[121.96805801200003,16.75905324000007],[121.96683528500012,16.755949395000073],[121.96312007600011,16.75439747200005],[121.959918259,16.741925731000038],[121.95974028300009,16.729203163000022],[121.99319162200004,16.721562250000034],[121.99858775000007,16.71034241700005],[122.00767086500002,16.711132253000073],[122.01827735000006,16.70997044300003],[122.0250106960001,16.707463345000065],[122.03399252100007,16.706956329000036],[122.03498510400004,16.70536819600005],[122.04352546000007,16.704154748000065],[122.05096568300007,16.700703059000034],[122.05612711200001,16.700901575000046],[122.05950189300006,16.69693124500003],[122.0629759310001,16.68650912800007],[122.0656559040001,16.68452396300006],[122.06942771800004,16.68551654600003],[122.07200843300006,16.684126930000048],[122.0710158500001,16.67827069300006],[122.07597876300008,16.668245609000053],[122.08252980800012,16.664771571000074],[122.0835223900001,16.660205691000044],[122.08788328000003,16.656646340000066],[122.09480086000008,16.645602003000022],[122.09876859600001,16.644926643000076],[122.09973942500005,16.636146972000063],[122.10294738200002,16.635133933000077],[122.10429810100004,16.631377247000046],[122.10729500800005,16.628929069000037],[122.10924329200009,16.620328160000042],[122.11356929200008,16.617177123000033],[122.1175748490001,16.61674986400004],[122.120352034,16.618458901000054],[122.12099292300002,16.625348458000076],[122.12638707200006,16.625455272000067],[122.128790406,16.629994903000068],[122.13354366600004,16.630796014000055],[122.1384846090001,16.644066704000068],[122.14247726600001,16.64433893100005],[122.14873847700005,16.653730747000054],[122.153230215,16.65613541500005],[122.1536621790001,16.65894286300005],[122.16028141700008,16.661333076000062],[122.16194505300007,16.66512215000006],[122.16733549600008,16.669197851000035],[122.17368356200006,16.66931054300005],[122.17759048300002,16.672747654000034],[122.1790367000001,16.680241683000077],[122.18198012900007,16.680159899000046],[122.18770752700004,16.686925760000065],[122.18988835900007,16.691941674000077],[122.19032452600004,16.707425581000052],[122.195340439,16.710478745000046],[122.19825310300007,16.72047677100005],[122.20456137700012,16.72462695100006],[122.204720672,16.732418824000035],[122.20787704800011,16.742188558000066],[122.2139407840001,16.74703792500003],[122.22633484900007,16.74908522000004],[122.23057199900006,16.77163159500003],[122.23447975600004,16.77343517500003],[122.24239546700005,16.78265347200005],[122.24179427400009,16.791270575000055],[122.24710481500006,16.799486884000032],[122.24600262700005,16.80960697000006],[122.24660382000002,16.81080935700004],[122.24960978700005,16.80990756700004],[122.25381814000002,16.81481731200006],[122.25301926100008,16.82165696000004],[122.25664922600004,16.825668909000058],[122.25630102500008,16.83925915100002],[122.25958279000008,16.842242574000068],[122.2601794740001,16.84492765400006],[122.26526489100002,16.847048522000023],[122.26435626500006,16.853281236000043],[122.26554963400008,16.861634818000027],[122.26941317400008,16.866513543000053],[122.26973227300005,16.884702170000025],[122.27260416100012,16.908953671000063],[122.2751569510001,16.91629294200004],[122.28249622100009,16.919164830000057],[122.28919729400002,16.91693113900004],[122.29334557700008,16.90927277000003],[122.29940845200008,16.909591869000053],[122.30898141300008,16.906081783000047],[122.31078069600005,16.90983006400006],[122.31386388700002,16.913684053000054],[122.31910531100004,16.912296617000038],[122.31979902900002,16.914146532000075],[122.31848867300005,16.916690164000045],[122.32457797500001,16.924321062000047],[122.3270445280001,16.924475221000023],[122.32909652700005,16.93234192500006],[122.33442843900002,16.943172315000027],[122.33455619800009,16.94738837600005],[122.33315084500009,16.952498753000043],[122.32906254300008,16.954926182000065],[122.32280233200004,16.955820498000037],[122.31999162400007,16.954031866000037],[122.31615884200005,16.95812016700006],[122.31449796900006,16.961952950000068],[122.31507444300007,16.966949622000072],[122.3129860470001,16.96724796500007],[122.3108754000001,16.969788058000063],[122.30875908200005,16.973703245000024],[122.309751129,16.975005074000023],[122.30156360300009,16.987988388000076],[122.30262176200006,16.990527969000027],[122.30588365800008,16.988507510000034],[122.31701795300012,16.988062138000032],[122.31938091600011,16.99027587100005],[122.33675322400006,16.99307905200004],[122.33936037500007,16.995651284000076],[122.34717557300007,16.998969945000056],[122.34698374300001,17.002917307000075],[122.34898815600002,17.00463426500005],[122.35782449600003,17.006220275000032],[122.35782322000011,17.009230409000054],[122.36280909800007,17.013244033000035],[122.36401720700007,17.017568469000025],[122.36643426300009,17.01936149900007],[122.36734055400007,17.027744693000045],[122.3745908840001,17.04043277100004],[122.37730975800002,17.049948829000073],[122.38773210800002,17.059691461000057],[122.3850132340001,17.068301228000053],[122.38627376800002,17.07552773200007],[122.38100335500008,17.092305216000057],[122.38100335500008,17.099683795000033],[122.37575287800007,17.102880180000056],[122.31866384900002,17.128059870000072],[122.28167502300005,17.114106459000027],[122.07884170700004,17.056123601000024],[122.0367964730001,17.041319524000073],[122.01927727100008,17.030284006000045],[122.0048707090001,17.01717945200005],[121.990537431,17.015923778000058],[121.98580311,17.01716020400005],[121.98220318900007,17.013612398000078],[121.97944716800009,17.01351897400002],[121.98143737900011,16.987855059000026],[121.97396511800002,16.98488130900006],[121.97246771800008,16.978729748000035],[121.97397884000009,16.97251090000003],[121.9835260320001,16.968091705000063],[121.98564507000003,16.962471648000076],[121.98606919400004,16.955105926000044],[121.99316235700007,16.949138852000033],[121.99524830500002,16.904766863000077],[121.99660083600008,16.89883996900005],[121.98939712000004,16.88703677700005],[121.9941022160001,16.86866585000007],[122.0039807500001,16.86744703000005],[122.01942659500003,16.84892099500007],[122.02184138900009,16.841354375000037],[122.03257933000009,16.83084767300005],[122.03510798700006,16.82226668000004],[122.02737367000009,16.812601796000024],[122.02548313700004,16.804367339000066],[122.02722446300004,16.80113344700004],[122.0078202310001,16.788896501000067],[121.9987724,16.78628955100004],[121.98427160200004,16.77617637700007],[121.97403075300008,16.78023006600006]]]}},{"type":"Feature","properties":{"shapeName":"San Mateo","shapeISO":"","shapeID":"30758251B54536081891976","shapeGroup":"PHL","shapeType":"ADM3","psgc_code":"0203132000","legacy_psgc_code":"023132000","province":"Isabela"},"geometry":{"type":"Polygon","coordinates":[[[121.5213223400001,16.83893476700007],[121.52615559000003,16.83560695600005],[121.53081262400008,16.828371469000047],[121.53820584700009,16.827338315000077],[121.5397382640001,16.822149266000054],[121.54607195000006,16.822061834000067],[121.55380411200008,16.82456512500005],[121.58055630900003,16.822591028000033],[121.5944580580001,16.824374772000056],[121.59742542700008,16.82287405200003],[121.602381293,16.82513697400003],[121.60929185900011,16.832047540000076],[121.61519394200002,16.834592643000065],[121.62263117700002,16.843124932000023],[121.62648264200004,16.845103410000036],[121.62772929500011,16.850490318000027],[121.63084407600002,16.85448610800006],[121.633098947,16.85498584000004],[121.63859347400012,16.868597281000064],[121.64271436900003,16.870470415000057],[121.64864672200008,16.877516485000058],[121.65854399600005,16.896291508000047],[121.65003756500005,16.902074941000024],[121.64639145500007,16.897888212000055],[121.64412934500001,16.898979611000073],[121.64090470200006,16.897893638000028],[121.62335891300006,16.905441216000042],[121.60564819300009,16.934114238000063],[121.60622365200004,16.938065953000034],[121.61020844300003,16.941648240000063],[121.60344642300004,16.940056217000063],[121.60021057400002,16.936709590000078],[121.58601727200005,16.93392398900005],[121.58351120500004,16.935349603000077],[121.585769389,16.942067074000022],[121.58286911100004,16.94194770000007],[121.57548664600006,16.947060042000032],[121.57300291500007,16.95308691100007],[121.57077659700008,16.952352975000053],[121.56966164300002,16.94863102000005],[121.56820633300003,16.947958104000065],[121.56822243500005,16.909511535000036],[121.56406577900009,16.90760597600007],[121.56371756900012,16.902181512000027],[121.55842433100008,16.899086606000026],[121.556826752,16.891442592000033],[121.54887157900009,16.873689200000058],[121.54196371500007,16.87764094700003],[121.53797873300005,16.87782090500002],[121.5319746030001,16.86339329900005],[121.53182811500005,16.851337643000022],[121.52749863400004,16.84790849600006],[121.5213223400001,16.83893476700007]]]}},{"type":"Feature","properties":{"shapeName":"San Pablo","shapeISO":"","shapeID":"30758251B64058966445953","shapeGroup":"PHL","shapeType":"ADM3","psgc_code":"0203133000","legacy_psgc_code":"023133000","province":"Isabela"},"geometry":{"type":"Polygon","coordinates":[[[122.09036114800006,17.421534218000033],[122.08347159100003,17.459776676000047],[122.07978692100005,17.471936090000042],[122.07315451300008,17.48004236500003],[122.06689057300002,17.512835935000055],[122.05841583100005,17.52131067700003],[122.05362575900006,17.54194483300006],[122.0510464890001,17.562578990000077],[122.04625641700011,17.57031679800002],[121.89488360000007,17.530313728000067],[121.84870563100003,17.52951411300006],[121.82031676800011,17.53140441100004],[121.78851574600003,17.52549255400004],[121.79013633400007,17.51921268500007],[121.79271832300003,17.50915504900007],[121.79239923700004,17.501081043000056],[121.78517297300004,17.47489469800007],[121.78062928000008,17.46556544400005],[121.77532261400006,17.459498877000044],[121.76968776800004,17.45652082600003],[121.77006095900003,17.436897198000054],[121.77736998600005,17.44105889700006],[121.77964315400004,17.440422325000043],[121.78082465400007,17.438980678000064],[121.7801699040001,17.430826486000058],[121.7826338860001,17.428841587000022],[121.78651789700007,17.430546457000048],[121.79021627000009,17.425005578000025],[121.7935573740001,17.423786247000066],[121.7991938890001,17.42553410900007],[121.80073808300006,17.431145969000056],[121.80705528200008,17.436918212000023],[121.815269854,17.436044809000066],[121.81796780800005,17.429871595000066],[121.82210283900008,17.424826857000028],[121.83449282200002,17.41504067300002],[121.83769136300009,17.408536973000025],[121.85694630000012,17.395504003000042],[121.86635849100003,17.392434810000054],[121.8688263460001,17.389676682000072],[121.88802872000008,17.408923135000066],[121.9092074880001,17.418261805000043],[121.91371006000008,17.412758660000065],[121.98615278600005,17.399697890000027],[122.09036114800006,17.421534218000033]]]}},{"type":"Feature","properties":{"shapeName":"Santa Maria","shapeISO":"","shapeID":"30758251B83702648087854","shapeGroup":"PHL","shapeType":"ADM3","psgc_code":"0203134000","legacy_psgc_code":"023134000","province":"Isabela"},"geometry":{"type":"Polygon","coordinates":[[[121.76968776800004,17.45652082600003],[121.77532261400006,17.459498877000044],[121.78062928000008,17.46556544400005],[121.78517297300004,17.47489469800007],[121.79239923700004,17.501081043000056],[121.79271832300003,17.50915504900007],[121.79013633400007,17.51921268500007],[121.7786286170001,17.51868379800004],[121.75512754700003,17.509929960000022],[121.70381581100003,17.50181446600004],[121.67058345500004,17.499331217000076],[121.64723067800003,17.50048373000004],[121.64236724000011,17.468640479000044],[121.63792704800005,17.45354382900007],[121.62793480900007,17.431389672000023],[121.62909621500012,17.418319980000035],[121.65328400100009,17.431483368000045],[121.65786296100009,17.426744617000054],[121.65819094200003,17.42442475300004],[121.66243295900006,17.426915574000077],[121.66532494500007,17.425473639000074],[121.67010095,17.426444546000027],[121.67146696000009,17.42789645000005],[121.67081799800008,17.43267017000005],[121.671871,17.43295614500005],[121.67842494100012,17.426051509000047],[121.68580175800003,17.424189701000046],[121.6849698420001,17.42753939200003],[121.68899856300004,17.429251598000064],[121.69071076900002,17.42753939200003],[121.69353087400009,17.429956624000056],[121.69715672200005,17.430208419000053],[121.69891928800007,17.42879836700007],[121.69791210800008,17.424014261000025],[121.70041250800011,17.423511269000073],[121.7033883040001,17.425964290000024],[121.70551961800004,17.42310913400007],[121.7076509310001,17.42387319000005],[121.70777157200007,17.421782090000022],[121.71010803000001,17.42117810600007],[121.71026480600005,17.423350415000073],[121.71386537900003,17.425735406000058],[121.71265333100007,17.427214105000076],[121.71532329800004,17.429156329000023],[121.71540989400012,17.432360372000062],[121.72049017800009,17.433284060000062],[121.72066337000001,17.435160301000053],[121.72611890300004,17.435044840000046],[121.725945711,17.43761384800007],[121.72473337000008,17.436459237000065],[121.72357876,17.437267465000048],[121.7249642920001,17.439749876000064],[121.73240794600008,17.441142652000053],[121.75972066500003,17.45474788100006],[121.76968776800004,17.45652082600003]]]}},{"type":"Feature","properties":{"shapeName":"Santo Tomas","shapeISO":"","shapeID":"30758251B99361767942703","shapeGroup":"PHL","shapeType":"ADM3","psgc_code":"0203136000","legacy_psgc_code":"023136000","province":"Isabela"},"geometry":{"type":"Polygon","coordinates":[[[121.66158604100008,17.371796087000064],[121.66162299700011,17.35129273800004],[121.66403494000008,17.34427617700004],[121.66504047300009,17.33453383500006],[121.6714334610001,17.33524416700004],[121.6769385340001,17.332935588000055],[121.6856401010001,17.332402839000054],[121.71532282900012,17.331909499000062],[121.74442135100003,17.337330449000035],[121.75069888100006,17.33552809300005],[121.75403000100005,17.338848537000047],[121.75185196100006,17.341474997000034],[121.75078333400006,17.347099925000066],[121.7547347310001,17.349089440000057],[121.75615584500008,17.352635973000076],[121.75486927600002,17.35807434000003],[121.75564583800008,17.36151909800003],[121.76373691700007,17.37131843700007],[121.77113778000012,17.37419064900007],[121.78432859800012,17.37800250400005],[121.79400026600001,17.378914560000055],[121.8016890560001,17.381843133000075],[121.80490530400004,17.38472988600006],[121.805514635,17.388419003000024],[121.80283317400006,17.395250756000053],[121.79338057300004,17.409815945000048],[121.77155415100003,17.419232753000074],[121.76658791000011,17.41437501100006],[121.75447726200002,17.412661025000034],[121.75523343100008,17.409541827000055],[121.75360047700008,17.406426230000022],[121.75556839,17.402403372000038],[121.75419226000008,17.39741635100006],[121.74010867600009,17.395476014000053],[121.73544039800004,17.393015645000048],[121.69214246800004,17.38091174500005],[121.68325098900004,17.377196224000045],[121.67786026200008,17.37811973500004],[121.67476757300005,17.375778742000023],[121.66158604100008,17.371796087000064]]]}},{"type":"Feature","properties":{"shapeName":"Tumauini","shapeISO":"","shapeID":"30758251B25937724211133","shapeGroup":"PHL","shapeType":"ADM3","psgc_code":"0203137000","legacy_psgc_code":"023137000","province":"Isabela"},"geometry":{"type":"Polygon","coordinates":[[[121.77113778000012,17.37419064900007],[121.76373691700007,17.37131843700007],[121.75564583800008,17.36151909800003],[121.75486927600002,17.35807434000003],[121.75615584500008,17.352635973000076],[121.76093856600005,17.342794499000036],[121.76650606100009,17.338941479000027],[121.77810255000009,17.33485745300004],[121.78726543500011,17.32252588700004],[121.79164599100011,17.305492797000056],[121.79101974900004,17.291292292000037],[121.79209548000006,17.285388804000036],[121.79502110200008,17.277432668000074],[121.80180618400004,17.26642283500007],[121.8065007780001,17.26371288000007],[121.81224172300006,17.236862726000027],[121.824482869,17.23137765000007],[121.830332311,17.231524044000025],[121.82968148700002,17.225601546000064],[121.8238240710001,17.210372266000036],[121.82430251500011,17.201508304000072],[121.82753784300007,17.19531459800004],[121.8354179800001,17.19100208900005],[121.83932954600004,17.190784780000058],[121.84432765800011,17.195022309000024],[121.85432388100003,17.208169517000044],[121.86029988500002,17.211103191000063],[121.8645374140001,17.211211846000026],[121.86991846500007,17.223091768000074],[121.87783901600005,17.225873817000036],[121.88776282600008,17.233903285000054],[121.89970079500006,17.235239318000026],[121.90603593500009,17.237652704000027],[121.93818260900002,17.24037139400002],[121.95007386900011,17.238413687000048],[122.02324077700007,17.24022343200005],[122.10135925000009,17.262351168000066],[122.09696629400003,17.299230038000076],[122.093672179,17.31345462400003],[122.09197026000004,17.35533295500005],[122.05525169400005,17.34117640000005],[122.02561140500006,17.33498290600005],[122.01223790400002,17.330819448000057],[122.00087622600006,17.331585404000066],[121.9971741060001,17.336947095000028],[121.99524069900008,17.336238207000065],[121.99002518500004,17.32533009800005],[121.98811029500007,17.324947120000047],[121.97415845700004,17.33924995500007],[121.96895634500004,17.340345137000043],[121.96703977800007,17.34554724900005],[121.84145072800004,17.347969256000056],[121.82194593600002,17.35053673500005],[121.81463845700011,17.354601304000028],[121.81434846900004,17.357960840000032],[121.81011327100009,17.357234602000062],[121.7866437780001,17.36639640800007],[121.77464402300006,17.36922529000003],[121.77113778000012,17.37419064900007]]]}}]}
