{"type":"FeatureCollection","source":{"dataset":"geoBoundaries gbOpen PHL ADM3","commit":"9469f09","license":"CC BY 3.0 IGO","boundary_year":2020,"url":"https://media.githubusercontent.com/media/wmgeolab/geoBoundaries/9469f09/releaseData/gbOpen/PHL/ADM3/geoBoundaries-PHL-ADM3_simplified.geojson","upstream_sources":["NAMRIA","PSA","OCHA Philippines"],"reference":"https://data.humdata.org/dataset/cod-ab-phl","psgc_reference":"https://psa.gov.ph/classification/psgc/provinces/0500000000","area_notes":"Bicol references use OCHA Philippines COD-AB v03 published polygon area_sqkm, converted to hectares for the importer comparison. These are polygon checks, not PSA LMB land-area totals. See docs/BICOL_BOUNDARY_SOURCES.md.","notice":"Approximate planning/reference boundaries, not legal, cadastral, or survey-grade."},"features":[{"type":"Feature","properties":{"shapeName":"Aroroy","shapeISO":"","shapeID":"30758251B32987971976921","shapeGroup":"PHL","shapeType":"ADM3","psgc_code":"0504101000","legacy_psgc_code":"054101000","province":"Masbate"},"geometry":{"type":"MultiPolygon","coordinates":[[[[123.24599463400011,12.38428243900006],[123.24323878000007,12.382180087000052],[123.24080394200007,12.382330707000051],[123.2386098390001,12.375133230000074],[123.23532546100012,12.373665887000072],[123.23361313200007,12.371049595000045],[123.23253904500007,12.36266708100004],[123.235009923,12.354179755000075],[123.2348217650001,12.346776741000042],[123.23716209000008,12.343462755000076],[123.240696995,12.346352455000044],[123.23822173100007,12.354704097000024],[123.24159573500003,12.366106368000032],[123.25336767600004,12.378186650000032],[123.25084926700004,12.381899678000025],[123.24599463400011,12.38428243900006]]],[[[123.24288075400011,12.391023392000022],[123.24131289200011,12.389086290000023],[123.244503011,12.388562885000056],[123.24288075400011,12.391023392000022]]],[[[123.25379257800012,12.409343900000067],[123.2491429580001,12.405907349000074],[123.24734064800009,12.401305878000073],[123.25021987500008,12.401602579000041],[123.25262992800003,12.405171074000066],[123.2569926430001,12.404500652000024],[123.25454201200012,12.40582519800006],[123.25379257800012,12.409343900000067]]],[[[123.25382648700008,12.439339338000025],[123.25106449100008,12.436682896000036],[123.25067303000003,12.42059931600005],[123.25237025400008,12.420777885000064],[123.25308200800009,12.425646952000022],[123.25768003500002,12.431119827000032],[123.25751757900002,12.43364076100005],[123.25382648700008,12.439339338000025]]],[[[123.20771276800008,12.440401032000068],[123.20757377000007,12.438858117000052],[123.20899327000006,12.44003060600005],[123.20771276800008,12.440401032000068]]],[[[123.34415725800011,12.455549446000077],[123.34199526200007,12.448167950000027],[123.3447555460001,12.444974056000035],[123.34892368700002,12.451474807000068],[123.34415725800011,12.455549446000077]]],[[[123.43373599600011,12.517757773000028],[123.43126040900006,12.51934736800007],[123.42450558900009,12.518558711000026],[123.42193854400011,12.516079786000034],[123.42153820800002,12.520690053000067],[123.41678610400004,12.520772455000042],[123.41433816800009,12.51607423400003],[123.41261874600002,12.515807419000055],[123.41079837100006,12.517131345000053],[123.41084485500005,12.522079113000075],[123.40757393100012,12.523071684000058],[123.40335705400003,12.522130106000077],[123.40208300600011,12.52410076800004],[123.40339392300007,12.522026869000058],[123.39769989800004,12.513045334000026],[123.39617434700006,12.513889979000055],[123.39573787600011,12.51237416600003],[123.38765478100004,12.511660822000067],[123.38567971000009,12.507573629000035],[123.38349783300009,12.506673267000053],[123.38026389100003,12.51040228100004],[123.37951967100003,12.50825567000004],[123.37748593300012,12.50770398000003],[123.37630119900007,12.508978501000058],[123.3709882610001,12.505776076000075],[123.37075235500004,12.503619201000049],[123.37106030100006,12.504934985000034],[123.37241481900003,12.502597255000069],[123.37126226500004,12.499607206000064],[123.37331234600003,12.498160153000072],[123.371824177,12.495432519000076],[123.36799662700003,12.493980229000044],[123.37047617600001,12.49108798800006],[123.37558132200002,12.490872373000059],[123.37532134700007,12.488225576000048],[123.37166242900003,12.487427430000025],[123.37694442000009,12.487559997000062],[123.374051011,12.48293095300005],[123.37508329200011,12.481545582000024],[123.37770574700005,12.481656304000069],[123.37855347900006,12.479578734000029],[123.3773036880001,12.478510456000038],[123.37456081000005,12.479389754000067],[123.37691530900008,12.476285976000042],[123.37465891500005,12.474078731000077],[123.3772527970001,12.472294909000027],[123.379562813,12.47272999300003],[123.38043450200007,12.468540246000032],[123.38304177900011,12.465424468000037],[123.38063127800001,12.465916563000064],[123.37817238100001,12.46420878500004],[123.37500620900005,12.467467255000031],[123.37327942400009,12.46616050800003],[123.37200444000007,12.469274338000048],[123.37129637600003,12.466565457000058],[123.36872000800008,12.465637229000038],[123.36254928100004,12.47121650500003],[123.36216339700002,12.466242929000032],[123.35888581200004,12.46496690500004],[123.35152385600009,12.458074759000056],[123.35053206500004,12.458791011000073],[123.35131414900002,12.456598150000048],[123.3474872160001,12.456036089000065],[123.34789851300002,12.453269243000022],[123.35174876100007,12.454241198000034],[123.3527026480001,12.453051],[123.34933928700002,12.450050495000028],[123.34792521600002,12.444400593000069],[123.34967951400006,12.441904004000037],[123.34850602100005,12.437514957000076],[123.34758101400007,12.438367648000053],[123.34527872000001,12.436943443000075],[123.34562251900002,12.441330093000033],[123.3438901610001,12.442730193000045],[123.34045294500004,12.440414236000038],[123.33598336400007,12.442650483000023],[123.33645710400003,12.445491655000069],[123.3332491860001,12.447860241000058],[123.3325286170001,12.44459972200002],[123.33473956400007,12.44332780700006],[123.33475030400007,12.440795329000025],[123.33059112300009,12.43213918500004],[123.3292365210001,12.43178245200005],[123.32675592900011,12.433830337000074],[123.32746919300007,12.438945552000064],[123.32421054800011,12.43988279100006],[123.32712040000001,12.445152275000055],[123.32625174300006,12.447526990000028],[123.32979605600008,12.447905171000059],[123.33172911200006,12.44988790900004],[123.3307006330001,12.451428821000036],[123.33204669700001,12.453194765000035],[123.32713774900003,12.454117026000063],[123.32400589200006,12.457706588000065],[123.32226391300003,12.462882107000041],[123.32320647900008,12.467432419000033],[123.32679572400002,12.471353977000035],[123.32781261100001,12.470656420000068],[123.32929528600005,12.471968967000066],[123.3357886550001,12.468917170000054],[123.33549050500005,12.472068611000054],[123.33703661100003,12.474137880000058],[123.34521850700003,12.476874697000028],[123.348196056,12.476045871000053],[123.3474173400001,12.478994319000037],[123.34384580000005,12.48013387900005],[123.3446949580001,12.48258001000005],[123.3476918340001,12.483329319000063],[123.35139675700009,12.480076505000056],[123.35536646100002,12.482623613000044],[123.35782521700003,12.479175745000077],[123.36058441900002,12.48407],[123.35792745800006,12.484573065000063],[123.35711936900009,12.486872911000034],[123.3596014090001,12.494221784000047],[123.35515275900002,12.500794726000038],[123.35276436800007,12.518748932000051],[123.34983600500004,12.520495439000058],[123.34345389900011,12.519754608000028],[123.34162919500011,12.522946870000055],[123.34271005900007,12.524003572000026],[123.34046167000008,12.526168805000054],[123.34296386800008,12.529974899000024],[123.33849715100007,12.53923856700004],[123.34105392400011,12.541215685000054],[123.34526905300004,12.541773211000077],[123.34925450700007,12.540618534000032],[123.36588283100002,12.541020695000043],[123.37395783000011,12.53930586000007],[123.379433446,12.541442865000022],[123.37084289100005,12.545350756000062],[123.35754889300006,12.546959150000077],[123.34599826600004,12.551286360000063],[123.33722403100012,12.557354261000057],[123.33683575200007,12.559518161000028],[123.33434760800003,12.559334043000035],[123.33065163000003,12.562571908000052],[123.32559169100011,12.563052385000049],[123.32550291300004,12.56516797100005],[123.32053340300001,12.568758830000036],[123.31986102300004,12.571657508000044],[123.3141862980001,12.574942165000039],[123.31255595500011,12.575571592000074],[123.31098175400007,12.572797819000073],[123.30909277100011,12.572628872000053],[123.3073279680001,12.57737316500004],[123.30402246000006,12.579091305000077],[123.30302879400006,12.57692271600007],[123.29924139500008,12.577446138000028],[123.28474855900004,12.573387832000037],[123.2824591860001,12.575605156000051],[123.27935817800005,12.576057496000033],[123.26032227300004,12.59376738800006],[123.25165242100002,12.597336202000065],[123.24715104100005,12.600869662000036],[123.23526769000011,12.600604619000023],[123.23825678600008,12.599205262000055],[123.23866250600008,12.596333913000024],[123.2376436610001,12.591737927000054],[123.2340732560001,12.58973332000005],[123.23702061600011,12.58775356700005],[123.23726666000005,12.584271520000073],[123.23621729600006,12.581924168000057],[123.23227209400011,12.57969257800005],[123.23375269100006,12.577934318000075],[123.23609046100012,12.579017642000053],[123.23870215400007,12.57650437600006],[123.24176933400008,12.576569465000034],[123.24352537200002,12.571144033000053],[123.24298437200002,12.56578339500004],[123.24743971100008,12.566084168000032],[123.24902006700006,12.56293402800003],[123.25031684300006,12.562934296000037],[123.24904099800005,12.561207934000038],[123.2402071460001,12.561436031000028],[123.24060627300003,12.559218945000055],[123.23919093100005,12.558764925000048],[123.2419344110001,12.557229731000064],[123.24191642300002,12.55331129600006],[123.24026498900002,12.551850358000024],[123.2424370230001,12.549587655000039],[123.24129578500003,12.548041967000074],[123.24519572000008,12.544015849000061],[123.24975766600005,12.523380200000076],[123.24728606600002,12.513732578000031],[123.25080131700008,12.502932482000062],[123.25142057200003,12.494941008000069],[123.25009730900001,12.486158936000038],[123.25224588900005,12.470728111000028],[123.25094181000009,12.45717399700004],[123.2551130490001,12.452783079000028],[123.25723904800009,12.454462393000028],[123.26336784700004,12.454458449000072],[123.26585351900007,12.45797787500004],[123.27026092500012,12.457658670000058],[123.27510901100004,12.45046024800007],[123.27585739000006,12.447520402000066],[123.27329324400012,12.445021058000066],[123.27845753600002,12.431214517000058],[123.28557804500008,12.438214611000035],[123.28768006300004,12.437274313000046],[123.2850101680001,12.431370753000067],[123.27903451300006,12.427603680000061],[123.27631995500008,12.428231821000054],[123.27708109100001,12.42278179300007],[123.27488983800004,12.419054695000057],[123.28118811500008,12.42021971500003],[123.28406418700001,12.422877481000057],[123.28862541100011,12.421743076000041],[123.28623617100004,12.418741073000035],[123.2861652360001,12.416113446000054],[123.2836262510001,12.415985742000032],[123.28319281900008,12.414589695000075],[123.28644931300005,12.413087135000069],[123.28634877000002,12.411750704000042],[123.2817613950001,12.40923768700003],[123.28052280400004,12.405126513000027],[123.27843030500003,12.403343648000032],[123.27944684300007,12.398587562000046],[123.2775424460001,12.398672846000068],[123.27747441100007,12.393323482000028],[123.27473035300011,12.391698638000037],[123.2748961420001,12.386955056000033],[123.27255632300012,12.385276137000062],[123.271800686,12.381482578000032],[123.26871302300003,12.380155453000043],[123.26690157200005,12.381659392000074],[123.26557471000001,12.37906047000007],[123.26375428200004,12.379589537000072],[123.25889838400008,12.377327299000058],[123.26350422000007,12.373360557000069],[123.26281785700007,12.370378483000025],[123.26558119300012,12.368161580000049],[123.26262603900011,12.361235785000076],[123.26630412300005,12.354145338000023],[123.26446869500012,12.35170142000004],[123.26581858000009,12.349320311000042],[123.26208060800002,12.344988514000022],[123.2669448150001,12.345709548000059],[123.26845553600003,12.346615191000069],[123.27120534300002,12.344166735000044],[123.27783949200011,12.345217232000039],[123.2801816330001,12.343725237000058],[123.28053081000007,12.34141660900002],[123.27597170400009,12.338988811000036],[123.27576157600004,12.33659100500006],[123.27739724600008,12.334295659000077],[123.28145990700011,12.334274579000066],[123.282541691,12.331989411000052],[123.2894285750001,12.331200928000044],[123.28967513400005,12.328957695000042],[123.2866184610001,12.32607073400004],[123.28607397700011,12.321824595000066],[123.28747643600002,12.321684275000052],[123.28854523400003,12.324128317000032],[123.291646979,12.325837522000029],[123.2937482640001,12.322080822000032],[123.29812835100006,12.321282021000059],[123.29905837900003,12.317734613000027],[123.30138248300011,12.316119997000044],[123.30358374700006,12.316246381000042],[123.3051874790001,12.318516209000052],[123.30850677900003,12.316452080000033],[123.31333596200011,12.312032143000067],[123.31694022700003,12.305698737000057],[123.31931728600011,12.307715033000022],[123.32176062000008,12.307044025000039],[123.32414752400007,12.302385273000027],[123.33374484,12.312592902000063],[123.34312254200006,12.317870848000041],[123.35414108600003,12.331878965000044],[123.35981164500004,12.343025496000052],[123.40331317100004,12.336729995000042],[123.45319276700002,12.327794633000053],[123.46242120600004,12.363857045000032],[123.4562776360001,12.407217479000053],[123.42771919400002,12.408893593000073],[123.42673198400007,12.422376353000061],[123.43373599600011,12.517757773000028]]]]}},{"type":"Feature","properties":{"shapeName":"Baleno","shapeISO":"","shapeID":"30758251B93962495881517","shapeGroup":"PHL","shapeType":"ADM3","psgc_code":"0504102000","legacy_psgc_code":"054102000","province":"Masbate"},"geometry":{"type":"Polygon","coordinates":[[[123.45319276700002,12.327794633000053],[123.4844713330001,12.31672119600006],[123.50854486700007,12.370989561000044],[123.50976527900002,12.373479119000024],[123.5118389160001,12.373967287000028],[123.51012583400006,12.377921964000052],[123.51253118200009,12.380339444000072],[123.51083616500011,12.38202332700007],[123.51270663600008,12.381262439000068],[123.51744524900005,12.390046444000063],[123.53399356400007,12.40959080600004],[123.54576861500004,12.439982094000072],[123.55675417000009,12.459645817000023],[123.55488651900009,12.462412534000066],[123.55217836000008,12.462677761000066],[123.54455680900003,12.457417726000074],[123.54397618500002,12.453066678000027],[123.5376910980001,12.448137081000027],[123.53622273400003,12.44942696000004],[123.53850581600011,12.451900857000055],[123.53790554200009,12.454654616000028],[123.5231936350001,12.455537724000067],[123.5178251430001,12.463003111000035],[123.51358176500003,12.464952959000072],[123.5085528620001,12.469595398000024],[123.50856437900006,12.471369759000027],[123.50268465900001,12.475703788000033],[123.49968523700011,12.470985815000063],[123.49940920200004,12.474738152000043],[123.49630949900006,12.476098600000057],[123.49670275900007,12.477382393000028],[123.47426219700003,12.489070817000027],[123.46533412700012,12.500039688000072],[123.46577798500005,12.501694230000055],[123.45437167400007,12.509234502000027],[123.45002250400012,12.513956163000046],[123.4419224400001,12.51779695600004],[123.43781201000002,12.516175239000063],[123.43373599600011,12.517757773000028],[123.42673198400007,12.422376353000061],[123.42771919400002,12.408893593000073],[123.4562776360001,12.407217479000053],[123.46242120600004,12.363857045000032],[123.45319276700002,12.327794633000053]]]}},{"type":"Feature","properties":{"shapeName":"Balud","shapeISO":"","shapeID":"30758251B44740133494602","shapeGroup":"PHL","shapeType":"ADM3","psgc_code":"0504103000","legacy_psgc_code":"054103000","province":"Masbate"},"geometry":{"type":"MultiPolygon","coordinates":[[[[123.02404760000002,11.758962953000037],[123.02228427900002,11.758061562000023],[123.02358389200003,11.754882603000055],[123.02661735700008,11.757919345000062],[123.02404760000002,11.758962953000037]]],[[[123.13538068300011,11.861503957000025],[123.12343254100006,11.858446301000072],[123.11825551600009,11.853469590000032],[123.11801688900005,11.838828540000065],[123.1222492820001,11.834887325000068],[123.13566628100011,11.843770880000022],[123.14184556700002,11.852101502000039],[123.1402834490001,11.856849304000036],[123.13538068300011,11.861503957000025]]],[[[123.23056826900006,12.119717223000066],[123.23099851400002,12.121871720000058],[123.22795022000003,12.123569168000074],[123.22657603400012,12.126395605000027],[123.2259950560001,12.131967006000025],[123.22286491500006,12.131519377000075],[123.2216905570001,12.133246727000028],[123.2213424570001,12.132038855000076],[123.21767772500004,12.13201854500005],[123.21841290800012,12.130643220000024],[123.21629973900008,12.122815029000037],[123.21222349200002,12.115596545000074],[123.21054560000005,12.09506607000003],[123.20545363200006,12.085266630000035],[123.20471757200005,12.070891080000024],[123.20598793200008,12.059159269000077],[123.2006019480001,12.049770582000065],[123.19336633600005,12.043681572000025],[123.19194966100008,12.044100975000049],[123.19054378100009,12.03894622000007],[123.19017496200001,12.03680113300004],[123.19140130700009,12.03759145400005],[123.19409461200007,12.034138031000055],[123.19585889000007,12.026605274000076],[123.19555202200002,12.018876431000024],[123.1916723270001,12.010972778000053],[123.18158871600008,12.002480627000068],[123.177858151,11.993541752000056],[123.16995403300007,11.983738836000043],[123.16176118300007,11.968428080000024],[123.15793161800002,11.965063188000045],[123.15626451600008,11.961714225000037],[123.158043485,11.95814987500006],[123.15753670400011,11.954135274000066],[123.15272078500004,11.945286372000055],[123.14623669600007,11.939759829000025],[123.1428992860001,11.933836421000024],[123.1432349260001,11.928427682000063],[123.14688329400008,11.923943516000065],[123.15135507100001,11.92129340400004],[123.15952634200005,11.90614550500004],[123.16482884700008,11.903687232000038],[123.17019692300005,11.906534780000072],[123.17375186700008,11.910961241000052],[123.17932159600002,11.912424420000036],[123.18526020100012,11.925608923000027],[123.19011402100011,11.927924559000076],[123.18985272600003,11.929830567000067],[123.19244431700008,11.933822171000031],[123.20490436500006,11.944736778000049],[123.20297651700002,11.95404258700006],[123.20385255800011,11.95575522200005],[123.20399015500004,11.953448098000024],[123.20529388400007,11.951429370000028],[123.20417707100012,11.954469821000032],[123.207405332,11.953981457000054],[123.20826134600009,11.95105284300007],[123.21055198200008,11.950305557000036],[123.21655272800001,11.952580405000049],[123.21800847400004,11.951800048000052],[123.22458780500006,11.956515523000064],[123.2318042930001,11.957309783000028],[123.23479532600004,11.963337440000032],[123.24141047800003,11.966787870000076],[123.2421644210001,11.97030867500007],[123.24119763500005,11.970686172000057],[123.24337703900005,11.97343913800006],[123.24451543700002,11.972941794000064],[123.24397850500009,11.974628366000047],[123.24815556800002,11.975277350000056],[123.24952560100007,11.980888152000034],[123.2514866570001,11.981018869000025],[123.25320802600004,11.985174767000046],[123.25207113500005,11.986821856000063],[123.25279604800005,11.989769519000049],[123.26700605400003,12.008331653000027],[123.27622280300011,12.01601080000006],[123.28934559600009,12.017194328000073],[123.29682049500002,12.022442536000028],[123.30281943400007,12.030368665000026],[123.3002965280001,12.035834838000028],[123.30535981800006,12.035967558000038],[123.30775011300011,12.038626351000062],[123.30845720800005,12.044213505000073],[123.30730299000004,12.045044575000077],[123.30880727100009,12.04651410200006],[123.31028656500007,12.045556243000021],[123.31419143900007,12.05491995400007],[123.31211124700008,12.058258519000049],[123.31367601600004,12.059670897000046],[123.31580475300007,12.059344508000038],[123.32087121100005,12.065871162000064],[123.3211235230001,12.067376370000034],[123.31540300600011,12.074715905000062],[123.31796162300009,12.074684949000073],[123.3219872520001,12.070517841000026],[123.32498150300012,12.070801791000065],[123.327871447,12.07628832000006],[123.32747768100012,12.07934756700007],[123.33336550500007,12.08669973900004],[123.33151441600012,12.087532546000034],[123.33153981700002,12.089148755000053],[123.33266521200005,12.088923284000032],[123.33508481900003,12.093778202000067],[123.33785727600002,12.093415321000066],[123.3247774680001,12.110140013000034],[123.31416169500005,12.109347899000056],[123.29310611800008,12.117941982000048],[123.29130636500008,12.107408315000043],[123.29254293600002,12.105045826000037],[123.29166731300006,12.103470134000077],[123.2938702350001,12.100984483000047],[123.29171543900009,12.101270372000045],[123.29246535800007,12.098089681000033],[123.27373099600004,12.087383635000037],[123.25816192500008,12.08683664800003],[123.23606577500004,12.102656808000063],[123.234538197,12.105450469000061],[123.23578577700005,12.112581366000029],[123.23131720900005,12.114196924000055],[123.23056826900006,12.119717223000066]]]]}},{"type":"Feature","properties":{"shapeName":"Batuan","shapeISO":"","shapeID":"30758251B92443363095578","shapeGroup":"PHL","shapeType":"ADM3","psgc_code":"0504104000","legacy_psgc_code":"054104000","province":"Masbate"},"geometry":{"type":"MultiPolygon","coordinates":[[[[123.79832887500004,12.331260111000063],[123.79365831300004,12.333041904000027],[123.80082961900007,12.324005733000035],[123.806727195,12.311308755000027],[123.8093735860001,12.30860431800005],[123.80761653400009,12.316457058000026],[123.80852775900007,12.322468116000039],[123.8059752150001,12.326642144000061],[123.80186098600007,12.32806232400003],[123.79832887500004,12.331260111000063]]],[[[123.77654387400003,12.439108232000024],[123.76705181400007,12.43688691400007],[123.72833751700011,12.442423156000075],[123.7079450230001,12.436259677000066],[123.71491144700008,12.434472716000073],[123.71577853100007,12.427305081000043],[123.72325615000011,12.422635529000047],[123.7240883610001,12.40765394500005],[123.7291365210001,12.400863256000036],[123.7383447420001,12.39771031600003],[123.74254191600005,12.394312639000077],[123.75078331100008,12.383359189000032],[123.76653009600011,12.367722884000045],[123.78431312600003,12.343132057000048],[123.78966125600004,12.338320405000047],[123.79158470300001,12.344915179000054],[123.79473929900007,12.347898453000028],[123.7967915800001,12.34768450000007],[123.79543847200011,12.356377663000046],[123.79949185700002,12.363995397000053],[123.80066200400006,12.370545119000042],[123.79769398700012,12.372479604000034],[123.79868927900009,12.374465910000026],[123.79447321100008,12.376591913000027],[123.79215014100009,12.376073509000037],[123.7885037740001,12.369868005000058],[123.78496400200004,12.372323735000066],[123.786275885,12.376760536000063],[123.78444360600008,12.38025303300003],[123.78631690700001,12.38394498200006],[123.79318975900003,12.389179372000058],[123.79185804600002,12.408475987000031],[123.78953774700005,12.411353235000036],[123.7829359750001,12.414228699000034],[123.775500211,12.412710306000065],[123.77319504600007,12.41630420000007],[123.7813580190001,12.418561242000067],[123.78275259100008,12.420665728000074],[123.78241434800009,12.425098242000047],[123.77654387400003,12.439108232000024]]]]}},{"type":"Feature","properties":{"shapeName":"Cataingan","shapeISO":"","shapeID":"30758251B24487715352346","shapeGroup":"PHL","shapeType":"ADM3","psgc_code":"0504105000","legacy_psgc_code":"054105000","province":"Masbate"},"geometry":{"type":"Polygon","coordinates":[[[124.02808979000008,11.936691087000042],[124.02813678900009,11.940391818000023],[124.02228550100006,11.954943425000067],[124.01749119900012,11.95096396100007],[124.01166494800009,11.95129543400003],[124.01289243200006,11.955778781000049],[124.00953964200005,11.959466848000034],[124.01278185700005,11.963612165000029],[124.01049138000008,11.966388565000045],[124.01282871700005,11.968347834000042],[124.01037207700006,11.968749912000021],[124.0103329430001,11.972539508000068],[124.0088998870001,11.970938299000068],[124.00436162100004,11.972625318000041],[124.00337525800012,11.976135527000054],[123.99917845700008,11.977102209000066],[123.99776951900003,11.979220178000048],[123.99857836000001,11.98161469400003],[123.99684470900002,11.982739803000072],[123.9985020690001,11.985685708000062],[123.99407441900007,11.986058502000049],[123.9918234380001,11.987668734000067],[123.99349266600007,11.990157298000042],[123.99305507800011,11.992505918000063],[124.00087332500004,11.99913835700005],[124.00044481200007,12.003140234000057],[124.00115683800004,12.001876567000068],[124.00150684300002,12.003213292000055],[124.00394074200005,12.002590134000059],[123.99897742000007,12.004927570000063],[123.99787125800003,12.011943614000074],[124.002357329,12.011589960000038],[124.004670626,12.013737598000034],[124.00918306100004,12.012344237000036],[124.0131392940001,12.00819208200005],[124.0167411440001,11.996459877000063],[124.01428777600006,11.992809237000074],[124.01773007300005,11.985183773000074],[124.0292642280001,11.97588451200005],[124.03835815700006,11.965415957000062],[124.04374632100007,11.957494981000025],[124.04525349800008,11.95382674800004],[124.0445896970001,11.951758806000043],[124.04840280200006,11.947671266000043],[124.05104907500004,11.94904430300005],[124.05219810500012,11.953806446000044],[124.05203229100005,11.968448572000057],[124.041997734,11.979530029000045],[124.02748638600008,12.003793057000053],[124.00627613300003,12.023990409000021],[124.00230257200008,12.030710125000041],[124.00311189500007,12.031645469000068],[123.9973100420001,12.039948520000053],[123.99539470900004,12.046256541000048],[123.99039499500009,12.051208505000034],[123.99069861300006,12.053903529000024],[123.977818608,12.07574752100004],[123.97564706800006,12.08492031700007],[123.96854462600004,12.094367762000047],[123.9612526620001,12.100539125000068],[123.95814144300005,12.10023332000003],[123.95659151300003,12.096741308000048],[123.95501253400005,12.096415553000043],[123.95828923900001,12.091550321000057],[123.95683700500001,12.089214919000028],[123.95730580700001,12.08622256700005],[123.95607946100006,12.086510549000025],[123.95446534900009,12.08333771200006],[123.95281859600004,12.08333771200006],[123.95130091400006,12.081214690000024],[123.9526756460001,12.078915280000047],[123.95019446900005,12.079700142000036],[123.94729732400003,12.083198008000068],[123.9426939220001,12.080763743000034],[123.94362178000006,12.078581747000044],[123.93823025300003,12.07995414800007],[123.94350890900012,12.061959106000074],[123.92565039300007,12.058968858000071],[123.92765902200006,12.055853202000037],[123.92918330100008,12.05571913600005],[123.92781931900004,12.05319810100002],[123.93265737500008,12.049508354000068],[123.9324708480001,12.045920615000057],[123.93021791000001,12.043414721000033],[123.93162539600007,12.041393059000029],[123.92667426000003,12.040839529000039],[123.92808546900005,12.039340939000056],[123.9271767030001,12.037746230000039],[123.91210476700007,12.047405182000034],[123.89622574000009,12.043776790000038],[123.89018755900008,12.028079586000047],[123.87900729100011,12.037864844000069],[123.87599958700002,12.031929658000024],[123.86345755000002,12.016725247000068],[123.86063425300006,12.008832042000051],[123.87462798900003,11.995940965000045],[123.88368566000008,11.983979120000072],[123.88712668000005,11.98189781000002],[123.9046747000001,11.97994323000006],[123.9081984500001,11.978002820000029],[123.91762457000004,11.96217050000007],[123.92302369000004,11.956589910000048],[123.93466489900004,11.950366553000038],[123.9356527010001,11.947856394000041],[123.93969754900002,11.947194877000072],[123.94108530800008,11.944219747000034],[123.94772029100011,11.941611515000034],[123.94682730500006,11.937924332000023],[123.95081589600011,11.937696870000025],[123.95097198300004,11.93907400300003],[123.95335811100006,11.939706470000033],[123.95450294800003,11.938833093000028],[123.955088638,11.941060365000055],[123.95703513600006,11.939914716000033],[123.95994097100004,11.942571237000038],[123.96074199000009,11.940629932000036],[123.9630491160001,11.941939129000048],[123.96496545900004,11.940115873000025],[123.96935236600007,11.939953268000068],[123.97114259900002,11.937869228000068],[123.9679821090001,11.937773262000064],[123.97224535200007,11.93641522400003],[123.97723362700003,11.930878801000063],[123.97414471500008,11.930486925000025],[123.97207007300005,11.927905147000047],[123.96981101800009,11.92802040500004],[123.96724851400006,11.924267434000058],[123.98213332800003,11.91866008200003],[123.99887904900004,11.92872361600007],[124.00137029400003,11.924479913000027],[124.00721487500005,11.928296664000072],[124.02808979000008,11.936691087000042]]]}},{"type":"Feature","properties":{"shapeName":"Cawayan","shapeISO":"","shapeID":"30758251B52497406200368","shapeGroup":"PHL","shapeType":"ADM3","psgc_code":"0504106000","legacy_psgc_code":"054106000","province":"Masbate"},"geometry":{"type":"MultiPolygon","coordinates":[[[[123.6619280330001,11.904486047000034],[123.65842245800002,11.901722901000028],[123.6596760000001,11.902103501000056],[123.65838207100012,11.895047294000051],[123.66004667600009,11.881873314000075],[123.66447071800008,11.874264957000037],[123.6712258660001,11.870701556000029],[123.67605797500005,11.885365615000069],[123.67422580700008,11.901306314000067],[123.6710988530001,11.904147437000063],[123.6619280330001,11.904486047000034]]],[[[123.59502648700004,11.917963744000076],[123.60540419400002,11.906317865000062],[123.60681514800001,11.905741715000033],[123.6102323450001,11.907739442000036],[123.61101764900002,11.910354237000035],[123.60525298100004,11.915518596000027],[123.60227708200011,11.91447299500004],[123.59502648700004,11.917963744000076]]],[[[123.61854439000001,11.95937895700007],[123.62106302500001,11.953032266000037],[123.62355620900007,11.951717578000057],[123.6220070490001,11.956723929000077],[123.61854439000001,11.95937895700007]]],[[[123.55640343700009,11.94847186800007],[123.55673177200003,11.953803999000058],[123.55216479800004,11.96246453200007],[123.55143551000003,11.959220071000061],[123.55640343700009,11.94847186800007]]],[[[123.57576231100006,11.989477392000026],[123.57630065,11.986971442000026],[123.57949103900012,11.986287642000036],[123.57576231100006,11.989477392000026]]],[[[123.6377576540001,12.02212368000005],[123.63855832400009,12.025827116000073],[123.63577655400002,12.021543120000047],[123.63152173200001,12.019545161000053],[123.63560033400006,12.016350657000032],[123.6377576540001,12.02212368000005]]],[[[123.80723951000004,12.062327450000055],[123.80367251000007,12.069776870000055],[123.79698166000003,12.074382310000033],[123.80004910000002,12.085780940000063],[123.7907555910001,12.08711177300006],[123.78535637100003,12.091433876000053],[123.77536657000007,12.09139145000006],[123.78079033000006,12.106982630000061],[123.77250432900007,12.109634654000047],[123.76512471700005,12.118838889000074],[123.759569413,12.11691835800002],[123.7566320630001,12.117908026000066],[123.75675810200005,12.11563932100006],[123.75423731800004,12.117353453000021],[123.7528004720001,12.11548807400004],[123.75020406500005,12.116193893000059],[123.74914533600008,12.11460579900006],[123.74491202000002,12.115880770000047],[123.74899359300002,12.107785961000047],[123.74866303300007,12.103598875000046],[123.74487162000003,12.097835540000062],[123.72247732000005,12.087278682000033],[123.71876730100007,12.083648167000035],[123.71603628200012,12.086322659000075],[123.71334636300003,12.084403740000027],[123.70815050200008,12.08359824400003],[123.70820950900008,12.076635530000033],[123.70618398900001,12.074187989000052],[123.70161052000003,12.080497950000051],[123.69876034900005,12.08011792800005],[123.69368395900005,12.076509319000024],[123.68855682800006,12.079100750000066],[123.68643909900004,12.08255599000006],[123.68448856000009,12.082751044000076],[123.673593406,12.074921023000059],[123.67295251500002,12.073165538000069],[123.67490305400008,12.070685567000055],[123.67403924400003,12.069598838000047],[123.66771392400005,12.071075675000031],[123.66513031700003,12.077978298000062],[123.66203209500009,12.079504222000025],[123.65890404700008,12.076484664000077],[123.65973296800007,12.075105006000058],[123.6549420880001,12.074520508000035],[123.6548568290001,12.07245036300003],[123.65300441200009,12.073844508000036],[123.64933478500006,12.073153509000065],[123.64456842200002,12.065534697000032],[123.64295116300002,12.065047337000067],[123.6411732900001,12.066579404000038],[123.64974493800003,12.047683626000037],[123.65508563300011,12.042834139000036],[123.67501100700008,12.031123669000067],[123.680527976,12.029704681000055],[123.68065508300003,12.028230695000047],[123.68496840400007,12.025496703000044],[123.69053369900007,12.023540151000077],[123.6931445990001,12.025412720000077],[123.69358640500002,12.023305242000049],[123.7033679760001,12.016986373000066],[123.70353385900012,12.013997674000052],[123.7151886260001,12.005155731000059],[123.7282561080001,11.987239344000045],[123.73059358500007,11.985369135000042],[123.73401511100008,11.985016148000057],[123.73661614100001,11.988530576000073],[123.73866325400002,11.988060393000069],[123.73799125800008,11.985576490000028],[123.7422131190001,11.982905125000059],[123.74220732100002,11.980599633000054],[123.74090953100006,11.98023813900005],[123.73952922700005,11.98179546800003],[123.73112702800006,11.980676987000038],[123.723785442,11.96858349300004],[123.71935227300003,11.967380776000027],[123.71878989100003,11.965334710000036],[123.71521606800002,11.962867810000034],[123.713358319,11.95685411200003],[123.71155146000001,11.956863750000025],[123.71229942500008,11.95505630200006],[123.72440296900004,11.950023333000047],[123.72861629500005,11.945113201000026],[123.72861355700002,11.941589738000062],[123.725411011,11.938493118000054],[123.72383939200006,11.934547789000021],[123.7215742080001,11.933349488000033],[123.72186824000005,11.931870412000023],[123.73170559300002,11.930169026000044],[123.74482043900002,11.923298427000077],[123.74529568000003,11.924457389000054],[123.7464223290001,11.922239389000026],[123.75309088900008,11.922379449000061],[123.75314557000002,11.91975605700003],[123.753161266,11.922452630000066],[123.75669422100009,11.922584200000074],[123.7603589580001,11.925021326000035],[123.76827381400005,11.92719013900006],[123.77905060800003,11.92112808500002],[123.79020914500006,11.922435233000044],[123.79259725500003,11.926275926000073],[123.79188286700003,11.928227737000043],[123.79374262600004,11.934241296000039],[123.80343337600004,11.949652933000039],[123.81205335600009,11.947899697000025],[123.81518081700005,11.949558253000077],[123.81365229200003,11.95226922200004],[123.81495009600008,11.954432230000066],[123.81405605300006,11.957316240000068],[123.81733597100003,11.968113243000062],[123.82117460000006,11.973874820000049],[123.82402926100008,11.982471866000026],[123.82969932600008,11.986501693000037],[123.83104435200005,11.991688624000062],[123.83401232000006,11.99304163000005],[123.83612664200007,11.996473485000024],[123.83475611100005,12.000348779000035],[123.85012966500005,12.030713474000038],[123.85306963700009,12.036085705000062],[123.85198254600004,12.036994434000064],[123.85329000900003,12.042523997000046],[123.85195596200003,12.04304479600006],[123.85380811900006,12.045899377000069],[123.85028009500002,12.049617333000072],[123.8504745140001,12.051850888000047],[123.84661476200006,12.054828784000051],[123.84845448500005,12.062663064000049],[123.84723078000002,12.074722051000037],[123.83183411800007,12.07623294800004],[123.8254425340001,12.060046330000034],[123.80723951000004,12.062327450000055]]]]}},{"type":"Feature","properties":{"shapeName":"Claveria","shapeISO":"","shapeID":"30758251B14663924862074","shapeGroup":"PHL","shapeType":"ADM3","psgc_code":"0504107000","legacy_psgc_code":"054107000","province":"Masbate"},"geometry":{"type":"Polygon","coordinates":[[[123.09428287700007,12.957136736000052],[123.09187570300003,12.954266787000051],[123.08612757800006,12.95369832700004],[123.08625337600006,12.952153148000036],[123.09647210100002,12.943510826000022],[123.09841161000008,12.939981446000047],[123.10143928700006,12.942309930000022],[123.1022268370001,12.945632690000025],[123.10866139900008,12.944290942000066],[123.10917289400004,12.942675088000044],[123.10676597400004,12.940237337000042],[123.10986037200007,12.935973993000061],[123.10918721000007,12.932556184000077],[123.11034941800006,12.931010550000053],[123.10828387800007,12.927697160000037],[123.10819535300004,12.923623790000022],[123.11125631800007,12.924303457000065],[123.11696740000002,12.922205512000062],[123.12157488000003,12.912243156000045],[123.12440640800003,12.913153911000052],[123.13166537500001,12.907793405000064],[123.13727800600009,12.909475778000058],[123.1431900130001,12.906702769000049],[123.14737032800008,12.906775667000034],[123.14637828900004,12.900320641000064],[123.14018330600004,12.898966483000038],[123.13782261200004,12.896329614000024],[123.13814380400004,12.892747233000023],[123.14284205000001,12.89157362700007],[123.1490974830001,12.89382142200003],[123.1515962090001,12.892556619000061],[123.1473466440001,12.88804256800006],[123.16108755000005,12.889834387000064],[123.17106948500009,12.884063415000071],[123.1782575960001,12.875260812000022],[123.18475935600009,12.861526672000025],[123.19022718200006,12.856044748000045],[123.19890661200009,12.841761546000043],[123.20437923100008,12.84195509500006],[123.2082484010001,12.845215046000021],[123.20837019100009,12.847097351000059],[123.21093378700004,12.848018246000038],[123.2149534990001,12.843632425000067],[123.21752464100007,12.83831501800006],[123.21686172300008,12.836614792000034],[123.21969245700006,12.83626989000004],[123.22633486000007,12.839324031000046],[123.23070698100003,12.837596260000055],[123.24126252100007,12.839044861000048],[123.26248627400003,12.83202254500003],[123.26554869400002,12.825410289000047],[123.26794242000005,12.814291983000032],[123.2770320410001,12.812975858000073],[123.29006908500003,12.801500815000054],[123.29178537300004,12.797974116000034],[123.29195864500002,12.790457170000025],[123.30293657300001,12.782477697000047],[123.30477596000003,12.775057336000032],[123.30989631600005,12.770158046000063],[123.31255847900002,12.750664116000053],[123.31354974600004,12.751183869000045],[123.31489303100011,12.74798247900003],[123.31813422500011,12.74718183300007],[123.31692735100012,12.746439206000048],[123.32644422600004,12.737302816000067],[123.33188709100011,12.729338847000065],[123.33231492300001,12.725384418000033],[123.33481229800009,12.723412359000065],[123.33472493600004,12.721620561000066],[123.34054955900001,12.719402178000053],[123.34341010500009,12.716544302000045],[123.3431370290001,12.714895084000034],[123.34733264700003,12.712911527000074],[123.34996555300006,12.707504874000051],[123.34958099300002,12.705328848000022],[123.35754202400005,12.697593949000066],[123.36225624700012,12.695025765000025],[123.37011383300012,12.693725740000048],[123.37622470000008,12.695855517000041],[123.38523876900001,12.69381855000006],[123.38608701400005,12.698571621000042],[123.38227067900004,12.701327246000062],[123.37289613300004,12.721287161000078],[123.36408224700006,12.72661355200006],[123.34536505400001,12.746659622000038],[123.34092633700004,12.746791526000038],[123.33760143600011,12.748833068000067],[123.33593619200008,12.752852059000077],[123.3360265230001,12.757711787000062],[123.33198868800002,12.761594484000057],[123.33157068000003,12.766890945000057],[123.32994631600002,12.767275089000066],[123.32768989500005,12.772162956000045],[123.3195417930001,12.780180890000054],[123.31410958100003,12.79140705900005],[123.31274052200001,12.783633897000072],[123.314553853,12.781798652000077],[123.31624571800012,12.784658673000024],[123.31753456700005,12.780680749000055],[123.31290539000008,12.777076376000025],[123.3098700700001,12.779309389000048],[123.30506364200005,12.793847456000037],[123.30279476900012,12.794956023000054],[123.29593217600006,12.804076855000062],[123.29620800600003,12.806951186000049],[123.29791177700008,12.807427086000075],[123.29515243300011,12.808669225000074],[123.28711722300011,12.819517405000056],[123.28513405000001,12.825811332000058],[123.28581682600009,12.834676616000024],[123.28115384400007,12.837258772000041],[123.27992952800003,12.84346454000007],[123.28313450200005,12.854115266000065],[123.28270676200009,12.857043602000033],[123.27613331600003,12.86730791900004],[123.27628627400009,12.870521361000044],[123.28062610600011,12.874929145000067],[123.28112257300006,12.87934249600005],[123.2825527870001,12.880673039000044],[123.27855987800001,12.881076674000042],[123.27747667300002,12.888033419000067],[123.26958299900002,12.895124527000064],[123.26389963000008,12.89694767900005],[123.26213736000011,12.895293084000059],[123.26276222600006,12.896820756000068],[123.25625332100003,12.901083671000038],[123.24637521700004,12.904406790000053],[123.24643380600003,12.907034152000051],[123.24552759300002,12.905244634000042],[123.24440482600005,12.905901849000031],[123.24517701700006,12.905064457000037],[123.24261565800009,12.906646348000038],[123.24179414900004,12.908955865000053],[123.23871013500002,12.910119154000029],[123.2308949400001,12.911019209000074],[123.22690478400011,12.909098192000044],[123.22583259800001,12.90566817000007],[123.21800088900011,12.905750771000044],[123.21791189900011,12.90705375300007],[123.21216264400005,12.909779231000073],[123.20794654100007,12.907538233000025],[123.20671627500008,12.908668940000041],[123.19721676200004,12.907932557000038],[123.19599349000009,12.90971896800005],[123.19205182100006,12.910381260000065],[123.1884280910001,12.914305371000069],[123.18210944500004,12.913873201000058],[123.18316234400004,12.916012328000022],[123.17907411600004,12.917769836000048],[123.17985087800002,12.920406636000052],[123.17665305700007,12.919699151000032],[123.17652822200012,12.924123060000056],[123.17123853200007,12.928527196000061],[123.17154882800003,12.931235254000057],[123.16742687700003,12.93879993400003],[123.16271392500005,12.94055527300003],[123.16089214400006,12.942941888000064],[123.15952815000003,12.945860073000063],[123.16164572000002,12.946946204000028],[123.16219131900004,12.949324943000022],[123.1586386570001,12.950163842000052],[123.15987763500004,12.950794396000049],[123.15887247300009,12.950966999000059],[123.15815746100009,12.956142863000025],[123.15925287000005,12.956818725000062],[123.15772895500004,12.962394156000073],[123.1451632940001,12.970513293000067],[123.14269488000002,12.970223843000042],[123.14207388300008,12.975665728000024],[123.14626590800003,12.982098940000071],[123.14053822500011,12.989850723000075],[123.11243193300004,12.968309584000053],[123.11136058800003,12.963926809000043],[123.1081465530001,12.962855464000029],[123.10600386300007,12.959154454000043],[123.10035326000002,12.95871773400006],[123.09943012400004,12.957056090000037],[123.09428287700007,12.957136736000052]]]}},{"type":"Feature","properties":{"shapeName":"Dimasalang","shapeISO":"","shapeID":"30758251B45759569755783","shapeGroup":"PHL","shapeType":"ADM3","psgc_code":"0504108000","legacy_psgc_code":"054108000","province":"Masbate"},"geometry":{"type":"MultiPolygon","coordinates":[[[[123.84723078000002,12.074722051000037],[123.8464030780001,12.086201553000024],[123.86196376900011,12.08208260500004],[123.86417398100002,12.091159523000044],[123.87065957400011,12.09883248400007],[123.85018455200009,12.102859972000033],[123.85153325600004,12.108020747000069],[123.86494555600007,12.138996734000045],[123.89042113800008,12.173917679000056],[123.89878061900004,12.192649989000074],[123.89780151900004,12.196897642000067],[123.8957707400001,12.19704802800004],[123.8967904220001,12.197907731000043],[123.89623183300012,12.206686618000049],[123.89262539600008,12.210660656000073],[123.88642120600002,12.212593269000024],[123.88619667300009,12.215947694000022],[123.88133578100008,12.219829712000035],[123.87200459100006,12.221601486000054],[123.86922494400005,12.218498520000026],[123.8649293520001,12.21246353600003],[123.86518354400005,12.209667972000034],[123.8689943930001,12.205507081000064],[123.86926095100011,12.200684281000065],[123.86657670500006,12.19651479600003],[123.86532807700007,12.197448921000046],[123.85919523400003,12.193625370000063],[123.85421838500008,12.194502963000048],[123.85148807500002,12.196704454000042],[123.84307461500009,12.208118410000054],[123.84185115600008,12.212688659000037],[123.83704919200011,12.219674490000045],[123.82029986000009,12.214969370000063],[123.84041115900004,12.183489121000036],[123.83645171400008,12.181959745000029],[123.83637454000007,12.180236204000039],[123.83419310300008,12.180478014000073],[123.83327216600003,12.178672155000072],[123.83106384000007,12.178478612000049],[123.82865205500002,12.175221742000076],[123.83006705900004,12.173137274000055],[123.82993322200002,12.166058854000028],[123.83280552200006,12.162884021000025],[123.8299229380001,12.16298019900006],[123.82014620500001,12.155825539000034],[123.83517130900009,12.139063427000053],[123.82685593500003,12.129010397000059],[123.8228994430001,12.093501322000066],[123.80723951000004,12.062327450000055],[123.8254425340001,12.060046330000034],[123.83183411800007,12.07623294800004],[123.84723078000002,12.074722051000037]]],[[[123.85063118500011,12.250537789000077],[123.8443518790001,12.254232804000026],[123.84340880700006,12.250566520000064],[123.8643802900001,12.228971845000046],[123.8661528560001,12.231729445000042],[123.86611179700003,12.240267347000042],[123.86477729800004,12.242204061000052],[123.86635829800002,12.24396372700005],[123.86334742800011,12.243799196000055],[123.85063118500011,12.250537789000077]]],[[[123.83516977700003,12.256142917000034],[123.8353177250001,12.252889495000034],[123.83847278000007,12.248226420000037],[123.83755290400006,12.254301318000046],[123.83516977700003,12.256142917000034]]],[[[123.83971174200008,12.257672151000065],[123.83831850700005,12.256693151000036],[123.84018968900011,12.254017841000064],[123.83971174200008,12.257672151000065]]],[[[123.83095730900004,12.270026658000063],[123.83083041700002,12.262574208000046],[123.8334205860001,12.259320486000036],[123.83848385700003,12.263380592000033],[123.83958806200008,12.266005896000024],[123.83095730900004,12.270026658000063]]]]}},{"type":"Feature","properties":{"shapeName":"Esperanza","shapeISO":"","shapeID":"30758251B37424940024390","shapeGroup":"PHL","shapeType":"ADM3","psgc_code":"0504109000","legacy_psgc_code":"054109000","province":"Masbate"},"geometry":{"type":"Polygon","coordinates":[[[124.07297622700003,11.727422596000054],[124.0624405640001,11.738692972000024],[124.05975316500007,11.743683857000065],[124.05910101900008,11.749515858000052],[124.05678835700007,11.751468544000033],[124.04774093500009,11.770825506000051],[124.04233363000003,11.777124400000048],[124.03685627800007,11.770396585000071],[124.03148265900006,11.782358058000057],[124.02734569800009,11.793358663000049],[124.03933703400003,11.80631204100007],[124.027247482,11.841847937000068],[124.0122337900001,11.855397880000055],[123.99537276,11.865417020000052],[123.98432793000006,11.888395048000064],[123.96780937000005,11.862061910000023],[123.96113763000005,11.857307690000027],[123.9497366280001,11.84071091800007],[123.97652692600002,11.824635055000044],[123.9800143870001,11.820348187000036],[123.98265335100007,11.81381910600004],[123.99442113500004,11.805104983000035],[124.00989589300002,11.788278846000026],[124.01366629200004,11.785916735000058],[124.01411762500004,11.781405810000024],[124.02535360200011,11.759780383000077],[124.02736718900007,11.752274783000075],[124.02977959900011,11.747775628000056],[124.0399629750001,11.73727526700003],[124.0387286130001,11.734791449000056],[124.04086321900002,11.73626117300006],[124.05399224200005,11.723393302000034],[124.05561099200008,11.723989739000046],[124.05923017100008,11.721050581000043],[124.0680499120001,11.720710960000076],[124.07168052800012,11.724055176000036],[124.07297622700003,11.727422596000054]]]}},{"type":"Feature","properties":{"shapeName":"Mandaon","shapeISO":"","shapeID":"30758251B39585013953692","shapeGroup":"PHL","shapeType":"ADM3","psgc_code":"0504110000","legacy_psgc_code":"054110000","province":"Masbate"},"geometry":{"type":"MultiPolygon","coordinates":[[[[123.2312730330001,12.167454173000067],[123.22994318400004,12.16589859100003],[123.22710896400008,12.165994133000027],[123.22477800800004,12.162032735000025],[123.22543212200003,12.16109977700006],[123.23106448900012,12.162280810000027],[123.2312730330001,12.167454173000067]]],[[[123.26265833900004,12.191686236000066],[123.25583985000003,12.187206670000023],[123.2516677970001,12.17880855900006],[123.24627650200011,12.176266006000048],[123.24562705900007,12.177966519000051],[123.24326853000002,12.177526471000022],[123.24001325100005,12.17441539500004],[123.23794349900004,12.174856889000068],[123.23247875900006,12.16977109100003],[123.25218007700005,12.170770880000077],[123.25560336500007,12.172837861000062],[123.25808814100003,12.171954284000037],[123.25783880200004,12.17317035900004],[123.2535675800001,12.173062488000028],[123.25330010200003,12.176235947000066],[123.25465005700005,12.175913983000044],[123.25844709800003,12.180767298000035],[123.257949058,12.182964790000028],[123.25959117600007,12.185256535000065],[123.2585782970001,12.18585137100007],[123.25968123500002,12.187990204000073],[123.26374546200009,12.19019431700002],[123.26265833900004,12.191686236000066]]],[[[123.2185501030001,12.285073608000062],[123.213253903,12.28230260600003],[123.21635516000003,12.281646869000042],[123.22270543400009,12.283588646000055],[123.2185501030001,12.285073608000062]]],[[[123.2669448150001,12.345709548000059],[123.265432142,12.343209612000066],[123.26633020400004,12.339173671000026],[123.26438327800008,12.335056135000059],[123.26663884300001,12.335246017000031],[123.26671897800009,12.333230897000021],[123.25565605300005,12.324214037000047],[123.25744581100003,12.322191893000024],[123.25843876700003,12.316753952000056],[123.25361746900012,12.315660311000045],[123.25303000100007,12.312306268000043],[123.25481793500012,12.310431910000034],[123.2507304500001,12.309009316000072],[123.25013295300005,12.305848221000076],[123.24628445100007,12.301430081000035],[123.24603952000007,12.296593052000048],[123.24203767800009,12.294625759000041],[123.24338794400012,12.294070916000067],[123.24434682000003,12.289947237000035],[123.23958623600004,12.285592445000077],[123.23918694200006,12.282645588000037],[123.2277671820001,12.279489236000074],[123.22770509600002,12.273069496000062],[123.22590765600012,12.272641458000066],[123.22271819200012,12.267775654000047],[123.22287788000006,12.256254800000022],[123.22156091000011,12.253357528000038],[123.22357870200005,12.252451311000073],[123.22587652300001,12.24702661200007],[123.23469617600006,12.243013439000038],[123.23389067300002,12.241344195000067],[123.2355655660001,12.240039629000023],[123.23120302200005,12.236522903000036],[123.2187792840001,12.240527040000075],[123.21679535800001,12.238532734000046],[123.21796510900003,12.231936197000039],[123.2234233160001,12.227397336000024],[123.226898204,12.220996914000068],[123.2252167360001,12.219189874000051],[123.22835908900004,12.216878848000022],[123.23451016000001,12.221055964000072],[123.24101780900003,12.222422107000057],[123.2504012280001,12.236079446000076],[123.251323909,12.24204486800005],[123.25625566400004,12.242826666000042],[123.26211123500002,12.246037761000025],[123.27174979000006,12.241509873000041],[123.27499185500005,12.237701964000053],[123.28183605200002,12.226877596000065],[123.28056739700003,12.224870818000056],[123.28245798400008,12.225635088000047],[123.28546782300009,12.219182518000025],[123.28366572100003,12.21684302500006],[123.28639631300007,12.217347546000042],[123.2867128910001,12.21507759800005],[123.29153060500005,12.219225570000049],[123.29142996400003,12.229014747000065],[123.29450099400003,12.235171355000034],[123.29399421500011,12.238575836000052],[123.29774153200003,12.238297942000031],[123.29741942600003,12.236919528000044],[123.2991882550001,12.235680848000072],[123.29794563400003,12.230403996000064],[123.2996089930001,12.229207995000024],[123.29809265900008,12.229540309000072],[123.29861757300012,12.228449442000056],[123.29631083200002,12.228033840000023],[123.29456828000002,12.225593342000025],[123.30068245400003,12.221719007000047],[123.29824854700007,12.220661930000063],[123.30207849800001,12.215142667000066],[123.29755226900011,12.206192184000031],[123.30078252500005,12.207010422000053],[123.30118287900007,12.205699624000033],[123.30031427600011,12.204043545000047],[123.29817086100002,12.205727909000075],[123.29731663400003,12.20381426800003],[123.29440334200001,12.206584689000067],[123.29293216200006,12.203093531000036],[123.28747774800001,12.19768573400006],[123.28536126800009,12.202876761000027],[123.28666462300009,12.206497163000051],[123.284318514,12.210954101000027],[123.28552480200005,12.213937955000063],[123.28372447100003,12.214141854000047],[123.27950537000004,12.208983256000067],[123.27782839200006,12.204279943000074],[123.27562931600005,12.204461606000052],[123.26999592000004,12.198722992000057],[123.26732826400007,12.191533133000064],[123.26906604600003,12.189831248000075],[123.26777233500002,12.18536948600007],[123.27300154800002,12.179998007000052],[123.27652196200006,12.182032955000068],[123.27954780100004,12.178205915000035],[123.28112648900003,12.171831953000037],[123.28266507300009,12.17090560400004],[123.28122086200005,12.170451555000056],[123.28241568300007,12.165431904000059],[123.2812910450001,12.161428105000027],[123.27745919900008,12.157312985000033],[123.27217069200003,12.161987065000062],[123.26910848300008,12.156893363000052],[123.26752125300004,12.156473057000028],[123.26628902400012,12.158011096000052],[123.26300861900006,12.153135349000024],[123.25828271600005,12.153458388000047],[123.25489513700006,12.149387748000038],[123.2517078730001,12.149492954000038],[123.24725017600008,12.146219553000037],[123.24519889600003,12.141303454000024],[123.242646035,12.140446829000041],[123.24228407800001,12.137937428000043],[123.23950703100002,12.137964255000043],[123.24104252100005,12.136161074000029],[123.24034696800004,12.135139431000027],[123.24398985000005,12.135279462000028],[123.24324838700011,12.13319438600007],[123.24450253500004,12.130941071000052],[123.24892208100005,12.13038855600007],[123.24826429100005,12.127597704000038],[123.25104465400011,12.12586265400006],[123.24728656400009,12.125313276000043],[123.24648872600005,12.121203082000022],[123.24420286700001,12.12155828400006],[123.24386949100005,12.120207615000027],[123.23684574700007,12.124882138000032],[123.23615914700008,12.120825013000058],[123.23056826900006,12.119717223000066],[123.23131720900005,12.114196924000055],[123.23578577700005,12.112581366000029],[123.234538197,12.105450469000061],[123.23606577500004,12.102656808000063],[123.25816192500008,12.08683664800003],[123.27373099600004,12.087383635000037],[123.29246535800007,12.098089681000033],[123.29171543900009,12.101270372000045],[123.2938702350001,12.100984483000047],[123.29166731300006,12.103470134000077],[123.29254293600002,12.105045826000037],[123.29130636500008,12.107408315000043],[123.29310611800008,12.117941982000048],[123.31416169500005,12.109347899000056],[123.3247774680001,12.110140013000034],[123.33236017900003,12.122246761000042],[123.36903857000004,12.168631856000047],[123.38879326300003,12.208913041000073],[123.35794806100012,12.231386624000038],[123.39898435300006,12.297360947000072],[123.38863237700002,12.298982890000048],[123.40331317100004,12.336729995000042],[123.35981164500004,12.343025496000052],[123.35414108600003,12.331878965000044],[123.34312254200006,12.317870848000041],[123.33374484,12.312592902000063],[123.32414752400007,12.302385273000027],[123.32176062000008,12.307044025000039],[123.31931728600011,12.307715033000022],[123.31694022700003,12.305698737000057],[123.31333596200011,12.312032143000067],[123.30850677900003,12.316452080000033],[123.3051874790001,12.318516209000052],[123.30358374700006,12.316246381000042],[123.30138248300011,12.316119997000044],[123.29905837900003,12.317734613000027],[123.29812835100006,12.321282021000059],[123.2937482640001,12.322080822000032],[123.291646979,12.325837522000029],[123.28854523400003,12.324128317000032],[123.28747643600002,12.321684275000052],[123.28607397700011,12.321824595000066],[123.2866184610001,12.32607073400004],[123.28967513400005,12.328957695000042],[123.2894285750001,12.331200928000044],[123.282541691,12.331989411000052],[123.28145990700011,12.334274579000066],[123.27739724600008,12.334295659000077],[123.27576157600004,12.33659100500006],[123.27597170400009,12.338988811000036],[123.28053081000007,12.34141660900002],[123.2801816330001,12.343725237000058],[123.27783949200011,12.345217232000039],[123.27120534300002,12.344166735000044],[123.26845553600003,12.346615191000069],[123.2669448150001,12.345709548000059]]]]}},{"type":"Feature","properties":{"shapeName":"City of Masbate","shapeISO":"","shapeID":"30758251B12655386269107","shapeGroup":"PHL","shapeType":"ADM3","psgc_code":"0504111000","legacy_psgc_code":"054111000","province":"Masbate"},"geometry":{"type":"Polygon","coordinates":[[[123.4844713330001,12.31672119600006],[123.50907127000005,12.311883396000042],[123.52410153100004,12.291946084000074],[123.53575076700008,12.273135299000046],[123.53830051200009,12.271443729000055],[123.54029166100008,12.272575829000061],[123.53991695000002,12.262959774000024],[123.544209152,12.262408133000065],[123.54427719300008,12.255639049000024],[123.5460846630001,12.254253364000022],[123.54345946100011,12.25340998400003],[123.5473146700001,12.252586007000048],[123.54550202100006,12.250658805000057],[123.54621033500007,12.248995480000076],[123.5622403430001,12.258758692000072],[123.60732297000004,12.241448728000023],[123.60419515100011,12.246650657000032],[123.60733362100007,12.250254915000028],[123.606611584,12.252276237000046],[123.61031610400005,12.25545300500005],[123.61440761300003,12.267128851000052],[123.615781147,12.27498597400006],[123.6133064820001,12.285471031000043],[123.62037561500006,12.308244597000055],[123.6230601640001,12.324077982000063],[123.62280020800006,12.33213243800003],[123.62834859600002,12.334298443000023],[123.62910505200011,12.337014757000077],[123.63240615300003,12.337358576000042],[123.63297419300011,12.340049215000022],[123.63520189000008,12.339174770000056],[123.6355166410001,12.345615518000045],[123.63916706300006,12.347395533000054],[123.63861776100009,12.349022579000064],[123.63992837,12.349686489000021],[123.63929134600005,12.352101406000031],[123.64030226800003,12.352599474000044],[123.63831646200003,12.353629213000033],[123.64098102800006,12.355967682000028],[123.64027484600001,12.359004023000068],[123.63756815900001,12.360554764000028],[123.6367352630001,12.357652883000071],[123.6324955020001,12.361573102000023],[123.63461731100006,12.36244866100003],[123.63306118300011,12.366171181000027],[123.63388523800006,12.369122730000072],[123.6352345040001,12.368898452000053],[123.63742070500007,12.372444959000063],[123.63836770400007,12.372097100000076],[123.63501603200007,12.375754285000028],[123.63381281000011,12.37531784600003],[123.63397376600005,12.377365097000052],[123.63337770500004,12.375467982000032],[123.63090884500002,12.37580328000007],[123.62776826700008,12.376959296000052],[123.62688625800001,12.379420628000048],[123.62580772700005,12.377575585000045],[123.62496120600008,12.379024548000075],[123.6234445880001,12.377909603000035],[123.62107501900005,12.379367186000025],[123.61518746700006,12.375174574000027],[123.61654345700003,12.367548438000028],[123.61808436800004,12.367561013000056],[123.61831112000004,12.365297526000063],[123.62145765600008,12.36524404100004],[123.62091978,12.361036217000049],[123.61774390900007,12.36081966200004],[123.61797038100008,12.359421960000077],[123.61137064700006,12.36407153700003],[123.61113947700005,12.362858226000071],[123.6085086280001,12.363654231000055],[123.60382894100007,12.361276804000056],[123.6029455470001,12.358911200000023],[123.59997092800006,12.358292064000068],[123.59953197800007,12.355717725000034],[123.59436211000002,12.355275161000066],[123.5927595820001,12.352769169000055],[123.59031700100002,12.353751721000037],[123.58881688500003,12.352193021000062],[123.58549021800002,12.354097469000067],[123.58186949900005,12.353176345000065],[123.58270732300002,12.354540445000055],[123.57997933500008,12.354723536000051],[123.58138115200006,12.357209712000042],[123.5865766390001,12.358617041000059],[123.58755106500007,12.360250938000036],[123.5872704950001,12.36810063400003],[123.58547514500003,12.370252090000065],[123.58705491800004,12.370642823000026],[123.58600642200008,12.370996375000061],[123.58980166900005,12.37676327500003],[123.6011988680001,12.378421463000052],[123.60157446100004,12.380195078000042],[123.60863662000008,12.37695403600003],[123.60999625900001,12.382407201000035],[123.6064648360001,12.386080267000068],[123.60309849600003,12.38738390900005],[123.60106985400012,12.38750505400003],[123.59888163900007,12.385472183000047],[123.5943288850001,12.385950628000046],[123.59207222700002,12.390528815000039],[123.59409765600003,12.390754119000064],[123.59272590100011,12.396293676000028],[123.58263393100003,12.403666198000053],[123.58046663200003,12.407132458000035],[123.57680493400005,12.405870694000043],[123.57525166000005,12.409960816000023],[123.56953058500005,12.41141826300003],[123.572337059,12.416250619000039],[123.57066983700008,12.417923592000022],[123.56947990100002,12.416792825000073],[123.56864823100011,12.420376268000041],[123.5666946770001,12.421358243000043],[123.56743285200002,12.423218870000028],[123.56416932800005,12.425353979000022],[123.56362761900004,12.427572806000057],[123.56575226400003,12.426792502000069],[123.5651563880001,12.428136122000069],[123.56783364600005,12.428812872000037],[123.56562925000003,12.433271258000048],[123.56631532300003,12.439325988000064],[123.56257420200006,12.452949355000044],[123.55675417000009,12.459645817000023],[123.54576861500004,12.439982094000072],[123.53399356400007,12.40959080600004],[123.51744524900005,12.390046444000063],[123.51270663600008,12.381262439000068],[123.51083616500011,12.38202332700007],[123.51253118200009,12.380339444000072],[123.51012583400006,12.377921964000052],[123.5118389160001,12.373967287000028],[123.50976527900002,12.373479119000024],[123.50854486700007,12.370989561000044],[123.4844713330001,12.31672119600006]]]}},{"type":"Feature","properties":{"shapeName":"Milagros","shapeISO":"","shapeID":"30758251B25438008820372","shapeGroup":"PHL","shapeType":"ADM3","psgc_code":"0504112000","legacy_psgc_code":"054112000","province":"Masbate"},"geometry":{"type":"MultiPolygon","coordinates":[[[[123.54700248600011,12.041968712000028],[123.54519829000003,12.042159771000058],[123.5450826870001,12.03895204500003],[123.54807178100009,12.031832355000063],[123.5494446130001,12.03741502400004],[123.54700248600011,12.041968712000028]]],[[[123.40331317100004,12.336729995000042],[123.38863237700002,12.298982890000048],[123.39898435300006,12.297360947000072],[123.35794806100012,12.231386624000038],[123.38879326300003,12.208913041000073],[123.36903857000004,12.168631856000047],[123.33236017900003,12.122246761000042],[123.3247774680001,12.110140013000034],[123.33785727600002,12.093415321000066],[123.3410737480001,12.094510353000032],[123.34358170200005,12.091478824000035],[123.34941055500008,12.096283320000055],[123.34933182000009,12.09781011900003],[123.35154878900005,12.097067931000026],[123.35673442500001,12.099122005000027],[123.36047161600004,12.103051296000046],[123.362646218,12.10324305000006],[123.3675468460001,12.107886257000075],[123.36814772800005,12.110367991000032],[123.37167515800002,12.112070225000025],[123.37481686700005,12.12190634500007],[123.38163647500005,12.128772193000032],[123.381400202,12.13078050300004],[123.38845744800005,12.139759965000053],[123.38947560300005,12.144341630000042],[123.39366589000008,12.147271551000074],[123.39753105400007,12.152558685000031],[123.401306384,12.159107272000028],[123.400089309,12.160141590000023],[123.41883561500003,12.180490519000045],[123.42176789400003,12.188537334000046],[123.42355509100003,12.189573376000055],[123.4246659150001,12.194944792000058],[123.43013360000009,12.202350546000048],[123.44355172600001,12.205956017000062],[123.45043606900003,12.209989528000051],[123.46861732100001,12.211641839000038],[123.48544382800003,12.210787135000032],[123.4875026950001,12.216119473000049],[123.49872504700011,12.217607232000034],[123.498579016,12.218869379000068],[123.53136260100007,12.213062729000058],[123.53780607500005,12.210321044000068],[123.53754373000004,12.21204814400005],[123.53873523300001,12.210443551000026],[123.53837267600011,12.212390322000033],[123.539804462,12.213306353000064],[123.5407652350001,12.205001457000037],[123.5524055940001,12.196372561000032],[123.55229734200009,12.194862382000053],[123.55509489400004,12.193133223000075],[123.5584146110001,12.187714664000055],[123.56593650200011,12.181584378000025],[123.56336853100004,12.178555818000063],[123.56689092900001,12.16746712500003],[123.57847837400004,12.157651936000036],[123.5804528760001,12.158173864000048],[123.58052795300011,12.156102302000022],[123.59081895300005,12.144613453000034],[123.59488196400002,12.13639908700003],[123.59430572500003,12.13114811500003],[123.60681697300004,12.10642539500003],[123.60647852200009,12.104012295000075],[123.607876497,12.104062879000026],[123.61166224500005,12.095865205000052],[123.61535309200008,12.095268579000049],[123.6094636470001,12.088273337000032],[123.60738043700007,12.08806192700007],[123.606949471,12.085581673000036],[123.60235662200012,12.083105574000058],[123.60002242000007,12.079222831000038],[123.60075291100009,12.075026300000047],[123.61153555300007,12.071624513000074],[123.61346461300002,12.073182516000031],[123.62509132200012,12.070379818000049],[123.63441991200011,12.07215321700005],[123.64199068700009,12.068655823000029],[123.64130768600012,12.070706476000055],[123.6450719290001,12.076033911000025],[123.64402894500006,12.076899498000046],[123.64539114500008,12.076472257000034],[123.64703979300009,12.079132303000051],[123.64608227800011,12.080246192000061],[123.64716562500007,12.080322314000057],[123.64708125600009,12.082221279000066],[123.648214144,12.08233109200006],[123.64888274300006,12.07903585300005],[123.65545865500007,12.076957304000075],[123.66203209500009,12.079504222000025],[123.66513031700003,12.077978298000062],[123.66771392400005,12.071075675000031],[123.67403924400003,12.069598838000047],[123.67490305400008,12.070685567000055],[123.67295251500002,12.073165538000069],[123.673593406,12.074921023000059],[123.68448856000009,12.082751044000076],[123.68643909900004,12.08255599000006],[123.68855682800006,12.079100750000066],[123.69368395900005,12.076509319000024],[123.69876034900005,12.08011792800005],[123.70161052000003,12.080497950000051],[123.70618398900001,12.074187989000052],[123.70820950900008,12.076635530000033],[123.70815050200008,12.08359824400003],[123.71334636300003,12.084403740000027],[123.71503271400002,12.09042340600007],[123.71339122600011,12.09722159200004],[123.71512796800005,12.098777550000023],[123.72057999100002,12.098266654000042],[123.72079639200001,12.099921337000069],[123.71661086400002,12.103452382000057],[123.71831429400004,12.104987936000043],[123.72053248800012,12.104112144000055],[123.7242984080001,12.107170799000073],[123.72191798800009,12.10923189500005],[123.71769287300003,12.10867769500004],[123.716449882,12.113391033000028],[123.71240686200008,12.11420122100003],[123.71563226400008,12.121967816000051],[123.71259757900009,12.122312570000076],[123.71156757400001,12.124955683000053],[123.71432134800011,12.126858213000048],[123.71504490500001,12.130373851000058],[123.70940967000001,12.130263189000061],[123.71047798100005,12.128450039000029],[123.70945648800011,12.128084004000073],[123.70327645700002,12.132246588000044],[123.70288062800012,12.13447684700003],[123.69863717700002,12.134791807000056],[123.70442563600011,12.14106121900005],[123.7030423650001,12.142372135000073],[123.70014092200006,12.140562147000026],[123.69887238800004,12.142708198000037],[123.70090022400007,12.147464066000055],[123.69784483,12.149360047000073],[123.7031099300001,12.15201533100003],[123.69972262400006,12.153806738000071],[123.7012685090001,12.15775783600003],[123.69785392300003,12.156689358000051],[123.69528048000006,12.157494127000064],[123.69293437400006,12.162377302000039],[123.68996536700001,12.162741040000071],[123.69010176800009,12.165264469000022],[123.6870918410001,12.166096518000074],[123.68537318100005,12.169997602000024],[123.68350448000001,12.17021584500003],[123.68250874800003,12.17361679000004],[123.68033541700004,12.17302571700003],[123.67918055000007,12.176385742000036],[123.67627519700011,12.176835867000023],[123.675279466,12.18244197100006],[123.67313341500005,12.183537730000069],[123.67557045600006,12.188911951000023],[123.66180408500009,12.198883576000071],[123.64582989000007,12.198647831000073],[123.63221427000008,12.21218224300003],[123.61708850500008,12.222824141000046],[123.60732297000004,12.241448728000023],[123.5622403430001,12.258758692000072],[123.54621033500007,12.248995480000076],[123.54550202100006,12.250658805000057],[123.5473146700001,12.252586007000048],[123.54345946100011,12.25340998400003],[123.5460846630001,12.254253364000022],[123.54427719300008,12.255639049000024],[123.544209152,12.262408133000065],[123.53991695000002,12.262959774000024],[123.54029166100008,12.272575829000061],[123.53830051200009,12.271443729000055],[123.53575076700008,12.273135299000046],[123.52410153100004,12.291946084000074],[123.50907127000005,12.311883396000042],[123.4844713330001,12.31672119600006],[123.45319276700002,12.327794633000053],[123.40331317100004,12.336729995000042]]]]}},{"type":"Feature","properties":{"shapeName":"Mobo","shapeISO":"","shapeID":"30758251B81886103418295","shapeGroup":"PHL","shapeType":"ADM3","psgc_code":"0504113000","legacy_psgc_code":"054113000","province":"Masbate"},"geometry":{"type":"Polygon","coordinates":[[[123.60732297000004,12.241448728000023],[123.61708850500008,12.222824141000046],[123.63221427000008,12.21218224300003],[123.64582989000007,12.198647831000073],[123.66180408500009,12.198883576000071],[123.68752836600004,12.219963351000047],[123.7087305870001,12.24049820700003],[123.72906523800009,12.262376906000043],[123.73410731500007,12.270848754000042],[123.73030842300011,12.274102153000058],[123.72866563500008,12.280230706000054],[123.72365830500007,12.284075631000064],[123.71678651600007,12.295872951000035],[123.709923881,12.299447956000051],[123.70905722000009,12.302768769000068],[123.71006788000011,12.306583541000066],[123.70315046000007,12.31580314200005],[123.70378836300006,12.318919135000044],[123.69747073200006,12.32761739700004],[123.69662179300008,12.330977407000034],[123.68895101200008,12.33501334500005],[123.6864705050001,12.34017016000007],[123.6812711010001,12.340493498000058],[123.67214114900003,12.34777509600002],[123.66730554800006,12.349052104000066],[123.66640304400005,12.34807536300002],[123.66956589800009,12.344020833000059],[123.66543227500006,12.342303336000043],[123.66266270900007,12.343677740000032],[123.66111978600009,12.340386918000036],[123.66017889200009,12.341898034000053],[123.65422708200003,12.339928059000044],[123.65245323300007,12.34236906500007],[123.65169046100004,12.341125140000031],[123.64962883600003,12.342144887000075],[123.65034762400012,12.343614658000035],[123.64484379500004,12.34735947300004],[123.64482586200006,12.349831495000046],[123.64324754200004,12.347906781000063],[123.63992837,12.349686489000021],[123.63861776100009,12.349022579000064],[123.63916706300006,12.347395533000054],[123.6355166410001,12.345615518000045],[123.63520189000008,12.339174770000056],[123.63297419300011,12.340049215000022],[123.63240615300003,12.337358576000042],[123.62910505200011,12.337014757000077],[123.62834859600002,12.334298443000023],[123.62280020800006,12.33213243800003],[123.6230601640001,12.324077982000063],[123.62037561500006,12.308244597000055],[123.6133064820001,12.285471031000043],[123.615781147,12.27498597400006],[123.61440761300003,12.267128851000052],[123.61031610400005,12.25545300500005],[123.606611584,12.252276237000046],[123.60733362100007,12.250254915000028],[123.60419515100011,12.246650657000032],[123.60732297000004,12.241448728000023]]]}},{"type":"Feature","properties":{"shapeName":"Monreal","shapeISO":"","shapeID":"30758251B42419582255323","shapeGroup":"PHL","shapeType":"ADM3","psgc_code":"0504114000","legacy_psgc_code":"054114000","province":"Masbate"},"geometry":{"type":"MultiPolygon","coordinates":[[[[123.5828871110001,12.663976723000076],[123.58186002700006,12.665067952000072],[123.58191532400008,12.658629566000059],[123.58523745200011,12.652944208000065],[123.5858360520001,12.654968434000068],[123.5828871110001,12.663976723000076]]],[[[123.59939508200011,12.675254160000065],[123.59707075300003,12.674606201000074],[123.59926307700005,12.672020755000062],[123.60046525700011,12.67434453800007],[123.59939508200011,12.675254160000065]]],[[[123.59627146500009,12.686768877000077],[123.59209264300011,12.681727737000074],[123.59485455200002,12.677709452000045],[123.59627146500009,12.686768877000077]]],[[[123.70773202200007,12.612135076000072],[123.70863610100002,12.616975014000047],[123.71161727200001,12.620853187000023],[123.7089899130001,12.62465293200006],[123.69423353600007,12.635164786000075],[123.692103943,12.638429917000053],[123.68649371900005,12.640543216000026],[123.6837097560001,12.636970817000076],[123.681400015,12.637895741000023],[123.6817691220001,12.641648194000027],[123.68040518500004,12.643373307000047],[123.67499680600008,12.642973486000074],[123.66238622100002,12.645746002000067],[123.66165949700007,12.644816132000074],[123.65519128900007,12.648945766000054],[123.65225186100008,12.654630162000046],[123.6481840560001,12.657908882000072],[123.63678700500009,12.673033813000075],[123.63672274700002,12.675883957000053],[123.63104716900011,12.687026395000032],[123.62536288500007,12.693477943000062],[123.62067583200007,12.693834440000046],[123.61206802200002,12.688155236000057],[123.6088469980001,12.681761994000055],[123.6038298630001,12.682102502000077],[123.60480575000008,12.684667839000042],[123.6023975280001,12.683154247000061],[123.60066046500003,12.684298622000028],[123.59852859600005,12.677415277000023],[123.60117766000008,12.677060892000043],[123.60148851800011,12.673736804000043],[123.59955420400001,12.671390185000064],[123.60635608200005,12.663835521000067],[123.6054395760001,12.662987487000066],[123.60712891800006,12.662420800000064],[123.60685913100008,12.659216172000072],[123.60909113500009,12.658341905000043],[123.60899157300003,12.651979380000057],[123.61353870800008,12.64178240800004],[123.61248600600004,12.640563555000028],[123.609711403,12.641665125000031],[123.60924059000001,12.638710580000065],[123.6113189670001,12.636823763000052],[123.6145837150001,12.638544413000034],[123.61487014000011,12.633167626000045],[123.60720143500009,12.636070715000074],[123.60756153900002,12.63938668000003],[123.60411917200008,12.644320186000073],[123.60246550300008,12.644721422000032],[123.5954052620001,12.641006110000035],[123.59411449600009,12.637765086000059],[123.59546793100003,12.633328654000024],[123.59464076600011,12.63377693800004],[123.59419347100004,12.631639921000044],[123.5932656540001,12.633232527000075],[123.59144484600006,12.631911626000033],[123.58181856500005,12.653230361000055],[123.5808882990001,12.648445606000053],[123.58281141400005,12.635829160000071],[123.58208867500002,12.633040331000075],[123.57920917000001,12.630915966000032],[123.58207148200006,12.63070764500003],[123.58497112600003,12.62774405600004],[123.59212205400001,12.613008394000076],[123.59313830500002,12.608000073000028],[123.59953757100004,12.600601662000031],[123.60021875400003,12.60280053200006],[123.59794689900002,12.60423214900004],[123.59806305000006,12.606649297000047],[123.607939525,12.606755879000048],[123.60893554400002,12.608294357000034],[123.61198154500005,12.608159114000046],[123.6099163990001,12.59955758700005],[123.61456422700007,12.590255604000049],[123.61383726500003,12.588294113000075],[123.61211727400007,12.58841503900004],[123.61407154500012,12.586311692000038],[123.61255992200006,12.583460845000047],[123.61617259600007,12.582285887000069],[123.61747317000004,12.577027507000025],[123.62176699300005,12.573618789000022],[123.64807014000007,12.581974122000076],[123.64764487700006,12.594828219000021],[123.69169348200012,12.601715754000054],[123.69297800400011,12.603205049000053],[123.69731595000007,12.602083767000067],[123.69642944400005,12.604720210000039],[123.70010086400009,12.603762286000062],[123.70158897800002,12.60754091800004],[123.70108010000001,12.610518994000074],[123.70343557400008,12.613420664000046],[123.70773202200007,12.612135076000072]]],[[[123.60263864300009,12.708531249000032],[123.60153183600005,12.706383096000025],[123.60604299800002,12.698549864000029],[123.61317155200004,12.692539115000045],[123.61735045000012,12.693648825000025],[123.6167008000001,12.695849043000067],[123.61260671900004,12.697778651000021],[123.61068119900006,12.70081682600005],[123.60563846500008,12.701707268000064],[123.60696136700005,12.702627330000041],[123.60365763400011,12.705947481000067],[123.60458502000006,12.707745077000027],[123.60263864300009,12.708531249000032]]],[[[123.59047324800008,12.718076996000036],[123.58892211200009,12.717654451000044],[123.59397295800011,12.712722341000074],[123.59921338200002,12.710200948000022],[123.5979830550001,12.712324572000057],[123.59901367300006,12.713691663000077],[123.59710399200003,12.714417898000022],[123.59807814700002,12.714886269000033],[123.59567891800009,12.714158703000066],[123.59654555000009,12.715785693000043],[123.59479522100003,12.715520355000024],[123.59562852500005,12.716192781000075],[123.59373585800006,12.71760465400007],[123.59200303800003,12.71617943900003],[123.59178575300007,12.717912438000042],[123.59047324800008,12.718076996000036]]]]}},{"type":"Feature","properties":{"shapeName":"Palanas","shapeISO":"","shapeID":"30758251B93799151609782","shapeGroup":"PHL","shapeType":"ADM3","psgc_code":"0504115000","legacy_psgc_code":"054115000","province":"Masbate"},"geometry":{"type":"Polygon","coordinates":[[[123.9612526620001,12.100539125000068],[123.95006787000011,12.10996033400005],[123.94636581700001,12.12229048000006],[123.9435474930001,12.12472400400003],[123.94159998300006,12.12969104800004],[123.94233858600012,12.130850767000027],[123.94148873200004,12.129746115000046],[123.9383053580001,12.130761404000054],[123.93394394200004,12.140778071000057],[123.92803639200008,12.14309718800007],[123.91896442600012,12.152221933000021],[123.9156257730001,12.160376691000067],[123.9093460250001,12.167331606000062],[123.91174263000005,12.174038598000038],[123.911979,12.180069586000059],[123.90546305300006,12.182781479000028],[123.90291674600007,12.186039535000077],[123.90221757100005,12.190598798000053],[123.89878061900004,12.192649989000074],[123.89042113800008,12.173917679000056],[123.86494555600007,12.138996734000045],[123.85153325600004,12.108020747000069],[123.85018455200009,12.102859972000033],[123.87065957400011,12.09883248400007],[123.86417398100002,12.091159523000044],[123.86196376900011,12.08208260500004],[123.8464030780001,12.086201553000024],[123.84723078000002,12.074722051000037],[123.84845448500005,12.062663064000049],[123.84661476200006,12.054828784000051],[123.8504745140001,12.051850888000047],[123.85028009500002,12.049617333000072],[123.85380811900006,12.045899377000069],[123.85195596200003,12.04304479600006],[123.85329000900003,12.042523997000046],[123.85198254600004,12.036994434000064],[123.85306963700009,12.036085705000062],[123.85012966500005,12.030713474000038],[123.85459621600012,12.029533465000043],[123.85285679600008,12.02823982600006],[123.85496453100006,12.025323503000038],[123.85374227000011,12.022918099000037],[123.86345755000002,12.016725247000068],[123.87599958700002,12.031929658000024],[123.87900729100011,12.037864844000069],[123.89018755900008,12.028079586000047],[123.89622574000009,12.043776790000038],[123.91210476700007,12.047405182000034],[123.9271767030001,12.037746230000039],[123.92808546900005,12.039340939000056],[123.92667426000003,12.040839529000039],[123.93162539600007,12.041393059000029],[123.93021791000001,12.043414721000033],[123.9324708480001,12.045920615000057],[123.93265737500008,12.049508354000068],[123.92781931900004,12.05319810100002],[123.92918330100008,12.05571913600005],[123.92765902200006,12.055853202000037],[123.92565039300007,12.058968858000071],[123.94350890900012,12.061959106000074],[123.93823025300003,12.07995414800007],[123.94362178000006,12.078581747000044],[123.9426939220001,12.080763743000034],[123.94729732400003,12.083198008000068],[123.95019446900005,12.079700142000036],[123.9526756460001,12.078915280000047],[123.95130091400006,12.081214690000024],[123.95281859600004,12.08333771200006],[123.95446534900009,12.08333771200006],[123.95607946100006,12.086510549000025],[123.95730580700001,12.08622256700005],[123.95683700500001,12.089214919000028],[123.95828923900001,12.091550321000057],[123.95501253400005,12.096415553000043],[123.95659151300003,12.096741308000048],[123.95814144300005,12.10023332000003],[123.9612526620001,12.100539125000068]]]}},{"type":"Feature","properties":{"shapeName":"Pio V. Corpuz","shapeISO":"","shapeID":"30758251B13738867600145","shapeGroup":"PHL","shapeType":"ADM3","psgc_code":"0504116000","legacy_psgc_code":"054116000","province":"Masbate"},"geometry":{"type":"MultiPolygon","coordinates":[[[[124.10234041500007,11.836300039000037],[124.09950234300004,11.834175218000041],[124.10163201900002,11.832325756000046],[124.10347076000005,11.833836121000047],[124.10234041500007,11.836300039000037]]],[[[124.08654321000006,11.88256238300005],[124.0784477520001,11.875489704000074],[124.08084644200005,11.875323115000072],[124.0871605100001,11.86810272200006],[124.08989918200007,11.867970554000067],[124.09410145700008,11.871486296000057],[124.09587250800007,11.870798325000067],[124.09657186200002,11.872373786000026],[124.09416083100007,11.877449403000071],[124.08654321000006,11.88256238300005]]],[[[123.98213332800003,11.91866008200003],[123.98432793000006,11.888395048000064],[123.99537276,11.865417020000052],[124.0122337900001,11.855397880000055],[124.027247482,11.841847937000068],[124.03933703400003,11.80631204100007],[124.02734569800009,11.793358663000049],[124.03148265900006,11.782358058000057],[124.03685627800007,11.770396585000071],[124.04233363000003,11.777124400000048],[124.04774093500009,11.770825506000051],[124.05678835700007,11.751468544000033],[124.05910101900008,11.749515858000052],[124.05975316500007,11.743683857000065],[124.0624405640001,11.738692972000024],[124.07297622700003,11.727422596000054],[124.07322644500005,11.738605028000052],[124.0745502530001,11.740883903000054],[124.07327468500011,11.747279479000042],[124.0596672260001,11.77467620300007],[124.05593521900005,11.786944959000039],[124.05526290000012,11.795327376000046],[124.0558850320001,11.804851029000076],[124.06737803900012,11.827346919000036],[124.06570373800002,11.839536378000048],[124.06984377600008,11.84782408600006],[124.06998484700011,11.853308549000076],[124.06828336100011,11.857585465000057],[124.06481300700011,11.85773662500003],[124.06411102900006,11.861918161000062],[124.05591432500012,11.872992951000072],[124.05379474200004,11.880474998000068],[124.05112160200008,11.881984699000043],[124.05211387500003,11.882729642000072],[124.05108817200005,11.882523776000028],[124.04432791700003,11.897345889000064],[124.03719041300008,11.906176750000043],[124.03343236,11.917974369000035],[124.029568659,11.923507222000069],[124.02808979000008,11.936691087000042],[124.00721487500005,11.928296664000072],[124.00137029400003,11.924479913000027],[123.99887904900004,11.92872361600007],[123.98213332800003,11.91866008200003]]]]}},{"type":"Feature","properties":{"shapeName":"Placer","shapeISO":"","shapeID":"30758251B35943258709305","shapeGroup":"PHL","shapeType":"ADM3","psgc_code":"0504117000","legacy_psgc_code":"054117000","province":"Masbate"},"geometry":{"type":"MultiPolygon","coordinates":[[[[123.91053903900001,11.81879493100007],[123.9038613670001,11.815200988000072],[123.90604762600003,11.80876958400006],[123.90976941500003,11.808189085000038],[123.91201403000002,11.810333490000062],[123.91691706600011,11.810490332000029],[123.9182160900001,11.815031675000057],[123.91153411100004,11.816332397000053],[123.91053903900001,11.81879493100007]]],[[[123.84616615200002,11.819191403000048],[123.84420316800004,11.819139020000023],[123.84436576100006,11.817244292000055],[123.84553797800004,11.817056912000055],[123.84616615200002,11.819191403000048]]],[[[123.76770703000011,11.859260969000047],[123.76745642600008,11.856715399000052],[123.77100576900011,11.855895658000065],[123.76770703000011,11.859260969000047]]],[[[123.86345755000002,12.016725247000068],[123.85374227000011,12.022918099000037],[123.85496453100006,12.025323503000038],[123.85285679600008,12.02823982600006],[123.85459621600012,12.029533465000043],[123.85012966500005,12.030713474000038],[123.83475611100005,12.000348779000035],[123.83612664200007,11.996473485000024],[123.83401232000006,11.99304163000005],[123.83104435200005,11.991688624000062],[123.82969932600008,11.986501693000037],[123.82402926100008,11.982471866000026],[123.82117460000006,11.973874820000049],[123.81733597100003,11.968113243000062],[123.81405605300006,11.957316240000068],[123.81495009600008,11.954432230000066],[123.81365229200003,11.95226922200004],[123.81518081700005,11.949558253000077],[123.81205335600009,11.947899697000025],[123.80343337600004,11.949652933000039],[123.79374262600004,11.934241296000039],[123.79188286700003,11.928227737000043],[123.79259725500003,11.926275926000073],[123.79020914500006,11.922435233000044],[123.79885980800009,11.921780829000056],[123.8170124190001,11.916483742000025],[123.81613669700005,11.915956532000052],[123.82311708000009,11.912025691000053],[123.83611156400002,11.910676847000047],[123.85610599800009,11.90073852200004],[123.86114025100005,11.900486628000067],[123.86226174100011,11.898029414000064],[123.87713885000005,11.887955488000046],[123.88893874700011,11.877480852000076],[123.89712599200004,11.866389936000076],[123.90503157600006,11.86249065000004],[123.90659563400004,11.865263157000072],[123.9188416720001,11.866768040000068],[123.91909009200003,11.865388981000024],[123.92741940000008,11.861770032000038],[123.93342817100006,11.857124880000072],[123.9497366280001,11.84071091800007],[123.96113763000005,11.857307690000027],[123.96780937000005,11.862061910000023],[123.98432793000006,11.888395048000064],[123.98213332800003,11.91866008200003],[123.96724851400006,11.924267434000058],[123.96981101800009,11.92802040500004],[123.97207007300005,11.927905147000047],[123.97414471500008,11.930486925000025],[123.97723362700003,11.930878801000063],[123.97224535200007,11.93641522400003],[123.9679821090001,11.937773262000064],[123.97114259900002,11.937869228000068],[123.96935236600007,11.939953268000068],[123.96496545900004,11.940115873000025],[123.9630491160001,11.941939129000048],[123.96074199000009,11.940629932000036],[123.95994097100004,11.942571237000038],[123.95703513600006,11.939914716000033],[123.955088638,11.941060365000055],[123.95450294800003,11.938833093000028],[123.95335811100006,11.939706470000033],[123.95097198300004,11.93907400300003],[123.95081589600011,11.937696870000025],[123.94682730500006,11.937924332000023],[123.94772029100011,11.941611515000034],[123.94108530800008,11.944219747000034],[123.93969754900002,11.947194877000072],[123.9356527010001,11.947856394000041],[123.93466489900004,11.950366553000038],[123.92302369000004,11.956589910000048],[123.91762457000004,11.96217050000007],[123.9081984500001,11.978002820000029],[123.9046747000001,11.97994323000006],[123.88712668000005,11.98189781000002],[123.88368566000008,11.983979120000072],[123.87462798900003,11.995940965000045],[123.86063425300006,12.008832042000051],[123.86345755000002,12.016725247000068]]]]}},{"type":"Feature","properties":{"shapeName":"San Fernando","shapeISO":"","shapeID":"30758251B6927182606556","shapeGroup":"PHL","shapeType":"ADM3","psgc_code":"0504118000","legacy_psgc_code":"054118000","province":"Masbate"},"geometry":{"type":"Polygon","coordinates":[[[123.77654387400003,12.439108232000024],[123.77451141300003,12.450644908000072],[123.77209738700003,12.454889602000037],[123.77309454500005,12.46203183700004],[123.76928979400009,12.466470926000056],[123.76964532800002,12.468532999000047],[123.7732200700001,12.471385488000067],[123.77307241200003,12.474361877000035],[123.77116528800002,12.477653641000074],[123.76571466300004,12.480435471000021],[123.76444223100009,12.483681540000077],[123.76470010000003,12.487544488000026],[123.76688426800001,12.489872738000031],[123.76523069500001,12.489421710000045],[123.7701412560001,12.492677836000041],[123.75624196800004,12.517281110000056],[123.750579764,12.516388706000043],[123.74894051500007,12.518557025000064],[123.75201089400002,12.519440106000047],[123.75429978400007,12.52256800300006],[123.75358280700004,12.525636408000025],[123.7418328230001,12.520717083000022],[123.74660901400011,12.51340583700005],[123.72974748500008,12.503653060000033],[123.7150618710001,12.518555021000054],[123.69714062300011,12.517194179000057],[123.66347011800008,12.509082528000022],[123.66518669100003,12.506221133000054],[123.66514535800002,12.498447378000037],[123.6677394620001,12.494182971000043],[123.67753932200003,12.486315853000065],[123.68346137500009,12.484985736000056],[123.6865102270001,12.481986259000053],[123.68600706000007,12.473186],[123.68344110200007,12.466748860000052],[123.68463376900002,12.462754683000071],[123.69996073200002,12.448583966000058],[123.70446683300008,12.439815246000023],[123.7079450230001,12.436259677000066],[123.72833751700011,12.442423156000075],[123.76705181400007,12.43688691400007],[123.77654387400003,12.439108232000024]]]}},{"type":"Feature","properties":{"shapeName":"San Jacinto","shapeISO":"","shapeID":"30758251B27565231296261","shapeGroup":"PHL","shapeType":"ADM3","psgc_code":"0504119000","legacy_psgc_code":"054119000","province":"Masbate"},"geometry":{"type":"Polygon","coordinates":[[[123.62176699300005,12.573618789000022],[123.62206186900005,12.565976902000045],[123.62515332300006,12.559321571000055],[123.63040239300005,12.554708065000057],[123.63023033500008,12.55092922700004],[123.63428439800009,12.54748882000007],[123.63478447200009,12.54217908000004],[123.64984495200008,12.532309360000056],[123.65174503700007,12.523634836000042],[123.66239698000004,12.513484141000049],[123.66347011800008,12.509082528000022],[123.69714062300011,12.517194179000057],[123.7150618710001,12.518555021000054],[123.72974748500008,12.503653060000033],[123.74660901400011,12.51340583700005],[123.7418328230001,12.520717083000022],[123.75358280700004,12.525636408000025],[123.7511772470001,12.530586846000062],[123.74165670100001,12.530006297000057],[123.73874633200012,12.532373363000033],[123.74500411200006,12.533297548000064],[123.7487824100001,12.537275142000055],[123.74457082300012,12.54458494100004],[123.74272303200007,12.552497075000076],[123.74048093700003,12.554227113000024],[123.7364433140001,12.57027752700003],[123.7326343630001,12.571366892000071],[123.73095559900003,12.569430210000064],[123.72769283700006,12.570309389000045],[123.72437301100001,12.569122825000022],[123.72169345700001,12.576464217000023],[123.71965650600009,12.57649761500005],[123.72108673200012,12.579159349000065],[123.72374500900003,12.580020808000029],[123.72882832700009,12.57938881900003],[123.73114278000003,12.57654883500004],[123.73508698700005,12.579527648000067],[123.73615563800001,12.582904516000042],[123.72537094200004,12.614489734000074],[123.7231781270001,12.615867833000038],[123.71607818700011,12.61423798100003],[123.71152737500006,12.609705003000045],[123.70773202200007,12.612135076000072],[123.70343557400008,12.613420664000046],[123.70108010000001,12.610518994000074],[123.70158897800002,12.60754091800004],[123.70010086400009,12.603762286000062],[123.69642944400005,12.604720210000039],[123.69731595000007,12.602083767000067],[123.69297800400011,12.603205049000053],[123.69169348200012,12.601715754000054],[123.64764487700006,12.594828219000021],[123.64807014000007,12.581974122000076],[123.62176699300005,12.573618789000022]]]}},{"type":"Feature","properties":{"shapeName":"San Pascual","shapeISO":"","shapeID":"30758251B17362038496048","shapeGroup":"PHL","shapeType":"ADM3","psgc_code":"0504120000","legacy_psgc_code":"054120000","province":"Masbate"},"geometry":{"type":"MultiPolygon","coordinates":[[[[122.95659245500008,13.129159522000066],[122.95668537200004,13.127796433000071],[122.95829503000004,13.12751230200007],[122.95659245500008,13.129159522000066]]],[[[122.84623105000003,13.140957448000051],[122.84715287800009,13.142405359000065],[122.8433671900001,13.144387506000044],[122.84623105000003,13.140957448000051]]],[[[122.84198824500004,13.144849968000074],[122.84257526800002,13.14640782500004],[122.84106883800007,13.14712225900007],[122.84198824500004,13.144849968000074]]],[[[122.80115947500008,13.151222006000069],[122.80169534600009,13.15253828300007],[122.80038477700009,13.152562461000059],[122.80115947500008,13.151222006000069]]],[[[122.97395349100009,13.157007331000045],[122.96450600700007,13.148242108000034],[122.95499144300004,13.146134353000036],[122.9518566160001,13.142368890000057],[122.94686681900009,13.14157358400007],[122.94802993700011,13.135676634000049],[122.95028710800011,13.133530008000037],[122.95167863900008,13.134832277000044],[122.95483065000008,13.133771620000061],[122.959024784,13.129015393000032],[122.96131197800003,13.131242891000056],[122.96098897500008,13.13397885300003],[122.96269248200008,13.135760008000034],[122.96801801300012,13.13394839800003],[122.97295563300008,13.135810032000052],[122.97231753400001,13.136931343000072],[122.97524437800007,13.139061863000052],[122.97439626500011,13.140650822000055],[122.97864827,13.143699828000024],[122.976165465,13.14770825900007],[122.97829711500003,13.15489694300004],[122.97623331300008,13.157310769000048],[122.97426373200005,13.156121535000068],[122.97395349100009,13.157007331000045]]],[[[123.14053822500011,12.989850723000075],[123.1359110520001,13.001509875000067],[123.13595141400003,13.00477348100003],[123.12843727600011,13.014098915000034],[123.12251906600011,13.024902373000032],[123.11406260600006,13.032681135000075],[123.1099216990001,13.033186081000053],[123.11050609000006,13.03023782200006],[123.10732218900012,13.028386212000044],[123.10206929700007,13.032058580000069],[123.10191215800012,13.03452459500005],[123.10366722800006,13.03489692200003],[123.10412376700003,13.036676193000062],[123.10640747200011,13.036719670000025],[123.10771302800003,13.039952554000024],[123.1038427100001,13.040779824000026],[123.10230132600009,13.03977178200006],[123.09968678300004,13.04309760600006],[123.09690703800004,13.047956072000034],[123.09677249700007,13.051145362000057],[123.095241041,13.052162758000065],[123.09642605400006,13.054555151000045],[123.0960862720001,13.061437770000055],[123.0922939730001,13.062824504000048],[123.08839014400007,13.067510759000072],[123.08890178200011,13.069615921000036],[123.08439711200003,13.074201146000064],[123.08312242000011,13.07950327900005],[123.07469623400004,13.081722670000033],[123.07387895000011,13.088686089000078],[123.06835780500012,13.096844794000049],[123.06412108100005,13.095003946000077],[123.06562451200011,13.097488385000077],[123.06336988500004,13.101415020000047],[123.0626870110001,13.106711486000052],[123.05435639500001,13.121217827000066],[123.05349057900003,13.11815643400007],[123.05007382300005,13.120330457000023],[123.0491626270001,13.118178659000023],[123.04820602300003,13.121439637000037],[123.04683933400008,13.121816753000076],[123.04485763900004,13.118622319000053],[123.04542708400004,13.113564584000073],[123.04415154800006,13.116714570000056],[123.0427849460001,13.113830766000035],[123.04014279300009,13.114230011000075],[123.0386576190001,13.116224621000072],[123.03810602100009,13.121118559000024],[123.04202935,13.121273346000066],[123.04243691500005,13.118353897000077],[123.04409461400007,13.120096170000068],[123.04305852300001,13.121340630000077],[123.04647051300003,13.124652325000056],[123.046307124,13.126931936000062],[123.04512849500009,13.126900413000044],[123.04626739700007,13.130139806000045],[123.0452619350001,13.134971517000054],[123.03842666500009,13.139702352000029],[123.03086810000002,13.13960931400004],[123.02543629800005,13.13669832000005],[123.01762282700008,13.135898309000027],[123.01019088300006,13.13819193300003],[123.00441798600002,13.144752191000066],[123.00453006100008,13.147952469000074],[122.99884532800002,13.151379210000073],[122.99699280400012,13.158423410000069],[122.99473467500002,13.15915190000004],[122.99019406000002,13.156140042000061],[122.99048262100007,13.149634022000043],[122.99280547100011,13.147742857000026],[122.9921428880001,13.146242013000062],[122.99060932900011,13.145167869000034],[122.98514406900006,13.145847054000058],[122.98486016600009,13.14268596900007],[122.98684420200004,13.140176152000038],[122.98577900700002,13.13730595800007],[122.97986225900002,13.138775116000033],[122.97668669500001,13.136093972000026],[122.97684124000011,13.132905879000077],[122.97527468600003,13.132686727000078],[122.97624481200012,13.129238874000066],[122.97531253200009,13.127967295000076],[122.97913130900008,13.126274570000021],[122.9790638830001,13.123466928000028],[122.98105011300004,13.121464842000023],[122.9805556010001,13.116310911000028],[122.97436886300011,13.117649389000064],[122.97527846100002,13.120055554000032],[122.97315413800004,13.12312380700007],[122.97351049500003,13.124924372000066],[122.97113526900011,13.125403603000052],[122.97055790400009,13.128108627000074],[122.96857226800012,13.12868052400006],[122.96642987100006,13.12420288100003],[122.96747346000006,13.119097793000037],[122.96554354500006,13.118960119000064],[122.96208178100005,13.12443479600006],[122.95961048100003,13.12530414400004],[122.95499469700007,13.122727250000025],[122.94562797800006,13.122734372000025],[122.94081978300005,13.121339486000068],[122.93895216400006,13.11899231800004],[122.93692592900004,13.119507517000045],[122.9312711230001,13.113311705000058],[122.92849170800002,13.113329664000048],[122.93096743900003,13.106132818000049],[122.93490293200011,13.10422535300006],[122.93851214600011,13.099476131000074],[122.94620601800011,13.093611430000067],[122.94750816300007,13.096409944000072],[122.950375441,13.094997001000024],[122.95233706200008,13.096379107000075],[122.95570724400011,13.094725263000043],[122.95761256600008,13.08884739900003],[122.95673157400006,13.086312467000027],[122.96031490200005,13.08455516600003],[122.95888429400009,13.082950890000063],[122.9609349860001,13.079617424000048],[122.9599214750001,13.079370236000045],[122.95490124900005,13.085422335000032],[122.95044934300006,13.08403998600005],[122.95078038000008,13.077265942000054],[122.94732207900006,13.068498904000023],[122.94275605100006,13.067792128000065],[122.94635926,13.064563650000025],[122.9458964910001,13.060826775000066],[122.94713104400012,13.05962676200005],[122.94666718600001,13.056508453000049],[122.94322207300002,13.05454906600005],[122.94412559300008,13.04966986200003],[122.94872121300011,13.04856660200005],[122.94943489800005,13.044651010000052],[122.94946294200008,13.03816772700003],[122.94758815500006,13.03868994800007],[122.94364373300004,13.034142969000072],[122.94609919600009,13.02948679800005],[122.94530963000011,13.02583938500004],[122.9482278050001,13.02501367700006],[122.94842224500007,13.028069376000076],[122.9523400170001,13.032215473000065],[122.96159152000007,13.03402636900006],[122.96122546700008,13.037258070000064],[122.9635766880001,13.03677291200006],[122.96481622500005,13.03906779700003],[122.96594076800011,13.033450415000061],[122.96338682700002,13.026249918000076],[122.9685395680001,13.026385165000022],[122.96651475600004,13.023678914000072],[122.96692603200006,13.020198296000046],[122.97048930800008,13.018967885000052],[122.97175389800009,13.01619157500005],[122.97764597700007,13.012326419000033],[122.97834690400009,13.009950695000043],[122.98138615300002,13.009493330000055],[122.9853530800001,13.00639540800006],[122.99639566500002,13.006474382000022],[122.99783827800002,13.008389432000058],[122.99925129100006,13.006241200000034],[123.00448878700001,13.006294467000032],[123.00859889900005,13.00835403800005],[123.00893961500003,13.01339058900004],[123.0097134560001,13.00876929900005],[123.0121197630001,13.006422155000052],[123.01433581800006,13.006662466000023],[123.01688216000002,13.004757028000029],[123.01931563500011,13.006854882000027],[123.02015595600005,13.002375248000021],[123.02744423000001,12.998240803000044],[123.03177360000007,12.99759109200005],[123.03340017000005,12.998907993000046],[123.03435233100004,12.997770569000068],[123.03711959500004,12.999610226000073],[123.04012091200002,12.99817519000004],[123.04607135100002,13.000003229000072],[123.04927517600004,12.995787535000034],[123.04878395900005,12.99248493400006],[123.05043004400011,12.99125863200004],[123.05243601200004,12.998612506000029],[123.05864200700012,12.99929389600004],[123.06269667200002,12.998129919000064],[123.063932958,12.999423270000023],[123.06481695600007,12.995004055000038],[123.06864708900002,12.99187812100007],[123.06645754300007,12.985380101000032],[123.06630122400009,12.975680668000052],[123.07362684600002,12.965792108000073],[123.07544152100002,12.96510904400003],[123.07538586500004,12.960769605000053],[123.07771964900007,12.956703015000073],[123.08049775400002,12.960037600000021],[123.08268059800002,12.959497371000054],[123.08516271300005,12.960877225000047],[123.08599091700012,12.963662738000039],[123.08817150900006,12.962340363000067],[123.09108049000008,12.964882773000056],[123.09111178800003,12.960468551000076],[123.09428287700007,12.957136736000052],[123.09943012400004,12.957056090000037],[123.10035326000002,12.95871773400006],[123.10600386300007,12.959154454000043],[123.1081465530001,12.962855464000029],[123.11136058800003,12.963926809000043],[123.11243193300004,12.968309584000053],[123.14053822500011,12.989850723000075]]],[[[122.85868393300007,13.173328260000062],[122.85726586500004,13.17261372400003],[122.85883905800006,13.167185509000035],[122.861921961,13.165097876000061],[122.86153426900012,13.163085394000063],[122.86410606400011,13.161219126000049],[122.86465008900007,13.157866611000031],[122.86736072300005,13.156114241000068],[122.86725615900002,13.15404466900003],[122.87061103500002,13.153654750000044],[122.86954552300006,13.150508604000038],[122.87121200100012,13.144898635000061],[122.87565973900007,13.141607946000022],[122.87857819500005,13.143312800000047],[122.8846833130001,13.140306397000074],[122.88711682500002,13.139868705000026],[122.88845293200006,13.141296373000046],[122.89409824100005,13.140415548000021],[122.89647711700002,13.145254546000047],[122.8954126430001,13.146860223000033],[122.87471811800003,13.15339324200005],[122.86955398100008,13.160691605000068],[122.86715197,13.169128106000073],[122.86414669700002,13.172619675000021],[122.86045967500002,13.171717657000045],[122.85868393300007,13.173328260000062]]],[[[122.93724949300008,13.180142449000073],[122.93588099800002,13.178719651000051],[122.93691265400003,13.175135872000055],[122.93830430600008,13.178408685000022],[122.93724949300008,13.180142449000073]]]]}},{"type":"Feature","properties":{"shapeName":"Uson","shapeISO":"","shapeID":"30758251B48205364184496","shapeGroup":"PHL","shapeType":"ADM3","psgc_code":"0504121000","legacy_psgc_code":"054121000","province":"Masbate"},"geometry":{"type":"Polygon","coordinates":[[[123.80723951000004,12.062327450000055],[123.8228994430001,12.093501322000066],[123.82685593500003,12.129010397000059],[123.83517130900009,12.139063427000053],[123.82014620500001,12.155825539000034],[123.8299229380001,12.16298019900006],[123.83280552200006,12.162884021000025],[123.82993322200002,12.166058854000028],[123.83006705900004,12.173137274000055],[123.82865205500002,12.175221742000076],[123.83106384000007,12.178478612000049],[123.83327216600003,12.178672155000072],[123.83419310300008,12.180478014000073],[123.83637454000007,12.180236204000039],[123.83645171400008,12.181959745000029],[123.84041115900004,12.183489121000036],[123.82029986000009,12.214969370000063],[123.83704919200011,12.219674490000045],[123.8355759430001,12.223398127000053],[123.83260776800012,12.224996598000075],[123.82315318300004,12.236005685000066],[123.81725203200006,12.237722594000047],[123.81368924900005,12.24197569000006],[123.81078541200009,12.243184385000063],[123.79912927700002,12.243917270000054],[123.79604674100005,12.24064975400006],[123.79485631800003,12.236940657000048],[123.78720126600001,12.236429591000046],[123.78620247700007,12.233071700000039],[123.78371489200003,12.231483239000056],[123.78334567700006,12.227888991000043],[123.78106055600006,12.226359178000052],[123.78304328100012,12.223264143000051],[123.78250477600011,12.220606127000053],[123.78445573800002,12.219179408000059],[123.78539422600011,12.214113444000077],[123.78876489900006,12.210289370000055],[123.79123096700005,12.203130351000027],[123.79290075500012,12.203973681000036],[123.79401981300009,12.203044171000045],[123.79235872100003,12.20230457200006],[123.79480392200003,12.201580814000067],[123.78823756700001,12.199727730000063],[123.7897317610001,12.196615626000039],[123.78300020000006,12.195252780000033],[123.77987141000006,12.201729355000055],[123.7762993130001,12.203546803000052],[123.7766858230001,12.20639265400007],[123.772760145,12.211955798000076],[123.76464198600002,12.217176691000077],[123.76604489500005,12.222415567000041],[123.76408599500007,12.226810874000023],[123.75773342800005,12.233612639000057],[123.75552903000005,12.246077221000064],[123.752703171,12.247442104000072],[123.74953596800003,12.24454797200002],[123.74699623800007,12.248539952000044],[123.74808358000007,12.251465857000028],[123.74473298500004,12.251508130000047],[123.738978556,12.267430471000068],[123.73660456200002,12.270334392000052],[123.73410731500007,12.270848754000042],[123.72906523800009,12.262376906000043],[123.7087305870001,12.24049820700003],[123.68752836600004,12.219963351000047],[123.66180408500009,12.198883576000071],[123.67557045600006,12.188911951000023],[123.67313341500005,12.183537730000069],[123.675279466,12.18244197100006],[123.67627519700011,12.176835867000023],[123.67918055000007,12.176385742000036],[123.68033541700004,12.17302571700003],[123.68250874800003,12.17361679000004],[123.68350448000001,12.17021584500003],[123.68537318100005,12.169997602000024],[123.6870918410001,12.166096518000074],[123.69010176800009,12.165264469000022],[123.68996536700001,12.162741040000071],[123.69293437400006,12.162377302000039],[123.69528048000006,12.157494127000064],[123.69785392300003,12.156689358000051],[123.7012685090001,12.15775783600003],[123.69972262400006,12.153806738000071],[123.7031099300001,12.15201533100003],[123.69784483,12.149360047000073],[123.70090022400007,12.147464066000055],[123.69887238800004,12.142708198000037],[123.70014092200006,12.140562147000026],[123.7030423650001,12.142372135000073],[123.70442563600011,12.14106121900005],[123.69863717700002,12.134791807000056],[123.70288062800012,12.13447684700003],[123.70327645700002,12.132246588000044],[123.70945648800011,12.128084004000073],[123.71047798100005,12.128450039000029],[123.70940967000001,12.130263189000061],[123.71504490500001,12.130373851000058],[123.71432134800011,12.126858213000048],[123.71156757400001,12.124955683000053],[123.71259757900009,12.122312570000076],[123.71563226400008,12.121967816000051],[123.71240686200008,12.11420122100003],[123.716449882,12.113391033000028],[123.71769287300003,12.10867769500004],[123.72191798800009,12.10923189500005],[123.7242984080001,12.107170799000073],[123.72053248800012,12.104112144000055],[123.71831429400004,12.104987936000043],[123.71661086400002,12.103452382000057],[123.72079639200001,12.099921337000069],[123.72057999100002,12.098266654000042],[123.71512796800005,12.098777550000023],[123.71339122600011,12.09722159200004],[123.71503271400002,12.09042340600007],[123.71334636300003,12.084403740000027],[123.71603628200012,12.086322659000075],[123.71876730100007,12.083648167000035],[123.72247732000005,12.087278682000033],[123.74487162000003,12.097835540000062],[123.74866303300007,12.103598875000046],[123.74899359300002,12.107785961000047],[123.74491202000002,12.115880770000047],[123.74914533600008,12.11460579900006],[123.75020406500005,12.116193893000059],[123.7528004720001,12.11548807400004],[123.75423731800004,12.117353453000021],[123.75675810200005,12.11563932100006],[123.7566320630001,12.117908026000066],[123.759569413,12.11691835800002],[123.76512471700005,12.118838889000074],[123.77250432900007,12.109634654000047],[123.78079033000006,12.106982630000061],[123.77536657000007,12.09139145000006],[123.78535637100003,12.091433876000053],[123.7907555910001,12.08711177300006],[123.80004910000002,12.085780940000063],[123.79698166000003,12.074382310000033],[123.80367251000007,12.069776870000055],[123.80723951000004,12.062327450000055]]]}}]}
