{
  "type": "FeatureCollection",
  "source": {
    "dataset": "geoBoundaries gbOpen PHL ADM3",
    "commit": "9469f09",
    "boundary_year": 2020,
    "license": "CC BY 3.0 IGO",
    "organizations": [
      "NAMRIA",
      "Philippine Statistics Authority",
      "OCHA Philippines"
    ],
    "metadata_url": "https://www.geoboundaries.org/api/current/gbOpen/PHL/ADM3/",
    "url": "https://media.githubusercontent.com/media/wmgeolab/geoBoundaries/9469f09/releaseData/gbOpen/PHL/ADM3/geoBoundaries-PHL-ADM3_simplified.geojson",
    "retrieved_at": "2026-09-18",
    "identity_source": "https://psa.gov.ph/classification/psgc/citimuni/0604500000",
    "reference_area_source": "https://ulap-nga.georisk.gov.ph/arcgis/rest/services/PSA/Municipal/MapServer/0",
    "notice": "Approximate planning/reference municipality boundaries; not legal, cadastral, or survey-grade."
  },
  "features": [
    {
      "type": "Feature",
      "properties": {
        "shapeName": "Bacolod City",
        "shapeISO": "",
        "shapeID": "30758251B10359126771558",
        "shapeGroup": "PHL",
        "shapeType": "ADM3",
        "psgc_code": "0630200000",
        "legacy_psgc_code": "064501000",
        "province": "Negros Occidental",
        "reference_area_sqkm": 162.3778658,
        "reference_bbox": [
          122.896315,
          10.584446,
          123.139327,
          10.715837
        ]
      },
      "geometry": {
        "type": "Polygon",
        "coordinates": [
          [
            [
              123.13932722700008,
              10.659633958000029
            ],
            [
              123.13487612400002,
              10.663793869000074
            ],
            [
              123.12806520100003,
              10.665268599000058
            ],
            [
              123.12412092700004,
              10.66448424300006
            ],
            [
              123.10042594000004,
              10.668559144000028
            ],
            [
              123.07634461500004,
              10.669879216000027
            ],
            [
              123.05766655600007,
              10.679086870000049
            ],
            [
              123.04982497700007,
              10.684967264000022
            ],
            [
              123.04355150600009,
              10.684852027000034
            ],
            [
              123.04117509500009,
              10.683940864000022
            ],
            [
              123.04075645300009,
              10.68222935600005
            ],
            [
              123.03596669300009,
              10.681207377000021
            ],
            [
              123.02816640300011,
              10.681509045000041
            ],
            [
              123.02625788700004,
              10.682777285000043
            ],
            [
              123.02573458400002,
              10.681909218000044
            ],
            [
              123.02492808200009,
              10.683288275000052
            ],
            [
              123.02234235000003,
              10.68202003500005
            ],
            [
              123.01829137100003,
              10.683337527000049
            ],
            [
              123.01377865300003,
              10.68211238200007
            ],
            [
              123.00347638200003,
              10.689284807000035
            ],
            [
              123.0031765220001,
              10.693813857000066
            ],
            [
              123.00085675800005,
              10.694688665000058
            ],
            [
              123.002319123,
              10.697152054000071
            ],
            [
              122.99919630300008,
              10.69994379800005
            ],
            [
              122.96161394400008,
              10.71272773100003
            ],
            [
              122.94898470100009,
              10.715716358000066
            ],
            [
              122.94834142800005,
              10.70769008800005
            ],
            [
              122.94852694700012,
              10.709605078000038
            ],
            [
              122.94958671200004,
              10.708170825000025
            ],
            [
              122.947851925,
              10.703532640000049
            ],
            [
              122.94085609100011,
              10.703730472000075
            ],
            [
              122.93942546500011,
              10.701704169000038
            ],
            [
              122.94896745800008,
              10.703529021000065
            ],
            [
              122.94893587700005,
              10.69983140000005
            ],
            [
              122.9509659680001,
              10.699951813000041
            ],
            [
              122.95115286600003,
              10.693655430000035
            ],
            [
              122.9499867400001,
              10.693804683000053
            ],
            [
              122.95120381600009,
              10.693396222000047
            ],
            [
              122.95001808500001,
              10.69323451300005
            ],
            [
              122.95134297600009,
              10.692645281000068
            ],
            [
              122.951137431,
              10.687697287000049
            ],
            [
              122.95056181500001,
              10.686772036000036
            ],
            [
              122.94631420500002,
              10.68759960400007
            ],
            [
              122.95108059300003,
              10.686434014000042
            ],
            [
              122.94957537200003,
              10.680898738000053
            ],
            [
              122.94692757500002,
              10.681875493000064
            ],
            [
              122.94795093500011,
              10.684477590000029
            ],
            [
              122.94691672600004,
              10.686844018000045
            ],
            [
              122.94318280400012,
              10.686887260000049
            ],
            [
              122.94085219500005,
              10.687961789000042
            ],
            [
              122.94128377700008,
              10.689236314000027
            ],
            [
              122.93589823600007,
              10.691506098000048
            ],
            [
              122.93328411400012,
              10.685341329000039
            ],
            [
              122.94339586800004,
              10.681057385000031
            ],
            [
              122.9413907930001,
              10.676267298000027
            ],
            [
              122.93438450200006,
              10.677985987000056
            ],
            [
              122.94162493300007,
              10.675097382000047
            ],
            [
              122.93859722200011,
              10.668894192000039
            ],
            [
              122.93245592300002,
              10.66887627400007
            ],
            [
              122.93177820200003,
              10.667557522000038
            ],
            [
              122.93473739600006,
              10.665101854000056
            ],
            [
              122.9295941800001,
              10.660541606000038
            ],
            [
              122.92752884200002,
              10.656282400000066
            ],
            [
              122.92401483600008,
              10.646335408000027
            ],
            [
              122.92446348800001,
              10.642341216000034
            ],
            [
              122.92288285200004,
              10.64184386100004
            ],
            [
              122.92417422000005,
              10.637007672000038
            ],
            [
              122.92226605100007,
              10.634599793000064
            ],
            [
              122.92600444000004,
              10.635295734000067
            ],
            [
              122.92650971300009,
              10.63416109600007
            ],
            [
              122.92332413600002,
              10.627677221000056
            ],
            [
              122.9235988910001,
              10.625309926000057
            ],
            [
              122.91761733300007,
              10.615308319000064
            ],
            [
              122.91866520400004,
              10.614875246000054
            ],
            [
              122.91834370100003,
              10.612132816000042
            ],
            [
              122.91650672000003,
              10.612333285000034
            ],
            [
              122.91587649400003,
              10.610041827000032
            ],
            [
              122.91366632000006,
              10.612188261000028
            ],
            [
              122.91239925800005,
              10.611366647000068
            ],
            [
              122.9149128900001,
              10.607945483000037
            ],
            [
              122.91446952700005,
              10.60541666100005
            ],
            [
              122.9012883800001,
              10.599309382000058
            ],
            [
              122.89681542100004,
              10.59985152300004
            ],
            [
              122.89670918500008,
              10.597621901000025
            ],
            [
              122.89997056900006,
              10.595009190000042
            ],
            [
              122.91548142500005,
              10.594376645000068
            ],
            [
              122.92537370900004,
              10.591954679000025
            ],
            [
              122.93230960300002,
              10.592446296000048
            ],
            [
              122.95103008100011,
              10.586150562000057
            ],
            [
              122.98803878500007,
              10.58473933700003
            ],
            [
              122.98941041400008,
              10.584636336000074
            ],
            [
              122.98941556500006,
              10.586725539000042
            ],
            [
              122.99131249800007,
              10.58736071100003
            ],
            [
              122.99015373800012,
              10.589000143000021
            ],
            [
              122.9944334270001,
              10.591973437000036
            ],
            [
              122.99708570200005,
              10.599348305000035
            ],
            [
              122.99966244300003,
              10.598459063000064
            ],
            [
              123.00028044800001,
              10.600901903000022
            ],
            [
              123.0038734640001,
              10.602256365000073
            ],
            [
              123.00976713800003,
              10.611085216000049
            ],
            [
              123.00896814100008,
              10.612683210000057
            ],
            [
              123.01215940100008,
              10.615614442000037
            ],
            [
              123.013922868,
              10.61528822400004
            ],
            [
              123.01709400400011,
              10.619615459000045
            ],
            [
              123.021838666,
              10.634206204000066
            ],
            [
              123.04134135900006,
              10.631646683000042
            ],
            [
              123.07680386400011,
              10.646226795000075
            ],
            [
              123.11841817400011,
              10.65281122600004
            ],
            [
              123.12475722700003,
              10.655357568000056
            ],
            [
              123.13830552900004,
              10.657486472000073
            ],
            [
              123.13932722700008,
              10.659633958000029
            ]
          ]
        ]
      }
    },
    {
      "type": "Feature",
      "properties": {
        "shapeName": "Bago City",
        "shapeISO": "",
        "shapeID": "30758251B44456462498857",
        "shapeGroup": "PHL",
        "shapeType": "ADM3",
        "psgc_code": "0604502000",
        "legacy_psgc_code": "064502000",
        "province": "Negros Occidental",
        "reference_area_sqkm": 406.86691581,
        "reference_bbox": [
          122.829314,
          10.41435,
          123.160868,
          10.595657
        ]
      },
      "geometry": {
        "type": "Polygon",
        "coordinates": [
          [
            [
              122.89997056900006,
              10.595009190000042
            ],
            [
              122.89874767300012,
              10.594322266000063
            ],
            [
              122.89941017600006,
              10.591065173000061
            ],
            [
              122.89583281300008,
              10.58770428400004
            ],
            [
              122.88869772900011,
              10.583358325000063
            ],
            [
              122.886324435,
              10.582759533000058
            ],
            [
              122.88494182900001,
              10.58420628400006
            ],
            [
              122.88551470800007,
              10.582395614000063
            ],
            [
              122.88225757400005,
              10.580705525000042
            ],
            [
              122.88224172500009,
              10.575699023000027
            ],
            [
              122.88447767600007,
              10.571621291000042
            ],
            [
              122.88284997400001,
              10.570002414000044
            ],
            [
              122.88271729600001,
              10.566708197000025
            ],
            [
              122.8804365850001,
              10.565329314000053
            ],
            [
              122.8804914750001,
              10.56375663600005
            ],
            [
              122.87917183700006,
              10.565168141000072
            ],
            [
              122.8728766480001,
              10.562470907000034
            ],
            [
              122.87105162700004,
              10.556903264000027
            ],
            [
              122.86644724000007,
              10.552734
            ],
            [
              122.84939287200007,
              10.547367867000048
            ],
            [
              122.84399283500011,
              10.548529236000036
            ],
            [
              122.84219662100008,
              10.547458421000044
            ],
            [
              122.83775101100002,
              10.551718995000044
            ],
            [
              122.83410222300006,
              10.552693431000023
            ],
            [
              122.83202013100004,
              10.552274977000025
            ],
            [
              122.83162199000003,
              10.548910679000073
            ],
            [
              122.82988531600006,
              10.548954037000044
            ],
            [
              122.82950184900005,
              10.534668285000066
            ],
            [
              122.83678972500002,
              10.519743789000074
            ],
            [
              122.83202484200001,
              10.508711395000034
            ],
            [
              122.84165524100001,
              10.499376334000033
            ],
            [
              122.84312580000005,
              10.500750525000058
            ],
            [
              122.84832561600001,
              10.499040558000047
            ],
            [
              122.84744786100009,
              10.497197836000055
            ],
            [
              122.8448991250001,
              10.496403395000073
            ],
            [
              122.86054813400006,
              10.48068319500004
            ],
            [
              122.86396612400006,
              10.479373271000043
            ],
            [
              122.86433141700002,
              10.47670966100003
            ],
            [
              122.86832187400012,
              10.47181704600007
            ],
            [
              122.88626801500004,
              10.457839688000035
            ],
            [
              122.90262798700007,
              10.447656550000033
            ],
            [
              122.90304172000003,
              10.460528362000048
            ],
            [
              122.9050451710001,
              10.46135356700006
            ],
            [
              122.90433513200003,
              10.46316243800004
            ],
            [
              122.91300690600008,
              10.46649827400006
            ],
            [
              122.9168240680001,
              10.463409016000071
            ],
            [
              122.918260368,
              10.464619234000054
            ],
            [
              122.92018690800012,
              10.46332443600005
            ],
            [
              122.92279386100006,
              10.46502705000006
            ],
            [
              122.92381668700011,
              10.464028361000032
            ],
            [
              122.92785685600006,
              10.465157354000041
            ],
            [
              122.9307010870001,
              10.462956897000026
            ],
            [
              122.93257409500006,
              10.459440829000073
            ],
            [
              122.93222353400006,
              10.457011499000032
            ],
            [
              122.93466961400009,
              10.456022524000048
            ],
            [
              122.93902754200008,
              10.446663630000046
            ],
            [
              122.94153408300008,
              10.44536438700004
            ],
            [
              122.94448181900009,
              10.447835088000033
            ],
            [
              122.94548993300009,
              10.44554043200003
            ],
            [
              122.95024523300003,
              10.445957753000073
            ],
            [
              122.95295481200003,
              10.443479357000058
            ],
            [
              122.95930375400008,
              10.445651697000073
            ],
            [
              122.96346196000002,
              10.44495567100006
            ],
            [
              122.96901196700003,
              10.441551034000042
            ],
            [
              122.9764663630001,
              10.441968713000051
            ],
            [
              122.98062524800002,
              10.440572434000046
            ],
            [
              122.98246293900002,
              10.442243910000059
            ],
            [
              122.98772002400005,
              10.441197461000058
            ],
            [
              122.98941034900008,
              10.439507516000049
            ],
            [
              122.99326450500007,
              10.440399847000037
            ],
            [
              123.0407549140001,
              10.425467836000053
            ],
            [
              123.04151813600004,
              10.422027280000066
            ],
            [
              123.04380780300005,
              10.422439178000047
            ],
            [
              123.04593392200002,
              10.42048266300003
            ],
            [
              123.054698862,
              10.420718899000065
            ],
            [
              123.06174958100007,
              10.423069138000074
            ],
            [
              123.07022464200008,
              10.423237888000074
            ],
            [
              123.08530468300012,
              10.426396468000064
            ],
            [
              123.13320469400003,
              10.414350253000066
            ],
            [
              123.14432497400003,
              10.434843284000067
            ],
            [
              123.16086840000003,
              10.474484732000064
            ],
            [
              123.10683306800001,
              10.488443586000074
            ],
            [
              123.10159210800009,
              10.49251988800006
            ],
            [
              123.10018481400004,
              10.495892542000036
            ],
            [
              123.09581209300006,
              10.497384318000059
            ],
            [
              123.08851269900003,
              10.497081310000056
            ],
            [
              123.08843500500006,
              10.49973846100005
            ],
            [
              123.0871025450001,
              10.501377813000033
            ],
            [
              123.0851368750001,
              10.501265156000045
            ],
            [
              123.08424338900011,
              10.50424862400007
            ],
            [
              123.08457747500006,
              10.507787606000022
            ],
            [
              123.08873412800006,
              10.513043635000031
            ],
            [
              123.08821422300002,
              10.516946487000041
            ],
            [
              123.08985357600011,
              10.522144247000028
            ],
            [
              123.08934133500009,
              10.526136276000045
            ],
            [
              123.08555913000009,
              10.532616569000027
            ],
            [
              123.08583613300004,
              10.535500658000046
            ],
            [
              123.07922880000001,
              10.538800251000055
            ],
            [
              123.0792513770001,
              10.541057307000074
            ],
            [
              123.07730607500002,
              10.541668045000051
            ],
            [
              123.07797414000004,
              10.543957393000028
            ],
            [
              123.07482681300007,
              10.545173182000042
            ],
            [
              123.07122610300007,
              10.554565209000032
            ],
            [
              123.06244927400007,
              10.561150023000039
            ],
            [
              123.06023778700012,
              10.560423584000034
            ],
            [
              123.05622104600002,
              10.553248641000039
            ],
            [
              123.0535125560001,
              10.553964092000058
            ],
            [
              123.04314875000011,
              10.549814480000066
            ],
            [
              123.0391092530001,
              10.550655161000066
            ],
            [
              123.03991227000006,
              10.554966646000025
            ],
            [
              123.03869995000002,
              10.556684650000022
            ],
            [
              123.03607039200006,
              10.554400734000069
            ],
            [
              123.03475119600012,
              10.548464354000032
            ],
            [
              123.03081716600002,
              10.548959052000043
            ],
            [
              123.0265533380001,
              10.545873077000067
            ],
            [
              123.02476300100011,
              10.540101596000056
            ],
            [
              123.01896796300002,
              10.541868376000025
            ],
            [
              123.01698916900011,
              10.540690523000023
            ],
            [
              123.01344929400011,
              10.535428296000077
            ],
            [
              123.00944503800008,
              10.538735853000048
            ],
            [
              122.99192139100012,
              10.546494680000023
            ],
            [
              122.98746382400009,
              10.544971444000055
            ],
            [
              122.98364171800006,
              10.546092845000032
            ],
            [
              122.97899257900008,
              10.54441074400006
            ],
            [
              122.97713987800012,
              10.546776345000069
            ],
            [
              122.98803878500007,
              10.58473933700003
            ],
            [
              122.95103008100011,
              10.586150562000057
            ],
            [
              122.93230960300002,
              10.592446296000048
            ],
            [
              122.92537370900004,
              10.591954679000025
            ],
            [
              122.91548142500005,
              10.594376645000068
            ],
            [
              122.89997056900006,
              10.595009190000042
            ]
          ]
        ]
      }
    },
    {
      "type": "Feature",
      "properties": {
        "shapeName": "Binalbagan",
        "shapeISO": "",
        "shapeID": "30758251B163560276547",
        "shapeGroup": "PHL",
        "shapeType": "ADM3",
        "psgc_code": "0604503000",
        "legacy_psgc_code": "064503000",
        "province": "Negros Occidental",
        "reference_area_sqkm": 184.87513708,
        "reference_bbox": [
          122.838005,
          10.012187,
          123.110668,
          10.251103
        ]
      },
      "geometry": {
        "type": "Polygon",
        "coordinates": [
          [
            [
              122.92924012200001,
              10.209854447000055
            ],
            [
              122.92618982600004,
              10.20349523300007
            ],
            [
              122.9239698230001,
              10.20229932500007
            ],
            [
              122.92335882800012,
              10.20322726300003
            ],
            [
              122.92563283900006,
              10.206425030000048
            ],
            [
              122.91703487000007,
              10.211004747000061
            ],
            [
              122.91277687000002,
              10.209740853000028
            ],
            [
              122.90503388500008,
              10.211184786000047
            ],
            [
              122.90111751300003,
              10.207466983000074
            ],
            [
              122.89630897200004,
              10.209316522000051
            ],
            [
              122.88825392800004,
              10.208288542000048
            ],
            [
              122.88420358000008,
              10.212120964000064
            ],
            [
              122.8836559240001,
              10.214348657000073
            ],
            [
              122.88154292900003,
              10.214798634000033
            ],
            [
              122.88186294800005,
              10.219120331000056
            ],
            [
              122.880588955,
              10.220313254000075
            ],
            [
              122.87623295700007,
              10.219749311000044
            ],
            [
              122.86385000300004,
              10.226850869000032
            ],
            [
              122.85693800600006,
              10.225577987000065
            ],
            [
              122.85461901300005,
              10.226437937000071
            ],
            [
              122.85434403800002,
              10.232207536000033
            ],
            [
              122.85068207200004,
              10.238861087000032
            ],
            [
              122.85350507500004,
              10.24054295700006
            ],
            [
              122.8538330990001,
              10.24578359000003
            ],
            [
              122.84834012500005,
              10.25040929100004
            ],
            [
              122.84491183800003,
              10.250844451000034
            ],
            [
              122.84305362500004,
              10.236257429000034
            ],
            [
              122.84071044400002,
              10.23092669700003
            ],
            [
              122.83800500500001,
              10.228940779000027
            ],
            [
              122.8433132240001,
              10.229697762000058
            ],
            [
              122.83899519200008,
              10.226143339000032
            ],
            [
              122.8422347830001,
              10.220924267000044
            ],
            [
              122.84076957100001,
              10.219687599000054
            ],
            [
              122.84108371700006,
              10.216445591000024
            ],
            [
              122.8402246610001,
              10.217454345000021
            ],
            [
              122.83936202100006,
              10.21659304900004
            ],
            [
              122.84364254400009,
              10.212859408000043
            ],
            [
              122.84599302100003,
              10.21424815100005
            ],
            [
              122.84557917400002,
              10.217293738000023
            ],
            [
              122.8468194730001,
              10.21515452400007
            ],
            [
              122.84616968900002,
              10.212880006000034
            ],
            [
              122.84236019800005,
              10.211089177000076
            ],
            [
              122.84187158700001,
              10.208903092000071
            ],
            [
              122.84935997200012,
              10.185036643000046
            ],
            [
              122.85499162100007,
              10.17232462800007
            ],
            [
              122.86056646800012,
              10.173486910000065
            ],
            [
              122.86328578100006,
              10.175888431000033
            ],
            [
              122.86241581700006,
              10.18402986600006
            ],
            [
              122.8637358200001,
              10.18488780000007
            ],
            [
              122.8670388060001,
              10.18279693200003
            ],
            [
              122.86912181700006,
              10.185797713000056
            ],
            [
              122.86871783800007,
              10.190484388000073
            ],
            [
              122.87082284300004,
              10.192127264000021
            ],
            [
              122.87826983000002,
              10.191151300000058
            ],
            [
              122.8976248250001,
              10.195394921000059
            ],
            [
              122.90468981400011,
              10.194901924000021
            ],
            [
              122.90755882300004,
              10.197819708000054
            ],
            [
              122.91030582000008,
              10.197660708000058
            ],
            [
              122.9140668330001,
              10.201879397000027
            ],
            [
              122.91912482700002,
              10.201912373000027
            ],
            [
              122.92155080000009,
              10.196372750000023
            ],
            [
              122.92519778200005,
              10.193008969000061
            ],
            [
              122.93178436900007,
              10.174900929000046
            ],
            [
              122.9451418860001,
              10.166601189000062
            ],
            [
              122.9481311940001,
              10.159885626000062
            ],
            [
              122.95194048500002,
              10.159096781000073
            ],
            [
              122.95565650700007,
              10.15404730900002
            ],
            [
              122.95196725100004,
              10.143332662000034
            ],
            [
              122.94926661700003,
              10.139719471000035
            ],
            [
              122.95081944300011,
              10.132259137000062
            ],
            [
              122.95948446300008,
              10.129647254000076
            ],
            [
              122.96414542900004,
              10.122903705000056
            ],
            [
              122.9636724070001,
              10.118061046000037
            ],
            [
              122.9697993850001,
              10.11460726100006
            ],
            [
              122.9728273830001,
              10.114912228000037
            ],
            [
              122.97439937200011,
              10.11297535600005
            ],
            [
              122.97365936300002,
              10.110638523000034
            ],
            [
              122.98344832900011,
              10.10553083900004
            ],
            [
              122.98482130400009,
              10.100147210000046
            ],
            [
              122.98363129000006,
              10.09651646900005
            ],
            [
              122.98433327100008,
              10.092414753000071
            ],
            [
              123.01579588600009,
              10.01218724100005
            ],
            [
              123.02071005100004,
              10.019722260000037
            ],
            [
              123.05782511100006,
              10.076618548000056
            ],
            [
              123.0960775320001,
              10.140400846000034
            ],
            [
              123.11066842700006,
              10.165420105000067
            ],
            [
              123.001018498,
              10.149520686000074
            ],
            [
              122.98839151700008,
              10.15031168400003
            ],
            [
              122.96884169200007,
              10.174207076000073
            ],
            [
              122.96932216800008,
              10.17510857600007
            ],
            [
              122.96597916700011,
              10.17583524400004
            ],
            [
              122.96616242100004,
              10.180469001000063
            ],
            [
              122.96851825600004,
              10.180569630000036
            ],
            [
              122.9686133240001,
              10.182411107000064
            ],
            [
              122.97100461100001,
              10.18406570600007
            ],
            [
              122.96990544700009,
              10.18674900800005
            ],
            [
              122.96711545000005,
              10.186022201000071
            ],
            [
              122.96830358700004,
              10.188515435000056
            ],
            [
              122.96504222400006,
              10.190051469000025
            ],
            [
              122.96451557300009,
              10.188258777000044
            ],
            [
              122.96335618800003,
              10.189988861000074
            ],
            [
              122.96520374300007,
              10.192926238000041
            ],
            [
              122.96800672000006,
              10.192024443000037
            ],
            [
              122.96377777600003,
              10.194542296000066
            ],
            [
              122.96412600600001,
              10.200457477000043
            ],
            [
              122.96207258400011,
              10.19990094800005
            ],
            [
              122.9586307830001,
              10.204357598000058
            ],
            [
              122.9535121350001,
              10.202126769000074
            ],
            [
              122.95317879800007,
              10.205276953000066
            ],
            [
              122.94973100200002,
              10.205798428000037
            ],
            [
              122.94821587400008,
              10.209133269000063
            ],
            [
              122.94047692200002,
              10.205285809000031
            ],
            [
              122.93797146200006,
              10.208358690000068
            ],
            [
              122.93535053700009,
              10.206735166000044
            ],
            [
              122.93282805100012,
              10.20980897800007
            ],
            [
              122.934528236,
              10.211984292000068
            ],
            [
              122.93335686900002,
              10.212821586000075
            ],
            [
              122.93056423000007,
              10.212068189000036
            ],
            [
              122.92924012200001,
              10.209854447000055
            ]
          ]
        ]
      }
    },
    {
      "type": "Feature",
      "properties": {
        "shapeName": "Cadiz City",
        "shapeISO": "",
        "shapeID": "30758251B74690587258532",
        "shapeGroup": "PHL",
        "shapeType": "ADM3",
        "psgc_code": "0604504000",
        "legacy_psgc_code": "064504000",
        "province": "Negros Occidental",
        "reference_area_sqkm": 526.57216412,
        "reference_bbox": [
          123.173408,
          10.658416,
          123.374879,
          11.044571
        ]
      },
      "geometry": {
        "type": "MultiPolygon",
        "coordinates": [
          [
            [
              [
                123.37487922700006,
                10.959960920000071
              ],
              [
                123.37319656600005,
                10.961174042000039
              ],
              [
                123.36912211200001,
                10.958917879000069
              ],
              [
                123.36832358100003,
                10.959710236000035
              ],
              [
                123.36701581700004,
                10.957560245000025
              ],
              [
                123.35792151700002,
                10.956703320000031
              ],
              [
                123.35613469600003,
                10.95519600800003
              ],
              [
                123.35770159900005,
                10.954883791000043
              ],
              [
                123.35699495000006,
                10.953203830000064
              ],
              [
                123.34842717100003,
                10.949895956000034
              ],
              [
                123.33146781500011,
                10.954125227000077
              ],
              [
                123.32362318900005,
                10.951174738000077
              ],
              [
                123.32647851800004,
                10.959477096000057
              ],
              [
                123.32566097300003,
                10.959729990000028
              ],
              [
                123.32459008100011,
                10.954351830000064
              ],
              [
                123.31955225700005,
                10.948493339000038
              ],
              [
                123.31213347300002,
                10.95305600200004
              ],
              [
                123.31526241300003,
                10.953644437000037
              ],
              [
                123.31894008000006,
                10.950094017000026
              ],
              [
                123.32123185700004,
                10.953032496000048
              ],
              [
                123.31894285900012,
                10.95298327200004
              ],
              [
                123.31166998800006,
                10.958263586000044
              ],
              [
                123.31244244800007,
                10.961486727000022
              ],
              [
                123.31068877900009,
                10.958647067000072
              ],
              [
                123.30000883200012,
                10.962732816000027
              ],
              [
                123.2977733460001,
                10.96298102000003
              ],
              [
                123.2957383800001,
                10.960904706000065
              ],
              [
                123.29648047400008,
                10.962977022000075
              ],
              [
                123.29420203300003,
                10.96665580900003
              ],
              [
                123.28295307600001,
                10.971590087000038
              ],
              [
                123.2726907980001,
                10.97812067700005
              ],
              [
                123.26658373400005,
                10.986152128000072
              ],
              [
                123.26248040500002,
                10.986456047000047
              ],
              [
                123.2614923210001,
                10.984548807000067
              ],
              [
                123.26132695600006,
                10.987393128000065
              ],
              [
                123.25878804000001,
                10.988723254000035
              ],
              [
                123.24866915000007,
                10.988187633000052
              ],
              [
                123.23903054800007,
                10.989570645000072
              ],
              [
                123.24372821800011,
                10.99181246300003
              ],
              [
                123.24898017400005,
                10.992303566000032
              ],
              [
                123.24662237300004,
                10.99783723400003
              ],
              [
                123.2423947960001,
                10.995966542000076
              ],
              [
                123.23714296100002,
                10.99666411000004
              ],
              [
                123.23645414900011,
                10.994606425000029
              ],
              [
                123.22590387800005,
                10.994437299000026
              ],
              [
                123.21437012400008,
                10.997838778000073
              ],
              [
                123.20490193900002,
                10.99840492900006
              ],
              [
                123.20014023800002,
                11.00137021200004
              ],
              [
                123.2014501760001,
                11.003573521000021
              ],
              [
                123.199971505,
                11.001375522000046
              ],
              [
                123.19501866400003,
                11.003090284000052
              ],
              [
                123.1882639590001,
                11.000499145000049
              ],
              [
                123.18772349000005,
                10.998526475000062
              ],
              [
                123.1857500100001,
                10.997828911000056
              ],
              [
                123.18681207600002,
                10.99578808700005
              ],
              [
                123.18515451500002,
                10.99308805100003
              ],
              [
                123.17990507800005,
                10.993942409000056
              ],
              [
                123.18053883200002,
                10.99130234200004
              ],
              [
                123.17857469900002,
                10.989560167000036
              ],
              [
                123.17826806100004,
                10.985454763000064
              ],
              [
                123.17439204300001,
                10.980573118000052
              ],
              [
                123.17357602700008,
                10.976875378000045
              ],
              [
                123.17355264800005,
                10.896220957000025
              ],
              [
                123.17494862700005,
                10.892246226000054
              ],
              [
                123.17488054800003,
                10.875318399000037
              ],
              [
                123.17695551000008,
                10.867905902000075
              ],
              [
                123.1734305010001,
                10.864563150000038
              ],
              [
                123.1787484350001,
                10.852175983000052
              ],
              [
                123.1754373980001,
                10.843262616000061
              ],
              [
                123.17519236400005,
                10.835867130000054
              ],
              [
                123.18188328200006,
                10.820113191000075
              ],
              [
                123.18223422800008,
                10.808650984000053
              ],
              [
                123.20117769300009,
                10.698349551000035
              ],
              [
                123.25429030500004,
                10.658415908000052
              ],
              [
                123.29814975700003,
                10.74079716700004
              ],
              [
                123.31609093000009,
                10.783734105000065
              ],
              [
                123.3409689130001,
                10.833058827000059
              ],
              [
                123.33997896700009,
                10.837865562000047
              ],
              [
                123.34139415200002,
                10.84406971900006
              ],
              [
                123.3477513790001,
                10.845642367000039
              ],
              [
                123.34236706100012,
                10.853665535000061
              ],
              [
                123.33974155600004,
                10.862390279000067
              ],
              [
                123.34018990900006,
                10.865495453000051
              ],
              [
                123.3458491880001,
                10.880584898000052
              ],
              [
                123.34783475400002,
                10.893381972000043
              ],
              [
                123.35483301500005,
                10.913939967000033
              ],
              [
                123.36345645100005,
                10.919958177000069
              ],
              [
                123.37255807400004,
                10.932306580000045
              ],
              [
                123.36983024900007,
                10.936990456000046
              ],
              [
                123.37487922700006,
                10.959960920000071
              ]
            ]
          ],
          [
            [
              [
                123.19713030600008,
                11.044568200000072
              ],
              [
                123.19583002900004,
                11.04352994800007
              ],
              [
                123.19765893400006,
                11.044138130000022
              ],
              [
                123.1998888280001,
                11.040517048000027
              ],
              [
                123.20385058300008,
                11.040309098000023
              ],
              [
                123.20599353700004,
                11.042317953000065
              ],
              [
                123.20175009700006,
                11.042314938000061
              ],
              [
                123.19713030600008,
                11.044568200000072
              ]
            ]
          ]
        ]
      }
    },
    {
      "type": "Feature",
      "properties": {
        "shapeName": "Calatrava",
        "shapeISO": "",
        "shapeID": "30758251B51763303574827",
        "shapeGroup": "PHL",
        "shapeType": "ADM3",
        "psgc_code": "0604505000",
        "legacy_psgc_code": "064505000",
        "province": "Negros Occidental",
        "reference_area_sqkm": 287.68627437,
        "reference_bbox": [
          123.277857,
          10.506235,
          123.503767,
          10.723895
        ]
      },
      "geometry": {
        "type": "Polygon",
        "coordinates": [
          [
            [
              123.44874107400005,
              10.506234939000024
            ],
            [
              123.44776351300004,
              10.510801592000064
            ],
            [
              123.44925684200007,
              10.513780379000025
            ],
            [
              123.4555201280001,
              10.517583871000056
            ],
            [
              123.45785470500005,
              10.521556017000023
            ],
            [
              123.46085157800007,
              10.522570897000037
            ],
            [
              123.46351328300011,
              10.521739566000065
            ],
            [
              123.46413271100005,
              10.52278050600006
            ],
            [
              123.46285731700004,
              10.527156640000044
            ],
            [
              123.46123567000006,
              10.525935441000058
            ],
            [
              123.45798775700007,
              10.528733914000043
            ],
            [
              123.46146044800003,
              10.531239313000071
            ],
            [
              123.46191178300012,
              10.53384397000002
            ],
            [
              123.45824350800001,
              10.533455510000067
            ],
            [
              123.456991807,
              10.536120839000034
            ],
            [
              123.46154678300002,
              10.541205792000028
            ],
            [
              123.46200278600008,
              10.545216549000031
            ],
            [
              123.4713397060001,
              10.544052678000071
            ],
            [
              123.47307676900004,
              10.547969134000027
            ],
            [
              123.46894605300008,
              10.557483876000049
            ],
            [
              123.46910745100001,
              10.563310057000024
            ],
            [
              123.47108810500004,
              10.567239579000045
            ],
            [
              123.47427667400007,
              10.56775108000005
            ],
            [
              123.4747332390001,
              10.573171068000022
            ],
            [
              123.47613781000007,
              10.574084257000038
            ],
            [
              123.47895385000004,
              10.58374632400006
            ],
            [
              123.47867307700005,
              10.58793462400007
            ],
            [
              123.48278374300003,
              10.590025948000061
            ],
            [
              123.4838019120001,
              10.588739856000075
            ],
            [
              123.48507158000007,
              10.593860157000051
            ],
            [
              123.48734723900009,
              10.596549733000074
            ],
            [
              123.48555958200006,
              10.598057631000074
            ],
            [
              123.48693344300011,
              10.59925116200003
            ],
            [
              123.48474368500001,
              10.600458737000054
            ],
            [
              123.48540956700003,
              10.602761761000068
            ],
            [
              123.48694770100008,
              10.604831987000068
            ],
            [
              123.48844781500009,
              10.604641368000046
            ],
            [
              123.49028421100002,
              10.611180596000054
            ],
            [
              123.49261812300006,
              10.612691335000022
            ],
            [
              123.48936611400006,
              10.619381727000075
            ],
            [
              123.49386620100006,
              10.62278107000003
            ],
            [
              123.49470662400006,
              10.630896385000028
            ],
            [
              123.49245723900003,
              10.63576346800005
            ],
            [
              123.49339950600006,
              10.639690470000062
            ],
            [
              123.49600230800002,
              10.64258335900007
            ],
            [
              123.4972087330001,
              10.648258458000043
            ],
            [
              123.49617833800005,
              10.650865619000058
            ],
            [
              123.49925466200011,
              10.65387395600004
            ],
            [
              123.49899925300008,
              10.65769007800003
            ],
            [
              123.50035904600009,
              10.658690578000062
            ],
            [
              123.49932367100007,
              10.658108796000022
            ],
            [
              123.49913162200005,
              10.659278405000066
            ],
            [
              123.50223441700007,
              10.66432117100004
            ],
            [
              123.50017638700001,
              10.670106291000025
            ],
            [
              123.50284056400005,
              10.670593841000027
            ],
            [
              123.50302114100009,
              10.679963361000034
            ],
            [
              123.3629205420001,
              10.713830749000067
            ],
            [
              123.33006163400012,
              10.723895197000047
            ],
            [
              123.30074481300005,
              10.706481924000059
            ],
            [
              123.27785704500002,
              10.681034110000041
            ],
            [
              123.2825514220001,
              10.667377607000049
            ],
            [
              123.32272136400002,
              10.662792477000039
            ],
            [
              123.324430258,
              10.640149044000054
            ],
            [
              123.31542521800009,
              10.628710880000028
            ],
            [
              123.34271225900011,
              10.615701953000041
            ],
            [
              123.34438973400006,
              10.60341448400004
            ],
            [
              123.35113044600007,
              10.602025618000027
            ],
            [
              123.36912845900008,
              10.600250703000029
            ],
            [
              123.371021831,
              10.598604543000022
            ],
            [
              123.37069899700009,
              10.59657061200005
            ],
            [
              123.38267948400005,
              10.590574023000045
            ],
            [
              123.38363757600007,
              10.588521892000074
            ],
            [
              123.39198591800005,
              10.586165765000032
            ],
            [
              123.39428339900007,
              10.58703190700004
            ],
            [
              123.39637065400007,
              10.585476580000034
            ],
            [
              123.40167229600002,
              10.585694372000034
            ],
            [
              123.40130073400007,
              10.581670559000031
            ],
            [
              123.406016356,
              10.575695590000066
            ],
            [
              123.40354501600007,
              10.576016725000045
            ],
            [
              123.4044823590001,
              10.573036916000035
            ],
            [
              123.41024303900008,
              10.56949821400002
            ],
            [
              123.40922922300001,
              10.566913904000046
            ],
            [
              123.41696777700008,
              10.565620469000066
            ],
            [
              123.41678798100008,
              10.56381916500004
            ],
            [
              123.41971145700006,
              10.562612433000027
            ],
            [
              123.41861226600008,
              10.560359579000021
            ],
            [
              123.42284177300007,
              10.557764445000032
            ],
            [
              123.42142270200009,
              10.555602601000032
            ],
            [
              123.42331531200011,
              10.55038468500004
            ],
            [
              123.42665272700003,
              10.55128416100007
            ],
            [
              123.42600410300008,
              10.548713121000048
            ],
            [
              123.4287415980001,
              10.543460676000052
            ],
            [
              123.42899194900008,
              10.53861011500004
            ],
            [
              123.43139668600008,
              10.540835773000026
            ],
            [
              123.43300439000006,
              10.53755351600006
            ],
            [
              123.43150172700007,
              10.535790374000044
            ],
            [
              123.43584414800011,
              10.529533886000024
            ],
            [
              123.43394827800012,
              10.527227666000044
            ],
            [
              123.43563852800003,
              10.524904306000053
            ],
            [
              123.43822017200011,
              10.524598469000068
            ],
            [
              123.43676934900009,
              10.51897359800006
            ],
            [
              123.44013472200004,
              10.518063361000031
            ],
            [
              123.43859817400005,
              10.516292991000057
            ],
            [
              123.43902447900007,
              10.508716598000035
            ],
            [
              123.44337899300001,
              10.506455341000049
            ],
            [
              123.44604902000003,
              10.507561632000034
            ],
            [
              123.44874107400005,
              10.506234939000024
            ]
          ]
        ]
      }
    },
    {
      "type": "Feature",
      "properties": {
        "shapeName": "Candoni",
        "shapeISO": "",
        "shapeID": "30758251B37131808105677",
        "shapeGroup": "PHL",
        "shapeType": "ADM3",
        "psgc_code": "0604506000",
        "legacy_psgc_code": "064506000",
        "province": "Negros Occidental",
        "reference_area_sqkm": 295.37757168,
        "reference_bbox": [
          122.557712,
          9.667116,
          122.700702,
          9.867086
        ]
      },
      "geometry": {
        "type": "Polygon",
        "coordinates": [
          [
            [
              122.70070159800002,
              9.856271492000076
            ],
            [
              122.67573063700002,
              9.858734423000044
            ],
            [
              122.67042220400003,
              9.866829616000075
            ],
            [
              122.62283644900003,
              9.867085599000063
            ],
            [
              122.61324708600011,
              9.86033167000005
            ],
            [
              122.60761594400003,
              9.844730757000036
            ],
            [
              122.59153943500007,
              9.844553432000055
            ],
            [
              122.58386153100003,
              9.831098238000038
            ],
            [
              122.55771163800011,
              9.831367822000061
            ],
            [
              122.5591173360001,
              9.667115787000057
            ],
            [
              122.60101734600005,
              9.668835942000044
            ],
            [
              122.67488037400005,
              9.669283814000039
            ],
            [
              122.69511455300005,
              9.783759846000066
            ],
            [
              122.70070159800002,
              9.856271492000076
            ]
          ]
        ]
      }
    },
    {
      "type": "Feature",
      "properties": {
        "shapeName": "Cauayan",
        "shapeISO": "",
        "shapeID": "30758251B70595272616613",
        "shapeGroup": "PHL",
        "shapeType": "ADM3",
        "psgc_code": "0604507000",
        "legacy_psgc_code": "064507000",
        "province": "Negros Occidental",
        "reference_area_sqkm": 469.7071845,
        "reference_bbox": [
          122.373274,
          9.831098,
          122.712504,
          9.996594
        ]
      },
      "geometry": {
        "type": "MultiPolygon",
        "coordinates": [
          [
            [
              [
                122.38491254100006,
                9.862399086000039
              ],
              [
                122.38307981500009,
                9.861871443000041
              ],
              [
                122.38388722400009,
                9.859509648000028
              ],
              [
                122.38702490100002,
                9.86130969800007
              ],
              [
                122.38570730200001,
                9.860667523000075
              ],
              [
                122.38665653300006,
                9.861362710000037
              ],
              [
                122.38491254100006,
                9.862399086000039
              ]
            ]
          ],
          [
            [
              [
                122.37561498200012,
                9.88054537100004
              ],
              [
                122.37517524300006,
                9.878539236000051
              ],
              [
                122.3782236400001,
                9.879165310000076
              ],
              [
                122.376076785,
                9.878171191000035
              ],
              [
                122.37788069700002,
                9.87648615300003
              ],
              [
                122.37768179900002,
                9.87340731300003
              ],
              [
                122.37613601700002,
                9.869625778000056
              ],
              [
                122.37337283600004,
                9.868354337000028
              ],
              [
                122.37752179800009,
                9.86593627600007
              ],
              [
                122.37949328800005,
                9.867842956000061
              ],
              [
                122.37898679700004,
                9.870502507000026
              ],
              [
                122.37754739700006,
                9.871022217000075
              ],
              [
                122.37911743200004,
                9.87111909600003
              ],
              [
                122.37997738900003,
                9.87684140500005
              ],
              [
                122.37923551000006,
                9.880339998000068
              ],
              [
                122.37561498200012,
                9.88054537100004
              ]
            ]
          ],
          [
            [
              [
                122.70070159800002,
                9.856271492000076
              ],
              [
                122.70487467700002,
                9.917684402000077
              ],
              [
                122.71076158200003,
                9.939628292000066
              ],
              [
                122.71250428000008,
                9.951777309000022
              ],
              [
                122.71215841900005,
                9.975606258000028
              ],
              [
                122.70154847900005,
                9.996594045000052
              ],
              [
                122.69174212100006,
                9.99004579800004
              ],
              [
                122.66800583500003,
                9.979520816000047
              ],
              [
                122.64972001800004,
                9.975518670000042
              ],
              [
                122.61658511300004,
                9.975271687000031
              ],
              [
                122.58207316000005,
                9.981318566000027
              ],
              [
                122.57926082900008,
                9.97931724700004
              ],
              [
                122.5785009970001,
                9.979911980000054
              ],
              [
                122.58044308400008,
                9.981364506000034
              ],
              [
                122.5747722110001,
                9.979836204000037
              ],
              [
                122.56547007300003,
                9.979900384000075
              ],
              [
                122.52291007600002,
                9.98565334400007
              ],
              [
                122.51610633700011,
                9.984485573000029
              ],
              [
                122.50804284600008,
                9.986625727000046
              ],
              [
                122.49947173200007,
                9.985421564000035
              ],
              [
                122.49608941400004,
                9.982551555000043
              ],
              [
                122.49076437800011,
                9.980730761000075
              ],
              [
                122.49167621000004,
                9.979161956000041
              ],
              [
                122.48981218100005,
                9.981080779000024
              ],
              [
                122.47672978100002,
                9.981852435000064
              ],
              [
                122.47681232700006,
                9.982793279000077
              ],
              [
                122.46791810600007,
                9.98152740300003
              ],
              [
                122.4682526680001,
                9.980105335000076
              ],
              [
                122.46613989600007,
                9.978435672000046
              ],
              [
                122.46337179000011,
                9.980456374000028
              ],
              [
                122.46120976500004,
                9.97828802600003
              ],
              [
                122.4508442770001,
                9.976342267000064
              ],
              [
                122.44993128700003,
                9.975184015000025
              ],
              [
                122.45159812300005,
                9.973722247000069
              ],
              [
                122.45088745900011,
                9.964737266000043
              ],
              [
                122.44928669500007,
                9.962076613000022
              ],
              [
                122.45041520600012,
                9.959277959000076
              ],
              [
                122.44803440700002,
                9.956576349000045
              ],
              [
                122.44321361300001,
                9.957555593000052
              ],
              [
                122.44224818500004,
                9.959664498000052
              ],
              [
                122.43954285400002,
                9.958099573000027
              ],
              [
                122.44594103000009,
                9.951716462000036
              ],
              [
                122.44726057600008,
                9.946751671000072
              ],
              [
                122.4452473120001,
                9.942686975000072
              ],
              [
                122.44550572000003,
                9.937876618000075
              ],
              [
                122.4431860840001,
                9.936856788000057
              ],
              [
                122.44366248400001,
                9.928175347000035
              ],
              [
                122.44055253200008,
                9.914941084000077
              ],
              [
                122.43609143300012,
                9.911371195000072
              ],
              [
                122.43560177100005,
                9.903903040000046
              ],
              [
                122.43486599700009,
                9.904627122000022
              ],
              [
                122.43310681100002,
                9.90262610700006
              ],
              [
                122.43109408700002,
                9.897834310000064
              ],
              [
                122.42243156900008,
                9.892167873000062
              ],
              [
                122.41775571100004,
                9.893208461000029
              ],
              [
                122.41874754300011,
                9.890650352000023
              ],
              [
                122.41584407700009,
                9.883851759000038
              ],
              [
                122.41259755800002,
                9.880338345000041
              ],
              [
                122.409513134,
                9.88091276800003
              ],
              [
                122.41119158900005,
                9.875731443000063
              ],
              [
                122.40941789400006,
                9.875154273000021
              ],
              [
                122.40866624500006,
                9.871050550000064
              ],
              [
                122.40182651400005,
                9.864570290000074
              ],
              [
                122.3994097210001,
                9.854943347000074
              ],
              [
                122.3924372240001,
                9.853221094000048
              ],
              [
                122.38706474000003,
                9.846660117000056
              ],
              [
                122.38135650200002,
                9.845499632000042
              ],
              [
                122.3805180820001,
                9.84153131000005
              ],
              [
                122.37604983400001,
                9.836126592000028
              ],
              [
                122.38608841700011,
                9.835822499000074
              ],
              [
                122.38813682700004,
                9.832171346000052
              ],
              [
                122.48438121200002,
                9.832649094000033
              ],
              [
                122.55771163800011,
                9.831367822000061
              ],
              [
                122.58386153100003,
                9.831098238000038
              ],
              [
                122.59153943500007,
                9.844553432000055
              ],
              [
                122.60761594400003,
                9.844730757000036
              ],
              [
                122.61324708600011,
                9.86033167000005
              ],
              [
                122.62283644900003,
                9.867085599000063
              ],
              [
                122.67042220400003,
                9.866829616000075
              ],
              [
                122.67573063700002,
                9.858734423000044
              ],
              [
                122.70070159800002,
                9.856271492000076
              ]
            ]
          ]
        ]
      }
    },
    {
      "type": "Feature",
      "properties": {
        "shapeName": "City of Escalante",
        "shapeISO": "",
        "shapeID": "30758251B93268177737855",
        "shapeGroup": "PHL",
        "shapeType": "ADM3",
        "psgc_code": "0604509000",
        "legacy_psgc_code": "064509000",
        "province": "Negros Occidental",
        "reference_area_sqkm": 192.28449122,
        "reference_bbox": [
          123.34991,
          10.74617,
          123.568282,
          10.884815
        ]
      },
      "geometry": {
        "type": "MultiPolygon",
        "coordinates": [
          [
            [
              [
                123.5395186080001,
                10.851218316000029
              ],
              [
                123.53889280900012,
                10.852262899000038
              ],
              [
                123.53805999800011,
                10.851161209000054
              ],
              [
                123.5395186080001,
                10.851218316000029
              ]
            ]
          ],
          [
            [
              [
                123.53122225100003,
                10.759859084000027
              ],
              [
                123.53494831900002,
                10.754894056000069
              ],
              [
                123.53786204900007,
                10.756571175000033
              ],
              [
                123.5374416840001,
                10.751900123000041
              ],
              [
                123.5397574860001,
                10.750759708000032
              ],
              [
                123.54291080700011,
                10.750998226000036
              ],
              [
                123.54561972700003,
                10.753329854000071
              ],
              [
                123.54809767900008,
                10.759325153000077
              ],
              [
                123.54698140500011,
                10.763036997000029
              ],
              [
                123.54561869000008,
                10.764602590000038
              ],
              [
                123.54367061300002,
                10.764447464000057
              ],
              [
                123.54506387200001,
                10.76728631100002
              ],
              [
                123.54757906100008,
                10.769561734000035
              ],
              [
                123.55249253400007,
                10.769475008000029
              ],
              [
                123.55297128500001,
                10.772181507000028
              ],
              [
                123.55714125400004,
                10.771755260000077
              ],
              [
                123.55975691600008,
                10.774255185000072
              ],
              [
                123.55946052500008,
                10.77828577400004
              ],
              [
                123.56121103500004,
                10.782140453000068
              ],
              [
                123.56072823800002,
                10.784384094000075
              ],
              [
                123.55920014300011,
                10.784637130000021
              ],
              [
                123.56096779300003,
                10.78643484500003
              ],
              [
                123.55927860800011,
                10.78813819800007
              ],
              [
                123.56305482900007,
                10.788428555000053
              ],
              [
                123.56815684500009,
                10.793887079000058
              ],
              [
                123.56759241100008,
                10.79802690200006
              ],
              [
                123.56580861900011,
                10.797330269000042
              ],
              [
                123.56387635800002,
                10.79902534200005
              ],
              [
                123.56584429500003,
                10.801684021000028
              ],
              [
                123.56282990500006,
                10.804783328000042
              ],
              [
                123.56279255700008,
                10.808068509000066
              ],
              [
                123.56044959300004,
                10.809780802000034
              ],
              [
                123.55980113900011,
                10.81379376600006
              ],
              [
                123.55661278100001,
                10.812134057000037
              ],
              [
                123.55317702800005,
                10.81448064400007
              ],
              [
                123.54977950300008,
                10.811814833000028
              ],
              [
                123.54885695100006,
                10.81280429900005
              ],
              [
                123.55130808600006,
                10.814127935000045
              ],
              [
                123.54891524700008,
                10.815623566000056
              ],
              [
                123.54949078800007,
                10.817039849000025
              ],
              [
                123.55156595200003,
                10.816392220000068
              ],
              [
                123.55698971900006,
                10.818415683000069
              ],
              [
                123.55715778900003,
                10.820382503000076
              ],
              [
                123.55947561800008,
                10.820077432000062
              ],
              [
                123.55729423700006,
                10.821241261000068
              ],
              [
                123.560702278,
                10.825684318000071
              ],
              [
                123.56281594100005,
                10.82682956800005
              ],
              [
                123.56548688600003,
                10.826219992000063
              ],
              [
                123.56698888100004,
                10.82815124800004
              ],
              [
                123.56481977700003,
                10.837078198000029
              ],
              [
                123.5658982870001,
                10.843234600000073
              ],
              [
                123.56418435400008,
                10.844586967000055
              ],
              [
                123.56214121300002,
                10.84387655100005
              ],
              [
                123.55915244000005,
                10.84086816000007
              ],
              [
                123.55846658700011,
                10.837526608000076
              ],
              [
                123.55106239200006,
                10.83710714800003
              ],
              [
                123.55075989300008,
                10.838239152000028
              ],
              [
                123.55010356000003,
                10.836139072000037
              ],
              [
                123.54906783700005,
                10.836936407000053
              ],
              [
                123.54340863100003,
                10.833522751000032
              ],
              [
                123.53845534600009,
                10.83372416700007
              ],
              [
                123.53293959400003,
                10.836031228000024
              ],
              [
                123.53242875900003,
                10.840180528000076
              ],
              [
                123.53620469900011,
                10.84622955900005
              ],
              [
                123.53454345500006,
                10.847216294000077
              ],
              [
                123.53616470800011,
                10.850371324000037
              ],
              [
                123.52981998200005,
                10.852831629000036
              ],
              [
                123.52945360500007,
                10.854345954000053
              ],
              [
                123.52931208300004,
                10.853285698000036
              ],
              [
                123.52801925300002,
                10.85392947300005
              ],
              [
                123.52738866300001,
                10.857644741000058
              ],
              [
                123.52977033900004,
                10.858583612000075
              ],
              [
                123.52751183200007,
                10.862175161000039
              ],
              [
                123.524563252,
                10.859216498000023
              ],
              [
                123.52281727400009,
                10.860113717000047
              ],
              [
                123.52254975100004,
                10.86203779400006
              ],
              [
                123.52435686000001,
                10.861946614000033
              ],
              [
                123.52186606100008,
                10.86584210500007
              ],
              [
                123.52312420600003,
                10.866183196000065
              ],
              [
                123.52364748500008,
                10.86861349700007
              ],
              [
                123.52242096300006,
                10.867904310000029
              ],
              [
                123.52426684000011,
                10.870457294000062
              ],
              [
                123.52177994300007,
                10.87396042000006
              ],
              [
                123.5228653260001,
                10.876154516000042
              ],
              [
                123.52067110900009,
                10.875837327000056
              ],
              [
                123.52234148500008,
                10.878645222000046
              ],
              [
                123.52484839700003,
                10.877844020000055
              ],
              [
                123.52755103400011,
                10.880535777000034
              ],
              [
                123.52166456700002,
                10.88481519000004
              ],
              [
                123.4672948760001,
                10.862651612000036
              ],
              [
                123.34990969900002,
                10.74616971100005
              ],
              [
                123.36132670400002,
                10.74864433700003
              ],
              [
                123.47715898700005,
                10.749099322000063
              ],
              [
                123.479555204,
                10.75614491500005
              ],
              [
                123.49685179200003,
                10.769965238000054
              ],
              [
                123.5006600690001,
                10.767359558000066
              ],
              [
                123.50163878700005,
                10.76912756300004
              ],
              [
                123.50250031500002,
                10.767649645000063
              ],
              [
                123.50787169400007,
                10.767985356000054
              ],
              [
                123.51160594200007,
                10.764617271000077
              ],
              [
                123.51373037300004,
                10.76596046000003
              ],
              [
                123.52046293100011,
                10.763172419000057
              ],
              [
                123.52457182300009,
                10.764425388000063
              ],
              [
                123.52872743900002,
                10.762954839000031
              ],
              [
                123.53122225100003,
                10.759859084000027
              ]
            ]
          ]
        ]
      }
    },
    {
      "type": "Feature",
      "properties": {
        "shapeName": "City of Himamaylan",
        "shapeISO": "",
        "shapeID": "30758251B87460719980042",
        "shapeGroup": "PHL",
        "shapeType": "ADM3",
        "psgc_code": "0604510000",
        "legacy_psgc_code": "064510000",
        "province": "Negros Occidental",
        "reference_area_sqkm": 363.49722689,
        "reference_bbox": [
          122.82372,
          9.912625,
          123.015796,
          10.202212
        ]
      },
      "geometry": {
        "type": "Polygon",
        "coordinates": [
          [
            [
              122.85499162100007,
              10.17232462800007
            ],
            [
              122.85837625400006,
              10.161312864000024
            ],
            [
              122.85705725600008,
              10.159261853000032
            ],
            [
              122.85939318300007,
              10.159367985000074
            ],
            [
              122.86218208500009,
              10.141811575000077
            ],
            [
              122.86245156500001,
              10.111790203000055
            ],
            [
              122.86485732100004,
              10.110321416000033
            ],
            [
              122.86114261300008,
              10.101772267000058
            ],
            [
              122.86439841000004,
              10.098077636000028
            ],
            [
              122.86837464400003,
              10.098720504000028
            ],
            [
              122.86775279800008,
              10.095118616000036
            ],
            [
              122.85942301900002,
              10.093407432000049
            ],
            [
              122.84932068300009,
              10.079005
            ],
            [
              122.8492828520001,
              10.076772688000062
            ],
            [
              122.84069119100002,
              10.073101474000055
            ],
            [
              122.83696396800008,
              10.069189852000022
            ],
            [
              122.82648959500011,
              10.06659673300004
            ],
            [
              122.82372025300003,
              10.060751251000056
            ],
            [
              122.82773981700007,
              10.056652506000034
            ],
            [
              122.83199840700001,
              10.055463197000051
            ],
            [
              122.83151492700006,
              10.053391804000057
            ],
            [
              122.82669028900011,
              10.05033510000004
            ],
            [
              122.82838507600002,
              10.048125635000076
            ],
            [
              122.83198994300005,
              10.047014660000059
            ],
            [
              122.8320877760001,
              10.045599640000034
            ],
            [
              122.82950955500007,
              10.039658152000072
            ],
            [
              122.82538958200007,
              10.039795816000037
            ],
            [
              122.83391008700005,
              10.031470630000058
            ],
            [
              122.85079311100003,
              10.017597557000045
            ],
            [
              122.91388984600007,
              9.973136408000073
            ],
            [
              122.98320250300003,
              9.912625363000075
            ],
            [
              123.00419872600003,
              9.971277159000067
            ],
            [
              123.01579588600009,
              10.01218724100005
            ],
            [
              122.98433327100008,
              10.092414753000071
            ],
            [
              122.98363129000006,
              10.09651646900005
            ],
            [
              122.98482130400009,
              10.100147210000046
            ],
            [
              122.98344832900011,
              10.10553083900004
            ],
            [
              122.97365936300002,
              10.110638523000034
            ],
            [
              122.97439937200011,
              10.11297535600005
            ],
            [
              122.9728273830001,
              10.114912228000037
            ],
            [
              122.9697993850001,
              10.11460726100006
            ],
            [
              122.9636724070001,
              10.118061046000037
            ],
            [
              122.96414542900004,
              10.122903705000056
            ],
            [
              122.95948446300008,
              10.129647254000076
            ],
            [
              122.95081944300011,
              10.132259137000062
            ],
            [
              122.94926661700003,
              10.139719471000035
            ],
            [
              122.95196725100004,
              10.143332662000034
            ],
            [
              122.95565650700007,
              10.15404730900002
            ],
            [
              122.95194048500002,
              10.159096781000073
            ],
            [
              122.9481311940001,
              10.159885626000062
            ],
            [
              122.9451418860001,
              10.166601189000062
            ],
            [
              122.93178436900007,
              10.174900929000046
            ],
            [
              122.92519778200005,
              10.193008969000061
            ],
            [
              122.92155080000009,
              10.196372750000023
            ],
            [
              122.91912482700002,
              10.201912373000027
            ],
            [
              122.9140668330001,
              10.201879397000027
            ],
            [
              122.91030582000008,
              10.197660708000058
            ],
            [
              122.90755882300004,
              10.197819708000054
            ],
            [
              122.90468981400011,
              10.194901924000021
            ],
            [
              122.8976248250001,
              10.195394921000059
            ],
            [
              122.87826983000002,
              10.191151300000058
            ],
            [
              122.87082284300004,
              10.192127264000021
            ],
            [
              122.86871783800007,
              10.190484388000073
            ],
            [
              122.86912181700006,
              10.185797713000056
            ],
            [
              122.8670388060001,
              10.18279693200003
            ],
            [
              122.8637358200001,
              10.18488780000007
            ],
            [
              122.86241581700006,
              10.18402986600006
            ],
            [
              122.86328578100006,
              10.175888431000033
            ],
            [
              122.86056646800012,
              10.173486910000065
            ],
            [
              122.85499162100007,
              10.17232462800007
            ]
          ]
        ]
      }
    },
    {
      "type": "Feature",
      "properties": {
        "shapeName": "City of Kabankalan",
        "shapeISO": "",
        "shapeID": "30758251B39137179877227",
        "shapeGroup": "PHL",
        "shapeType": "ADM3",
        "psgc_code": "0604515000",
        "legacy_psgc_code": "064515000",
        "province": "Negros Occidental",
        "reference_area_sqkm": 659.2585578,
        "reference_bbox": [
          122.723329,
          9.597366,
          122.983203,
          10.063158
        ]
      },
      "geometry": {
        "type": "Polygon",
        "coordinates": [
          [
            [
              122.98320250300003,
              9.912625363000075
            ],
            [
              122.91388984600007,
              9.973136408000073
            ],
            [
              122.85079311100003,
              10.017597557000045
            ],
            [
              122.83391008700005,
              10.031470630000058
            ],
            [
              122.82538958200007,
              10.039795816000037
            ],
            [
              122.82950955500007,
              10.039658152000072
            ],
            [
              122.8320877760001,
              10.045599640000034
            ],
            [
              122.83198994300005,
              10.047014660000059
            ],
            [
              122.82838507600002,
              10.048125635000076
            ],
            [
              122.82669028900011,
              10.05033510000004
            ],
            [
              122.83151492700006,
              10.053391804000057
            ],
            [
              122.83199840700001,
              10.055463197000051
            ],
            [
              122.82773981700007,
              10.056652506000034
            ],
            [
              122.82372025300003,
              10.060751251000056
            ],
            [
              122.82166589400003,
              10.063158006000037
            ],
            [
              122.80346790100009,
              10.060763915000052
            ],
            [
              122.79868082900009,
              10.052353179000022
            ],
            [
              122.79978969800004,
              10.049174478000054
            ],
            [
              122.79672608800001,
              10.046703773000047
            ],
            [
              122.79744779000009,
              10.04140005100004
            ],
            [
              122.79964293700004,
              10.039726187000042
            ],
            [
              122.79961066300007,
              10.037804606000066
            ],
            [
              122.80623068000011,
              10.038336489000073
            ],
            [
              122.80730559000006,
              10.039823194000064
            ],
            [
              122.8100545740001,
              10.037306342000022
            ],
            [
              122.80669720800006,
              10.028117007000048
            ],
            [
              122.80329719500003,
              10.023904315000038
            ],
            [
              122.80347018400005,
              10.02153448100006
            ],
            [
              122.80456118200004,
              10.021340490000057
            ],
            [
              122.80790720000005,
              10.026596108000035
            ],
            [
              122.80997519800007,
              10.026615098000036
            ],
            [
              122.81081119200007,
              10.025437176000025
            ],
            [
              122.80919018200007,
              10.02256738400007
            ],
            [
              122.8114083160001,
              10.01905156500004
            ],
            [
              122.80982712600007,
              10.015112217000024
            ],
            [
              122.81873659400003,
              10.01348869100002
            ],
            [
              122.81802254000002,
              10.009522967000066
            ],
            [
              122.81108720700001,
              10.011156319000065
            ],
            [
              122.81129125000007,
              10.012804170000038
            ],
            [
              122.80581962800011,
              10.011931670000024
            ],
            [
              122.800964227,
              10.00834738900005
            ],
            [
              122.79150008800002,
              9.996005319000062
            ],
            [
              122.77701104900007,
              9.982806304000064
            ],
            [
              122.74860692300001,
              9.94547103800005
            ],
            [
              122.74196165300009,
              9.88010164900004
            ],
            [
              122.74371233600004,
              9.85857816500004
            ],
            [
              122.73858067300011,
              9.805526117000056
            ],
            [
              122.73372925900003,
              9.784326404000069
            ],
            [
              122.7313791360001,
              9.754281524000021
            ],
            [
              122.73278339900003,
              9.741793525000048
            ],
            [
              122.72332949600002,
              9.597365594000053
            ],
            [
              122.80384875100003,
              9.700318503000062
            ],
            [
              122.88211769000009,
              9.791571794000049
            ],
            [
              122.89808550400005,
              9.809310142000072
            ],
            [
              122.91410867600007,
              9.82804438200003
            ],
            [
              122.93288003100008,
              9.852716447000034
            ],
            [
              122.98320250300003,
              9.912625363000075
            ]
          ]
        ]
      }
    },
    {
      "type": "Feature",
      "properties": {
        "shapeName": "City of Sipalay",
        "shapeISO": "",
        "shapeID": "30758251B39035544266980",
        "shapeGroup": "PHL",
        "shapeType": "ADM3",
        "psgc_code": "0604527000",
        "legacy_psgc_code": "064527000",
        "province": "Negros Occidental",
        "reference_area_sqkm": 327.46862395,
        "reference_bbox": [
          122.364871,
          9.658154,
          122.559117,
          9.833452
        ]
      },
      "geometry": {
        "type": "MultiPolygon",
        "coordinates": [
          [
            [
              [
                122.39748624300012,
                9.680168309000067
              ],
              [
                122.39666458200008,
                9.680632527000057
              ],
              [
                122.39806407000003,
                9.67932038300006
              ],
              [
                122.39748624300012,
                9.680168309000067
              ]
            ]
          ],
          [
            [
              [
                122.39351396500001,
                9.73780664700007
              ],
              [
                122.3896026220001,
                9.73654549400004
              ],
              [
                122.39324417700004,
                9.734356540000022
              ],
              [
                122.39278374000003,
                9.736029980000069
              ],
              [
                122.39351396500001,
                9.73780664700007
              ]
            ]
          ],
          [
            [
              [
                122.3963580940001,
                9.803524289000052
              ],
              [
                122.39536090100012,
                9.803338647000032
              ],
              [
                122.39657313900011,
                9.802145801000052
              ],
              [
                122.3963580940001,
                9.803524289000052
              ]
            ]
          ],
          [
            [
              [
                122.36747621600011,
                9.830034127000033
              ],
              [
                122.36510964000001,
                9.828177556000071
              ],
              [
                122.36897602300007,
                9.828081136000037
              ],
              [
                122.36747621600011,
                9.830034127000033
              ]
            ]
          ],
          [
            [
              [
                122.55771163800011,
                9.831367822000061
              ],
              [
                122.48438121200002,
                9.832649094000033
              ],
              [
                122.38813682700004,
                9.832171346000052
              ],
              [
                122.38452054900006,
                9.823793193000029
              ],
              [
                122.38512148000007,
                9.82183148200005
              ],
              [
                122.38949856400006,
                9.819684915000039
              ],
              [
                122.39500305700005,
                9.821506829000043
              ],
              [
                122.39412944500009,
                9.820699518000026
              ],
              [
                122.39793203300007,
                9.81951870000006
              ],
              [
                122.40139502500006,
                9.814204527000072
              ],
              [
                122.39863163400003,
                9.810651542000073
              ],
              [
                122.39921383,
                9.808820041000047
              ],
              [
                122.39747669700012,
                9.808406047000062
              ],
              [
                122.40129777400011,
                9.804018648000067
              ],
              [
                122.40212408500008,
                9.805174113000021
              ],
              [
                122.40436200500005,
                9.804324735000023
              ],
              [
                122.40419024100004,
                9.801766065000038
              ],
              [
                122.40300302600008,
                9.801580198000067
              ],
              [
                122.40262870600009,
                9.803708061000066
              ],
              [
                122.40116365600011,
                9.803246131000037
              ],
              [
                122.39752384100007,
                9.806138975000067
              ],
              [
                122.39821355300012,
                9.800125382000033
              ],
              [
                122.40102056800004,
                9.800586170000031
              ],
              [
                122.39984555900003,
                9.798601682000026
              ],
              [
                122.40118662600003,
                9.79719476200006
              ],
              [
                122.39773137300006,
                9.797797262000074
              ],
              [
                122.39566136000008,
                9.793787175000034
              ],
              [
                122.39330274300005,
                9.794017677000056
              ],
              [
                122.39258157200004,
                9.791931802000022
              ],
              [
                122.38906510100003,
                9.790557231000037
              ],
              [
                122.39149287000009,
                9.789210583000056
              ],
              [
                122.38967230600008,
                9.786396982000042
              ],
              [
                122.39320638200002,
                9.785477971000034
              ],
              [
                122.3951183470001,
                9.775754089000031
              ],
              [
                122.39693029600005,
                9.775965142000075
              ],
              [
                122.39898959300001,
                9.763692410000033
              ],
              [
                122.39808981400006,
                9.75773113200006
              ],
              [
                122.40357212700007,
                9.758845016000066
              ],
              [
                122.403731504,
                9.757098574000054
              ],
              [
                122.39905862400008,
                9.75658739000005
              ],
              [
                122.39800757500007,
                9.754715187000045
              ],
              [
                122.39867412700005,
                9.745399730000031
              ],
              [
                122.39709212000002,
                9.742248559000075
              ],
              [
                122.4008339720001,
                9.740071575000059
              ],
              [
                122.39714791600011,
                9.741386293000062
              ],
              [
                122.39410243200007,
                9.739853004000054
              ],
              [
                122.3962260180001,
                9.736361427000077
              ],
              [
                122.39500146900002,
                9.734955656000068
              ],
              [
                122.39373130100012,
                9.736269094000022
              ],
              [
                122.39323335000006,
                9.73549173400005
              ],
              [
                122.39696243800006,
                9.731860813000026
              ],
              [
                122.39687710800001,
                9.729407244000072
              ],
              [
                122.39535822200003,
                9.730442640000035
              ],
              [
                122.39653534700005,
                9.727450296000029
              ],
              [
                122.39505530000008,
                9.727234703000022
              ],
              [
                122.39509803900012,
                9.728976317000047
              ],
              [
                122.39350049400002,
                9.729363078000063
              ],
              [
                122.39246137000009,
                9.728221205000068
              ],
              [
                122.39150914800007,
                9.72919676600003
              ],
              [
                122.39146734300004,
                9.727105605000077
              ],
              [
                122.39019532500004,
                9.729288996000037
              ],
              [
                122.38847416600004,
                9.728627088000053
              ],
              [
                122.38805768700001,
                9.725045991000059
              ],
              [
                122.38980022800001,
                9.723904736000065
              ],
              [
                122.38829704600005,
                9.723707532000049
              ],
              [
                122.3890107200001,
                9.721909358000062
              ],
              [
                122.38629392100006,
                9.71802619400006
              ],
              [
                122.38183454300008,
                9.715167662000056
              ],
              [
                122.38330561700002,
                9.71429563700002
              ],
              [
                122.38005398300004,
                9.711288698000033
              ],
              [
                122.38074993300006,
                9.707251566000025
              ],
              [
                122.38840656400009,
                9.702259970000057
              ],
              [
                122.39060444600011,
                9.699548940000057
              ],
              [
                122.39025717900006,
                9.696277850000058
              ],
              [
                122.3971159350001,
                9.69151613400004
              ],
              [
                122.40205656800003,
                9.69425252600007
              ],
              [
                122.40694722300009,
                9.701235724000071
              ],
              [
                122.41247743300005,
                9.705687977000025
              ],
              [
                122.41540140200004,
                9.706428512000059
              ],
              [
                122.42048606900005,
                9.702184639000052
              ],
              [
                122.42210535200002,
                9.699177090000035
              ],
              [
                122.41998247100003,
                9.692460337000057
              ],
              [
                122.40707148100012,
                9.680394395000064
              ],
              [
                122.40053756300006,
                9.679734476000021
              ],
              [
                122.40041555700009,
                9.677743343000031
              ],
              [
                122.39848586300002,
                9.676911756000038
              ],
              [
                122.40209059300003,
                9.67382757100006
              ],
              [
                122.40296187500007,
                9.669167241000025
              ],
              [
                122.4039692020001,
                9.669477784000037
              ],
              [
                122.40294118600002,
                9.668320048000055
              ],
              [
                122.4041380110001,
                9.664356475000034
              ],
              [
                122.40603643500003,
                9.664504512000065
              ],
              [
                122.4063851730001,
                9.661802687000034
              ],
              [
                122.40810699100007,
                9.662227070000029
              ],
              [
                122.40832028400007,
                9.659459104000064
              ],
              [
                122.40936534200011,
                9.660739444000058
              ],
              [
                122.40993518500011,
                9.659460634000027
              ],
              [
                122.41530220300001,
                9.660221639000042
              ],
              [
                122.41783669800009,
                9.662643024000033
              ],
              [
                122.419701529,
                9.662213311000073
              ],
              [
                122.43091469100011,
                9.671638038000026
              ],
              [
                122.43418024900006,
                9.671896040000036
              ],
              [
                122.43894685900011,
                9.66874475700007
              ],
              [
                122.44157710700006,
                9.662723192000044
              ],
              [
                122.44138453900007,
                9.658189256000071
              ],
              [
                122.44437307300007,
                9.661162237000042
              ],
              [
                122.44408585500003,
                9.665449304000049
              ],
              [
                122.44502570600002,
                9.66617738900004
              ],
              [
                122.44618265600002,
                9.664169521000076
              ],
              [
                122.44629445800001,
                9.66417010500004
              ],
              [
                122.44644190800011,
                9.664170875000025
              ],
              [
                122.44654684800003,
                9.664171423000028
              ],
              [
                122.44672034200005,
                9.664172329000053
              ],
              [
                122.4468002430001,
                9.664172746000077
              ],
              [
                122.44693192300008,
                9.664173434000077
              ],
              [
                122.44699560900006,
                9.664173767000023
              ],
              [
                122.44727128600005,
                9.664175206000039
              ],
              [
                122.5591173360001,
                9.667115787000057
              ],
              [
                122.55771163800011,
                9.831367822000061
              ]
            ]
          ]
        ]
      }
    },
    {
      "type": "Feature",
      "properties": {
        "shapeName": "City of Talisay",
        "shapeISO": "",
        "shapeID": "30758251B1176164020832",
        "shapeGroup": "PHL",
        "shapeType": "ADM3",
        "psgc_code": "0604528000",
        "legacy_psgc_code": "064528000",
        "province": "Negros Occidental",
        "reference_area_sqkm": 193.4815316,
        "reference_bbox": [
          122.945711,
          10.627658,
          123.249687,
          10.774868
        ]
      },
      "geometry": {
        "type": "Polygon",
        "coordinates": [
          [
            [
              123.13932722700008,
              10.659633958000029
            ],
            [
              123.16206752200003,
              10.649741104000043
            ],
            [
              123.19091840500005,
              10.632634164000024
            ],
            [
              123.20795236000004,
              10.627658433000022
            ],
            [
              123.22363735200008,
              10.630594159000054
            ],
            [
              123.23855235600001,
              10.63585372700004
            ],
            [
              123.24968708600011,
              10.64982470600006
            ],
            [
              123.1727311300001,
              10.683370431000071
            ],
            [
              123.14606284900003,
              10.716263555000069
            ],
            [
              123.11871992200008,
              10.724601101000076
            ],
            [
              123.08885098400003,
              10.729520893000029
            ],
            [
              123.0737900690001,
              10.743710977000035
            ],
            [
              123.04280954100011,
              10.753839182000036
            ],
            [
              123.04083884400006,
              10.75750126500003
            ],
            [
              123.0349112350001,
              10.760170242000072
            ],
            [
              123.03363823500001,
              10.765006302000074
            ],
            [
              123.02522099600003,
              10.770428326000058
            ],
            [
              123.01802718400006,
              10.753126576000057
            ],
            [
              122.9925372460001,
              10.759877224000036
            ],
            [
              122.97766731100012,
              10.76966161300004
            ],
            [
              122.96368551700004,
              10.774868267000045
            ],
            [
              122.96354363500006,
              10.771518138000033
            ],
            [
              122.96112352000011,
              10.769579227000065
            ],
            [
              122.964014313,
              10.761551549000046
            ],
            [
              122.96427008600006,
              10.754102240000066
            ],
            [
              122.96287335800002,
              10.747569352000028
            ],
            [
              122.96013072700009,
              10.745107061000056
            ],
            [
              122.9622241510001,
              10.742218021000042
            ],
            [
              122.960365335,
              10.73902128100002
            ],
            [
              122.96302175300002,
              10.731383980000032
            ],
            [
              122.95967402100007,
              10.725451666000026
            ],
            [
              122.95324668100011,
              10.725008633000073
            ],
            [
              122.94843645300011,
              10.72720384300004
            ],
            [
              122.94734100900007,
              10.72554615100006
            ],
            [
              122.94586343300011,
              10.725952605000032
            ],
            [
              122.94575970900007,
              10.722560761000068
            ],
            [
              122.94898470100009,
              10.715716358000066
            ],
            [
              122.96161394400008,
              10.71272773100003
            ],
            [
              122.99919630300008,
              10.69994379800005
            ],
            [
              123.002319123,
              10.697152054000071
            ],
            [
              123.00085675800005,
              10.694688665000058
            ],
            [
              123.0031765220001,
              10.693813857000066
            ],
            [
              123.00347638200003,
              10.689284807000035
            ],
            [
              123.01377865300003,
              10.68211238200007
            ],
            [
              123.01829137100003,
              10.683337527000049
            ],
            [
              123.02234235000003,
              10.68202003500005
            ],
            [
              123.02492808200009,
              10.683288275000052
            ],
            [
              123.02573458400002,
              10.681909218000044
            ],
            [
              123.02625788700004,
              10.682777285000043
            ],
            [
              123.02816640300011,
              10.681509045000041
            ],
            [
              123.03596669300009,
              10.681207377000021
            ],
            [
              123.04075645300009,
              10.68222935600005
            ],
            [
              123.04117509500009,
              10.683940864000022
            ],
            [
              123.04355150600009,
              10.684852027000034
            ],
            [
              123.04982497700007,
              10.684967264000022
            ],
            [
              123.05766655600007,
              10.679086870000049
            ],
            [
              123.07634461500004,
              10.669879216000027
            ],
            [
              123.10042594000004,
              10.668559144000028
            ],
            [
              123.12412092700004,
              10.66448424300006
            ],
            [
              123.12806520100003,
              10.665268599000058
            ],
            [
              123.13487612400002,
              10.663793869000074
            ],
            [
              123.13932722700008,
              10.659633958000029
            ]
          ]
        ]
      }
    },
    {
      "type": "Feature",
      "properties": {
        "shapeName": "City of Victorias",
        "shapeISO": "",
        "shapeID": "30758251B44366819417362",
        "shapeGroup": "PHL",
        "shapeType": "ADM3",
        "psgc_code": "0604531000",
        "legacy_psgc_code": "064531000",
        "province": "Negros Occidental",
        "reference_area_sqkm": 105.76454354,
        "reference_bbox": [
          123.034195,
          10.69835,
          123.201178,
          10.92071
        ]
      },
      "geometry": {
        "type": "Polygon",
        "coordinates": [
          [
            [
              123.18188328200006,
              10.820113191000075
            ],
            [
              123.14900846700004,
              10.850592229000029
            ],
            [
              123.13183680200007,
              10.870847613000024
            ],
            [
              123.12719379700002,
              10.870767382000054
            ],
            [
              123.12810665300003,
              10.871883095000044
            ],
            [
              123.12425237000002,
              10.87547113000005
            ],
            [
              123.12503844100002,
              10.877068629000064
            ],
            [
              123.12335219200008,
              10.878399878000039
            ],
            [
              123.12240792000011,
              10.882661572000075
            ],
            [
              123.11881194600005,
              10.885036272000036
            ],
            [
              123.11943389200007,
              10.88696995600003
            ],
            [
              123.1084813120001,
              10.895213376000072
            ],
            [
              123.10071814100002,
              10.89837271500005
            ],
            [
              123.09685918600007,
              10.908273309000037
            ],
            [
              123.09330728300006,
              10.90818476000004
            ],
            [
              123.09234778300004,
              10.91175234700006
            ],
            [
              123.08670408700004,
              10.914458117000038
            ],
            [
              123.0812099310001,
              10.915396272000066
            ],
            [
              123.0757549970001,
              10.912842182000077
            ],
            [
              123.07587855500003,
              10.914314404000038
            ],
            [
              123.0743769710001,
              10.914876563000064
            ],
            [
              123.06643543700011,
              10.912833332000048
            ],
            [
              123.06525636100002,
              10.916230751000057
            ],
            [
              123.06332167800008,
              10.91682712200003
            ],
            [
              123.06120123900007,
              10.915333916000066
            ],
            [
              123.06007708900006,
              10.909904461000053
            ],
            [
              123.05898019800009,
              10.910809999000037
            ],
            [
              123.060248999,
              10.913651554000069
            ],
            [
              123.05875398800003,
              10.91716942000005
            ],
            [
              123.05224605400008,
              10.91967592800006
            ],
            [
              123.05205190200002,
              10.91860084800004
            ],
            [
              123.05062134600007,
              10.920556431000023
            ],
            [
              123.04754823000007,
              10.919881345000022
            ],
            [
              123.04185167600008,
              10.915487233000022
            ],
            [
              123.03637973800005,
              10.916107066000052
            ],
            [
              123.03431588500007,
              10.914690131000043
            ],
            [
              123.03691355500007,
              10.909306976000039
            ],
            [
              123.04353513100011,
              10.907210204000023
            ],
            [
              123.0447349530001,
              10.905590386000029
            ],
            [
              123.03883680900003,
              10.894715140000073
            ],
            [
              123.03996999600008,
              10.886647301000039
            ],
            [
              123.0368503310001,
              10.881652878000068
            ],
            [
              123.03670040400004,
              10.878699030000064
            ],
            [
              123.03883840900005,
              10.877120984000044
            ],
            [
              123.04232069200009,
              10.879607745000044
            ],
            [
              123.04619330800006,
              10.878041943000028
            ],
            [
              123.04279117200008,
              10.872254646000044
            ],
            [
              123.03566580300003,
              10.871288281000034
            ],
            [
              123.0357463690001,
              10.863081159000046
            ],
            [
              123.03452966800012,
              10.861846972000023
            ],
            [
              123.04495165800006,
              10.862571874000025
            ],
            [
              123.05108559100006,
              10.849973718000058
            ],
            [
              123.05879156900005,
              10.847269870000048
            ],
            [
              123.06783254800007,
              10.84524096900003
            ],
            [
              123.07353854700011,
              10.846836833000054
            ],
            [
              123.07737655800008,
              10.850105589000066
            ],
            [
              123.08212154900002,
              10.84945261200005
            ],
            [
              123.10211846300001,
              10.83670640400004
            ],
            [
              123.11197373900006,
              10.833716589000062
            ],
            [
              123.12560137300011,
              10.823753194000062
            ],
            [
              123.15071030900003,
              10.817300527000043
            ],
            [
              123.15678326600005,
              10.809566036000035
            ],
            [
              123.20117769300009,
              10.698349551000035
            ],
            [
              123.18223422800008,
              10.808650984000053
            ],
            [
              123.18188328200006,
              10.820113191000075
            ]
          ]
        ]
      }
    },
    {
      "type": "Feature",
      "properties": {
        "shapeName": "Enrique B. Magalona",
        "shapeISO": "",
        "shapeID": "30758251B93552266540793",
        "shapeGroup": "PHL",
        "shapeType": "ADM3",
        "psgc_code": "0604508000",
        "legacy_psgc_code": "064508000",
        "province": "Negros Occidental",
        "reference_area_sqkm": 138.92611796,
        "reference_bbox": [
          122.946608,
          10.69835,
          123.201178,
          10.924096
        ]
      },
      "geometry": {
        "type": "Polygon",
        "coordinates": [
          [
            [
              123.04754823000007,
              10.919881345000022
            ],
            [
              123.04736388000003,
              10.923324166000043
            ],
            [
              123.04163178300007,
              10.92370627200006
            ],
            [
              123.04140158700011,
              10.922475667000072
            ],
            [
              123.04057746800004,
              10.92409322800006
            ],
            [
              123.03894878400001,
              10.923013320000052
            ],
            [
              123.03753588400002,
              10.924048394000067
            ],
            [
              123.03128273100003,
              10.921646508000038
            ],
            [
              123.03059077800003,
              10.920668990000024
            ],
            [
              123.03188614100009,
              10.921833137000021
            ],
            [
              123.03438775600011,
              10.922122519000027
            ],
            [
              123.03192886200009,
              10.92166273600003
            ],
            [
              123.03115243100001,
              10.919511108000052
            ],
            [
              123.02949428800002,
              10.92003651400006
            ],
            [
              123.02719119800008,
              10.915159738000057
            ],
            [
              123.0272760250001,
              10.918184487000076
            ],
            [
              123.01527226700011,
              10.912940121000076
            ],
            [
              123.00682608500006,
              10.915224270000067
            ],
            [
              122.99655966900002,
              10.913893595000047
            ],
            [
              122.99506992600004,
              10.91116069800006
            ],
            [
              122.99423752700011,
              10.912204123000038
            ],
            [
              122.99178804600001,
              10.91031971600006
            ],
            [
              122.98977422700011,
              10.910734299000069
            ],
            [
              122.98609224600011,
              10.90833454400007
            ],
            [
              122.98499745100003,
              10.905796648000035
            ],
            [
              122.98242157600009,
              10.905961826000066
            ],
            [
              122.98305448700012,
              10.904196976000037
            ],
            [
              122.98463920800009,
              10.904892933000042
            ],
            [
              122.98498925400008,
              10.903899769000077
            ],
            [
              122.98285921400009,
              10.903632861000062
            ],
            [
              122.9837006250001,
              10.90172545300004
            ],
            [
              122.98202763200004,
              10.90186572500005
            ],
            [
              122.98127940600011,
              10.898672894000072
            ],
            [
              122.96620168100003,
              10.89751601100005
            ],
            [
              122.96187074400007,
              10.89539589900005
            ],
            [
              122.95727907600008,
              10.896418435000044
            ],
            [
              122.95230896200007,
              10.89432408700003
            ],
            [
              122.95228063700006,
              10.88952716600005
            ],
            [
              122.9526644880001,
              10.890594908000025
            ],
            [
              122.95498592000001,
              10.890266824000037
            ],
            [
              122.95916188700005,
              10.885393065000073
            ],
            [
              122.96006340600002,
              10.879440559000045
            ],
            [
              122.9582315350001,
              10.87872176600007
            ],
            [
              122.95910940800002,
              10.876090760000068
            ],
            [
              122.95686315400008,
              10.867112899000062
            ],
            [
              122.95274557400012,
              10.86427400100007
            ],
            [
              122.94836944100007,
              10.863546339000038
            ],
            [
              122.94690677900007,
              10.860455684000044
            ],
            [
              122.94676011100012,
              10.85751164800007
            ],
            [
              122.94938068300007,
              10.852082971000073
            ],
            [
              122.9520091280001,
              10.849856809000073
            ],
            [
              122.95575241900008,
              10.850945669000055
            ],
            [
              122.956436832,
              10.844263385000033
            ],
            [
              122.95890803400005,
              10.84475946200007
            ],
            [
              122.96303095600001,
              10.840814307000073
            ],
            [
              122.98532059400009,
              10.83268421400004
            ],
            [
              123.00794598200002,
              10.833616715000062
            ],
            [
              123.01240534300007,
              10.829999663000024
            ],
            [
              123.01798271300004,
              10.83104692300003
            ],
            [
              123.01716987200007,
              10.827460297000073
            ],
            [
              123.02183972900002,
              10.824057099000072
            ],
            [
              123.02498585900003,
              10.826162769000064
            ],
            [
              123.02925053900003,
              10.832983993000028
            ],
            [
              123.02821057400001,
              10.836194620000072
            ],
            [
              123.03505836000011,
              10.831409664000034
            ],
            [
              123.04131084500011,
              10.830035377000058
            ],
            [
              123.0461491740001,
              10.827060591000077
            ],
            [
              123.05186106300005,
              10.826277365000067
            ],
            [
              123.05469375200005,
              10.822794203000058
            ],
            [
              123.05466814500005,
              10.818448294000063
            ],
            [
              123.05640832400002,
              10.815603203000023
            ],
            [
              123.06644681300008,
              10.813019612000062
            ],
            [
              123.0688525700001,
              10.813996867000071
            ],
            [
              123.06783623600006,
              10.816446378000023
            ],
            [
              123.06937703400001,
              10.817350102000034
            ],
            [
              123.07567150400007,
              10.814169192000065
            ],
            [
              123.08681859,
              10.815558574000022
            ],
            [
              123.09228020700004,
              10.813158146000035
            ],
            [
              123.09488275500007,
              10.808387023000023
            ],
            [
              123.09876292400008,
              10.807465971000056
            ],
            [
              123.10149284200008,
              10.804891989000055
            ],
            [
              123.10578335700006,
              10.806435472000032
            ],
            [
              123.10935820400005,
              10.804733042000066
            ],
            [
              123.10880894000002,
              10.801421825000034
            ],
            [
              123.11276222400011,
              10.799429037000039
            ],
            [
              123.11447521500008,
              10.802032470000029
            ],
            [
              123.12007195400008,
              10.803366924000045
            ],
            [
              123.12279004800007,
              10.800530409000032
            ],
            [
              123.12172195800008,
              10.797882641000058
            ],
            [
              123.124008709,
              10.793993710000052
            ],
            [
              123.13438808100011,
              10.785819880000076
            ],
            [
              123.13606345900007,
              10.781454385000075
            ],
            [
              123.13962622000008,
              10.777780127000028
            ],
            [
              123.13700922200007,
              10.77191317300003
            ],
            [
              123.14543159900006,
              10.766381792000061
            ],
            [
              123.14465668000003,
              10.761023462000026
            ],
            [
              123.1510036630001,
              10.755709393000075
            ],
            [
              123.15454909000005,
              10.757235102000038
            ],
            [
              123.15767945700009,
              10.75178350300007
            ],
            [
              123.16281178700001,
              10.751659906000043
            ],
            [
              123.16383064900003,
              10.749908507000043
            ],
            [
              123.1618039220001,
              10.748345573000051
            ],
            [
              123.16322853200006,
              10.747330214000044
            ],
            [
              123.16591964000008,
              10.748587061000023
            ],
            [
              123.167313626,
              10.745899178000059
            ],
            [
              123.16911757800005,
              10.747494312000072
            ],
            [
              123.17106772300008,
              10.745633363000024
            ],
            [
              123.17546941100011,
              10.747439257000053
            ],
            [
              123.17993623400002,
              10.743804473000068
            ],
            [
              123.17931848500007,
              10.741394404000062
            ],
            [
              123.18103218300007,
              10.739050256000041
            ],
            [
              123.18068548800011,
              10.73452545400005
            ],
            [
              123.1827845570001,
              10.731557429000077
            ],
            [
              123.18232108100005,
              10.729124090000028
            ],
            [
              123.20117769300009,
              10.698349551000035
            ],
            [
              123.15678326600005,
              10.809566036000035
            ],
            [
              123.15071030900003,
              10.817300527000043
            ],
            [
              123.12560137300011,
              10.823753194000062
            ],
            [
              123.11197373900006,
              10.833716589000062
            ],
            [
              123.10211846300001,
              10.83670640400004
            ],
            [
              123.08212154900002,
              10.84945261200005
            ],
            [
              123.07737655800008,
              10.850105589000066
            ],
            [
              123.07353854700011,
              10.846836833000054
            ],
            [
              123.06783254800007,
              10.84524096900003
            ],
            [
              123.05879156900005,
              10.847269870000048
            ],
            [
              123.05108559100006,
              10.849973718000058
            ],
            [
              123.04495165800006,
              10.862571874000025
            ],
            [
              123.03452966800012,
              10.861846972000023
            ],
            [
              123.0357463690001,
              10.863081159000046
            ],
            [
              123.03566580300003,
              10.871288281000034
            ],
            [
              123.04279117200008,
              10.872254646000044
            ],
            [
              123.04619330800006,
              10.878041943000028
            ],
            [
              123.04232069200009,
              10.879607745000044
            ],
            [
              123.03883840900005,
              10.877120984000044
            ],
            [
              123.03670040400004,
              10.878699030000064
            ],
            [
              123.0368503310001,
              10.881652878000068
            ],
            [
              123.03996999600008,
              10.886647301000039
            ],
            [
              123.03883680900003,
              10.894715140000073
            ],
            [
              123.0447349530001,
              10.905590386000029
            ],
            [
              123.04353513100011,
              10.907210204000023
            ],
            [
              123.03691355500007,
              10.909306976000039
            ],
            [
              123.03431588500007,
              10.914690131000043
            ],
            [
              123.03637973800005,
              10.916107066000052
            ],
            [
              123.04185167600008,
              10.915487233000022
            ],
            [
              123.04754823000007,
              10.919881345000022
            ]
          ]
        ]
      }
    },
    {
      "type": "Feature",
      "properties": {
        "shapeName": "Hinigaran",
        "shapeISO": "",
        "shapeID": "30758251B50394625091243",
        "shapeGroup": "PHL",
        "shapeType": "ADM3",
        "psgc_code": "0604511000",
        "legacy_psgc_code": "064511000",
        "province": "Negros Occidental",
        "reference_area_sqkm": 152.71718665,
        "reference_bbox": [
          122.841788,
          10.202299,
          122.994987,
          10.335284
        ]
      },
      "geometry": {
        "type": "Polygon",
        "coordinates": [
          [
            [
              122.92924012200001,
              10.209854447000055
            ],
            [
              122.92651486700004,
              10.212596750000046
            ],
            [
              122.92956156100001,
              10.218498835000048
            ],
            [
              122.93643465000002,
              10.22225391400002
            ],
            [
              122.93805430100008,
              10.218475428000033
            ],
            [
              122.94016450000004,
              10.21865907800003
            ],
            [
              122.94451846700008,
              10.226890918000038
            ],
            [
              122.94755570000007,
              10.224794914000029
            ],
            [
              122.9523626670001,
              10.226763998000024
            ],
            [
              122.95445371200003,
              10.226274404000037
            ],
            [
              122.95287046900012,
              10.228666108000027
            ],
            [
              122.9523753310001,
              10.234123841000041
            ],
            [
              122.94812989000002,
              10.234185944000046
            ],
            [
              122.9486909950001,
              10.23780234000003
            ],
            [
              122.95232594100003,
              10.238585712000031
            ],
            [
              122.96127775000002,
              10.233964469000057
            ],
            [
              122.97522498,
              10.252301612000053
            ],
            [
              122.99498684700006,
              10.269390003000069
            ],
            [
              122.9947544480001,
              10.272688224000035
            ],
            [
              122.98925052600009,
              10.279363192000062
            ],
            [
              122.94649228300011,
              10.313278480000065
            ],
            [
              122.89492537800004,
              10.320373209000024
            ],
            [
              122.89149139300002,
              10.32284405200005
            ],
            [
              122.86534803400002,
              10.329637536000064
            ],
            [
              122.86621853100007,
              10.333779470000025
            ],
            [
              122.8588682830001,
              10.335283764000053
            ],
            [
              122.85722533700005,
              10.325150845000053
            ],
            [
              122.85480293700004,
              10.32341576400006
            ],
            [
              122.85191655300002,
              10.317437380000058
            ],
            [
              122.85006837200001,
              10.317498231000059
            ],
            [
              122.84924123300004,
              10.315833682000061
            ],
            [
              122.85004673300011,
              10.313527014000044
            ],
            [
              122.84786437100001,
              10.303710487000046
            ],
            [
              122.84539591500004,
              10.299650105000069
            ],
            [
              122.84178759800011,
              10.297929047000025
            ],
            [
              122.84527437300005,
              10.282604475000028
            ],
            [
              122.84923645300012,
              10.277198935000058
            ],
            [
              122.8451722530001,
              10.27361066900005
            ],
            [
              122.84392469400007,
              10.26728120200005
            ],
            [
              122.84185523100007,
              10.267044704000057
            ],
            [
              122.84362557000009,
              10.265899357000023
            ],
            [
              122.84491183800003,
              10.250844451000034
            ],
            [
              122.84834012500005,
              10.25040929100004
            ],
            [
              122.8538330990001,
              10.24578359000003
            ],
            [
              122.85350507500004,
              10.24054295700006
            ],
            [
              122.85068207200004,
              10.238861087000032
            ],
            [
              122.85434403800002,
              10.232207536000033
            ],
            [
              122.85461901300005,
              10.226437937000071
            ],
            [
              122.85693800600006,
              10.225577987000065
            ],
            [
              122.86385000300004,
              10.226850869000032
            ],
            [
              122.87623295700007,
              10.219749311000044
            ],
            [
              122.880588955,
              10.220313254000075
            ],
            [
              122.88186294800005,
              10.219120331000056
            ],
            [
              122.88154292900003,
              10.214798634000033
            ],
            [
              122.8836559240001,
              10.214348657000073
            ],
            [
              122.88420358000008,
              10.212120964000064
            ],
            [
              122.88825392800004,
              10.208288542000048
            ],
            [
              122.89630897200004,
              10.209316522000051
            ],
            [
              122.90111751300003,
              10.207466983000074
            ],
            [
              122.90503388500008,
              10.211184786000047
            ],
            [
              122.91277687000002,
              10.209740853000028
            ],
            [
              122.91703487000007,
              10.211004747000061
            ],
            [
              122.92563283900006,
              10.206425030000048
            ],
            [
              122.92335882800012,
              10.20322726300003
            ],
            [
              122.9239698230001,
              10.20229932500007
            ],
            [
              122.92618982600004,
              10.20349523300007
            ],
            [
              122.92924012200001,
              10.209854447000055
            ]
          ]
        ]
      }
    },
    {
      "type": "Feature",
      "properties": {
        "shapeName": "Hinoba-An",
        "shapeISO": "",
        "shapeID": "30758251B90502148254132",
        "shapeGroup": "PHL",
        "shapeType": "ADM3",
        "psgc_code": "0604512000",
        "legacy_psgc_code": "064512000",
        "province": "Negros Occidental",
        "reference_area_sqkm": 402.0382097,
        "reference_bbox": [
          122.432683,
          9.444193,
          122.67488,
          9.669284
        ]
      },
      "geometry": {
        "type": "MultiPolygon",
        "coordinates": [
          [
            [
              [
                122.4968432280001,
                9.556070453000075
              ],
              [
                122.49390870600007,
                9.55370202000006
              ],
              [
                122.49608755200006,
                9.548862471000064
              ],
              [
                122.49804079700004,
                9.549101673000052
              ],
              [
                122.49990636900009,
                9.551610148000066
              ],
              [
                122.49931565800011,
                9.55468466900004
              ],
              [
                122.4968432280001,
                9.556070453000075
              ]
            ]
          ],
          [
            [
              [
                122.43810951300009,
                9.653540355000075
              ],
              [
                122.4328685590001,
                9.647661816000038
              ],
              [
                122.43432809500007,
                9.643432515000029
              ],
              [
                122.4357688020001,
                9.646698083000047
              ],
              [
                122.43751512300003,
                9.647201787000029
              ],
              [
                122.43810951300009,
                9.653540355000075
              ]
            ]
          ],
          [
            [
              [
                122.67264201100011,
                9.550316107000071
              ],
              [
                122.67488037400005,
                9.669283814000039
              ],
              [
                122.60101734600005,
                9.668835942000044
              ],
              [
                122.5591173360001,
                9.667115787000057
              ],
              [
                122.44727128600005,
                9.664175206000039
              ],
              [
                122.45127443000001,
                9.661526819000073
              ],
              [
                122.45215979300008,
                9.662659916000052
              ],
              [
                122.4567300970001,
                9.661711256000046
              ],
              [
                122.45864364400006,
                9.658963265000068
              ],
              [
                122.45865093800012,
                9.654384953000033
              ],
              [
                122.45618057600007,
                9.650724359000037
              ],
              [
                122.458858071,
                9.644428950000076
              ],
              [
                122.45683280500009,
                9.641954748000046
              ],
              [
                122.45698624500005,
                9.637868569000034
              ],
              [
                122.45409983000002,
                9.632448561000047
              ],
              [
                122.450050228,
                9.632310867000058
              ],
              [
                122.45085268700007,
                9.630496545000028
              ],
              [
                122.44811855500006,
                9.632770072000028
              ],
              [
                122.44404096800008,
                9.631421885000066
              ],
              [
                122.44423384000004,
                9.628479911000056
              ],
              [
                122.44193894000011,
                9.625875498000028
              ],
              [
                122.44391980500006,
                9.621736228000032
              ],
              [
                122.44334345800007,
                9.620266196000046
              ],
              [
                122.44493867900007,
                9.619667478000054
              ],
              [
                122.450028115,
                9.622314656000071
              ],
              [
                122.45624059700003,
                9.621921687000054
              ],
              [
                122.46033662600007,
                9.623285099000043
              ],
              [
                122.46142014100008,
                9.625429568000072
              ],
              [
                122.46627948000003,
                9.624726729000031
              ],
              [
                122.46436729800007,
                9.618808416000036
              ],
              [
                122.45995880800001,
                9.612878710000075
              ],
              [
                122.46021475400005,
                9.609253012000067
              ],
              [
                122.47173212400003,
                9.587494306000053
              ],
              [
                122.47888754900009,
                9.578384184000072
              ],
              [
                122.48062917000004,
                9.564816149000023
              ],
              [
                122.48381906200007,
                9.563430166000046
              ],
              [
                122.48542158300006,
                9.564490919000036
              ],
              [
                122.48722309300001,
                9.562222538000071
              ],
              [
                122.48810902100001,
                9.563225928000065
              ],
              [
                122.49148331100002,
                9.561743931000024
              ],
              [
                122.49167426400004,
                9.560278001000029
              ],
              [
                122.49785664800004,
                9.558089388000042
              ],
              [
                122.4981222560001,
                9.555624339000076
              ],
              [
                122.50526768700001,
                9.556047173000024
              ],
              [
                122.50678886700007,
                9.55009244100006
              ],
              [
                122.50928504,
                9.551385073000063
              ],
              [
                122.51282358500009,
                9.546478150000041
              ],
              [
                122.51840054600007,
                9.543942378000054
              ],
              [
                122.52115030700008,
                9.539884887000028
              ],
              [
                122.5200928810001,
                9.540478825000037
              ],
              [
                122.52023423800006,
                9.538009197000065
              ],
              [
                122.51735613300002,
                9.536422853000033
              ],
              [
                122.51673529800007,
                9.534019425000054
              ],
              [
                122.5236641140001,
                9.528167232000044
              ],
              [
                122.52380961400002,
                9.523993118000021
              ],
              [
                122.52278791900005,
                9.524172561000057
              ],
              [
                122.52549343900012,
                9.520675693000044
              ],
              [
                122.52514586600012,
                9.51888493000007
              ],
              [
                122.52715182300005,
                9.517425280000054
              ],
              [
                122.53292093700009,
                9.517708154000047
              ],
              [
                122.53599083900008,
                9.512539815000025
              ],
              [
                122.53340901600006,
                9.50341189900007
              ],
              [
                122.53771810400008,
                9.492616818000045
              ],
              [
                122.54449233500009,
                9.489805012000033
              ],
              [
                122.54394963400011,
                9.485320303000037
              ],
              [
                122.55189392700004,
                9.474799795000024
              ],
              [
                122.55861067600006,
                9.472696331000066
              ],
              [
                122.5674817150001,
                9.459125732000075
              ],
              [
                122.57815953900001,
                9.449383512000054
              ],
              [
                122.57879041500007,
                9.44741464200007
              ],
              [
                122.5816378290001,
                9.445312568000077
              ],
              [
                122.58891781600005,
                9.444193230000053
              ],
              [
                122.59026278400006,
                9.449978547000057
              ],
              [
                122.59431112300001,
                9.456098887000053
              ],
              [
                122.59455738300005,
                9.458294394000063
              ],
              [
                122.59162195100009,
                9.461214375000054
              ],
              [
                122.5924346380001,
                9.463354540000068
              ],
              [
                122.6355772280001,
                9.507626268000024
              ],
              [
                122.6568923100001,
                9.533703346000038
              ],
              [
                122.67264201100011,
                9.550316107000071
              ]
            ]
          ]
        ]
      }
    },
    {
      "type": "Feature",
      "properties": {
        "shapeName": "Ilog",
        "shapeISO": "",
        "shapeID": "30758251B19549547171132",
        "shapeGroup": "PHL",
        "shapeType": "ADM3",
        "psgc_code": "0604513000",
        "legacy_psgc_code": "064513000",
        "province": "Negros Occidental",
        "reference_area_sqkm": 294.03235825,
        "reference_bbox": [
          122.672642,
          9.550316,
          122.818804,
          10.075465
        ]
      },
      "geometry": {
        "type": "Polygon",
        "coordinates": [
          [
            [
              122.67488037400005,
              9.669283814000039
            ],
            [
              122.67264201100011,
              9.550316107000071
            ],
            [
              122.68364140000006,
              9.562847185000066
            ],
            [
              122.72332949600002,
              9.597365594000053
            ],
            [
              122.73278339900003,
              9.741793525000048
            ],
            [
              122.7313791360001,
              9.754281524000021
            ],
            [
              122.73372925900003,
              9.784326404000069
            ],
            [
              122.73858067300011,
              9.805526117000056
            ],
            [
              122.74371233600004,
              9.85857816500004
            ],
            [
              122.74196165300009,
              9.88010164900004
            ],
            [
              122.74860692300001,
              9.94547103800005
            ],
            [
              122.77701104900007,
              9.982806304000064
            ],
            [
              122.79150008800002,
              9.996005319000062
            ],
            [
              122.800964227,
              10.00834738900005
            ],
            [
              122.80581962800011,
              10.011931670000024
            ],
            [
              122.81129125000007,
              10.012804170000038
            ],
            [
              122.81108720700001,
              10.011156319000065
            ],
            [
              122.81802254000002,
              10.009522967000066
            ],
            [
              122.81873659400003,
              10.01348869100002
            ],
            [
              122.80982712600007,
              10.015112217000024
            ],
            [
              122.8114083160001,
              10.01905156500004
            ],
            [
              122.80919018200007,
              10.02256738400007
            ],
            [
              122.81081119200007,
              10.025437176000025
            ],
            [
              122.80997519800007,
              10.026615098000036
            ],
            [
              122.80790720000005,
              10.026596108000035
            ],
            [
              122.80456118200004,
              10.021340490000057
            ],
            [
              122.80347018400005,
              10.02153448100006
            ],
            [
              122.80329719500003,
              10.023904315000038
            ],
            [
              122.80669720800006,
              10.028117007000048
            ],
            [
              122.8100545740001,
              10.037306342000022
            ],
            [
              122.80730559000006,
              10.039823194000064
            ],
            [
              122.80623068000011,
              10.038336489000073
            ],
            [
              122.79961066300007,
              10.037804606000066
            ],
            [
              122.79964293700004,
              10.039726187000042
            ],
            [
              122.79744779000009,
              10.04140005100004
            ],
            [
              122.79672608800001,
              10.046703773000047
            ],
            [
              122.79978969800004,
              10.049174478000054
            ],
            [
              122.79868082900009,
              10.052353179000022
            ],
            [
              122.80346790100009,
              10.060763915000052
            ],
            [
              122.80474865000008,
              10.062447145000021
            ],
            [
              122.80391620300009,
              10.064801006000039
            ],
            [
              122.78937708500007,
              10.068168422000042
            ],
            [
              122.78439505900008,
              10.075423121000028
            ],
            [
              122.78259067500005,
              10.073302307000063
            ],
            [
              122.78212462800002,
              10.06712275700005
            ],
            [
              122.77715022000007,
              10.068414716000063
            ],
            [
              122.77414688400006,
              10.065378649000024
            ],
            [
              122.77548693100005,
              10.063176910000038
            ],
            [
              122.77455644800011,
              10.058120528000075
            ],
            [
              122.77175488300009,
              10.06019855300002
            ],
            [
              122.7707194300001,
              10.056302823000067
            ],
            [
              122.76964581400011,
              10.057533183000032
            ],
            [
              122.76331011800005,
              10.055390308000028
            ],
            [
              122.75923273,
              10.048815079000065
            ],
            [
              122.7565589080001,
              10.048876086000064
            ],
            [
              122.7566164970001,
              10.04608952700005
            ],
            [
              122.75360382800011,
              10.044964179000033
            ],
            [
              122.75414767100006,
              10.043582222000055
            ],
            [
              122.75199965400009,
              10.045857211000055
            ],
            [
              122.74745419300007,
              10.043040829000063
            ],
            [
              122.74560027400003,
              10.041231967000044
            ],
            [
              122.74760848800008,
              10.039922754000031
            ],
            [
              122.74472572400009,
              10.039607667000041
            ],
            [
              122.74358731400002,
              10.035502630000053
            ],
            [
              122.73272271400003,
              10.02821562400004
            ],
            [
              122.72582861600006,
              10.021034319000023
            ],
            [
              122.72770337300005,
              10.020265724000069
            ],
            [
              122.72347360000003,
              10.019249304000027
            ],
            [
              122.72324996200007,
              10.017499003000069
            ],
            [
              122.72523135500012,
              10.018209265000053
            ],
            [
              122.72316126400005,
              10.016596149000065
            ],
            [
              122.72344147700005,
              10.01426021800006
            ],
            [
              122.7221257000001,
              10.015614847000052
            ],
            [
              122.71474566200004,
              10.007527063000055
            ],
            [
              122.71355186000005,
              10.009031064000055
            ],
            [
              122.70154847900005,
              9.996594045000052
            ],
            [
              122.71215841900005,
              9.975606258000028
            ],
            [
              122.71250428000008,
              9.951777309000022
            ],
            [
              122.71076158200003,
              9.939628292000066
            ],
            [
              122.70487467700002,
              9.917684402000077
            ],
            [
              122.70070159800002,
              9.856271492000076
            ],
            [
              122.69511455300005,
              9.783759846000066
            ],
            [
              122.67488037400005,
              9.669283814000039
            ]
          ]
        ]
      }
    },
    {
      "type": "Feature",
      "properties": {
        "shapeName": "Isabela",
        "shapeISO": "",
        "shapeID": "30758251B76125738133682",
        "shapeGroup": "PHL",
        "shapeType": "ADM3",
        "psgc_code": "0604514000",
        "legacy_psgc_code": "064514000",
        "province": "Negros Occidental",
        "reference_area_sqkm": 191.44249356,
        "reference_bbox": [
          122.926515,
          10.149521,
          123.136517,
          10.272688
        ]
      },
      "geometry": {
        "type": "Polygon",
        "coordinates": [
          [
            [
              123.11066842700006,
              10.165420105000067
            ],
            [
              123.12951738600009,
              10.187443157000075
            ],
            [
              123.13651653700003,
              10.198260696000034
            ],
            [
              123.13511257200003,
              10.205905167000026
            ],
            [
              123.12903961000006,
              10.212941701000034
            ],
            [
              123.13019964000011,
              10.219915208000032
            ],
            [
              123.12961966000012,
              10.224200911000025
            ],
            [
              123.12749167200002,
              10.226439764000077
            ],
            [
              123.1291107830001,
              10.22657825400006
            ],
            [
              123.1288837190001,
              10.231569627000056
            ],
            [
              123.1305271650001,
              10.232685330000038
            ],
            [
              123.12722203700002,
              10.233905870000058
            ],
            [
              123.12903010800005,
              10.237139211000056
            ],
            [
              123.1239917480001,
              10.239209538000068
            ],
            [
              123.12710240900003,
              10.239737911000077
            ],
            [
              123.12717993700005,
              10.241691441000057
            ],
            [
              123.123188765,
              10.246429385000056
            ],
            [
              123.10184877600011,
              10.242721736000021
            ],
            [
              123.05951249600002,
              10.238674199000059
            ],
            [
              123.05830608300005,
              10.239743519000058
            ],
            [
              123.06014312100001,
              10.241854742000044
            ],
            [
              123.05581100300003,
              10.24541914200006
            ],
            [
              123.05371500600006,
              10.245104798000057
            ],
            [
              123.05274607700005,
              10.248397157000056
            ],
            [
              123.05003675000012,
              10.249729949000027
            ],
            [
              123.04828911100003,
              10.252954743000032
            ],
            [
              123.04426777100002,
              10.25158809800007
            ],
            [
              123.04267182000001,
              10.248680785000033
            ],
            [
              123.03967268400004,
              10.249713315000065
            ],
            [
              123.03918423900006,
              10.246594600000037
            ],
            [
              123.03791791900005,
              10.24630032600004
            ],
            [
              123.03631646000008,
              10.247336070000074
            ],
            [
              123.0368874290001,
              10.250315318000048
            ],
            [
              123.03289312700008,
              10.258122109000055
            ],
            [
              123.03028948600002,
              10.25609042700006
            ],
            [
              123.02121723000005,
              10.26010830100006
            ],
            [
              123.01148401400008,
              10.262417175000053
            ],
            [
              123.0152377710001,
              10.270860459000062
            ],
            [
              122.9947544480001,
              10.272688224000035
            ],
            [
              122.99498684700006,
              10.269390003000069
            ],
            [
              122.97522498,
              10.252301612000053
            ],
            [
              122.96127775000002,
              10.233964469000057
            ],
            [
              122.95232594100003,
              10.238585712000031
            ],
            [
              122.9486909950001,
              10.23780234000003
            ],
            [
              122.94812989000002,
              10.234185944000046
            ],
            [
              122.9523753310001,
              10.234123841000041
            ],
            [
              122.95287046900012,
              10.228666108000027
            ],
            [
              122.95445371200003,
              10.226274404000037
            ],
            [
              122.9523626670001,
              10.226763998000024
            ],
            [
              122.94755570000007,
              10.224794914000029
            ],
            [
              122.94451846700008,
              10.226890918000038
            ],
            [
              122.94016450000004,
              10.21865907800003
            ],
            [
              122.93805430100008,
              10.218475428000033
            ],
            [
              122.93643465000002,
              10.22225391400002
            ],
            [
              122.92956156100001,
              10.218498835000048
            ],
            [
              122.92651486700004,
              10.212596750000046
            ],
            [
              122.92924012200001,
              10.209854447000055
            ],
            [
              122.93056423000007,
              10.212068189000036
            ],
            [
              122.93335686900002,
              10.212821586000075
            ],
            [
              122.934528236,
              10.211984292000068
            ],
            [
              122.93282805100012,
              10.20980897800007
            ],
            [
              122.93535053700009,
              10.206735166000044
            ],
            [
              122.93797146200006,
              10.208358690000068
            ],
            [
              122.94047692200002,
              10.205285809000031
            ],
            [
              122.94821587400008,
              10.209133269000063
            ],
            [
              122.94973100200002,
              10.205798428000037
            ],
            [
              122.95317879800007,
              10.205276953000066
            ],
            [
              122.9535121350001,
              10.202126769000074
            ],
            [
              122.9586307830001,
              10.204357598000058
            ],
            [
              122.96207258400011,
              10.19990094800005
            ],
            [
              122.96412600600001,
              10.200457477000043
            ],
            [
              122.96377777600003,
              10.194542296000066
            ],
            [
              122.96800672000006,
              10.192024443000037
            ],
            [
              122.96520374300007,
              10.192926238000041
            ],
            [
              122.96335618800003,
              10.189988861000074
            ],
            [
              122.96451557300009,
              10.188258777000044
            ],
            [
              122.96504222400006,
              10.190051469000025
            ],
            [
              122.96830358700004,
              10.188515435000056
            ],
            [
              122.96711545000005,
              10.186022201000071
            ],
            [
              122.96990544700009,
              10.18674900800005
            ],
            [
              122.97100461100001,
              10.18406570600007
            ],
            [
              122.9686133240001,
              10.182411107000064
            ],
            [
              122.96851825600004,
              10.180569630000036
            ],
            [
              122.96616242100004,
              10.180469001000063
            ],
            [
              122.96597916700011,
              10.17583524400004
            ],
            [
              122.96932216800008,
              10.17510857600007
            ],
            [
              122.96884169200007,
              10.174207076000073
            ],
            [
              122.98839151700008,
              10.15031168400003
            ],
            [
              123.001018498,
              10.149520686000074
            ],
            [
              123.11066842700006,
              10.165420105000067
            ]
          ]
        ]
      }
    },
    {
      "type": "Feature",
      "properties": {
        "shapeName": "La Carlota City",
        "shapeISO": "",
        "shapeID": "30758251B4643469409429",
        "shapeGroup": "PHL",
        "shapeType": "ADM3",
        "psgc_code": "0604516000",
        "legacy_psgc_code": "064516000",
        "province": "Negros Occidental",
        "reference_area_sqkm": 127.07879216,
        "reference_bbox": [
          122.89735,
          10.374077,
          123.133205,
          10.466498
        ]
      },
      "geometry": {
        "type": "Polygon",
        "coordinates": [
          [
            [
              122.90262798700007,
              10.447656550000033
            ],
            [
              122.90176238900006,
              10.432405249000055
            ],
            [
              122.89883366200002,
              10.431773712000052
            ],
            [
              122.8973501160001,
              10.418633858000021
            ],
            [
              122.90094980200001,
              10.400340579000044
            ],
            [
              122.9029963910001,
              10.39855129700004
            ],
            [
              122.90253323600007,
              10.39635824100003
            ],
            [
              122.90700125100011,
              10.392664754000066
            ],
            [
              122.90947799600008,
              10.39407512200006
            ],
            [
              122.91646104100005,
              10.393421537000052
            ],
            [
              122.92014176000009,
              10.395244697000066
            ],
            [
              122.92733708500009,
              10.390360538000039
            ],
            [
              122.93290865200004,
              10.389659921000032
            ],
            [
              122.93247493700005,
              10.387724885000068
            ],
            [
              122.93364263100011,
              10.388425502000075
            ],
            [
              122.93423550000011,
              10.38623753500002
            ],
            [
              122.94309180000005,
              10.381998391000025
            ],
            [
              122.94403683200005,
              10.379784316000041
            ],
            [
              122.94957714400005,
              10.379627131000063
            ],
            [
              122.95497220400011,
              10.376085190000026
            ],
            [
              122.95972494600005,
              10.375817600000062
            ],
            [
              122.9619909590001,
              10.37410987900006
            ],
            [
              122.96507799200003,
              10.375423511000065
            ],
            [
              122.96615970200003,
              10.378480336000052
            ],
            [
              122.96987274600008,
              10.377525321000064
            ],
            [
              122.97325534700008,
              10.38202450700004
            ],
            [
              122.98106289200007,
              10.384406327000022
            ],
            [
              122.98404008500006,
              10.387749944000063
            ],
            [
              122.99013188000004,
              10.387818649000053
            ],
            [
              122.99210140800005,
              10.390566827000043
            ],
            [
              123.01458448000005,
              10.376624766000077
            ],
            [
              123.01575793400002,
              10.378117084000053
            ],
            [
              123.01496244200007,
              10.382823744000063
            ],
            [
              123.02438076100009,
              10.389461244000074
            ],
            [
              123.03185366000002,
              10.390253725000036
            ],
            [
              123.03876270400008,
              10.388445317000048
            ],
            [
              123.051699772,
              10.389604553000026
            ],
            [
              123.06017761700002,
              10.388994685000057
            ],
            [
              123.06291605600006,
              10.387392187000046
            ],
            [
              123.07484687200008,
              10.395031540000048
            ],
            [
              123.07729694300008,
              10.394419022000022
            ],
            [
              123.10732021700005,
              10.402541498000062
            ],
            [
              123.13183057200001,
              10.41167899100003
            ],
            [
              123.13320469400003,
              10.414350253000066
            ],
            [
              123.08530468300012,
              10.426396468000064
            ],
            [
              123.07022464200008,
              10.423237888000074
            ],
            [
              123.06174958100007,
              10.423069138000074
            ],
            [
              123.054698862,
              10.420718899000065
            ],
            [
              123.04593392200002,
              10.42048266300003
            ],
            [
              123.04380780300005,
              10.422439178000047
            ],
            [
              123.04151813600004,
              10.422027280000066
            ],
            [
              123.0407549140001,
              10.425467836000053
            ],
            [
              122.99326450500007,
              10.440399847000037
            ],
            [
              122.98941034900008,
              10.439507516000049
            ],
            [
              122.98772002400005,
              10.441197461000058
            ],
            [
              122.98246293900002,
              10.442243910000059
            ],
            [
              122.98062524800002,
              10.440572434000046
            ],
            [
              122.9764663630001,
              10.441968713000051
            ],
            [
              122.96901196700003,
              10.441551034000042
            ],
            [
              122.96346196000002,
              10.44495567100006
            ],
            [
              122.95930375400008,
              10.445651697000073
            ],
            [
              122.95295481200003,
              10.443479357000058
            ],
            [
              122.95024523300003,
              10.445957753000073
            ],
            [
              122.94548993300009,
              10.44554043200003
            ],
            [
              122.94448181900009,
              10.447835088000033
            ],
            [
              122.94153408300008,
              10.44536438700004
            ],
            [
              122.93902754200008,
              10.446663630000046
            ],
            [
              122.93466961400009,
              10.456022524000048
            ],
            [
              122.93222353400006,
              10.457011499000032
            ],
            [
              122.93257409500006,
              10.459440829000073
            ],
            [
              122.9307010870001,
              10.462956897000026
            ],
            [
              122.92785685600006,
              10.465157354000041
            ],
            [
              122.92381668700011,
              10.464028361000032
            ],
            [
              122.92279386100006,
              10.46502705000006
            ],
            [
              122.92018690800012,
              10.46332443600005
            ],
            [
              122.918260368,
              10.464619234000054
            ],
            [
              122.9168240680001,
              10.463409016000071
            ],
            [
              122.91300690600008,
              10.46649827400006
            ],
            [
              122.90433513200003,
              10.46316243800004
            ],
            [
              122.9050451710001,
              10.46135356700006
            ],
            [
              122.90304172000003,
              10.460528362000048
            ],
            [
              122.90262798700007,
              10.447656550000033
            ]
          ]
        ]
      }
    },
    {
      "type": "Feature",
      "properties": {
        "shapeName": "La Castellana",
        "shapeISO": "",
        "shapeID": "30758251B45255679920724",
        "shapeGroup": "PHL",
        "shapeType": "ADM3",
        "psgc_code": "0604517000",
        "legacy_psgc_code": "064517000",
        "province": "Negros Occidental",
        "reference_area_sqkm": 215.83519192,
        "reference_bbox": [
          122.946492,
          10.27086,
          123.186598,
          10.411679
        ]
      },
      "geometry": {
        "type": "Polygon",
        "coordinates": [
          [
            [
              123.13183057200001,
              10.41167899100003
            ],
            [
              123.10732021700005,
              10.402541498000062
            ],
            [
              123.07729694300008,
              10.394419022000022
            ],
            [
              123.07484687200008,
              10.395031540000048
            ],
            [
              123.06291605600006,
              10.387392187000046
            ],
            [
              123.06017761700002,
              10.388994685000057
            ],
            [
              123.051699772,
              10.389604553000026
            ],
            [
              123.03876270400008,
              10.388445317000048
            ],
            [
              123.03185366000002,
              10.390253725000036
            ],
            [
              123.02438076100009,
              10.389461244000074
            ],
            [
              123.01496244200007,
              10.382823744000063
            ],
            [
              123.01575793400002,
              10.378117084000053
            ],
            [
              123.01458448000005,
              10.376624766000077
            ],
            [
              123.0172143750001,
              10.375515975000042
            ],
            [
              123.01598736800008,
              10.365461332000052
            ],
            [
              122.99850595100008,
              10.363065636000044
            ],
            [
              122.9894218290001,
              10.353237171000046
            ],
            [
              122.99049328500007,
              10.346052598000028
            ],
            [
              122.99337805400012,
              10.34177197300005
            ],
            [
              122.99160997000001,
              10.335257979000062
            ],
            [
              122.9812282910001,
              10.324515545000054
            ],
            [
              122.94649228300011,
              10.313278480000065
            ],
            [
              122.98925052600009,
              10.279363192000062
            ],
            [
              122.9947544480001,
              10.272688224000035
            ],
            [
              123.0152377710001,
              10.270860459000062
            ],
            [
              123.02083160100005,
              10.283456903000058
            ],
            [
              123.02585874700003,
              10.282495276000077
            ],
            [
              123.03034392000006,
              10.290083264000032
            ],
            [
              123.04211909100002,
              10.296830214000067
            ],
            [
              123.0431871080001,
              10.300924923000025
            ],
            [
              123.0703021490001,
              10.318009613000072
            ],
            [
              123.09357907900005,
              10.309040138000057
            ],
            [
              123.11029503800012,
              10.304561379000063
            ],
            [
              123.16462475100002,
              10.312373002000072
            ],
            [
              123.16318407500012,
              10.313511015000074
            ],
            [
              123.1634561410001,
              10.315518531000066
            ],
            [
              123.16710635200002,
              10.315429309000024
            ],
            [
              123.17243430100007,
              10.318485171000077
            ],
            [
              123.17508694000003,
              10.316834563000043
            ],
            [
              123.1811859070001,
              10.322344241000053
            ],
            [
              123.17886358400006,
              10.330043935000049
            ],
            [
              123.18242367100004,
              10.32951029800006
            ],
            [
              123.18636266900012,
              10.333116762000031
            ],
            [
              123.18331051500002,
              10.340014237000048
            ],
            [
              123.183599619,
              10.357139639000025
            ],
            [
              123.17919503600001,
              10.365359054000066
            ],
            [
              123.16031414800011,
              10.387797962000036
            ],
            [
              123.13183057200001,
              10.41167899100003
            ]
          ]
        ]
      }
    },
    {
      "type": "Feature",
      "properties": {
        "shapeName": "Manapla",
        "shapeISO": "",
        "shapeID": "30758251B2817508515429",
        "shapeGroup": "PHL",
        "shapeType": "ADM3",
        "psgc_code": "0604518000",
        "legacy_psgc_code": "064518000",
        "province": "Negros Occidental",
        "reference_area_sqkm": 99.45808282,
        "reference_bbox": [
          123.074308,
          10.820113,
          123.181883,
          10.99105
        ]
      },
      "geometry": {
        "type": "Polygon",
        "coordinates": [
          [
            [
              123.17857469900002,
              10.989560167000036
            ],
            [
              123.17736712400006,
              10.991045111000062
            ],
            [
              123.17517480300012,
              10.98979683500005
            ],
            [
              123.17285180200008,
              10.98501608500004
            ],
            [
              123.16587617100004,
              10.981135237000046
            ],
            [
              123.1654992340001,
              10.977425641000025
            ],
            [
              123.16144511000005,
              10.97727801800005
            ],
            [
              123.15902358900007,
              10.974900632000072
            ],
            [
              123.15841659500006,
              10.977226087000076
            ],
            [
              123.15617876500005,
              10.972897412000066
            ],
            [
              123.15517452900008,
              10.973244537000028
            ],
            [
              123.1557874670001,
              10.978657699000053
            ],
            [
              123.15478128300003,
              10.977442756000073
            ],
            [
              123.1504758750001,
              10.979232187000036
            ],
            [
              123.14997336400006,
              10.976398496000058
            ],
            [
              123.14769446200012,
              10.976047863000076
            ],
            [
              123.14586893500007,
              10.973422707000054
            ],
            [
              123.14291792600011,
              10.973311674000058
            ],
            [
              123.14195451500007,
              10.971654483000066
            ],
            [
              123.13479893800002,
              10.971654883000042
            ],
            [
              123.13393023600008,
              10.973098797000034
            ],
            [
              123.12912835000009,
              10.97019434300006
            ],
            [
              123.12512886500008,
              10.967075400000056
            ],
            [
              123.1222862940001,
              10.96002769000006
            ],
            [
              123.12021368900002,
              10.960141974000067
            ],
            [
              123.12138588200003,
              10.959265708000032
            ],
            [
              123.12061054700007,
              10.95740220700003
            ],
            [
              123.11685386800002,
              10.958106801000042
            ],
            [
              123.11266558500006,
              10.956303320000075
            ],
            [
              123.11224889900006,
              10.952651751000076
            ],
            [
              123.10792206800011,
              10.94988730600005
            ],
            [
              123.10498717700011,
              10.945095084000059
            ],
            [
              123.1001313910001,
              10.941982720000055
            ],
            [
              123.0965982560001,
              10.94156160600005
            ],
            [
              123.09668198300005,
              10.938949383000022
            ],
            [
              123.09169125200003,
              10.93792865000006
            ],
            [
              123.08872369000005,
              10.935476252000058
            ],
            [
              123.08774538300008,
              10.930154530000038
            ],
            [
              123.0743769710001,
              10.914876563000064
            ],
            [
              123.07587855500003,
              10.914314404000038
            ],
            [
              123.0757549970001,
              10.912842182000077
            ],
            [
              123.0812099310001,
              10.915396272000066
            ],
            [
              123.08670408700004,
              10.914458117000038
            ],
            [
              123.09234778300004,
              10.91175234700006
            ],
            [
              123.09330728300006,
              10.90818476000004
            ],
            [
              123.09685918600007,
              10.908273309000037
            ],
            [
              123.10071814100002,
              10.89837271500005
            ],
            [
              123.1084813120001,
              10.895213376000072
            ],
            [
              123.11943389200007,
              10.88696995600003
            ],
            [
              123.11881194600005,
              10.885036272000036
            ],
            [
              123.12240792000011,
              10.882661572000075
            ],
            [
              123.12335219200008,
              10.878399878000039
            ],
            [
              123.12503844100002,
              10.877068629000064
            ],
            [
              123.12425237000002,
              10.87547113000005
            ],
            [
              123.12810665300003,
              10.871883095000044
            ],
            [
              123.12719379700002,
              10.870767382000054
            ],
            [
              123.13183680200007,
              10.870847613000024
            ],
            [
              123.14900846700004,
              10.850592229000029
            ],
            [
              123.18188328200006,
              10.820113191000075
            ],
            [
              123.17519236400005,
              10.835867130000054
            ],
            [
              123.1754373980001,
              10.843262616000061
            ],
            [
              123.1787484350001,
              10.852175983000052
            ],
            [
              123.1734305010001,
              10.864563150000038
            ],
            [
              123.17695551000008,
              10.867905902000075
            ],
            [
              123.17488054800003,
              10.875318399000037
            ],
            [
              123.17494862700005,
              10.892246226000054
            ],
            [
              123.17355264800005,
              10.896220957000025
            ],
            [
              123.17357602700008,
              10.976875378000045
            ],
            [
              123.17439204300001,
              10.980573118000052
            ],
            [
              123.17826806100004,
              10.985454763000064
            ],
            [
              123.17857469900002,
              10.989560167000036
            ]
          ]
        ]
      }
    },
    {
      "type": "Feature",
      "properties": {
        "shapeName": "Moises Padilla",
        "shapeISO": "",
        "shapeID": "30758251B86559237055177",
        "shapeGroup": "PHL",
        "shapeType": "ADM3",
        "psgc_code": "0604519000",
        "legacy_psgc_code": "064519000",
        "province": "Negros Occidental",
        "reference_area_sqkm": 140.59833533,
        "reference_bbox": [
          123.011484,
          10.198261,
          123.194557,
          10.31801
        ]
      },
      "geometry": {
        "type": "Polygon",
        "coordinates": [
          [
            [
              123.16462475100002,
              10.312373002000072
            ],
            [
              123.11029503800012,
              10.304561379000063
            ],
            [
              123.09357907900005,
              10.309040138000057
            ],
            [
              123.0703021490001,
              10.318009613000072
            ],
            [
              123.0431871080001,
              10.300924923000025
            ],
            [
              123.04211909100002,
              10.296830214000067
            ],
            [
              123.03034392000006,
              10.290083264000032
            ],
            [
              123.02585874700003,
              10.282495276000077
            ],
            [
              123.02083160100005,
              10.283456903000058
            ],
            [
              123.0152377710001,
              10.270860459000062
            ],
            [
              123.01148401400008,
              10.262417175000053
            ],
            [
              123.02121723000005,
              10.26010830100006
            ],
            [
              123.03028948600002,
              10.25609042700006
            ],
            [
              123.03289312700008,
              10.258122109000055
            ],
            [
              123.0368874290001,
              10.250315318000048
            ],
            [
              123.03631646000008,
              10.247336070000074
            ],
            [
              123.03791791900005,
              10.24630032600004
            ],
            [
              123.03918423900006,
              10.246594600000037
            ],
            [
              123.03967268400004,
              10.249713315000065
            ],
            [
              123.04267182000001,
              10.248680785000033
            ],
            [
              123.04426777100002,
              10.25158809800007
            ],
            [
              123.04828911100003,
              10.252954743000032
            ],
            [
              123.05003675000012,
              10.249729949000027
            ],
            [
              123.05274607700005,
              10.248397157000056
            ],
            [
              123.05371500600006,
              10.245104798000057
            ],
            [
              123.05581100300003,
              10.24541914200006
            ],
            [
              123.06014312100001,
              10.241854742000044
            ],
            [
              123.05830608300005,
              10.239743519000058
            ],
            [
              123.05951249600002,
              10.238674199000059
            ],
            [
              123.10184877600011,
              10.242721736000021
            ],
            [
              123.123188765,
              10.246429385000056
            ],
            [
              123.12717993700005,
              10.241691441000057
            ],
            [
              123.12710240900003,
              10.239737911000077
            ],
            [
              123.1239917480001,
              10.239209538000068
            ],
            [
              123.12903010800005,
              10.237139211000056
            ],
            [
              123.12722203700002,
              10.233905870000058
            ],
            [
              123.1305271650001,
              10.232685330000038
            ],
            [
              123.1288837190001,
              10.231569627000056
            ],
            [
              123.1291107830001,
              10.22657825400006
            ],
            [
              123.12749167200002,
              10.226439764000077
            ],
            [
              123.12961966000012,
              10.224200911000025
            ],
            [
              123.13019964000011,
              10.219915208000032
            ],
            [
              123.12903961000006,
              10.212941701000034
            ],
            [
              123.13511257200003,
              10.205905167000026
            ],
            [
              123.13651653700003,
              10.198260696000034
            ],
            [
              123.18881825200003,
              10.260563292000029
            ],
            [
              123.19455747000006,
              10.271815747000062
            ],
            [
              123.19119873300008,
              10.303034610000054
            ],
            [
              123.16768247000005,
              10.305539149000026
            ],
            [
              123.16462475100002,
              10.312373002000072
            ]
          ]
        ]
      }
    },
    {
      "type": "Feature",
      "properties": {
        "shapeName": "Murcia",
        "shapeISO": "",
        "shapeID": "30758251B26190802664029",
        "shapeGroup": "PHL",
        "shapeType": "ADM3",
        "psgc_code": "0604520000",
        "legacy_psgc_code": "064520000",
        "province": "Negros Occidental",
        "reference_area_sqkm": 279.42637566,
        "reference_bbox": [
          122.977124,
          10.474485,
          123.207952,
          10.659634
        ]
      },
      "geometry": {
        "type": "Polygon",
        "coordinates": [
          [
            [
              122.98803878500007,
              10.58473933700003
            ],
            [
              122.97713987800012,
              10.546776345000069
            ],
            [
              122.97899257900008,
              10.54441074400006
            ],
            [
              122.98364171800006,
              10.546092845000032
            ],
            [
              122.98746382400009,
              10.544971444000055
            ],
            [
              122.99192139100012,
              10.546494680000023
            ],
            [
              123.00944503800008,
              10.538735853000048
            ],
            [
              123.01344929400011,
              10.535428296000077
            ],
            [
              123.01698916900011,
              10.540690523000023
            ],
            [
              123.01896796300002,
              10.541868376000025
            ],
            [
              123.02476300100011,
              10.540101596000056
            ],
            [
              123.0265533380001,
              10.545873077000067
            ],
            [
              123.03081716600002,
              10.548959052000043
            ],
            [
              123.03475119600012,
              10.548464354000032
            ],
            [
              123.03607039200006,
              10.554400734000069
            ],
            [
              123.03869995000002,
              10.556684650000022
            ],
            [
              123.03991227000006,
              10.554966646000025
            ],
            [
              123.0391092530001,
              10.550655161000066
            ],
            [
              123.04314875000011,
              10.549814480000066
            ],
            [
              123.0535125560001,
              10.553964092000058
            ],
            [
              123.05622104600002,
              10.553248641000039
            ],
            [
              123.06023778700012,
              10.560423584000034
            ],
            [
              123.06244927400007,
              10.561150023000039
            ],
            [
              123.07122610300007,
              10.554565209000032
            ],
            [
              123.07482681300007,
              10.545173182000042
            ],
            [
              123.07797414000004,
              10.543957393000028
            ],
            [
              123.07730607500002,
              10.541668045000051
            ],
            [
              123.0792513770001,
              10.541057307000074
            ],
            [
              123.07922880000001,
              10.538800251000055
            ],
            [
              123.08583613300004,
              10.535500658000046
            ],
            [
              123.08555913000009,
              10.532616569000027
            ],
            [
              123.08934133500009,
              10.526136276000045
            ],
            [
              123.08985357600011,
              10.522144247000028
            ],
            [
              123.08821422300002,
              10.516946487000041
            ],
            [
              123.08873412800006,
              10.513043635000031
            ],
            [
              123.08457747500006,
              10.507787606000022
            ],
            [
              123.08424338900011,
              10.50424862400007
            ],
            [
              123.0851368750001,
              10.501265156000045
            ],
            [
              123.0871025450001,
              10.501377813000033
            ],
            [
              123.08843500500006,
              10.49973846100005
            ],
            [
              123.08851269900003,
              10.497081310000056
            ],
            [
              123.09581209300006,
              10.497384318000059
            ],
            [
              123.10018481400004,
              10.495892542000036
            ],
            [
              123.10159210800009,
              10.49251988800006
            ],
            [
              123.10683306800001,
              10.488443586000074
            ],
            [
              123.16086840000003,
              10.474484732000064
            ],
            [
              123.17194168100002,
              10.50421701700003
            ],
            [
              123.16555946900007,
              10.513732316000073
            ],
            [
              123.17252459800011,
              10.544040195000036
            ],
            [
              123.16808567100009,
              10.54932335500007
            ],
            [
              123.16479297100011,
              10.550112231000071
            ],
            [
              123.16348961100005,
              10.54743691300007
            ],
            [
              123.15923654100004,
              10.55066101400007
            ],
            [
              123.15628683000011,
              10.54932335500007
            ],
            [
              123.15464048100011,
              10.55367932200005
            ],
            [
              123.1496671320001,
              10.55367932200005
            ],
            [
              123.14877535900007,
              10.556629033000036
            ],
            [
              123.14465805500004,
              10.558212884000056
            ],
            [
              123.15110355600007,
              10.561118821000036
            ],
            [
              123.15109263200009,
              10.562746583000035
            ],
            [
              123.15407504100006,
              10.564702082000053
            ],
            [
              123.15648937200001,
              10.56398106100005
            ],
            [
              123.1565439960001,
              10.56646094000007
            ],
            [
              123.15810621100002,
              10.565881937000029
            ],
            [
              123.15822638100008,
              10.567520623000064
            ],
            [
              123.16138358400008,
              10.568350892000069
            ],
            [
              123.16259621200004,
              10.570721524000021
            ],
            [
              123.16463910700008,
              10.569519822000075
            ],
            [
              123.16829884100002,
              10.576358606000042
            ],
            [
              123.17049468100004,
              10.575014883000051
            ],
            [
              123.17837320600006,
              10.585293511000032
            ],
            [
              123.18476521600007,
              10.589190212000062
            ],
            [
              123.18613123300008,
              10.593370915000037
            ],
            [
              123.19539324900006,
              10.599602441000059
            ],
            [
              123.19682828900011,
              10.608937785000023
            ],
            [
              123.20095630500009,
              10.613556445000029
            ],
            [
              123.20569230600006,
              10.615169312000035
            ],
            [
              123.20677731400008,
              10.617198166000037
            ],
            [
              123.20599933900007,
              10.622572796000043
            ],
            [
              123.20795236000004,
              10.627658433000022
            ],
            [
              123.19091840500005,
              10.632634164000024
            ],
            [
              123.16206752200003,
              10.649741104000043
            ],
            [
              123.13932722700008,
              10.659633958000029
            ],
            [
              123.13830552900004,
              10.657486472000073
            ],
            [
              123.12475722700003,
              10.655357568000056
            ],
            [
              123.11841817400011,
              10.65281122600004
            ],
            [
              123.07680386400011,
              10.646226795000075
            ],
            [
              123.04134135900006,
              10.631646683000042
            ],
            [
              123.021838666,
              10.634206204000066
            ],
            [
              123.01709400400011,
              10.619615459000045
            ],
            [
              123.013922868,
              10.61528822400004
            ],
            [
              123.01215940100008,
              10.615614442000037
            ],
            [
              123.00896814100008,
              10.612683210000057
            ],
            [
              123.00976713800003,
              10.611085216000049
            ],
            [
              123.0038734640001,
              10.602256365000073
            ],
            [
              123.00028044800001,
              10.600901903000022
            ],
            [
              122.99966244300003,
              10.598459063000064
            ],
            [
              122.99708570200005,
              10.599348305000035
            ],
            [
              122.9944334270001,
              10.591973437000036
            ],
            [
              122.99015373800012,
              10.589000143000021
            ],
            [
              122.99131249800007,
              10.58736071100003
            ],
            [
              122.98941556500006,
              10.586725539000042
            ],
            [
              122.98941041400008,
              10.584636336000074
            ],
            [
              122.98803878500007,
              10.58473933700003
            ]
          ]
        ]
      }
    },
    {
      "type": "Feature",
      "properties": {
        "shapeName": "Pontevedra",
        "shapeISO": "",
        "shapeID": "30758251B40366129803792",
        "shapeGroup": "PHL",
        "shapeType": "ADM3",
        "psgc_code": "0604521000",
        "legacy_psgc_code": "064521000",
        "province": "Negros Occidental",
        "reference_area_sqkm": 111.55622053,
        "reference_bbox": [
          122.858702,
          10.313278,
          123.017214,
          10.396358
        ]
      },
      "geometry": {
        "type": "Polygon",
        "coordinates": [
          [
            [
              122.94649228300011,
              10.313278480000065
            ],
            [
              122.9812282910001,
              10.324515545000054
            ],
            [
              122.99160997000001,
              10.335257979000062
            ],
            [
              122.99337805400012,
              10.34177197300005
            ],
            [
              122.99049328500007,
              10.346052598000028
            ],
            [
              122.9894218290001,
              10.353237171000046
            ],
            [
              122.99850595100008,
              10.363065636000044
            ],
            [
              123.01598736800008,
              10.365461332000052
            ],
            [
              123.0172143750001,
              10.375515975000042
            ],
            [
              123.01458448000005,
              10.376624766000077
            ],
            [
              122.99210140800005,
              10.390566827000043
            ],
            [
              122.99013188000004,
              10.387818649000053
            ],
            [
              122.98404008500006,
              10.387749944000063
            ],
            [
              122.98106289200007,
              10.384406327000022
            ],
            [
              122.97325534700008,
              10.38202450700004
            ],
            [
              122.96987274600008,
              10.377525321000064
            ],
            [
              122.96615970200003,
              10.378480336000052
            ],
            [
              122.96507799200003,
              10.375423511000065
            ],
            [
              122.9619909590001,
              10.37410987900006
            ],
            [
              122.95972494600005,
              10.375817600000062
            ],
            [
              122.95497220400011,
              10.376085190000026
            ],
            [
              122.94957714400005,
              10.379627131000063
            ],
            [
              122.94403683200005,
              10.379784316000041
            ],
            [
              122.94309180000005,
              10.381998391000025
            ],
            [
              122.93423550000011,
              10.38623753500002
            ],
            [
              122.93364263100011,
              10.388425502000075
            ],
            [
              122.93247493700005,
              10.387724885000068
            ],
            [
              122.93290865200004,
              10.389659921000032
            ],
            [
              122.92733708500009,
              10.390360538000039
            ],
            [
              122.92014176000009,
              10.395244697000066
            ],
            [
              122.91646104100005,
              10.393421537000052
            ],
            [
              122.90947799600008,
              10.39407512200006
            ],
            [
              122.90700125100011,
              10.392664754000066
            ],
            [
              122.90253323600007,
              10.39635824100003
            ],
            [
              122.88175166000008,
              10.393504603000054
            ],
            [
              122.85959774700007,
              10.393207924000023
            ],
            [
              122.86085209500004,
              10.391171687000053
            ],
            [
              122.86001781700008,
              10.388319642000056
            ],
            [
              122.86142931100005,
              10.377451918000077
            ],
            [
              122.86365782000007,
              10.376634140000021
            ],
            [
              122.86677783900006,
              10.378945846000022
            ],
            [
              122.86316118500008,
              10.375170853000043
            ],
            [
              122.86244830400005,
              10.369451167000022
            ],
            [
              122.86105256600001,
              10.369215463000046
            ],
            [
              122.86513929600005,
              10.369598198000062
            ],
            [
              122.86526566900011,
              10.360287767000045
            ],
            [
              122.86666549000006,
              10.358496829000046
            ],
            [
              122.8648342570001,
              10.351111034000041
            ],
            [
              122.86429344800001,
              10.352221697000061
            ],
            [
              122.86098732500011,
              10.351876224000023
            ],
            [
              122.86034855500009,
              10.349414786000068
            ],
            [
              122.85906620600008,
              10.349462323000068
            ],
            [
              122.8600229650001,
              10.345817712000041
            ],
            [
              122.8588682830001,
              10.335283764000053
            ],
            [
              122.86621853100007,
              10.333779470000025
            ],
            [
              122.86534803400002,
              10.329637536000064
            ],
            [
              122.89149139300002,
              10.32284405200005
            ],
            [
              122.89492537800004,
              10.320373209000024
            ],
            [
              122.94649228300011,
              10.313278480000065
            ]
          ]
        ]
      }
    },
    {
      "type": "Feature",
      "properties": {
        "shapeName": "Pulupandan",
        "shapeISO": "",
        "shapeID": "30758251B33327911617473",
        "shapeGroup": "PHL",
        "shapeType": "ADM3",
        "psgc_code": "0604522000",
        "legacy_psgc_code": "064522000",
        "province": "Negros Occidental",
        "reference_area_sqkm": 16.79651141,
        "reference_bbox": [
          122.792923,
          10.47829,
          122.83679,
          10.551621
        ]
      },
      "geometry": {
        "type": "Polygon",
        "coordinates": [
          [
            [
              122.82988531600006,
              10.548954037000044
            ],
            [
              122.82701004600005,
              10.551578078000034
            ],
            [
              122.82199009700003,
              10.550108526000031
            ],
            [
              122.81488352200006,
              10.543903045000036
            ],
            [
              122.81338350500005,
              10.54033595200002
            ],
            [
              122.80957985000009,
              10.537912748000053
            ],
            [
              122.80732934000002,
              10.533087198000032
            ],
            [
              122.79525338200006,
              10.522324427000058
            ],
            [
              122.79582111400009,
              10.51981685100003
            ],
            [
              122.79456719400002,
              10.52088810600003
            ],
            [
              122.79522172500003,
              10.519484412000054
            ],
            [
              122.7933035320001,
              10.518829984000035
            ],
            [
              122.79292265900006,
              10.517104378000056
            ],
            [
              122.79536359700012,
              10.51902363000005
            ],
            [
              122.79599642300002,
              10.517362697000067
            ],
            [
              122.79611557800001,
              10.51938827500004
            ],
            [
              122.79980098400006,
              10.516339354000024
            ],
            [
              122.80128319700009,
              10.516918574000044
            ],
            [
              122.80818608700008,
              10.509087420000071
            ],
            [
              122.81555573500009,
              10.496298039000067
            ],
            [
              122.82054083300011,
              10.478384323000057
            ],
            [
              122.83202484200001,
              10.508711395000034
            ],
            [
              122.83678972500002,
              10.519743789000074
            ],
            [
              122.82950184900005,
              10.534668285000066
            ],
            [
              122.82988531600006,
              10.548954037000044
            ]
          ]
        ]
      }
    },
    {
      "type": "Feature",
      "properties": {
        "shapeName": "Sagay City",
        "shapeISO": "",
        "shapeID": "30758251B74171926345191",
        "shapeGroup": "PHL",
        "shapeType": "ADM3",
        "psgc_code": "0604523000",
        "legacy_psgc_code": "064523000",
        "province": "Negros Occidental",
        "reference_area_sqkm": 292.35896647,
        "reference_bbox": [
          123.249687,
          10.649825,
          123.572899,
          10.979241
        ]
      },
      "geometry": {
        "type": "MultiPolygon",
        "coordinates": [
          [
            [
              [
                123.50889475400004,
                10.909718209000062
              ],
              [
                123.5055064930001,
                10.908699355000067
              ],
              [
                123.50896057200009,
                10.908730425000044
              ],
              [
                123.50889475400004,
                10.909718209000062
              ]
            ]
          ],
          [
            [
              [
                123.503817163,
                10.938127241000075
              ],
              [
                123.50052214700008,
                10.936495841000067
              ],
              [
                123.50251704200002,
                10.928226281000036
              ],
              [
                123.5074637130001,
                10.928577731000075
              ],
              [
                123.50912822100008,
                10.931425783000066
              ],
              [
                123.51082637800005,
                10.930561810000029
              ],
              [
                123.51374444400005,
                10.932229892000066
              ],
              [
                123.51348197000004,
                10.935759406000045
              ],
              [
                123.51199312200004,
                10.936900304000062
              ],
              [
                123.503817163,
                10.938127241000075
              ]
            ]
          ],
          [
            [
              [
                123.40020292500003,
                10.944533569000043
              ],
              [
                123.39824536100002,
                10.94475682600006
              ],
              [
                123.39753317100008,
                10.943417357000044
              ],
              [
                123.40020292500003,
                10.944533569000043
              ]
            ]
          ],
          [
            [
              [
                123.39954167500002,
                10.949714507000067
              ],
              [
                123.39801381900008,
                10.94526576000004
              ],
              [
                123.39921212000002,
                10.944682277000027
              ],
              [
                123.40019978500004,
                10.945414395000057
              ],
              [
                123.39954167500002,
                10.949714507000067
              ]
            ]
          ],
          [
            [
              [
                123.45400088600002,
                10.952469675000032
              ],
              [
                123.45225115300002,
                10.950468818000047
              ],
              [
                123.45489448800004,
                10.949694587000067
              ],
              [
                123.45534078300011,
                10.948021919000041
              ],
              [
                123.45751377300007,
                10.949088738000057
              ],
              [
                123.456946377,
                10.950008731000025
              ],
              [
                123.45831122400011,
                10.949759013000062
              ],
              [
                123.45747322500006,
                10.951959233000025
              ],
              [
                123.45400088600002,
                10.952469675000032
              ]
            ]
          ],
          [
            [
              [
                123.57014255500007,
                10.953080499000066
              ],
              [
                123.5694342700001,
                10.950391636000063
              ],
              [
                123.57077249000008,
                10.949942504000035
              ],
              [
                123.57150676300012,
                10.952420764000067
              ],
              [
                123.57014255500007,
                10.953080499000066
              ]
            ]
          ],
          [
            [
              [
                123.56364943200003,
                10.954330691000052
              ],
              [
                123.56264751100002,
                10.953412072000049
              ],
              [
                123.56393302600009,
                10.953236149000077
              ],
              [
                123.563592287,
                10.951762678000023
              ],
              [
                123.56466328800002,
                10.952560668000046
              ],
              [
                123.56520983100006,
                10.950399822000065
              ],
              [
                123.56771262000007,
                10.949813092000056
              ],
              [
                123.56761899900005,
                10.953786782000066
              ],
              [
                123.56364943200003,
                10.954330691000052
              ]
            ]
          ],
          [
            [
              [
                123.39641868700005,
                10.95567019200007
              ],
              [
                123.39509454900008,
                10.954214678000028
              ],
              [
                123.3973124370001,
                10.949472289000028
              ],
              [
                123.40088023300007,
                10.954219849000026
              ],
              [
                123.39641868700005,
                10.95567019200007
              ]
            ]
          ],
          [
            [
              [
                123.25429030500004,
                10.658415908000052
              ],
              [
                123.24968708600011,
                10.64982470600006
              ],
              [
                123.27785704500002,
                10.681034110000041
              ],
              [
                123.30074481300005,
                10.706481924000059
              ],
              [
                123.33006163400012,
                10.723895197000047
              ],
              [
                123.34990969900002,
                10.74616971100005
              ],
              [
                123.4672948760001,
                10.862651612000036
              ],
              [
                123.52166456700002,
                10.88481519000004
              ],
              [
                123.5218191460001,
                10.887969517000045
              ],
              [
                123.51766791500006,
                10.887450966000074
              ],
              [
                123.51601695600004,
                10.888783140000044
              ],
              [
                123.51744896500009,
                10.889721503000032
              ],
              [
                123.51666753400002,
                10.892102188000024
              ],
              [
                123.51806031600006,
                10.891913270000032
              ],
              [
                123.51842967700009,
                10.89353077100003
              ],
              [
                123.51702996400002,
                10.894493926000052
              ],
              [
                123.51958693800009,
                10.896572409000044
              ],
              [
                123.5202913820001,
                10.899561389000041
              ],
              [
                123.516716169,
                10.903009624000049
              ],
              [
                123.51717574400004,
                10.903941731000032
              ],
              [
                123.51458565900009,
                10.905027329000063
              ],
              [
                123.51522776200011,
                10.907522641000071
              ],
              [
                123.512101959,
                10.904166195000073
              ],
              [
                123.50902982900004,
                10.90771167400004
              ],
              [
                123.50234250200003,
                10.907599697000023
              ],
              [
                123.5017422310001,
                10.909696910000036
              ],
              [
                123.51101286000005,
                10.911734179000064
              ],
              [
                123.51206402800005,
                10.912969860000032
              ],
              [
                123.51038439600006,
                10.91242496600006
              ],
              [
                123.50809423400005,
                10.914016954000033
              ],
              [
                123.51002083900005,
                10.916139916000077
              ],
              [
                123.51267830200004,
                10.913991138000029
              ],
              [
                123.51220741500003,
                10.913043196000046
              ],
              [
                123.51448621400004,
                10.912855110000066
              ],
              [
                123.5140722320001,
                10.919435709000027
              ],
              [
                123.50983732100008,
                10.921282168000062
              ],
              [
                123.50995383500003,
                10.923778967000032
              ],
              [
                123.50753767700007,
                10.924371988000075
              ],
              [
                123.5075627010001,
                10.926151756000024
              ],
              [
                123.50175592300002,
                10.923862710000037
              ],
              [
                123.50006974900009,
                10.925041366000073
              ],
              [
                123.49851955600002,
                10.923778718000051
              ],
              [
                123.49852003,
                10.925436175000073
              ],
              [
                123.49625309900011,
                10.92413235500004
              ],
              [
                123.49765203800007,
                10.925518131000047
              ],
              [
                123.49706940700003,
                10.929398846000026
              ],
              [
                123.49514353300003,
                10.930506887000035
              ],
              [
                123.49488660100008,
                10.932899181000039
              ],
              [
                123.49362493600006,
                10.932387241000072
              ],
              [
                123.49290485600011,
                10.935020939000026
              ],
              [
                123.49025498000003,
                10.934843657000044
              ],
              [
                123.49087330800012,
                10.933502143000055
              ],
              [
                123.48974872200006,
                10.93307550700007
              ],
              [
                123.48796818500011,
                10.934712318000038
              ],
              [
                123.48869749700009,
                10.933186610000064
              ],
              [
                123.48756466400005,
                10.933746573000064
              ],
              [
                123.48455809200004,
                10.930359027000065
              ],
              [
                123.4857843530001,
                10.92707596200006
              ],
              [
                123.48314743300011,
                10.928296270000033
              ],
              [
                123.48201883800004,
                10.925773158000027
              ],
              [
                123.47957052700008,
                10.924827295000057
              ],
              [
                123.47791978500004,
                10.926207221000027
              ],
              [
                123.47743471000001,
                10.924456091000025
              ],
              [
                123.47288389900007,
                10.921943364000072
              ],
              [
                123.47396357800005,
                10.919137238000076
              ],
              [
                123.47219619700002,
                10.92053569500007
              ],
              [
                123.47024039400003,
                10.919093420000024
              ],
              [
                123.47063281700002,
                10.917096516000072
              ],
              [
                123.46481168100001,
                10.915634650000072
              ],
              [
                123.4692046670001,
                10.918465732000072
              ],
              [
                123.46842043900006,
                10.92010864200006
              ],
              [
                123.46542898300004,
                10.920749883000042
              ],
              [
                123.46765061100007,
                10.921295557000064
              ],
              [
                123.46861594400002,
                10.923210994000044
              ],
              [
                123.4655579140001,
                10.926835169000071
              ],
              [
                123.45995429800007,
                10.929117072000054
              ],
              [
                123.45057586100006,
                10.937698754000053
              ],
              [
                123.4423504880001,
                10.938093752000043
              ],
              [
                123.44298235700012,
                10.939301697000076
              ],
              [
                123.44154708300005,
                10.940048913000055
              ],
              [
                123.44272301500007,
                10.940168034000067
              ],
              [
                123.42792977800002,
                10.945965714000067
              ],
              [
                123.42666218300008,
                10.947198753000066
              ],
              [
                123.42771604600011,
                10.946946745000048
              ],
              [
                123.42716272400003,
                10.948389039000062
              ],
              [
                123.42886101500005,
                10.950509173000057
              ],
              [
                123.42568608200008,
                10.947502706000023
              ],
              [
                123.41957752600001,
                10.949419069000044
              ],
              [
                123.41871489200003,
                10.948241840000037
              ],
              [
                123.41338844200004,
                10.951942282000061
              ],
              [
                123.41279542000007,
                10.951029520000077
              ],
              [
                123.40876959500008,
                10.953165654000031
              ],
              [
                123.40116233600008,
                10.948895124000046
              ],
              [
                123.4019850840001,
                10.947990969000045
              ],
              [
                123.400064713,
                10.947489074000032
              ],
              [
                123.40073007500007,
                10.94487362500007
              ],
              [
                123.399818492,
                10.943261484000061
              ],
              [
                123.39572251800007,
                10.942234342000063
              ],
              [
                123.39651455500007,
                10.949336232000064
              ],
              [
                123.39420711800005,
                10.956424819000063
              ],
              [
                123.37487922700006,
                10.959960920000071
              ],
              [
                123.36983024900007,
                10.936990456000046
              ],
              [
                123.37255807400004,
                10.932306580000045
              ],
              [
                123.36345645100005,
                10.919958177000069
              ],
              [
                123.35483301500005,
                10.913939967000033
              ],
              [
                123.34783475400002,
                10.893381972000043
              ],
              [
                123.3458491880001,
                10.880584898000052
              ],
              [
                123.34018990900006,
                10.865495453000051
              ],
              [
                123.33974155600004,
                10.862390279000067
              ],
              [
                123.34236706100012,
                10.853665535000061
              ],
              [
                123.3477513790001,
                10.845642367000039
              ],
              [
                123.34139415200002,
                10.84406971900006
              ],
              [
                123.33997896700009,
                10.837865562000047
              ],
              [
                123.3409689130001,
                10.833058827000059
              ],
              [
                123.31609093000009,
                10.783734105000065
              ],
              [
                123.29814975700003,
                10.74079716700004
              ],
              [
                123.25429030500004,
                10.658415908000052
              ]
            ]
          ],
          [
            [
              [
                123.54281995800011,
                10.968353015000048
              ],
              [
                123.54149204500004,
                10.967348581000067
              ],
              [
                123.54250611600003,
                10.965415860000064
              ],
              [
                123.54281995800011,
                10.968353015000048
              ]
            ]
          ],
          [
            [
              [
                123.54475868200007,
                10.970666860000051
              ],
              [
                123.54406939300009,
                10.971316471000023
              ],
              [
                123.54459889700001,
                10.968340222000052
              ],
              [
                123.54343708800002,
                10.96717893300007
              ],
              [
                123.54371894200005,
                10.96391559400007
              ],
              [
                123.54550641100002,
                10.96284226900002
              ],
              [
                123.54453256600004,
                10.962294835000023
              ],
              [
                123.5478890500001,
                10.962746199000037
              ],
              [
                123.54919400400001,
                10.961264744000061
              ],
              [
                123.54824794400008,
                10.95883623100002
              ],
              [
                123.55083950700009,
                10.959688216000075
              ],
              [
                123.55647850500009,
                10.956235497000023
              ],
              [
                123.5511660090001,
                10.952692009000032
              ],
              [
                123.55312681600003,
                10.950619585000027
              ],
              [
                123.55904922000002,
                10.955178734000071
              ],
              [
                123.56081796600006,
                10.953463788000022
              ],
              [
                123.56161428000007,
                10.955035816000077
              ],
              [
                123.57168167500004,
                10.953143603000058
              ],
              [
                123.57266334600001,
                10.954087082000058
              ],
              [
                123.57079893600007,
                10.955492743000036
              ],
              [
                123.57271133200004,
                10.956118773000071
              ],
              [
                123.5713506510001,
                10.956681094000032
              ],
              [
                123.57023832300001,
                10.960808541000063
              ],
              [
                123.57076634100008,
                10.963811492000048
              ],
              [
                123.56266275300004,
                10.970631063000042
              ],
              [
                123.55916896600002,
                10.968390210000052
              ],
              [
                123.55655606800008,
                10.963013682000053
              ],
              [
                123.55484573700005,
                10.963782132000063
              ],
              [
                123.55675696100002,
                10.96029068100006
              ],
              [
                123.55556448300001,
                10.957804255000042
              ],
              [
                123.55643402400005,
                10.956274287000042
              ],
              [
                123.55099190700003,
                10.960063805000061
              ],
              [
                123.55223203700007,
                10.961848840000073
              ],
              [
                123.55089151000004,
                10.963156708000042
              ],
              [
                123.55227169400007,
                10.963898099000062
              ],
              [
                123.55147536400011,
                10.965535283000065
              ],
              [
                123.54896274500004,
                10.965943208000056
              ],
              [
                123.54923037700007,
                10.96411976500002
              ],
              [
                123.54815541900007,
                10.963955056000032
              ],
              [
                123.54715989400006,
                10.968735417000062
              ],
              [
                123.54559618700011,
                10.968571803000032
              ],
              [
                123.54475868200007,
                10.970666860000051
              ]
            ]
          ],
          [
            [
              [
                123.54133111300007,
                10.978961088000062
              ],
              [
                123.54227966000008,
                10.97547609000003
              ],
              [
                123.544551038,
                10.974667145000069
              ],
              [
                123.5450593170001,
                10.978107591000025
              ],
              [
                123.54133111300007,
                10.978961088000062
              ]
            ]
          ],
          [
            [
              [
                123.46463756600008,
                10.97823014200003
              ],
              [
                123.46423152400007,
                10.979240871000059
              ],
              [
                123.46440761300005,
                10.977209757000026
              ],
              [
                123.46463756600008,
                10.97823014200003
              ]
            ]
          ]
        ]
      }
    },
    {
      "type": "Feature",
      "properties": {
        "shapeName": "Salvador Benedicto",
        "shapeISO": "",
        "shapeID": "30758251B86894559838043",
        "shapeGroup": "PHL",
        "shapeType": "ADM3",
        "psgc_code": "0604532000",
        "legacy_psgc_code": "064532000",
        "province": "Negros Occidental",
        "reference_area_sqkm": 217.67307771,
        "reference_bbox": [
          123.144658,
          10.504217,
          123.35113,
          10.681034
        ]
      },
      "geometry": {
        "type": "Polygon",
        "coordinates": [
          [
            [
              123.27785704500002,
              10.681034110000041
            ],
            [
              123.24968708600011,
              10.64982470600006
            ],
            [
              123.23855235600001,
              10.63585372700004
            ],
            [
              123.22363735200008,
              10.630594159000054
            ],
            [
              123.20795236000004,
              10.627658433000022
            ],
            [
              123.20599933900007,
              10.622572796000043
            ],
            [
              123.20677731400008,
              10.617198166000037
            ],
            [
              123.20569230600006,
              10.615169312000035
            ],
            [
              123.20095630500009,
              10.613556445000029
            ],
            [
              123.19682828900011,
              10.608937785000023
            ],
            [
              123.19539324900006,
              10.599602441000059
            ],
            [
              123.18613123300008,
              10.593370915000037
            ],
            [
              123.18476521600007,
              10.589190212000062
            ],
            [
              123.17837320600006,
              10.585293511000032
            ],
            [
              123.17049468100004,
              10.575014883000051
            ],
            [
              123.16829884100002,
              10.576358606000042
            ],
            [
              123.16463910700008,
              10.569519822000075
            ],
            [
              123.16259621200004,
              10.570721524000021
            ],
            [
              123.16138358400008,
              10.568350892000069
            ],
            [
              123.15822638100008,
              10.567520623000064
            ],
            [
              123.15810621100002,
              10.565881937000029
            ],
            [
              123.1565439960001,
              10.56646094000007
            ],
            [
              123.15648937200001,
              10.56398106100005
            ],
            [
              123.15407504100006,
              10.564702082000053
            ],
            [
              123.15109263200009,
              10.562746583000035
            ],
            [
              123.15110355600007,
              10.561118821000036
            ],
            [
              123.14465805500004,
              10.558212884000056
            ],
            [
              123.14877535900007,
              10.556629033000036
            ],
            [
              123.1496671320001,
              10.55367932200005
            ],
            [
              123.15464048100011,
              10.55367932200005
            ],
            [
              123.15628683000011,
              10.54932335500007
            ],
            [
              123.15923654100004,
              10.55066101400007
            ],
            [
              123.16348961100005,
              10.54743691300007
            ],
            [
              123.16479297100011,
              10.550112231000071
            ],
            [
              123.16808567100009,
              10.54932335500007
            ],
            [
              123.17252459800011,
              10.544040195000036
            ],
            [
              123.16555946900007,
              10.513732316000073
            ],
            [
              123.17194168100002,
              10.50421701700003
            ],
            [
              123.19217524400005,
              10.536062506000064
            ],
            [
              123.19751895600007,
              10.532539790000044
            ],
            [
              123.19857843700004,
              10.53379032500004
            ],
            [
              123.20109687700005,
              10.532348735000028
            ],
            [
              123.20210425300002,
              10.53347769100003
            ],
            [
              123.20064529500007,
              10.535614022000061
            ],
            [
              123.20394531900001,
              10.537455088000058
            ],
            [
              123.20635954700003,
              10.533251900000039
            ],
            [
              123.21400170900006,
              10.527537647000031
            ],
            [
              123.21711067900003,
              10.531810310000026
            ],
            [
              123.22511758000007,
              10.53214031300007
            ],
            [
              123.22397125600003,
              10.52857976000007
            ],
            [
              123.22475284000006,
              10.526009215000045
            ],
            [
              123.23074499000006,
              10.525071313000069
            ],
            [
              123.23310711200008,
              10.520520754000074
            ],
            [
              123.2365981910001,
              10.52137181300003
            ],
            [
              123.24128769900005,
              10.517932840000071
            ],
            [
              123.24424035200002,
              10.520294963000026
            ],
            [
              123.24052348300006,
              10.523699198000031
            ],
            [
              123.24856512100007,
              10.524046569000063
            ],
            [
              123.24886038600005,
              10.527607122000063
            ],
            [
              123.2531851550001,
              10.525766056000066
            ],
            [
              123.25554727700012,
              10.526217638000048
            ],
            [
              123.25777045200005,
              10.52917029100007
            ],
            [
              123.26520419100007,
              10.524897629000066
            ],
            [
              123.26902527100003,
              10.527746070000035
            ],
            [
              123.26907737700003,
              10.53095925100007
            ],
            [
              123.27456583800006,
              10.531323991000022
            ],
            [
              123.27432267800009,
              10.535058229000072
            ],
            [
              123.27875165900002,
              10.533460322000053
            ],
            [
              123.28106167500005,
              10.534936650000077
            ],
            [
              123.28217326300012,
              10.539713
            ],
            [
              123.28594223800008,
              10.541606172000058
            ],
            [
              123.28778330400007,
              10.539435103000073
            ],
            [
              123.28870383700007,
              10.541901437000035
            ],
            [
              123.2914306990001,
              10.542196703000059
            ],
            [
              123.29198649300008,
              10.544958301000065
            ],
            [
              123.28969384400011,
              10.545965678000073
            ],
            [
              123.29104859100005,
              10.548345169000072
            ],
            [
              123.30032412700007,
              10.545279398000048
            ],
            [
              123.30035495900006,
              10.54700434700004
            ],
            [
              123.3505746720001,
              10.58213345300004
            ],
            [
              123.35113044600007,
              10.602025618000027
            ],
            [
              123.34438973400006,
              10.60341448400004
            ],
            [
              123.34271225900011,
              10.615701953000041
            ],
            [
              123.31542521800009,
              10.628710880000028
            ],
            [
              123.324430258,
              10.640149044000054
            ],
            [
              123.32272136400002,
              10.662792477000039
            ],
            [
              123.2825514220001,
              10.667377607000049
            ],
            [
              123.27785704500002,
              10.681034110000041
            ]
          ]
        ]
      }
    },
    {
      "type": "Feature",
      "properties": {
        "shapeName": "San Carlos City",
        "shapeISO": "",
        "shapeID": "30758251B8075335495854",
        "shapeGroup": "PHL",
        "shapeType": "ADM3",
        "psgc_code": "0604524000",
        "legacy_psgc_code": "064524000",
        "province": "Negros Occidental",
        "reference_area_sqkm": 407.75872809,
        "reference_bbox": [
          123.144325,
          10.382476,
          123.45041,
          10.602586
        ]
      },
      "geometry": {
        "type": "MultiPolygon",
        "coordinates": [
          [
            [
              [
                123.44602621000001,
                10.48041868000007
              ],
              [
                123.443738961,
                10.479316169000072
              ],
              [
                123.44261817800009,
                10.47575101800004
              ],
              [
                123.44088641600001,
                10.476951835000023
              ],
              [
                123.4426746040001,
                10.47557260700006
              ],
              [
                123.44120235900004,
                10.47305260500002
              ],
              [
                123.43902127800004,
                10.473967646000062
              ],
              [
                123.44021736000002,
                10.472670983000057
              ],
              [
                123.43575076500008,
                10.467023178000034
              ],
              [
                123.43423261500004,
                10.467536748000043
              ],
              [
                123.43571854100003,
                10.46678597600004
              ],
              [
                123.4311055610001,
                10.460240997000028
              ],
              [
                123.42781350100006,
                10.459046664000027
              ],
              [
                123.42818413300006,
                10.457684433000054
              ],
              [
                123.42315835800002,
                10.45159767000007
              ],
              [
                123.42154449400005,
                10.45132063400007
              ],
              [
                123.4189496140001,
                10.446406245000048
              ],
              [
                123.41643708800007,
                10.446444837000058
              ],
              [
                123.41937065500008,
                10.43809255800005
              ],
              [
                123.42174651000005,
                10.437911665000058
              ],
              [
                123.42153191600005,
                10.435590193000053
              ],
              [
                123.42821496500005,
                10.443519307000031
              ],
              [
                123.43166378600006,
                10.451207038000064
              ],
              [
                123.4371205870001,
                10.456030615000032
              ],
              [
                123.44061539300003,
                10.462858864000054
              ],
              [
                123.44288395,
                10.463733110000021
              ],
              [
                123.44375765200004,
                10.462120275000075
              ],
              [
                123.44536710200009,
                10.462331300000073
              ],
              [
                123.44913781200012,
                10.468300252000063
              ],
              [
                123.45041004400002,
                10.46796864700002
              ],
              [
                123.44921445300008,
                10.46843590900005
              ],
              [
                123.44932175000008,
                10.478700424000067
              ],
              [
                123.44602621000001,
                10.48041868000007
              ]
            ]
          ],
          [
            [
              [
                123.14432497400003,
                10.434843284000067
              ],
              [
                123.20032222500004,
                10.43803286800005
              ],
              [
                123.20540798500008,
                10.435791141000038
              ],
              [
                123.2186904460001,
                10.439600951000045
              ],
              [
                123.23015036200002,
                10.439094098000055
              ],
              [
                123.23287137500006,
                10.434459013000037
              ],
              [
                123.23662027800003,
                10.437750262000066
              ],
              [
                123.2444814260001,
                10.431866907000028
              ],
              [
                123.24394741700007,
                10.429722059000028
              ],
              [
                123.24843161900003,
                10.420456557000023
              ],
              [
                123.24560364500007,
                10.416789632000075
              ],
              [
                123.2438849030001,
                10.418876427000043
              ],
              [
                123.24322392500005,
                10.416969763000054
              ],
              [
                123.24540434900007,
                10.414792095000053
              ],
              [
                123.2504623420001,
                10.414928063000048
              ],
              [
                123.27376300500009,
                10.405036659000075
              ],
              [
                123.33591507200003,
                10.382476470000029
              ],
              [
                123.33670213000005,
                10.384348927000076
              ],
              [
                123.33938311100007,
                10.38414771400005
              ],
              [
                123.34145199900001,
                10.393602374000068
              ],
              [
                123.34701511900005,
                10.396217724000053
              ],
              [
                123.34523665000006,
                10.400258676000021
              ],
              [
                123.34550415700005,
                10.403458443000034
              ],
              [
                123.34706590700011,
                10.406911930000035
              ],
              [
                123.35172368300005,
                10.407022045000076
              ],
              [
                123.35476121600004,
                10.42634629500003
              ],
              [
                123.35829049900008,
                10.433084190000045
              ],
              [
                123.3583143520001,
                10.434265373000073
              ],
              [
                123.35704457200006,
                10.433858459000021
              ],
              [
                123.35707645600007,
                10.436535370000058
              ],
              [
                123.35904383200011,
                10.440665227000068
              ],
              [
                123.36446707000005,
                10.442341595000073
              ],
              [
                123.36667032700007,
                10.441520216000072
              ],
              [
                123.36756498800003,
                10.44446423200003
              ],
              [
                123.3656821190001,
                10.447182313000042
              ],
              [
                123.36725982300004,
                10.448869527000056
              ],
              [
                123.367199045,
                10.451813768000022
              ],
              [
                123.37501465000003,
                10.454503020000061
              ],
              [
                123.37798052500011,
                10.454193520000047
              ],
              [
                123.38018422200003,
                10.456671096000036
              ],
              [
                123.3874768710001,
                10.460099779000075
              ],
              [
                123.38990631900003,
                10.463171298000077
              ],
              [
                123.393602353,
                10.464279161000036
              ],
              [
                123.3950467950001,
                10.466821802000027
              ],
              [
                123.39370254800008,
                10.464904896000064
              ],
              [
                123.39399018400002,
                10.467905851000069
              ],
              [
                123.39571996900008,
                10.469544436000035
              ],
              [
                123.40388506400006,
                10.468422788000055
              ],
              [
                123.41688727400003,
                10.479221855000048
              ],
              [
                123.42204897700003,
                10.477417505000062
              ],
              [
                123.42148576200009,
                10.476148434000038
              ],
              [
                123.42361013000004,
                10.476767749000032
              ],
              [
                123.42275387600012,
                10.478686947000028
              ],
              [
                123.42426002500008,
                10.48132137600004
              ],
              [
                123.42277704300011,
                10.482254689000058
              ],
              [
                123.42473485100004,
                10.482434020000028
              ],
              [
                123.42709462300002,
                10.487662066000041
              ],
              [
                123.42913055100007,
                10.486771909000026
              ],
              [
                123.42815293000001,
                10.487299708000023
              ],
              [
                123.42894015900004,
                10.488779260000058
              ],
              [
                123.4271663620001,
                10.489605052000059
              ],
              [
                123.42996438500006,
                10.489196765000031
              ],
              [
                123.43349417700006,
                10.494717563000052
              ],
              [
                123.43245038100008,
                10.499841639000067
              ],
              [
                123.43373344400004,
                10.500690845000065
              ],
              [
                123.4350805040001,
                10.499436810000077
              ],
              [
                123.43509781800003,
                10.501906813000062
              ],
              [
                123.43888986700006,
                10.502861470000028
              ],
              [
                123.4408554690001,
                10.499068975000057
              ],
              [
                123.44302379300007,
                10.49899137500006
              ],
              [
                123.44314380300011,
                10.500180562000025
              ],
              [
                123.44395585600012,
                10.498958486000049
              ],
              [
                123.44384469800002,
                10.500867871000025
              ],
              [
                123.44505995200007,
                10.499949986000047
              ],
              [
                123.4465386500001,
                10.501064954000071
              ],
              [
                123.44874107400005,
                10.506234939000024
              ],
              [
                123.44604902000003,
                10.507561632000034
              ],
              [
                123.44337899300001,
                10.506455341000049
              ],
              [
                123.43902447900007,
                10.508716598000035
              ],
              [
                123.43859817400005,
                10.516292991000057
              ],
              [
                123.44013472200004,
                10.518063361000031
              ],
              [
                123.43676934900009,
                10.51897359800006
              ],
              [
                123.43822017200011,
                10.524598469000068
              ],
              [
                123.43563852800003,
                10.524904306000053
              ],
              [
                123.43394827800012,
                10.527227666000044
              ],
              [
                123.43584414800011,
                10.529533886000024
              ],
              [
                123.43150172700007,
                10.535790374000044
              ],
              [
                123.43300439000006,
                10.53755351600006
              ],
              [
                123.43139668600008,
                10.540835773000026
              ],
              [
                123.42899194900008,
                10.53861011500004
              ],
              [
                123.4287415980001,
                10.543460676000052
              ],
              [
                123.42600410300008,
                10.548713121000048
              ],
              [
                123.42665272700003,
                10.55128416100007
              ],
              [
                123.42331531200011,
                10.55038468500004
              ],
              [
                123.42142270200009,
                10.555602601000032
              ],
              [
                123.42284177300007,
                10.557764445000032
              ],
              [
                123.41861226600008,
                10.560359579000021
              ],
              [
                123.41971145700006,
                10.562612433000027
              ],
              [
                123.41678798100008,
                10.56381916500004
              ],
              [
                123.41696777700008,
                10.565620469000066
              ],
              [
                123.40922922300001,
                10.566913904000046
              ],
              [
                123.41024303900008,
                10.56949821400002
              ],
              [
                123.4044823590001,
                10.573036916000035
              ],
              [
                123.40354501600007,
                10.576016725000045
              ],
              [
                123.406016356,
                10.575695590000066
              ],
              [
                123.40130073400007,
                10.581670559000031
              ],
              [
                123.40167229600002,
                10.585694372000034
              ],
              [
                123.39637065400007,
                10.585476580000034
              ],
              [
                123.39428339900007,
                10.58703190700004
              ],
              [
                123.39198591800005,
                10.586165765000032
              ],
              [
                123.38363757600007,
                10.588521892000074
              ],
              [
                123.38267948400005,
                10.590574023000045
              ],
              [
                123.37069899700009,
                10.59657061200005
              ],
              [
                123.371021831,
                10.598604543000022
              ],
              [
                123.36912845900008,
                10.600250703000029
              ],
              [
                123.35113044600007,
                10.602025618000027
              ],
              [
                123.3505746720001,
                10.58213345300004
              ],
              [
                123.30035495900006,
                10.54700434700004
              ],
              [
                123.30032412700007,
                10.545279398000048
              ],
              [
                123.29104859100005,
                10.548345169000072
              ],
              [
                123.28969384400011,
                10.545965678000073
              ],
              [
                123.29198649300008,
                10.544958301000065
              ],
              [
                123.2914306990001,
                10.542196703000059
              ],
              [
                123.28870383700007,
                10.541901437000035
              ],
              [
                123.28778330400007,
                10.539435103000073
              ],
              [
                123.28594223800008,
                10.541606172000058
              ],
              [
                123.28217326300012,
                10.539713
              ],
              [
                123.28106167500005,
                10.534936650000077
              ],
              [
                123.27875165900002,
                10.533460322000053
              ],
              [
                123.27432267800009,
                10.535058229000072
              ],
              [
                123.27456583800006,
                10.531323991000022
              ],
              [
                123.26907737700003,
                10.53095925100007
              ],
              [
                123.26902527100003,
                10.527746070000035
              ],
              [
                123.26520419100007,
                10.524897629000066
              ],
              [
                123.25777045200005,
                10.52917029100007
              ],
              [
                123.25554727700012,
                10.526217638000048
              ],
              [
                123.2531851550001,
                10.525766056000066
              ],
              [
                123.24886038600005,
                10.527607122000063
              ],
              [
                123.24856512100007,
                10.524046569000063
              ],
              [
                123.24052348300006,
                10.523699198000031
              ],
              [
                123.24424035200002,
                10.520294963000026
              ],
              [
                123.24128769900005,
                10.517932840000071
              ],
              [
                123.2365981910001,
                10.52137181300003
              ],
              [
                123.23310711200008,
                10.520520754000074
              ],
              [
                123.23074499000006,
                10.525071313000069
              ],
              [
                123.22475284000006,
                10.526009215000045
              ],
              [
                123.22397125600003,
                10.52857976000007
              ],
              [
                123.22511758000007,
                10.53214031300007
              ],
              [
                123.21711067900003,
                10.531810310000026
              ],
              [
                123.21400170900006,
                10.527537647000031
              ],
              [
                123.20635954700003,
                10.533251900000039
              ],
              [
                123.20394531900001,
                10.537455088000058
              ],
              [
                123.20064529500007,
                10.535614022000061
              ],
              [
                123.20210425300002,
                10.53347769100003
              ],
              [
                123.20109687700005,
                10.532348735000028
              ],
              [
                123.19857843700004,
                10.53379032500004
              ],
              [
                123.19751895600007,
                10.532539790000044
              ],
              [
                123.19217524400005,
                10.536062506000064
              ],
              [
                123.17194168100002,
                10.50421701700003
              ],
              [
                123.16086840000003,
                10.474484732000064
              ],
              [
                123.14432497400003,
                10.434843284000067
              ]
            ]
          ]
        ]
      }
    },
    {
      "type": "Feature",
      "properties": {
        "shapeName": "San Enrique",
        "shapeISO": "",
        "shapeID": "30758251B11825035117570",
        "shapeGroup": "PHL",
        "shapeType": "ADM3",
        "psgc_code": "0604525000",
        "legacy_psgc_code": "064525000",
        "province": "Negros Occidental",
        "reference_area_sqkm": 28.26909798,
        "reference_bbox": [
          122.83187,
          10.393208,
          122.902996,
          10.439853
        ]
      },
      "geometry": {
        "type": "Polygon",
        "coordinates": [
          [
            [
              122.89883366200002,
              10.431773712000052
            ],
            [
              122.8837592210001,
              10.436013434000074
            ],
            [
              122.87622268100006,
              10.439852672000029
            ],
            [
              122.86228187400002,
              10.438167600000043
            ],
            [
              122.84052950900002,
              10.438168469000061
            ],
            [
              122.83232069300004,
              10.429792474000067
            ],
            [
              122.8373501640001,
              10.422257294000076
            ],
            [
              122.85025157200005,
              10.408115872000053
            ],
            [
              122.85169967200011,
              10.407726547000038
            ],
            [
              122.85185331200012,
              10.408914968000033
            ],
            [
              122.85415245600007,
              10.406728078000071
            ],
            [
              122.85711880500003,
              10.407165604000056
            ],
            [
              122.8572143450001,
              10.404797948000066
            ],
            [
              122.85913488900007,
              10.403419358000065
            ],
            [
              122.85723598900006,
              10.402507267000033
            ],
            [
              122.85959774700007,
              10.393207924000023
            ],
            [
              122.88175166000008,
              10.393504603000054
            ],
            [
              122.90253323600007,
              10.39635824100003
            ],
            [
              122.9029963910001,
              10.39855129700004
            ],
            [
              122.90094980200001,
              10.400340579000044
            ],
            [
              122.8973501160001,
              10.418633858000021
            ],
            [
              122.89883366200002,
              10.431773712000052
            ]
          ]
        ]
      }
    },
    {
      "type": "Feature",
      "properties": {
        "shapeName": "Silay City",
        "shapeISO": "",
        "shapeID": "30758251B60701013344406",
        "shapeGroup": "PHL",
        "shapeType": "ADM3",
        "psgc_code": "0604526000",
        "legacy_psgc_code": "064526000",
        "province": "Negros Occidental",
        "reference_area_sqkm": 209.36961842,
        "reference_bbox": [
          122.941926,
          10.649825,
          123.25429,
          10.862414
        ]
      },
      "geometry": {
        "type": "Polygon",
        "coordinates": [
          [
            [
              123.20117769300009,
              10.698349551000035
            ],
            [
              123.18232108100005,
              10.729124090000028
            ],
            [
              123.1827845570001,
              10.731557429000077
            ],
            [
              123.18068548800011,
              10.73452545400005
            ],
            [
              123.18103218300007,
              10.739050256000041
            ],
            [
              123.17931848500007,
              10.741394404000062
            ],
            [
              123.17993623400002,
              10.743804473000068
            ],
            [
              123.17546941100011,
              10.747439257000053
            ],
            [
              123.17106772300008,
              10.745633363000024
            ],
            [
              123.16911757800005,
              10.747494312000072
            ],
            [
              123.167313626,
              10.745899178000059
            ],
            [
              123.16591964000008,
              10.748587061000023
            ],
            [
              123.16322853200006,
              10.747330214000044
            ],
            [
              123.1618039220001,
              10.748345573000051
            ],
            [
              123.16383064900003,
              10.749908507000043
            ],
            [
              123.16281178700001,
              10.751659906000043
            ],
            [
              123.15767945700009,
              10.75178350300007
            ],
            [
              123.15454909000005,
              10.757235102000038
            ],
            [
              123.1510036630001,
              10.755709393000075
            ],
            [
              123.14465668000003,
              10.761023462000026
            ],
            [
              123.14543159900006,
              10.766381792000061
            ],
            [
              123.13700922200007,
              10.77191317300003
            ],
            [
              123.13962622000008,
              10.777780127000028
            ],
            [
              123.13606345900007,
              10.781454385000075
            ],
            [
              123.13438808100011,
              10.785819880000076
            ],
            [
              123.124008709,
              10.793993710000052
            ],
            [
              123.12172195800008,
              10.797882641000058
            ],
            [
              123.12279004800007,
              10.800530409000032
            ],
            [
              123.12007195400008,
              10.803366924000045
            ],
            [
              123.11447521500008,
              10.802032470000029
            ],
            [
              123.11276222400011,
              10.799429037000039
            ],
            [
              123.10880894000002,
              10.801421825000034
            ],
            [
              123.10935820400005,
              10.804733042000066
            ],
            [
              123.10578335700006,
              10.806435472000032
            ],
            [
              123.10149284200008,
              10.804891989000055
            ],
            [
              123.09876292400008,
              10.807465971000056
            ],
            [
              123.09488275500007,
              10.808387023000023
            ],
            [
              123.09228020700004,
              10.813158146000035
            ],
            [
              123.08681859,
              10.815558574000022
            ],
            [
              123.07567150400007,
              10.814169192000065
            ],
            [
              123.06937703400001,
              10.817350102000034
            ],
            [
              123.06783623600006,
              10.816446378000023
            ],
            [
              123.0688525700001,
              10.813996867000071
            ],
            [
              123.06644681300008,
              10.813019612000062
            ],
            [
              123.05640832400002,
              10.815603203000023
            ],
            [
              123.05466814500005,
              10.818448294000063
            ],
            [
              123.05469375200005,
              10.822794203000058
            ],
            [
              123.05186106300005,
              10.826277365000067
            ],
            [
              123.0461491740001,
              10.827060591000077
            ],
            [
              123.04131084500011,
              10.830035377000058
            ],
            [
              123.03505836000011,
              10.831409664000034
            ],
            [
              123.02821057400001,
              10.836194620000072
            ],
            [
              123.02925053900003,
              10.832983993000028
            ],
            [
              123.02498585900003,
              10.826162769000064
            ],
            [
              123.02183972900002,
              10.824057099000072
            ],
            [
              123.01716987200007,
              10.827460297000073
            ],
            [
              123.01798271300004,
              10.83104692300003
            ],
            [
              123.01240534300007,
              10.829999663000024
            ],
            [
              123.00794598200002,
              10.833616715000062
            ],
            [
              122.98532059400009,
              10.83268421400004
            ],
            [
              122.96303095600001,
              10.840814307000073
            ],
            [
              122.95890803400005,
              10.84475946200007
            ],
            [
              122.956436832,
              10.844263385000033
            ],
            [
              122.95575241900008,
              10.850945669000055
            ],
            [
              122.9520091280001,
              10.849856809000073
            ],
            [
              122.94938068300007,
              10.852082971000073
            ],
            [
              122.94402294500003,
              10.856532707000042
            ],
            [
              122.94275333100006,
              10.862337148000051
            ],
            [
              122.94193121100011,
              10.859755361000055
            ],
            [
              122.94658305900009,
              10.849508171000025
            ],
            [
              122.94552568600011,
              10.846977786000025
            ],
            [
              122.94928599800005,
              10.836786564000022
            ],
            [
              122.94870476900007,
              10.829081103000021
            ],
            [
              122.95128597200005,
              10.82479582700006
            ],
            [
              122.9492755440001,
              10.821040589000063
            ],
            [
              122.95062029100006,
              10.817323052000063
            ],
            [
              122.94888131200003,
              10.81583028700004
            ],
            [
              122.95023407100007,
              10.811667157000045
            ],
            [
              122.94906451700001,
              10.806242283000074
            ],
            [
              122.9511255320001,
              10.806603021000058
            ],
            [
              122.95220948000008,
              10.804767176000041
            ],
            [
              122.95772112800012,
              10.803817387000038
            ],
            [
              122.96335381900008,
              10.804506698000068
            ],
            [
              122.96266830000002,
              10.802647528000023
            ],
            [
              122.96731247000002,
              10.799422039000035
            ],
            [
              122.96652892500003,
              10.797379716000023
            ],
            [
              122.96811416500009,
              10.793510362000063
            ],
            [
              122.96415669800001,
              10.78634323500006
            ],
            [
              122.96605273600005,
              10.783367318000046
            ],
            [
              122.96434555000008,
              10.780994520000036
            ],
            [
              122.96515868900008,
              10.779397491000054
            ],
            [
              122.96368551700004,
              10.774868267000045
            ],
            [
              122.97766731100012,
              10.76966161300004
            ],
            [
              122.9925372460001,
              10.759877224000036
            ],
            [
              123.01802718400006,
              10.753126576000057
            ],
            [
              123.02522099600003,
              10.770428326000058
            ],
            [
              123.03363823500001,
              10.765006302000074
            ],
            [
              123.0349112350001,
              10.760170242000072
            ],
            [
              123.04083884400006,
              10.75750126500003
            ],
            [
              123.04280954100011,
              10.753839182000036
            ],
            [
              123.0737900690001,
              10.743710977000035
            ],
            [
              123.08885098400003,
              10.729520893000029
            ],
            [
              123.11871992200008,
              10.724601101000076
            ],
            [
              123.14606284900003,
              10.716263555000069
            ],
            [
              123.1727311300001,
              10.683370431000071
            ],
            [
              123.24968708600011,
              10.64982470600006
            ],
            [
              123.25429030500004,
              10.658415908000052
            ],
            [
              123.20117769300009,
              10.698349551000035
            ]
          ]
        ]
      }
    },
    {
      "type": "Feature",
      "properties": {
        "shapeName": "Toboso",
        "shapeISO": "",
        "shapeID": "30758251B45465879841482",
        "shapeGroup": "PHL",
        "shapeType": "ADM3",
        "psgc_code": "0604529000",
        "legacy_psgc_code": "064529000",
        "province": "Negros Occidental",
        "reference_area_sqkm": 118.00603756,
        "reference_bbox": [
          123.330062,
          10.679963,
          123.532384,
          10.769965
        ]
      },
      "geometry": {
        "type": "Polygon",
        "coordinates": [
          [
            [
              123.50302114100009,
              10.679963361000034
            ],
            [
              123.50490151600002,
              10.684607454000059
            ],
            [
              123.5041602120001,
              10.688083982000023
            ],
            [
              123.50675139700002,
              10.690372267000043
            ],
            [
              123.50683431900006,
              10.693461554000066
            ],
            [
              123.50936542300008,
              10.697153506000063
            ],
            [
              123.50778058100002,
              10.702667082000062
            ],
            [
              123.50952657700009,
              10.706987950000041
            ],
            [
              123.50879673000009,
              10.70829847300007
            ],
            [
              123.50969447800003,
              10.70763061200006
            ],
            [
              123.51300927900002,
              10.709842712000068
            ],
            [
              123.51519451600007,
              10.71278804700006
            ],
            [
              123.5241451500001,
              10.716250672000058
            ],
            [
              123.52483039900005,
              10.72035450900006
            ],
            [
              123.52165635000006,
              10.717360056000075
            ],
            [
              123.52045898500012,
              10.71913187000007
            ],
            [
              123.51716168200005,
              10.71930276200004
            ],
            [
              123.51667531500004,
              10.721559195000054
            ],
            [
              123.51871471200002,
              10.722545387000025
            ],
            [
              123.51697742800002,
              10.724998544000073
            ],
            [
              123.52175687600004,
              10.72933478300007
            ],
            [
              123.52212803800012,
              10.72838568900005
            ],
            [
              123.52655120700001,
              10.729892733000042
            ],
            [
              123.5287159610001,
              10.734064742000044
            ],
            [
              123.52882445900002,
              10.73748460400003
            ],
            [
              123.53119493100007,
              10.740277240000069
            ],
            [
              123.53007858600006,
              10.744846622000068
            ],
            [
              123.53217592100009,
              10.747511856000074
            ],
            [
              123.53122225100003,
              10.759859084000027
            ],
            [
              123.52872743900002,
              10.762954839000031
            ],
            [
              123.52457182300009,
              10.764425388000063
            ],
            [
              123.52046293100011,
              10.763172419000057
            ],
            [
              123.51373037300004,
              10.76596046000003
            ],
            [
              123.51160594200007,
              10.764617271000077
            ],
            [
              123.50787169400007,
              10.767985356000054
            ],
            [
              123.50250031500002,
              10.767649645000063
            ],
            [
              123.50163878700005,
              10.76912756300004
            ],
            [
              123.5006600690001,
              10.767359558000066
            ],
            [
              123.49685179200003,
              10.769965238000054
            ],
            [
              123.479555204,
              10.75614491500005
            ],
            [
              123.47715898700005,
              10.749099322000063
            ],
            [
              123.36132670400002,
              10.74864433700003
            ],
            [
              123.34990969900002,
              10.74616971100005
            ],
            [
              123.33006163400012,
              10.723895197000047
            ],
            [
              123.3629205420001,
              10.713830749000067
            ],
            [
              123.50302114100009,
              10.679963361000034
            ]
          ]
        ]
      }
    },
    {
      "type": "Feature",
      "properties": {
        "shapeName": "Valladolid",
        "shapeISO": "",
        "shapeID": "30758251B22103021346639",
        "shapeGroup": "PHL",
        "shapeType": "ADM3",
        "psgc_code": "0604530000",
        "legacy_psgc_code": "064530000",
        "province": "Negros Occidental",
        "reference_area_sqkm": 40.2409819,
        "reference_bbox": [
          122.820541,
          10.429204,
          122.902628,
          10.508711
        ]
      },
      "geometry": {
        "type": "Polygon",
        "coordinates": [
          [
            [
              122.83202484200001,
              10.508711395000034
            ],
            [
              122.82054083300011,
              10.478384323000057
            ],
            [
              122.8229887230001,
              10.465474168000071
            ],
            [
              122.82202196800006,
              10.464168724000046
            ],
            [
              122.82365919300003,
              10.45785551800003
            ],
            [
              122.82398479900007,
              10.44187308100004
            ],
            [
              122.83232069300004,
              10.429792474000067
            ],
            [
              122.84052950900002,
              10.438168469000061
            ],
            [
              122.86228187400002,
              10.438167600000043
            ],
            [
              122.87622268100006,
              10.439852672000029
            ],
            [
              122.8837592210001,
              10.436013434000074
            ],
            [
              122.89883366200002,
              10.431773712000052
            ],
            [
              122.90176238900006,
              10.432405249000055
            ],
            [
              122.90262798700007,
              10.447656550000033
            ],
            [
              122.88626801500004,
              10.457839688000035
            ],
            [
              122.86832187400012,
              10.47181704600007
            ],
            [
              122.86433141700002,
              10.47670966100003
            ],
            [
              122.86396612400006,
              10.479373271000043
            ],
            [
              122.86054813400006,
              10.48068319500004
            ],
            [
              122.8448991250001,
              10.496403395000073
            ],
            [
              122.84744786100009,
              10.497197836000055
            ],
            [
              122.84832561600001,
              10.499040558000047
            ],
            [
              122.84312580000005,
              10.500750525000058
            ],
            [
              122.84165524100001,
              10.499376334000033
            ],
            [
              122.83202484200001,
              10.508711395000034
            ]
          ]
        ]
      }
    }
  ]
}
