{
  "type": "FeatureCollection",
  "source": {
    "dataset": "geoBoundaries gbOpen PHL ADM3",
    "commit": "9469f09",
    "boundary_year": 2020,
    "license": "CC BY 3.0 IGO",
    "organizations": [
      "NAMRIA",
      "Philippine Statistics Authority",
      "OCHA Philippines"
    ],
    "metadata_url": "https://www.geoboundaries.org/api/current/gbOpen/PHL/ADM3/",
    "url": "https://media.githubusercontent.com/media/wmgeolab/geoBoundaries/9469f09/releaseData/gbOpen/PHL/ADM3/geoBoundaries-PHL-ADM3_simplified.geojson",
    "retrieved_at": "2026-09-18",
    "identity_source": "https://psa.gov.ph/classification/psgc/citimuni/0704600000",
    "reference_area_source": "https://ulap-nga.georisk.gov.ph/arcgis/rest/services/PSA/Municipal/MapServer/0",
    "notice": "Approximate planning/reference municipality boundaries; not legal, cadastral, or survey-grade."
  },
  "features": [
    {
      "type": "Feature",
      "properties": {
        "shapeName": "Amlan",
        "shapeISO": "",
        "shapeID": "30758251B50636289749121",
        "shapeGroup": "PHL",
        "shapeType": "ADM3",
        "psgc_code": "0704601000",
        "legacy_psgc_code": "074601000",
        "province": "Negros Oriental",
        "reference_area_sqkm": 59.26749558,
        "reference_bbox": [
          123.116187,
          9.375627,
          123.238461,
          9.479509
        ]
      },
      "geometry": {
        "type": "Polygon",
        "coordinates": [
          [
            [
              123.23696931600011,
              9.441973567000048
            ],
            [
              123.23846085600007,
              9.447145204000037
            ],
            [
              123.23681875800003,
              9.453046167000025
            ],
            [
              123.22824129000003,
              9.465469751000057
            ],
            [
              123.19393295000009,
              9.473644726000032
            ],
            [
              123.18945710000003,
              9.475998591000064
            ],
            [
              123.18671927000003,
              9.47933273600006
            ],
            [
              123.18453560500006,
              9.479192330000046
            ],
            [
              123.18141055000001,
              9.479421398000056
            ],
            [
              123.16922476800005,
              9.469412624000029
            ],
            [
              123.16920185900005,
              9.458092104000059
            ],
            [
              123.15154018900012,
              9.434845013000029
            ],
            [
              123.14333021400012,
              9.427092767000033
            ],
            [
              123.13992360000009,
              9.411166326000057
            ],
            [
              123.11618665600008,
              9.386310416000072
            ],
            [
              123.16628401300011,
              9.375627348000023
            ],
            [
              123.17118115200003,
              9.383978463000062
            ],
            [
              123.16959248400008,
              9.38761674400007
            ],
            [
              123.17337737600008,
              9.39071397500004
            ],
            [
              123.17198189400006,
              9.395177790000048
            ],
            [
              123.17476987600003,
              9.39890054600005
            ],
            [
              123.17710096500002,
              9.399608593000039
            ],
            [
              123.17982907600003,
              9.405715460000067
            ],
            [
              123.1828149160001,
              9.40539046200007
            ],
            [
              123.18452704200001,
              9.41065055200005
            ],
            [
              123.18649221300007,
              9.41115069500006
            ],
            [
              123.18815896000001,
              9.418698676000076
            ],
            [
              123.19122685600007,
              9.421696041000075
            ],
            [
              123.19062230300005,
              9.42772608200005
            ],
            [
              123.18891942900007,
              9.429189835000045
            ],
            [
              123.18993592100003,
              9.431215380000026
            ],
            [
              123.19204628500006,
              9.430507060000025
            ],
            [
              123.1918581750001,
              9.432138849000069
            ],
            [
              123.19535677200008,
              9.435393650000037
            ],
            [
              123.1977470490001,
              9.435062126000048
            ],
            [
              123.19693390300006,
              9.43827335800006
            ],
            [
              123.22324054100011,
              9.448154300000056
            ],
            [
              123.22289927200006,
              9.44403978300005
            ],
            [
              123.236157047,
              9.443066251000062
            ],
            [
              123.23696931600011,
              9.441973567000048
            ]
          ]
        ]
      }
    },
    {
      "type": "Feature",
      "properties": {
        "shapeName": "Ayungon",
        "shapeISO": "",
        "shapeID": "30758251B30231816662876",
        "shapeGroup": "PHL",
        "shapeType": "ADM3",
        "psgc_code": "0704602000",
        "legacy_psgc_code": "074602000",
        "province": "Negros Oriental",
        "reference_area_sqkm": 248.52165533,
        "reference_bbox": [
          122.914109,
          9.789273,
          123.151236,
          9.912625
        ]
      },
      "geometry": {
        "type": "Polygon",
        "coordinates": [
          [
            [
              123.14756536300001,
              9.893741611000053
            ],
            [
              123.14422733300012,
              9.895616132000043
            ],
            [
              123.1433018240001,
              9.899808144000076
            ],
            [
              123.14204966400007,
              9.89986258600004
            ],
            [
              123.11848065400011,
              9.890748247000033
            ],
            [
              123.0982054970001,
              9.894234019000066
            ],
            [
              123.07612708400006,
              9.904815128000052
            ],
            [
              123.0685873650001,
              9.905842133000021
            ],
            [
              123.06736708000005,
              9.903981690000023
            ],
            [
              123.06290497000009,
              9.90537358000006
            ],
            [
              123.06016115000011,
              9.90321307000005
            ],
            [
              123.04652504,
              9.90485241500005
            ],
            [
              123.03330588000006,
              9.901511976000052
            ],
            [
              122.98320250300003,
              9.912625363000075
            ],
            [
              122.93288003100008,
              9.852716447000034
            ],
            [
              122.91410867600007,
              9.82804438200003
            ],
            [
              122.9703461250001,
              9.79644175900006
            ],
            [
              122.97330042600004,
              9.79623607600007
            ],
            [
              122.98609544300007,
              9.78927309200003
            ],
            [
              123.00529095900004,
              9.796724124000036
            ],
            [
              123.01577857100006,
              9.79603501500003
            ],
            [
              123.01958454300006,
              9.80230474800004
            ],
            [
              123.02379603600002,
              9.804897374000063
            ],
            [
              123.0275877790001,
              9.79997501500003
            ],
            [
              123.04401148500006,
              9.805032524000069
            ],
            [
              123.05513872000006,
              9.805058726000027
            ],
            [
              123.05892413900006,
              9.80805745500004
            ],
            [
              123.10554329600006,
              9.801290214000062
            ],
            [
              123.10603728000001,
              9.80301355100005
            ],
            [
              123.12332589800008,
              9.799192093000045
            ],
            [
              123.12735755100005,
              9.79612429100007
            ],
            [
              123.135771126,
              9.79434134500002
            ],
            [
              123.14126051900007,
              9.796338942000034
            ],
            [
              123.1411371590001,
              9.799938850000046
            ],
            [
              123.137796438,
              9.800002628000072
            ],
            [
              123.13705058200003,
              9.798871227000063
            ],
            [
              123.13419322400011,
              9.802375616000063
            ],
            [
              123.13617175000002,
              9.802747947000057
            ],
            [
              123.1371866820001,
              9.804980490000048
            ],
            [
              123.1387761740001,
              9.801669446000062
            ],
            [
              123.1420221300001,
              9.802752676000068
            ],
            [
              123.14366788100006,
              9.81914961900003
            ],
            [
              123.13797435600009,
              9.827757706000057
            ],
            [
              123.13574673700009,
              9.827180723000026
            ],
            [
              123.13319142500006,
              9.828994726000076
            ],
            [
              123.13311601100008,
              9.83372468600004
            ],
            [
              123.13530465200006,
              9.835244187000058
            ],
            [
              123.13206794300004,
              9.836865480000029
            ],
            [
              123.13169936400004,
              9.838505601000065
            ],
            [
              123.13297183300006,
              9.840504949000035
            ],
            [
              123.13949062100005,
              9.837467907000075
            ],
            [
              123.14012780900009,
              9.840337747000035
            ],
            [
              123.13806560600005,
              9.841937538000025
            ],
            [
              123.13813554900003,
              9.84662992400007
            ],
            [
              123.14147553900011,
              9.847351958000047
            ],
            [
              123.14284973200006,
              9.851897220000069
            ],
            [
              123.14588060800008,
              9.854428503000065
            ],
            [
              123.14986612200005,
              9.854254233000063
            ],
            [
              123.15012435000006,
              9.855745582000054
            ],
            [
              123.15118301500002,
              9.854359934000058
            ],
            [
              123.15123587200003,
              9.859934569000075
            ],
            [
              123.1480318560001,
              9.867001489000074
            ],
            [
              123.15055340700007,
              9.88155372400007
            ],
            [
              123.14696498100011,
              9.890632221000033
            ],
            [
              123.14756536300001,
              9.893741611000053
            ]
          ]
        ]
      }
    },
    {
      "type": "Feature",
      "properties": {
        "shapeName": "Bacong",
        "shapeISO": "",
        "shapeID": "30758251B375051523504",
        "shapeGroup": "PHL",
        "shapeType": "ADM3",
        "psgc_code": "0704603000",
        "legacy_psgc_code": "074603000",
        "province": "Negros Oriental",
        "reference_area_sqkm": 40.42294731,
        "reference_bbox": [
          123.200827,
          9.215072,
          123.301665,
          9.276156
        ]
      },
      "geometry": {
        "type": "Polygon",
        "coordinates": [
          [
            [
              123.28634487800002,
              9.215072100000043
            ],
            [
              123.29000656300002,
              9.228563531000077
            ],
            [
              123.29172594500005,
              9.230799822000051
            ],
            [
              123.29337097100006,
              9.230609720000075
            ],
            [
              123.29213342500009,
              9.232078632000025
            ],
            [
              123.29761819700002,
              9.246199966000063
            ],
            [
              123.30028531200003,
              9.263181409000026
            ],
            [
              123.29996457100003,
              9.272477451000043
            ],
            [
              123.30152086600003,
              9.275949610000055
            ],
            [
              123.27281899000002,
              9.270906942000067
            ],
            [
              123.26600095900005,
              9.273704493000025
            ],
            [
              123.26300773800006,
              9.26911737100005
            ],
            [
              123.2488016420001,
              9.26566209200007
            ],
            [
              123.20500771600007,
              9.259168671000054
            ],
            [
              123.20082680900009,
              9.246267143000068
            ],
            [
              123.22026589500001,
              9.243488803000048
            ],
            [
              123.23283613900003,
              9.243541317000052
            ],
            [
              123.22814137500006,
              9.23863300100004
            ],
            [
              123.28634487800002,
              9.215072100000043
            ]
          ]
        ]
      }
    },
    {
      "type": "Feature",
      "properties": {
        "shapeName": "Bais City",
        "shapeISO": "",
        "shapeID": "30758251B97079733925928",
        "shapeGroup": "PHL",
        "shapeType": "ADM3",
        "psgc_code": "0704604000",
        "legacy_psgc_code": "074604000",
        "province": "Negros Oriental",
        "reference_area_sqkm": 252.48938119,
        "reference_bbox": [
          122.879868,
          9.53486,
          123.164037,
          9.693908
        ]
      },
      "geometry": {
        "type": "MultiPolygon",
        "coordinates": [
          [
            [
              [
                123.14648244400007,
                9.620965141000056
              ],
              [
                123.14247708200003,
                9.617275289000077
              ],
              [
                123.14439811900002,
                9.615418250000062
              ],
              [
                123.14705141700006,
                9.615452767000022
              ],
              [
                123.14800926800001,
                9.617241087000025
              ],
              [
                123.14824240400003,
                9.619179699000028
              ],
              [
                123.14648244400007,
                9.620965141000056
              ]
            ]
          ],
          [
            [
              [
                123.11000213700004,
                9.633490692000066
              ],
              [
                123.10054357100012,
                9.63674616000003
              ],
              [
                123.01935995600002,
                9.69390829100007
              ],
              [
                123.02547678700012,
                9.611915041000032
              ],
              [
                122.98880886200004,
                9.610641868000073
              ],
              [
                122.90277786700005,
                9.613955391000047
              ],
              [
                122.88245193800003,
                9.610831542000028
              ],
              [
                122.87991295000006,
                9.60515904700003
              ],
              [
                122.88191995000011,
                9.604598047000025
              ],
              [
                122.88163795000003,
                9.602636048000022
              ],
              [
                122.88410349900005,
                9.603500152000038
              ],
              [
                122.8851239500001,
                9.59539404700007
              ],
              [
                122.8888811600001,
                9.595161290000021
              ],
              [
                122.88746595000009,
                9.593591048000064
              ],
              [
                122.8880403180001,
                9.590675721000025
              ],
              [
                122.89129258300011,
                9.589335345000052
              ],
              [
                122.89296356800003,
                9.58668162400005
              ],
              [
                122.8978196600001,
                9.586401844000022
              ],
              [
                122.89638721800009,
                9.578854418000049
              ],
              [
                122.89005173400005,
                9.57554381400007
              ],
              [
                122.89107448100003,
                9.572509292000063
              ],
              [
                122.88952448100008,
                9.571084928000062
              ],
              [
                122.89019945400003,
                9.569956913000055
              ],
              [
                122.88768517800008,
                9.570086659000026
              ],
              [
                122.88509096500002,
                9.566356076000034
              ],
              [
                122.8868262950001,
                9.56446568900003
              ],
              [
                122.8870770320001,
                9.558091991000026
              ],
              [
                123.07631306100006,
                9.534859538000035
              ],
              [
                123.09788862700009,
                9.535243587000025
              ],
              [
                123.10076136200007,
                9.536574827000038
              ],
              [
                123.10658731300009,
                9.544664746000024
              ],
              [
                123.11283966700012,
                9.544294611000055
              ],
              [
                123.11206548000007,
                9.548283936000075
              ],
              [
                123.11543364900001,
                9.546180894000031
              ],
              [
                123.11778439800003,
                9.547222826000052
              ],
              [
                123.11879368400002,
                9.547466693000047
              ],
              [
                123.11975617500002,
                9.549070339000025
              ],
              [
                123.12031826200007,
                9.552501771000038
              ],
              [
                123.12721256800012,
                9.565384409000046
              ],
              [
                123.12787087800007,
                9.571416085000067
              ],
              [
                123.1286467540001,
                9.573796224000034
              ],
              [
                123.12977706400011,
                9.57357081500004
              ],
              [
                123.13337840600002,
                9.584890281000071
              ],
              [
                123.13440371200011,
                9.581259769000042
              ],
              [
                123.13704927700007,
                9.58029403200004
              ],
              [
                123.13715105100005,
                9.581849178000027
              ],
              [
                123.13849925300008,
                9.581472904000066
              ],
              [
                123.13689368700011,
                9.585700450000047
              ],
              [
                123.14301580500012,
                9.586437757000056
              ],
              [
                123.14760296700001,
                9.584154477000027
              ],
              [
                123.15344515700008,
                9.577976319000072
              ],
              [
                123.15324001300007,
                9.572688995000021
              ],
              [
                123.15123556100002,
                9.56924921500007
              ],
              [
                123.15464416100008,
                9.568729690000055
              ],
              [
                123.15033096400009,
                9.565550156000029
              ],
              [
                123.14921405200005,
                9.563477591000037
              ],
              [
                123.15007787000002,
                9.561746834000076
              ],
              [
                123.15436513200007,
                9.563791441000035
              ],
              [
                123.15804579100006,
                9.562245147000056
              ],
              [
                123.15931427800001,
                9.571109058000047
              ],
              [
                123.16403743400008,
                9.577707456000041
              ],
              [
                123.1597616570001,
                9.579507628000044
              ],
              [
                123.15402352400008,
                9.585646057000076
              ],
              [
                123.15463029400007,
                9.588685286000043
              ],
              [
                123.15316623000001,
                9.593023491000054
              ],
              [
                123.15761668900006,
                9.594103933000042
              ],
              [
                123.15681384100003,
                9.596127402000036
              ],
              [
                123.14856589200008,
                9.597157270000025
              ],
              [
                123.14553421000005,
                9.594855499000062
              ],
              [
                123.14316370600011,
                9.595533086000046
              ],
              [
                123.14434912800004,
                9.599614974000076
              ],
              [
                123.14284094800007,
                9.595279035000033
              ],
              [
                123.1401096410001,
                9.594076543000028
              ],
              [
                123.14139501900002,
                9.596600336000051
              ],
              [
                123.14005083800009,
                9.598908531000063
              ],
              [
                123.1379146480001,
                9.59915011000004
              ],
              [
                123.13775522300011,
                9.605202846000054
              ],
              [
                123.13645782000003,
                9.604872509000074
              ],
              [
                123.13731551900003,
                9.605697689000067
              ],
              [
                123.13576182800011,
                9.606362529000023
              ],
              [
                123.13127383000005,
                9.603970944000025
              ],
              [
                123.12668138300012,
                9.609624268000061
              ],
              [
                123.124522296,
                9.606360873000028
              ],
              [
                123.12572546800004,
                9.597766137000065
              ],
              [
                123.12269581600003,
                9.59914333100005
              ],
              [
                123.12153055500005,
                9.601169910000067
              ],
              [
                123.12264637500004,
                9.602587808000067
              ],
              [
                123.12220629100011,
                9.60661910600004
              ],
              [
                123.12066322400005,
                9.606724745000065
              ],
              [
                123.12176010200005,
                9.607029798000042
              ],
              [
                123.11864492300003,
                9.609461659000033
              ],
              [
                123.11464593800008,
                9.616342296000028
              ],
              [
                123.11613606600008,
                9.621044351000023
              ],
              [
                123.11126261700008,
                9.623918564000064
              ],
              [
                123.10829597100008,
                9.622245238000062
              ],
              [
                123.10705913600009,
                9.623083283000028
              ],
              [
                123.10723175400005,
                9.626996181000038
              ],
              [
                123.10564315300007,
                9.626475447000075
              ],
              [
                123.10776880900005,
                9.628159354000047
              ],
              [
                123.10478101700005,
                9.62969967500004
              ],
              [
                123.10472266800002,
                9.63110699400005
              ],
              [
                123.10813904100007,
                9.630818053000041
              ],
              [
                123.11000213700004,
                9.633490692000066
              ]
            ]
          ]
        ]
      }
    },
    {
      "type": "Feature",
      "properties": {
        "shapeName": "Basay",
        "shapeISO": "",
        "shapeID": "30758251B60263736267026",
        "shapeGroup": "PHL",
        "shapeType": "ADM3",
        "psgc_code": "0704605000",
        "legacy_psgc_code": "074605000",
        "province": "Negros Oriental",
        "reference_area_sqkm": 168.11145658,
        "reference_bbox": [
          122.588892,
          9.37456,
          122.731244,
          9.550316
        ]
      },
      "geometry": {
        "type": "Polygon",
        "coordinates": [
          [
            [
              122.72141488300008,
              9.376566917000048
            ],
            [
              122.71842205000007,
              9.382517328000063
            ],
            [
              122.712945396,
              9.38844403500002
            ],
            [
              122.7182941100001,
              9.392962689000058
            ],
            [
              122.71860441700005,
              9.394967715000064
            ],
            [
              122.71610363100001,
              9.399154226000064
            ],
            [
              122.71913190200007,
              9.405580276000023
            ],
            [
              122.7213875330001,
              9.406201109000051
            ],
            [
              122.72265422200007,
              9.408520509000027
            ],
            [
              122.72155441400002,
              9.410606724000047
            ],
            [
              122.71562281700005,
              9.411904417000073
            ],
            [
              122.71026108,
              9.416757497000049
            ],
            [
              122.71565318900002,
              9.425280448000024
            ],
            [
              122.71432481900001,
              9.429856641000072
            ],
            [
              122.71825176800007,
              9.432436506000045
            ],
            [
              122.71659582000007,
              9.436471306000044
            ],
            [
              122.71886866500006,
              9.436930111000038
            ],
            [
              122.72161494400007,
              9.441951507000056
            ],
            [
              122.72870274400009,
              9.446988582000074
            ],
            [
              122.72705072000008,
              9.448860144000037
            ],
            [
              122.73124406300008,
              9.457342737000033
            ],
            [
              122.72904574800009,
              9.462248411000076
            ],
            [
              122.73004759900005,
              9.467082983000068
            ],
            [
              122.72564682500001,
              9.468349936000038
            ],
            [
              122.72337625900002,
              9.473134566000056
            ],
            [
              122.71830774700004,
              9.475213478000057
            ],
            [
              122.7164869830001,
              9.477645768000059
            ],
            [
              122.71132276300011,
              9.479067285000042
            ],
            [
              122.71149846800006,
              9.482757406000076
            ],
            [
              122.70803626400004,
              9.489644799000075
            ],
            [
              122.7016332500001,
              9.491375944000026
            ],
            [
              122.69934990200011,
              9.49701912300003
            ],
            [
              122.69439677300011,
              9.500327156000026
            ],
            [
              122.69319516400003,
              9.50281076500005
            ],
            [
              122.69656731200007,
              9.50475205500004
            ],
            [
              122.69815502000006,
              9.507584053000073
            ],
            [
              122.69694387400011,
              9.510409375000052
            ],
            [
              122.69915070000002,
              9.515777309000043
            ],
            [
              122.69737307100002,
              9.523789648000047
            ],
            [
              122.6948721010001,
              9.525753047000023
            ],
            [
              122.69116266900005,
              9.522695654000074
            ],
            [
              122.68926712300004,
              9.528185319000045
            ],
            [
              122.69097937600009,
              9.531518068000025
            ],
            [
              122.68467206900004,
              9.53407616800007
            ],
            [
              122.68296077600007,
              9.539122191000047
            ],
            [
              122.6764777090001,
              9.54070543000006
            ],
            [
              122.67395084100008,
              9.544273584000052
            ],
            [
              122.67264201100011,
              9.550316107000071
            ],
            [
              122.6568923100001,
              9.533703346000038
            ],
            [
              122.6355772280001,
              9.507626268000024
            ],
            [
              122.5924346380001,
              9.463354540000068
            ],
            [
              122.59162195100009,
              9.461214375000054
            ],
            [
              122.59455738300005,
              9.458294394000063
            ],
            [
              122.59431112300001,
              9.456098887000053
            ],
            [
              122.59026278400006,
              9.449978547000057
            ],
            [
              122.58891781600005,
              9.444193230000053
            ],
            [
              122.59648082500007,
              9.434470237000028
            ],
            [
              122.60079801200004,
              9.432360397000025
            ],
            [
              122.60534120500006,
              9.426052053000035
            ],
            [
              122.60911987800012,
              9.42461578800004
            ],
            [
              122.61060162400008,
              9.42075191300006
            ],
            [
              122.61323303400002,
              9.420140364000076
            ],
            [
              122.61980193000011,
              9.422438518000035
            ],
            [
              122.62658162900004,
              9.420537103000072
            ],
            [
              122.64138917800005,
              9.403771820000031
            ],
            [
              122.64859318300012,
              9.40246310200007
            ],
            [
              122.65994805900004,
              9.393047671000033
            ],
            [
              122.66317043200002,
              9.39212384900003
            ],
            [
              122.66893892600001,
              9.387097553000046
            ],
            [
              122.67419162300007,
              9.379871974000025
            ],
            [
              122.68268759600005,
              9.382337578000033
            ],
            [
              122.68884014200012,
              9.381967337000049
            ],
            [
              122.69868906800002,
              9.376607213000057
            ],
            [
              122.70285356900001,
              9.377637830000026
            ],
            [
              122.70611084200004,
              9.375139860000047
            ],
            [
              122.71100561500009,
              9.379490275000023
            ],
            [
              122.71772792200011,
              9.377476732000048
            ],
            [
              122.72112982700003,
              9.374559971000053
            ],
            [
              122.72141488300008,
              9.376566917000048
            ]
          ]
        ]
      }
    },
    {
      "type": "Feature",
      "properties": {
        "shapeName": "Bindoy",
        "shapeISO": "",
        "shapeID": "30758251B7642209697633",
        "shapeGroup": "PHL",
        "shapeType": "ADM3",
        "psgc_code": "0704607000",
        "legacy_psgc_code": "074607000",
        "province": "Negros Oriental",
        "reference_area_sqkm": 156.53732985,
        "reference_bbox": [
          122.969577,
          9.705795,
          123.156897,
          9.808057
        ]
      },
      "geometry": {
        "type": "Polygon",
        "coordinates": [
          [
            [
              122.98609544300007,
              9.78927309200003
            ],
            [
              122.96957711800007,
              9.782504128000028
            ],
            [
              122.97527862800007,
              9.770155573000068
            ],
            [
              122.97600461000002,
              9.76501875200006
            ],
            [
              122.9791983770001,
              9.761340683000071
            ],
            [
              122.97921549500006,
              9.759355019000054
            ],
            [
              122.98433337300003,
              9.755481640000028
            ],
            [
              122.99045443000011,
              9.763901021000038
            ],
            [
              123.00998139700005,
              9.751193268000065
            ],
            [
              123.01815311700011,
              9.734889525000028
            ],
            [
              123.0450278830001,
              9.720324821000077
            ],
            [
              123.05718551700011,
              9.718969707000042
            ],
            [
              123.053165121,
              9.72270339000005
            ],
            [
              123.05638166400001,
              9.722974781000062
            ],
            [
              123.09805999700006,
              9.711405095000032
            ],
            [
              123.115788543,
              9.708537547000049
            ],
            [
              123.12616803000003,
              9.708966047000047
            ],
            [
              123.13271091600006,
              9.705794879000052
            ],
            [
              123.13659280700006,
              9.709061131000055
            ],
            [
              123.13692033900008,
              9.712086811000063
            ],
            [
              123.14142594400005,
              9.717175230000066
            ],
            [
              123.1467817670001,
              9.716236756000058
            ],
            [
              123.14926526400006,
              9.719835299000067
            ],
            [
              123.15337213900011,
              9.721148825000057
            ],
            [
              123.15597927700003,
              9.720117906000041
            ],
            [
              123.15663936600004,
              9.722387187000038
            ],
            [
              123.152017322,
              9.730213931000037
            ],
            [
              123.15348886100003,
              9.732514394000077
            ],
            [
              123.15192870600004,
              9.741841123000029
            ],
            [
              123.15396242100007,
              9.751137591000031
            ],
            [
              123.15099946900011,
              9.76008994700004
            ],
            [
              123.148581798,
              9.761413830000038
            ],
            [
              123.15032784200002,
              9.761976810000021
            ],
            [
              123.14865278600007,
              9.762117953000029
            ],
            [
              123.14539605800007,
              9.765955306000023
            ],
            [
              123.14419072300007,
              9.770293897000045
            ],
            [
              123.14624957900003,
              9.772726810000052
            ],
            [
              123.1496157360001,
              9.773617260000037
            ],
            [
              123.15177270400011,
              9.780308924000053
            ],
            [
              123.1473283470001,
              9.788913943000068
            ],
            [
              123.14693894900006,
              9.796721581000043
            ],
            [
              123.14611097400007,
              9.797534233000022
            ],
            [
              123.14539992900006,
              9.796331165000026
            ],
            [
              123.14326093500006,
              9.798669304000043
            ],
            [
              123.14296925500003,
              9.796469166000065
            ],
            [
              123.14126051900007,
              9.796338942000034
            ],
            [
              123.135771126,
              9.79434134500002
            ],
            [
              123.12735755100005,
              9.79612429100007
            ],
            [
              123.12332589800008,
              9.799192093000045
            ],
            [
              123.10603728000001,
              9.80301355100005
            ],
            [
              123.10554329600006,
              9.801290214000062
            ],
            [
              123.05892413900006,
              9.80805745500004
            ],
            [
              123.05513872000006,
              9.805058726000027
            ],
            [
              123.04401148500006,
              9.805032524000069
            ],
            [
              123.0275877790001,
              9.79997501500003
            ],
            [
              123.02379603600002,
              9.804897374000063
            ],
            [
              123.01958454300006,
              9.80230474800004
            ],
            [
              123.01577857100006,
              9.79603501500003
            ],
            [
              123.00529095900004,
              9.796724124000036
            ],
            [
              122.98609544300007,
              9.78927309200003
            ]
          ]
        ]
      }
    },
    {
      "type": "Feature",
      "properties": {
        "shapeName": "Canlaon City",
        "shapeISO": "",
        "shapeID": "30758251B22693356898691",
        "shapeGroup": "PHL",
        "shapeType": "ADM3",
        "psgc_code": "0704608000",
        "legacy_psgc_code": "074608000",
        "province": "Negros Oriental",
        "reference_area_sqkm": 147.51859433,
        "reference_bbox": [
          123.131831,
          10.298425,
          123.273763,
          10.439601
        ]
      },
      "geometry": {
        "type": "Polygon",
        "coordinates": [
          [
            [
              123.13320469400003,
              10.414350253000066
            ],
            [
              123.13183057200001,
              10.41167899100003
            ],
            [
              123.16031414800011,
              10.387797962000036
            ],
            [
              123.17919503600001,
              10.365359054000066
            ],
            [
              123.183599619,
              10.357139639000025
            ],
            [
              123.18331051500002,
              10.340014237000048
            ],
            [
              123.18636266900012,
              10.333116762000031
            ],
            [
              123.18242367100004,
              10.32951029800006
            ],
            [
              123.17886358400006,
              10.330043935000049
            ],
            [
              123.1811859070001,
              10.322344241000053
            ],
            [
              123.17508694000003,
              10.316834563000043
            ],
            [
              123.17243430100007,
              10.318485171000077
            ],
            [
              123.16710635200002,
              10.315429309000024
            ],
            [
              123.1634561410001,
              10.315518531000066
            ],
            [
              123.16318407500012,
              10.313511015000074
            ],
            [
              123.16462475100002,
              10.312373002000072
            ],
            [
              123.16768247000005,
              10.305539149000026
            ],
            [
              123.19119873300008,
              10.303034610000054
            ],
            [
              123.24000054100009,
              10.298424561000047
            ],
            [
              123.24310202800007,
              10.308539460000077
            ],
            [
              123.25852543500002,
              10.358864226000037
            ],
            [
              123.25634959500007,
              10.374244016000034
            ],
            [
              123.25961983000002,
              10.380807252000068
            ],
            [
              123.25928010100006,
              10.385155163000036
            ],
            [
              123.27376300500009,
              10.405036659000075
            ],
            [
              123.2504623420001,
              10.414928063000048
            ],
            [
              123.24540434900007,
              10.414792095000053
            ],
            [
              123.24322392500005,
              10.416969763000054
            ],
            [
              123.2438849030001,
              10.418876427000043
            ],
            [
              123.24560364500007,
              10.416789632000075
            ],
            [
              123.24843161900003,
              10.420456557000023
            ],
            [
              123.24394741700007,
              10.429722059000028
            ],
            [
              123.2444814260001,
              10.431866907000028
            ],
            [
              123.23662027800003,
              10.437750262000066
            ],
            [
              123.23287137500006,
              10.434459013000037
            ],
            [
              123.23015036200002,
              10.439094098000055
            ],
            [
              123.2186904460001,
              10.439600951000045
            ],
            [
              123.20540798500008,
              10.435791141000038
            ],
            [
              123.20032222500004,
              10.43803286800005
            ],
            [
              123.14432497400003,
              10.434843284000067
            ],
            [
              123.13320469400003,
              10.414350253000066
            ]
          ]
        ]
      }
    },
    {
      "type": "Feature",
      "properties": {
        "shapeName": "City of Bayawan",
        "shapeISO": "",
        "shapeID": "30758251B98971931409152",
        "shapeGroup": "PHL",
        "shapeType": "ADM3",
        "psgc_code": "0704606000",
        "legacy_psgc_code": "074606000",
        "province": "Negros Oriental",
        "reference_area_sqkm": 699.6412681,
        "reference_bbox": [
          122.672642,
          9.344382,
          122.948794,
          9.70602
        ]
      },
      "geometry": {
        "type": "Polygon",
        "coordinates": [
          [
            [
              122.88245193800003,
              9.610831542000028
            ],
            [
              122.8800349500001,
              9.610725047000074
            ],
            [
              122.87777695000011,
              9.614454047000038
            ],
            [
              122.87393995000002,
              9.613127047000035
            ],
            [
              122.87072795100005,
              9.618818047000047
            ],
            [
              122.86469497100006,
              9.622100987000067
            ],
            [
              122.86326042200005,
              9.628354323000053
            ],
            [
              122.86490782400006,
              9.632675672000062
            ],
            [
              122.86407394800005,
              9.635751844000026
            ],
            [
              122.86234053200008,
              9.63474357900003
            ],
            [
              122.86207476600009,
              9.630115974000034
            ],
            [
              122.85545939200006,
              9.632141918000059
            ],
            [
              122.85400928500007,
              9.628155777000075
            ],
            [
              122.85230092000006,
              9.627320161000057
            ],
            [
              122.848691357,
              9.63248753800002
            ],
            [
              122.85127676800005,
              9.636791188000075
            ],
            [
              122.84698630000003,
              9.645178010000052
            ],
            [
              122.8487510870001,
              9.647665156000073
            ],
            [
              122.84579421500007,
              9.646938398000032
            ],
            [
              122.84493978400008,
              9.643598783000073
            ],
            [
              122.84255010400011,
              9.645363119000024
            ],
            [
              122.84428410600003,
              9.648063897000043
            ],
            [
              122.8444157030001,
              9.65194703700007
            ],
            [
              122.85010780800008,
              9.653113518000055
            ],
            [
              122.85150022800008,
              9.654612799000063
            ],
            [
              122.84717810600011,
              9.656038026000033
            ],
            [
              122.84887864200005,
              9.660661909000055
            ],
            [
              122.84515292200001,
              9.662505314000043
            ],
            [
              122.84523135200004,
              9.667314970000064
            ],
            [
              122.83923961900007,
              9.668024548000062
            ],
            [
              122.84179531500001,
              9.671499201000074
            ],
            [
              122.83840997800007,
              9.675972241000068
            ],
            [
              122.84579211800008,
              9.67950242300003
            ],
            [
              122.84683632200006,
              9.682406309000044
            ],
            [
              122.85064695000005,
              9.68439804600007
            ],
            [
              122.85470669900008,
              9.682651029000056
            ],
            [
              122.86542774000009,
              9.684415504000071
            ],
            [
              122.86498900400011,
              9.695446657000048
            ],
            [
              122.86137208100001,
              9.697068577000039
            ],
            [
              122.86026088500012,
              9.699559628000031
            ],
            [
              122.84312070900012,
              9.696802189000039
            ],
            [
              122.83880771300005,
              9.698502010000027
            ],
            [
              122.83833758500009,
              9.70180279300007
            ],
            [
              122.83587483300005,
              9.701354613000035
            ],
            [
              122.83389654200005,
              9.702961736000077
            ],
            [
              122.82821405200002,
              9.700258315000042
            ],
            [
              122.8265161280001,
              9.705979107000076
            ],
            [
              122.82262714300009,
              9.705245572000024
            ],
            [
              122.82164634000003,
              9.703388276000055
            ],
            [
              122.81633964700006,
              9.703466811000055
            ],
            [
              122.81560734000004,
              9.699458454000023
            ],
            [
              122.81271951700012,
              9.700959629000067
            ],
            [
              122.80698093700005,
              9.699162541000021
            ],
            [
              122.80384875100003,
              9.700318503000062
            ],
            [
              122.72332949600002,
              9.597365594000053
            ],
            [
              122.68364140000006,
              9.562847185000066
            ],
            [
              122.67264201100011,
              9.550316107000071
            ],
            [
              122.67395084100008,
              9.544273584000052
            ],
            [
              122.6764777090001,
              9.54070543000006
            ],
            [
              122.68296077600007,
              9.539122191000047
            ],
            [
              122.68467206900004,
              9.53407616800007
            ],
            [
              122.69097937600009,
              9.531518068000025
            ],
            [
              122.68926712300004,
              9.528185319000045
            ],
            [
              122.69116266900005,
              9.522695654000074
            ],
            [
              122.6948721010001,
              9.525753047000023
            ],
            [
              122.69737307100002,
              9.523789648000047
            ],
            [
              122.69915070000002,
              9.515777309000043
            ],
            [
              122.69694387400011,
              9.510409375000052
            ],
            [
              122.69815502000006,
              9.507584053000073
            ],
            [
              122.69656731200007,
              9.50475205500004
            ],
            [
              122.69319516400003,
              9.50281076500005
            ],
            [
              122.69439677300011,
              9.500327156000026
            ],
            [
              122.69934990200011,
              9.49701912300003
            ],
            [
              122.7016332500001,
              9.491375944000026
            ],
            [
              122.70803626400004,
              9.489644799000075
            ],
            [
              122.71149846800006,
              9.482757406000076
            ],
            [
              122.71132276300011,
              9.479067285000042
            ],
            [
              122.7164869830001,
              9.477645768000059
            ],
            [
              122.71830774700004,
              9.475213478000057
            ],
            [
              122.72337625900002,
              9.473134566000056
            ],
            [
              122.72564682500001,
              9.468349936000038
            ],
            [
              122.73004759900005,
              9.467082983000068
            ],
            [
              122.72904574800009,
              9.462248411000076
            ],
            [
              122.73124406300008,
              9.457342737000033
            ],
            [
              122.72705072000008,
              9.448860144000037
            ],
            [
              122.72870274400009,
              9.446988582000074
            ],
            [
              122.72161494400007,
              9.441951507000056
            ],
            [
              122.71886866500006,
              9.436930111000038
            ],
            [
              122.71659582000007,
              9.436471306000044
            ],
            [
              122.71825176800007,
              9.432436506000045
            ],
            [
              122.71432481900001,
              9.429856641000072
            ],
            [
              122.71565318900002,
              9.425280448000024
            ],
            [
              122.71026108,
              9.416757497000049
            ],
            [
              122.71562281700005,
              9.411904417000073
            ],
            [
              122.72155441400002,
              9.410606724000047
            ],
            [
              122.72265422200007,
              9.408520509000027
            ],
            [
              122.7213875330001,
              9.406201109000051
            ],
            [
              122.71913190200007,
              9.405580276000023
            ],
            [
              122.71610363100001,
              9.399154226000064
            ],
            [
              122.71860441700005,
              9.394967715000064
            ],
            [
              122.7182941100001,
              9.392962689000058
            ],
            [
              122.712945396,
              9.38844403500002
            ],
            [
              122.71842205000007,
              9.382517328000063
            ],
            [
              122.72141488300008,
              9.376566917000048
            ],
            [
              122.72464092000007,
              9.374259558000062
            ],
            [
              122.74271271300006,
              9.372567765000042
            ],
            [
              122.7534824820001,
              9.367417136000029
            ],
            [
              122.78232062200004,
              9.366476563000049
            ],
            [
              122.79551943400008,
              9.36111035500005
            ],
            [
              122.7948773280001,
              9.359438451000074
            ],
            [
              122.79811361100008,
              9.360559764000072
            ],
            [
              122.80815205600004,
              9.359084086000053
            ],
            [
              122.81762154000012,
              9.35389440800003
            ],
            [
              122.829197485,
              9.344381800000065
            ],
            [
              122.83485459700012,
              9.353501171000062
            ],
            [
              122.86400449700011,
              9.372541277000039
            ],
            [
              122.86674646600011,
              9.37339292300004
            ],
            [
              122.86970538800006,
              9.370003198000063
            ],
            [
              122.87522028,
              9.368492588000038
            ],
            [
              122.87684289800006,
              9.372385715000064
            ],
            [
              122.88354796400006,
              9.37508424400005
            ],
            [
              122.88572447100012,
              9.38303750600005
            ],
            [
              122.88433204700004,
              9.38598382400005
            ],
            [
              122.89052523400005,
              9.388943486000073
            ],
            [
              122.88924060500005,
              9.392060012000059
            ],
            [
              122.89592074600012,
              9.392183708000061
            ],
            [
              122.89924735000011,
              9.39442738300005
            ],
            [
              122.90404623600011,
              9.391825898000036
            ],
            [
              122.9063685540001,
              9.392121168000074
            ],
            [
              122.90786131300001,
              9.394996608000042
            ],
            [
              122.90573663500004,
              9.399694899000053
            ],
            [
              122.91016945700005,
              9.40268768900006
            ],
            [
              122.911800932,
              9.407660473000021
            ],
            [
              122.91664869500005,
              9.414505542000029
            ],
            [
              122.91791182600002,
              9.419939384000031
            ],
            [
              122.92244086500011,
              9.42093926800004
            ],
            [
              122.92583978000005,
              9.417374739000024
            ],
            [
              122.93274265500008,
              9.420265538000024
            ],
            [
              122.93380023800012,
              9.417507451000063
            ],
            [
              122.9380320460001,
              9.419356922000077
            ],
            [
              122.93809512200005,
              9.42051445800007
            ],
            [
              122.943501566,
              9.421807107000063
            ],
            [
              122.94591596400005,
              9.424624430000051
            ],
            [
              122.94806525400008,
              9.424074082000061
            ],
            [
              122.9478405540001,
              9.430121291000034
            ],
            [
              122.94241752300002,
              9.435006359000056
            ],
            [
              122.94635002600012,
              9.437840038000047
            ],
            [
              122.94219044400006,
              9.438395808000053
            ],
            [
              122.93902135200005,
              9.446597819000033
            ],
            [
              122.936688322,
              9.446503870000072
            ],
            [
              122.9348818410001,
              9.450332150000065
            ],
            [
              122.94017750800003,
              9.458127439000066
            ],
            [
              122.94460996700002,
              9.459788424000067
            ],
            [
              122.94704018300001,
              9.460698448000073
            ],
            [
              122.92558982600008,
              9.502063289000034
            ],
            [
              122.8870770320001,
              9.558091991000026
            ],
            [
              122.8868262950001,
              9.56446568900003
            ],
            [
              122.88509096500002,
              9.566356076000034
            ],
            [
              122.88768517800008,
              9.570086659000026
            ],
            [
              122.89019945400003,
              9.569956913000055
            ],
            [
              122.88952448100008,
              9.571084928000062
            ],
            [
              122.89107448100003,
              9.572509292000063
            ],
            [
              122.89005173400005,
              9.57554381400007
            ],
            [
              122.89638721800009,
              9.578854418000049
            ],
            [
              122.8978196600001,
              9.586401844000022
            ],
            [
              122.89296356800003,
              9.58668162400005
            ],
            [
              122.89129258300011,
              9.589335345000052
            ],
            [
              122.8880403180001,
              9.590675721000025
            ],
            [
              122.88746595000009,
              9.593591048000064
            ],
            [
              122.8888811600001,
              9.595161290000021
            ],
            [
              122.8851239500001,
              9.59539404700007
            ],
            [
              122.88410349900005,
              9.603500152000038
            ],
            [
              122.88163795000003,
              9.602636048000022
            ],
            [
              122.88191995000011,
              9.604598047000025
            ],
            [
              122.87991295000006,
              9.60515904700003
            ],
            [
              122.88245193800003,
              9.610831542000028
            ]
          ]
        ]
      }
    },
    {
      "type": "Feature",
      "properties": {
        "shapeName": "City of Guihulngan",
        "shapeISO": "",
        "shapeID": "30758251B60818257765105",
        "shapeGroup": "PHL",
        "shapeType": "ADM3",
        "psgc_code": "0704611000",
        "legacy_psgc_code": "074611000",
        "province": "Negros Oriental",
        "reference_area_sqkm": 375.02314301,
        "reference_bbox": [
          123.096078,
          10.066835,
          123.331542,
          10.308539
        ]
      },
      "geometry": {
        "type": "Polygon",
        "coordinates": [
          [
            [
              123.0960775320001,
              10.140400846000034
            ],
            [
              123.14859287000002,
              10.117278301000056
            ],
            [
              123.16204465400006,
              10.113834836000024
            ],
            [
              123.20120986300003,
              10.089882206000027
            ],
            [
              123.24723290300005,
              10.070364201000075
            ],
            [
              123.25245008600007,
              10.06696248000003
            ],
            [
              123.25320219200012,
              10.073937035000029
            ],
            [
              123.2587508790001,
              10.080546063000043
            ],
            [
              123.25947264400008,
              10.08408132300002
            ],
            [
              123.2617955830001,
              10.085559218000071
            ],
            [
              123.26221852100002,
              10.089421137000045
            ],
            [
              123.26578116500002,
              10.091792948000034
            ],
            [
              123.26638552000009,
              10.102491193000048
            ],
            [
              123.26882362000003,
              10.103038165000044
            ],
            [
              123.26831807100007,
              10.10725319200003
            ],
            [
              123.27118607700004,
              10.108517083000038
            ],
            [
              123.26954514300007,
              10.110040390000052
            ],
            [
              123.26938513400012,
              10.114181941000027
            ],
            [
              123.27193191700007,
              10.11838206300007
            ],
            [
              123.27736960100003,
              10.12266087200004
            ],
            [
              123.27664579900011,
              10.123868134000077
            ],
            [
              123.27830092400006,
              10.124524310000027
            ],
            [
              123.27679886800001,
              10.125162010000054
            ],
            [
              123.27720768800009,
              10.127298108000048
            ],
            [
              123.27945752800008,
              10.127294379000034
            ],
            [
              123.28133451300005,
              10.129111451000028
            ],
            [
              123.28309808900008,
              10.138821059000065
            ],
            [
              123.28043124500005,
              10.141034965000074
            ],
            [
              123.28171362400008,
              10.147118695000074
            ],
            [
              123.28035736600009,
              10.14948118500007
            ],
            [
              123.28147601700005,
              10.155371681000076
            ],
            [
              123.28063454700009,
              10.16252624200007
            ],
            [
              123.28298369100003,
              10.167471845000023
            ],
            [
              123.28252908900004,
              10.173133120000045
            ],
            [
              123.28624395400004,
              10.178677295000057
            ],
            [
              123.2855575850001,
              10.18619211400005
            ],
            [
              123.28780909700004,
              10.18859984900007
            ],
            [
              123.29547367900011,
              10.191686171000072
            ],
            [
              123.29651894900007,
              10.196413776000043
            ],
            [
              123.29840500300008,
              10.19616657000006
            ],
            [
              123.30105469900002,
              10.202016232000062
            ],
            [
              123.30186144000004,
              10.209079152000072
            ],
            [
              123.3051695050001,
              10.214416882000023
            ],
            [
              123.304729113,
              10.220043506000025
            ],
            [
              123.30582391400003,
              10.220261748000041
            ],
            [
              123.30452939700001,
              10.220130460000064
            ],
            [
              123.30433195600006,
              10.22259497400006
            ],
            [
              123.30914327700009,
              10.227423454000075
            ],
            [
              123.31384481300006,
              10.228099212000075
            ],
            [
              123.31930021200003,
              10.23767108800007
            ],
            [
              123.32057944600001,
              10.244655065000075
            ],
            [
              123.3226427080001,
              10.246423587000038
            ],
            [
              123.32522015300003,
              10.25298956100005
            ],
            [
              123.32655043000011,
              10.264855362000048
            ],
            [
              123.3256792310001,
              10.267334753000057
            ],
            [
              123.32884155900001,
              10.269614955000065
            ],
            [
              123.32615002300008,
              10.274054370000044
            ],
            [
              123.33123504000002,
              10.277640233000056
            ],
            [
              123.33138616600002,
              10.279242209000074
            ],
            [
              123.30391285700011,
              10.288917618000028
            ],
            [
              123.30088365900008,
              10.292322403000071
            ],
            [
              123.28024006600003,
              10.302477010000075
            ],
            [
              123.27184554400003,
              10.303310254000053
            ],
            [
              123.2710969640001,
              10.301759685000036
            ],
            [
              123.26543054400008,
              10.300534364000043
            ],
            [
              123.25825344600003,
              10.30478628000003
            ],
            [
              123.24310202800007,
              10.308539460000077
            ],
            [
              123.24000054100009,
              10.298424561000047
            ],
            [
              123.19119873300008,
              10.303034610000054
            ],
            [
              123.19455747000006,
              10.271815747000062
            ],
            [
              123.18881825200003,
              10.260563292000029
            ],
            [
              123.13651653700003,
              10.198260696000034
            ],
            [
              123.12951738600009,
              10.187443157000075
            ],
            [
              123.11066842700006,
              10.165420105000067
            ],
            [
              123.0960775320001,
              10.140400846000034
            ]
          ]
        ]
      }
    },
    {
      "type": "Feature",
      "properties": {
        "shapeName": "City of Tanjay",
        "shapeISO": "",
        "shapeID": "30758251B79018653951628",
        "shapeGroup": "PHL",
        "shapeType": "ADM3",
        "psgc_code": "0704621000",
        "legacy_psgc_code": "074621000",
        "province": "Negros Oriental",
        "reference_area_sqkm": 228.4192166,
        "reference_bbox": [
          122.886998,
          9.38631,
          123.184536,
          9.558092
        ]
      },
      "geometry": {
        "type": "MultiPolygon",
        "coordinates": [
          [
            [
              [
                123.11879368400002,
                9.547466693000047
              ],
              [
                123.1206634450001,
                9.548701255000026
              ],
              [
                123.11975617500002,
                9.549070339000025
              ],
              [
                123.11879368400002,
                9.547466693000047
              ]
            ]
          ],
          [
            [
              [
                123.18453560500006,
                9.479192330000046
              ],
              [
                123.18206849900002,
                9.485412839000048
              ],
              [
                123.180714555,
                9.499040328000035
              ],
              [
                123.17523076600003,
                9.513810410000076
              ],
              [
                123.16283587200007,
                9.53269702700004
              ],
              [
                123.1621411960001,
                9.538125441000034
              ],
              [
                123.15956601200003,
                9.536695595000026
              ],
              [
                123.1598619780001,
                9.538910627000064
              ],
              [
                123.1546768820001,
                9.542624063000062
              ],
              [
                123.15424666000001,
                9.547926190000055
              ],
              [
                123.15215350500011,
                9.548451528000044
              ],
              [
                123.14924079900004,
                9.545127914000034
              ],
              [
                123.14709806100007,
                9.545005871000058
              ],
              [
                123.14700892100007,
                9.55490665800005
              ],
              [
                123.14681482100002,
                9.545304305000059
              ],
              [
                123.1452607010001,
                9.544249855000032
              ],
              [
                123.1406671630001,
                9.54481280400006
              ],
              [
                123.13912368400008,
                9.543735324000068
              ],
              [
                123.13793853300001,
                9.545515348000038
              ],
              [
                123.12402247500006,
                9.551501426000073
              ],
              [
                123.12204785900008,
                9.550952204000055
              ],
              [
                123.121650498,
                9.549153819000026
              ],
              [
                123.11939881700005,
                9.546758237000063
              ],
              [
                123.11778439800003,
                9.547222826000052
              ],
              [
                123.11543364900001,
                9.546180894000031
              ],
              [
                123.11206548000007,
                9.548283936000075
              ],
              [
                123.11283966700012,
                9.544294611000055
              ],
              [
                123.10658731300009,
                9.544664746000024
              ],
              [
                123.10076136200007,
                9.536574827000038
              ],
              [
                123.09788862700009,
                9.535243587000025
              ],
              [
                123.07631306100006,
                9.534859538000035
              ],
              [
                122.8870770320001,
                9.558091991000026
              ],
              [
                122.92558982600008,
                9.502063289000034
              ],
              [
                122.94704018300001,
                9.460698448000073
              ],
              [
                122.95048821300009,
                9.473945421000053
              ],
              [
                122.99198297500004,
                9.477287553000053
              ],
              [
                122.99995969200006,
                9.472049558000037
              ],
              [
                122.99969684900009,
                9.469495653000024
              ],
              [
                123.02247249200002,
                9.471718975000044
              ],
              [
                123.02485046200002,
                9.47355109800003
              ],
              [
                123.02615273200001,
                9.472425849000047
              ],
              [
                123.030390624,
                9.475700520000032
              ],
              [
                123.0374923930001,
                9.475550243000043
              ],
              [
                123.0489751670001,
                9.479298781000068
              ],
              [
                123.08276879100003,
                9.484392752000076
              ],
              [
                123.09527304000005,
                9.48403688600007
              ],
              [
                123.1169754450001,
                9.49035823500003
              ],
              [
                123.11750776000008,
                9.491813229000059
              ],
              [
                123.11253949200011,
                9.493871511000066
              ],
              [
                123.1138880210001,
                9.49756222600007
              ],
              [
                123.12073713500001,
                9.49479419000005
              ],
              [
                123.12371809600006,
                9.499372094000023
              ],
              [
                123.12758624800006,
                9.500152823000064
              ],
              [
                123.13028330800012,
                9.498094540000068
              ],
              [
                123.13166732600007,
                9.500791599000024
              ],
              [
                123.13018570000008,
                9.502908919000049
              ],
              [
                123.13208267200002,
                9.50695248900007
              ],
              [
                123.13418652400003,
                9.508154689000037
              ],
              [
                123.13947856400011,
                9.506946596000034
              ],
              [
                123.1388421050001,
                9.504035385000066
              ],
              [
                123.14287890500009,
                9.504618806000053
              ],
              [
                123.14725311900008,
                9.497219660000042
              ],
              [
                123.13889111600008,
                9.486009459000059
              ],
              [
                123.13379715600001,
                9.474268782000024
              ],
              [
                123.13471061700011,
                9.472807313000033
              ],
              [
                123.1321867260001,
                9.471933905000071
              ],
              [
                123.13253215000009,
                9.462387053000043
              ],
              [
                123.12520012300001,
                9.438264127000025
              ],
              [
                123.11955730600005,
                9.399963392000075
              ],
              [
                123.11618665600008,
                9.386310416000072
              ],
              [
                123.13992360000009,
                9.411166326000057
              ],
              [
                123.14333021400012,
                9.427092767000033
              ],
              [
                123.15154018900012,
                9.434845013000029
              ],
              [
                123.16920185900005,
                9.458092104000059
              ],
              [
                123.16922476800005,
                9.469412624000029
              ],
              [
                123.18141055000001,
                9.479421398000056
              ],
              [
                123.18453560500006,
                9.479192330000046
              ]
            ]
          ]
        ]
      }
    },
    {
      "type": "Feature",
      "properties": {
        "shapeName": "Dauin",
        "shapeISO": "",
        "shapeID": "30758251B3670515091156",
        "shapeGroup": "PHL",
        "shapeType": "ADM3",
        "psgc_code": "0704609000",
        "legacy_psgc_code": "074609000",
        "province": "Negros Oriental",
        "reference_area_sqkm": 80.77685876,
        "reference_bbox": [
          123.145262,
          9.071054,
          123.286345,
          9.24874
        ]
      },
      "geometry": {
        "type": "MultiPolygon",
        "coordinates": [
          [
            [
              [
                123.27038790600011,
                9.084596680000061
              ],
              [
                123.26777770600006,
                9.083411020000028
              ],
              [
                123.26816145200007,
                9.071053595000024
              ],
              [
                123.2752400820001,
                9.07748248300004
              ],
              [
                123.27304144700008,
                9.084464474000072
              ],
              [
                123.27038790600011,
                9.084596680000061
              ]
            ]
          ],
          [
            [
              [
                123.20082680900009,
                9.246267143000068
              ],
              [
                123.14526169400006,
                9.248740095000073
              ],
              [
                123.18678699100008,
                9.21804374100003
              ],
              [
                123.1844800990001,
                9.208346848000076
              ],
              [
                123.20053394100012,
                9.182780093000076
              ],
              [
                123.20773324900006,
                9.174678530000051
              ],
              [
                123.20691452400001,
                9.170602754000072
              ],
              [
                123.23076537100007,
                9.140667946000065
              ],
              [
                123.24138107200008,
                9.15047309800002
              ],
              [
                123.24465433000012,
                9.156973538000045
              ],
              [
                123.24646904100007,
                9.165701894000051
              ],
              [
                123.25396580800009,
                9.175915928000052
              ],
              [
                123.2646084380001,
                9.186390783000036
              ],
              [
                123.27070621000007,
                9.187483386000054
              ],
              [
                123.27225971700011,
                9.19405819800005
              ],
              [
                123.2840717580001,
                9.208349717000033
              ],
              [
                123.28634487800002,
                9.215072100000043
              ],
              [
                123.22814137500006,
                9.23863300100004
              ],
              [
                123.23283613900003,
                9.243541317000052
              ],
              [
                123.22026589500001,
                9.243488803000048
              ],
              [
                123.20082680900009,
                9.246267143000068
              ]
            ]
          ]
        ]
      }
    },
    {
      "type": "Feature",
      "properties": {
        "shapeName": "Dumaguete City",
        "shapeISO": "",
        "shapeID": "30758251B75296993492221",
        "shapeGroup": "PHL",
        "shapeType": "ADM3",
        "psgc_code": "0704610000",
        "legacy_psgc_code": "074610000",
        "province": "Negros Oriental",
        "reference_area_sqkm": 34.3080082,
        "reference_bbox": [
          123.251784,
          9.270907,
          123.31309,
          9.332949
        ]
      },
      "geometry": {
        "type": "Polygon",
        "coordinates": [
          [
            [
              123.30152086600003,
              9.275949610000055
            ],
            [
              123.3064390180001,
              9.285682989000065
            ],
            [
              123.30769927600011,
              9.292873564000047
            ],
            [
              123.3117982760001,
              9.299349416000041
            ],
            [
              123.30924649200006,
              9.311338850000027
            ],
            [
              123.31042780900009,
              9.312561044000063
            ],
            [
              123.31151318200011,
              9.31159122500003
            ],
            [
              123.31142445100011,
              9.313372617000027
            ],
            [
              123.3128170110001,
              9.313935893000064
            ],
            [
              123.31160926000007,
              9.314376310000057
            ],
            [
              123.31309010600012,
              9.315278482000053
            ],
            [
              123.31289264400004,
              9.31920893900002
            ],
            [
              123.30958649900003,
              9.332437018000064
            ],
            [
              123.27359328500006,
              9.327888547000043
            ],
            [
              123.2517841990001,
              9.323173650000058
            ],
            [
              123.25713632500003,
              9.307083521000038
            ],
            [
              123.26012586700006,
              9.288212343000055
            ],
            [
              123.26600095900005,
              9.273704493000025
            ],
            [
              123.27281899000002,
              9.270906942000067
            ],
            [
              123.30152086600003,
              9.275949610000055
            ]
          ]
        ]
      }
    },
    {
      "type": "Feature",
      "properties": {
        "shapeName": "Jimalalud",
        "shapeISO": "",
        "shapeID": "30758251B35162320168665",
        "shapeGroup": "PHL",
        "shapeType": "ADM3",
        "psgc_code": "0704612000",
        "legacy_psgc_code": "074612000",
        "province": "Negros Oriental",
        "reference_area_sqkm": 154.76719892,
        "reference_bbox": [
          123.02071,
          9.950218,
          123.218733,
          10.076619
        ]
      },
      "geometry": {
        "type": "Polygon",
        "coordinates": [
          [
            [
              123.02071005100004,
              10.019722260000037
            ],
            [
              123.1390441320001,
              9.959052979000035
            ],
            [
              123.15699868500008,
              9.956016056000067
            ],
            [
              123.16997976200003,
              9.950217827000074
            ],
            [
              123.17659628600006,
              9.952711252000029
            ],
            [
              123.18252757200003,
              9.952191121000055
            ],
            [
              123.18338293700003,
              9.955390608000073
            ],
            [
              123.18660889700004,
              9.95652186500007
            ],
            [
              123.18990469800008,
              9.960747670000046
            ],
            [
              123.1899811620001,
              9.965590530000043
            ],
            [
              123.19575426000006,
              9.968902477000029
            ],
            [
              123.19825088800008,
              9.972386161000031
            ],
            [
              123.20300257800011,
              9.981122017000075
            ],
            [
              123.20310885100002,
              9.984003464000068
            ],
            [
              123.2077161200001,
              9.987707810000074
            ],
            [
              123.20922893000011,
              9.99222227100006
            ],
            [
              123.21326512600001,
              9.997355893000076
            ],
            [
              123.21867160200009,
              9.999924565000072
            ],
            [
              123.21480273800012,
              10.010237458000063
            ],
            [
              123.19028259400011,
              10.027232584000046
            ],
            [
              123.129785,
              10.047697
            ],
            [
              123.11164318100009,
              10.04760417500006
            ],
            [
              123.05782511100006,
              10.076618548000056
            ],
            [
              123.02071005100004,
              10.019722260000037
            ]
          ]
        ]
      }
    },
    {
      "type": "Feature",
      "properties": {
        "shapeName": "La Libertad",
        "shapeISO": "",
        "shapeID": "30758251B96075835138209",
        "shapeGroup": "PHL",
        "shapeType": "ADM3",
        "psgc_code": "0704613000",
        "legacy_psgc_code": "074613000",
        "province": "Negros Oriental",
        "reference_area_sqkm": 151.4822741,
        "reference_bbox": [
          123.057825,
          9.999925,
          123.252542,
          10.140691
        ]
      },
      "geometry": {
        "type": "Polygon",
        "coordinates": [
          [
            [
              123.05782511100006,
              10.076618548000056
            ],
            [
              123.11164318100009,
              10.04760417500006
            ],
            [
              123.129785,
              10.047697
            ],
            [
              123.19028259400011,
              10.027232584000046
            ],
            [
              123.21480273800012,
              10.010237458000063
            ],
            [
              123.21867160200009,
              9.999924565000072
            ],
            [
              123.22818233800001,
              10.003706063000038
            ],
            [
              123.2265072020001,
              10.01637574700004
            ],
            [
              123.22895885800006,
              10.02081520300004
            ],
            [
              123.23294474800002,
              10.022718051000027
            ],
            [
              123.23587002200009,
              10.026906551000025
            ],
            [
              123.23726702500005,
              10.026791399000047
            ],
            [
              123.23350873900006,
              10.029132978000064
            ],
            [
              123.2351290250001,
              10.02920943600003
            ],
            [
              123.23835222100001,
              10.036234385000057
            ],
            [
              123.23953602000006,
              10.046836576000032
            ],
            [
              123.24349266400009,
              10.048878242000058
            ],
            [
              123.24412602200005,
              10.05194164300002
            ],
            [
              123.24762398100006,
              10.055134200000055
            ],
            [
              123.24931167400007,
              10.064643606000061
            ],
            [
              123.25245008600007,
              10.06696248000003
            ],
            [
              123.24723290300005,
              10.070364201000075
            ],
            [
              123.20120986300003,
              10.089882206000027
            ],
            [
              123.16204465400006,
              10.113834836000024
            ],
            [
              123.14859287000002,
              10.117278301000056
            ],
            [
              123.0960775320001,
              10.140400846000034
            ],
            [
              123.05782511100006,
              10.076618548000056
            ]
          ]
        ]
      }
    },
    {
      "type": "Feature",
      "properties": {
        "shapeName": "Mabinay",
        "shapeISO": "",
        "shapeID": "30758251B10017268667222",
        "shapeGroup": "PHL",
        "shapeType": "ADM3",
        "psgc_code": "0704614000",
        "legacy_psgc_code": "074614000",
        "province": "Negros Oriental",
        "reference_area_sqkm": 346.14837036,
        "reference_bbox": [
          122.803849,
          9.610469,
          123.025477,
          9.828044
        ]
      },
      "geometry": {
        "type": "Polygon",
        "coordinates": [
          [
            [
              122.91410867600007,
              9.82804438200003
            ],
            [
              122.89808550400005,
              9.809310142000072
            ],
            [
              122.90228905400011,
              9.809063628000047
            ],
            [
              122.90214617100003,
              9.806224832000055
            ],
            [
              122.90345546100002,
              9.805112982000026
            ],
            [
              122.90993982700002,
              9.805347314000073
            ],
            [
              122.90734357200006,
              9.798296897000057
            ],
            [
              122.91188847100011,
              9.795341564000069
            ],
            [
              122.91230132700002,
              9.791042479000055
            ],
            [
              122.91681920600001,
              9.792433686000038
            ],
            [
              122.91858793400002,
              9.791140960000064
            ],
            [
              122.91529926300007,
              9.787673807000033
            ],
            [
              122.91439292600012,
              9.781097604000024
            ],
            [
              122.9118607800001,
              9.77915000400003
            ],
            [
              122.91009108600008,
              9.774005182000053
            ],
            [
              122.90646276600012,
              9.775667318000046
            ],
            [
              122.90401990700002,
              9.77451969200007
            ],
            [
              122.88211769000009,
              9.791571794000049
            ],
            [
              122.80384875100003,
              9.700318503000062
            ],
            [
              122.80698093700005,
              9.699162541000021
            ],
            [
              122.81271951700012,
              9.700959629000067
            ],
            [
              122.81560734000004,
              9.699458454000023
            ],
            [
              122.81633964700006,
              9.703466811000055
            ],
            [
              122.82164634000003,
              9.703388276000055
            ],
            [
              122.82262714300009,
              9.705245572000024
            ],
            [
              122.8265161280001,
              9.705979107000076
            ],
            [
              122.82821405200002,
              9.700258315000042
            ],
            [
              122.83389654200005,
              9.702961736000077
            ],
            [
              122.83587483300005,
              9.701354613000035
            ],
            [
              122.83833758500009,
              9.70180279300007
            ],
            [
              122.83880771300005,
              9.698502010000027
            ],
            [
              122.84312070900012,
              9.696802189000039
            ],
            [
              122.86026088500012,
              9.699559628000031
            ],
            [
              122.86137208100001,
              9.697068577000039
            ],
            [
              122.86498900400011,
              9.695446657000048
            ],
            [
              122.86542774000009,
              9.684415504000071
            ],
            [
              122.85470669900008,
              9.682651029000056
            ],
            [
              122.85064695000005,
              9.68439804600007
            ],
            [
              122.84683632200006,
              9.682406309000044
            ],
            [
              122.84579211800008,
              9.67950242300003
            ],
            [
              122.83840997800007,
              9.675972241000068
            ],
            [
              122.84179531500001,
              9.671499201000074
            ],
            [
              122.83923961900007,
              9.668024548000062
            ],
            [
              122.84523135200004,
              9.667314970000064
            ],
            [
              122.84515292200001,
              9.662505314000043
            ],
            [
              122.84887864200005,
              9.660661909000055
            ],
            [
              122.84717810600011,
              9.656038026000033
            ],
            [
              122.85150022800008,
              9.654612799000063
            ],
            [
              122.85010780800008,
              9.653113518000055
            ],
            [
              122.8444157030001,
              9.65194703700007
            ],
            [
              122.84428410600003,
              9.648063897000043
            ],
            [
              122.84255010400011,
              9.645363119000024
            ],
            [
              122.84493978400008,
              9.643598783000073
            ],
            [
              122.84579421500007,
              9.646938398000032
            ],
            [
              122.8487510870001,
              9.647665156000073
            ],
            [
              122.84698630000003,
              9.645178010000052
            ],
            [
              122.85127676800005,
              9.636791188000075
            ],
            [
              122.848691357,
              9.63248753800002
            ],
            [
              122.85230092000006,
              9.627320161000057
            ],
            [
              122.85400928500007,
              9.628155777000075
            ],
            [
              122.85545939200006,
              9.632141918000059
            ],
            [
              122.86207476600009,
              9.630115974000034
            ],
            [
              122.86234053200008,
              9.63474357900003
            ],
            [
              122.86407394800005,
              9.635751844000026
            ],
            [
              122.86490782400006,
              9.632675672000062
            ],
            [
              122.86326042200005,
              9.628354323000053
            ],
            [
              122.86469497100006,
              9.622100987000067
            ],
            [
              122.87072795100005,
              9.618818047000047
            ],
            [
              122.87393995000002,
              9.613127047000035
            ],
            [
              122.87777695000011,
              9.614454047000038
            ],
            [
              122.8800349500001,
              9.610725047000074
            ],
            [
              122.88245193800003,
              9.610831542000028
            ],
            [
              122.90277786700005,
              9.613955391000047
            ],
            [
              122.98880886200004,
              9.610641868000073
            ],
            [
              123.02547678700012,
              9.611915041000032
            ],
            [
              123.01935995600002,
              9.69390829100007
            ],
            [
              122.96675703000005,
              9.731293238000035
            ],
            [
              122.98433337300003,
              9.755481640000028
            ],
            [
              122.97921549500006,
              9.759355019000054
            ],
            [
              122.9791983770001,
              9.761340683000071
            ],
            [
              122.97600461000002,
              9.76501875200006
            ],
            [
              122.97527862800007,
              9.770155573000068
            ],
            [
              122.96957711800007,
              9.782504128000028
            ],
            [
              122.98609544300007,
              9.78927309200003
            ],
            [
              122.97330042600004,
              9.79623607600007
            ],
            [
              122.9703461250001,
              9.79644175900006
            ],
            [
              122.91410867600007,
              9.82804438200003
            ]
          ]
        ]
      }
    },
    {
      "type": "Feature",
      "properties": {
        "shapeName": "Manjuyod",
        "shapeISO": "",
        "shapeID": "30758251B66064059312986",
        "shapeGroup": "PHL",
        "shapeType": "ADM3",
        "psgc_code": "0704615000",
        "legacy_psgc_code": "074615000",
        "province": "Negros Oriental",
        "reference_area_sqkm": 127.69815476,
        "reference_bbox": [
          122.882118,
          9.632083,
          123.160752,
          9.809817
        ]
      },
      "geometry": {
        "type": "MultiPolygon",
        "coordinates": [
          [
            [
              [
                123.11000213700004,
                9.633490692000066
              ],
              [
                123.11338652200004,
                9.640749326000048
              ],
              [
                123.11736795400009,
                9.643098112000075
              ],
              [
                123.11610216600002,
                9.644981723000058
              ],
              [
                123.11350053500007,
                9.644664871000032
              ],
              [
                123.11154112700001,
                9.650753141000052
              ],
              [
                123.11400358600008,
                9.652374117000022
              ],
              [
                123.11697504500012,
                9.652084549000051
              ],
              [
                123.1195633850001,
                9.655296465000049
              ],
              [
                123.12161948300002,
                9.656552500000032
              ],
              [
                123.12303562600005,
                9.655653131000065
              ],
              [
                123.12416690000009,
                9.657290863000071
              ],
              [
                123.1281946790001,
                9.653964042000041
              ],
              [
                123.13165295300007,
                9.65492116200005
              ],
              [
                123.13858928900004,
                9.652801110000041
              ],
              [
                123.13975843000003,
                9.654004641000029
              ],
              [
                123.14267656600009,
                9.650986751000062
              ],
              [
                123.14496822500007,
                9.652338335000024
              ],
              [
                123.14944806200003,
                9.647836143000063
              ],
              [
                123.15365084700011,
                9.63963426600003
              ],
              [
                123.15455140600011,
                9.634078616000068
              ],
              [
                123.15699398700008,
                9.632208349000052
              ],
              [
                123.15518318000011,
                9.634037802000023
              ],
              [
                123.15481798600001,
                9.638089843000046
              ],
              [
                123.15226190600004,
                9.645660674000055
              ],
              [
                123.15075377200003,
                9.646515349000026
              ],
              [
                123.1512102910001,
                9.64850558300003
              ],
              [
                123.1493522400001,
                9.649615435000044
              ],
              [
                123.1487238840001,
                9.653833557000041
              ],
              [
                123.14903322300006,
                9.659938761000035
              ],
              [
                123.15024450300007,
                9.660665909000045
              ],
              [
                123.14920532800011,
                9.665883841000039
              ],
              [
                123.152261425,
                9.670054144000062
              ],
              [
                123.14981240000009,
                9.670724558000074
              ],
              [
                123.15275573600002,
                9.67263218100004
              ],
              [
                123.15067058000011,
                9.675817703000064
              ],
              [
                123.15230205400007,
                9.683743856000035
              ],
              [
                123.15152125100008,
                9.685735820000048
              ],
              [
                123.1591603810001,
                9.698982897000064
              ],
              [
                123.16074754800002,
                9.706722627000033
              ],
              [
                123.15597927700003,
                9.720117906000041
              ],
              [
                123.15337213900011,
                9.721148825000057
              ],
              [
                123.14926526400006,
                9.719835299000067
              ],
              [
                123.1467817670001,
                9.716236756000058
              ],
              [
                123.14142594400005,
                9.717175230000066
              ],
              [
                123.13692033900008,
                9.712086811000063
              ],
              [
                123.13659280700006,
                9.709061131000055
              ],
              [
                123.13271091600006,
                9.705794879000052
              ],
              [
                123.12616803000003,
                9.708966047000047
              ],
              [
                123.115788543,
                9.708537547000049
              ],
              [
                123.09805999700006,
                9.711405095000032
              ],
              [
                123.05638166400001,
                9.722974781000062
              ],
              [
                123.053165121,
                9.72270339000005
              ],
              [
                123.05718551700011,
                9.718969707000042
              ],
              [
                123.0450278830001,
                9.720324821000077
              ],
              [
                123.01815311700011,
                9.734889525000028
              ],
              [
                123.00998139700005,
                9.751193268000065
              ],
              [
                122.99045443000011,
                9.763901021000038
              ],
              [
                122.98433337300003,
                9.755481640000028
              ],
              [
                122.96675703000005,
                9.731293238000035
              ],
              [
                123.01935995600002,
                9.69390829100007
              ],
              [
                123.10054357100012,
                9.63674616000003
              ],
              [
                123.11000213700004,
                9.633490692000066
              ]
            ]
          ],
          [
            [
              [
                122.88211769000009,
                9.791571794000049
              ],
              [
                122.90401990700002,
                9.77451969200007
              ],
              [
                122.90646276600012,
                9.775667318000046
              ],
              [
                122.91009108600008,
                9.774005182000053
              ],
              [
                122.9118607800001,
                9.77915000400003
              ],
              [
                122.91439292600012,
                9.781097604000024
              ],
              [
                122.91529926300007,
                9.787673807000033
              ],
              [
                122.91858793400002,
                9.791140960000064
              ],
              [
                122.91681920600001,
                9.792433686000038
              ],
              [
                122.91230132700002,
                9.791042479000055
              ],
              [
                122.91188847100011,
                9.795341564000069
              ],
              [
                122.90734357200006,
                9.798296897000057
              ],
              [
                122.90993982700002,
                9.805347314000073
              ],
              [
                122.90345546100002,
                9.805112982000026
              ],
              [
                122.90214617100003,
                9.806224832000055
              ],
              [
                122.90228905400011,
                9.809063628000047
              ],
              [
                122.89808550400005,
                9.809310142000072
              ],
              [
                122.88211769000009,
                9.791571794000049
              ]
            ]
          ]
        ]
      }
    },
    {
      "type": "Feature",
      "properties": {
        "shapeName": "Pamplona",
        "shapeISO": "",
        "shapeID": "30758251B24092981342629",
        "shapeGroup": "PHL",
        "shapeType": "ADM3",
        "psgc_code": "0704616000",
        "legacy_psgc_code": "074616000",
        "province": "Negros Oriental",
        "reference_area_sqkm": 222.90549506,
        "reference_bbox": [
          122.94461,
          9.348539,
          123.147253,
          9.508155
        ]
      },
      "geometry": {
        "type": "Polygon",
        "coordinates": [
          [
            [
              122.94460996700002,
              9.459788424000067
            ],
            [
              123.00165385800005,
              9.348538620000056
            ],
            [
              123.11618665600008,
              9.386310416000072
            ],
            [
              123.11955730600005,
              9.399963392000075
            ],
            [
              123.12520012300001,
              9.438264127000025
            ],
            [
              123.13253215000009,
              9.462387053000043
            ],
            [
              123.1321867260001,
              9.471933905000071
            ],
            [
              123.13471061700011,
              9.472807313000033
            ],
            [
              123.13379715600001,
              9.474268782000024
            ],
            [
              123.13889111600008,
              9.486009459000059
            ],
            [
              123.14725311900008,
              9.497219660000042
            ],
            [
              123.14287890500009,
              9.504618806000053
            ],
            [
              123.1388421050001,
              9.504035385000066
            ],
            [
              123.13947856400011,
              9.506946596000034
            ],
            [
              123.13418652400003,
              9.508154689000037
            ],
            [
              123.13208267200002,
              9.50695248900007
            ],
            [
              123.13018570000008,
              9.502908919000049
            ],
            [
              123.13166732600007,
              9.500791599000024
            ],
            [
              123.13028330800012,
              9.498094540000068
            ],
            [
              123.12758624800006,
              9.500152823000064
            ],
            [
              123.12371809600006,
              9.499372094000023
            ],
            [
              123.12073713500001,
              9.49479419000005
            ],
            [
              123.1138880210001,
              9.49756222600007
            ],
            [
              123.11253949200011,
              9.493871511000066
            ],
            [
              123.11750776000008,
              9.491813229000059
            ],
            [
              123.1169754450001,
              9.49035823500003
            ],
            [
              123.09527304000005,
              9.48403688600007
            ],
            [
              123.08276879100003,
              9.484392752000076
            ],
            [
              123.0489751670001,
              9.479298781000068
            ],
            [
              123.0374923930001,
              9.475550243000043
            ],
            [
              123.030390624,
              9.475700520000032
            ],
            [
              123.02615273200001,
              9.472425849000047
            ],
            [
              123.02485046200002,
              9.47355109800003
            ],
            [
              123.02247249200002,
              9.471718975000044
            ],
            [
              122.99969684900009,
              9.469495653000024
            ],
            [
              122.99995969200006,
              9.472049558000037
            ],
            [
              122.99198297500004,
              9.477287553000053
            ],
            [
              122.95048821300009,
              9.473945421000053
            ],
            [
              122.94704018300001,
              9.460698448000073
            ],
            [
              122.94460996700002,
              9.459788424000067
            ]
          ]
        ]
      }
    },
    {
      "type": "Feature",
      "properties": {
        "shapeName": "San Jose",
        "shapeISO": "",
        "shapeID": "30758251B66844761060701",
        "shapeGroup": "PHL",
        "shapeType": "ADM3",
        "psgc_code": "0704617000",
        "legacy_psgc_code": "074617000",
        "province": "Negros Oriental",
        "reference_area_sqkm": 51.79321878,
        "reference_bbox": [
          123.166284,
          9.37063,
          123.260111,
          9.448154
        ]
      },
      "geometry": {
        "type": "Polygon",
        "coordinates": [
          [
            [
              123.16628401300011,
              9.375627348000023
            ],
            [
              123.18972055300003,
              9.37062955600004
            ],
            [
              123.26006754600007,
              9.385425529000031
            ],
            [
              123.25562693400002,
              9.398176424000042
            ],
            [
              123.25002848300005,
              9.401972692000072
            ],
            [
              123.24624547500002,
              9.407092471000055
            ],
            [
              123.24187910500007,
              9.417142979000062
            ],
            [
              123.241614378,
              9.421497382000041
            ],
            [
              123.2350663310001,
              9.425683530000072
            ],
            [
              123.23500087200011,
              9.433616269000026
            ],
            [
              123.23696931600011,
              9.441973567000048
            ],
            [
              123.236157047,
              9.443066251000062
            ],
            [
              123.22289927200006,
              9.44403978300005
            ],
            [
              123.22324054100011,
              9.448154300000056
            ],
            [
              123.19693390300006,
              9.43827335800006
            ],
            [
              123.1977470490001,
              9.435062126000048
            ],
            [
              123.19535677200008,
              9.435393650000037
            ],
            [
              123.1918581750001,
              9.432138849000069
            ],
            [
              123.19204628500006,
              9.430507060000025
            ],
            [
              123.18993592100003,
              9.431215380000026
            ],
            [
              123.18891942900007,
              9.429189835000045
            ],
            [
              123.19062230300005,
              9.42772608200005
            ],
            [
              123.19122685600007,
              9.421696041000075
            ],
            [
              123.18815896000001,
              9.418698676000076
            ],
            [
              123.18649221300007,
              9.41115069500006
            ],
            [
              123.18452704200001,
              9.41065055200005
            ],
            [
              123.1828149160001,
              9.40539046200007
            ],
            [
              123.17982907600003,
              9.405715460000067
            ],
            [
              123.17710096500002,
              9.399608593000039
            ],
            [
              123.17476987600003,
              9.39890054600005
            ],
            [
              123.17198189400006,
              9.395177790000048
            ],
            [
              123.17337737600008,
              9.39071397500004
            ],
            [
              123.16959248400008,
              9.38761674400007
            ],
            [
              123.17118115200003,
              9.383978463000062
            ],
            [
              123.16628401300011,
              9.375627348000023
            ]
          ]
        ]
      }
    },
    {
      "type": "Feature",
      "properties": {
        "shapeName": "Santa Catalina",
        "shapeISO": "",
        "shapeID": "30758251B88269025865066",
        "shapeGroup": "PHL",
        "shapeType": "ADM3",
        "psgc_code": "0704618000",
        "legacy_psgc_code": "074618000",
        "province": "Negros Oriental",
        "reference_area_sqkm": 414.38112151,
        "reference_bbox": [
          122.829197,
          9.15758,
          123.081664,
          9.459788
        ]
      },
      "geometry": {
        "type": "Polygon",
        "coordinates": [
          [
            [
              122.829197485,
              9.344381800000065
            ],
            [
              122.83890067800007,
              9.333321151000064
            ],
            [
              122.84223537900004,
              9.333795744000042
            ],
            [
              122.84256475300003,
              9.331542635000062
            ],
            [
              122.84480295600008,
              9.33222932800004
            ],
            [
              122.85716987400008,
              9.329989319000049
            ],
            [
              122.85668641900008,
              9.331466736000039
            ],
            [
              122.8581194410001,
              9.331731451000053
            ],
            [
              122.8646021400001,
              9.32911367500003
            ],
            [
              122.86807829500003,
              9.324929835000034
            ],
            [
              122.87028796400011,
              9.325582303000033
            ],
            [
              122.86937608500011,
              9.324382832000026
            ],
            [
              122.874830201,
              9.31563466600005
            ],
            [
              122.87561500600009,
              9.310011945000042
            ],
            [
              122.8731291260001,
              9.304126409000048
            ],
            [
              122.8755056120001,
              9.302091847000042
            ],
            [
              122.87276277900003,
              9.302124511000045
            ],
            [
              122.87699635400008,
              9.287160051000058
            ],
            [
              122.87824470700002,
              9.27055077500006
            ],
            [
              122.87502048800002,
              9.259591335000039
            ],
            [
              122.87043403900009,
              9.255587227000035
            ],
            [
              122.87893824000002,
              9.232320229000038
            ],
            [
              122.88002255000004,
              9.228080846000069
            ],
            [
              122.87863071800007,
              9.225053700000046
            ],
            [
              122.87921112400011,
              9.222640159000036
            ],
            [
              122.88055978500006,
              9.220780630000036
            ],
            [
              122.8833658740001,
              9.221959561000062
            ],
            [
              122.88215026700004,
              9.221362513000031
            ],
            [
              122.88481444500007,
              9.218844284000056
            ],
            [
              122.88897861800001,
              9.209400649000031
            ],
            [
              122.88913846800006,
              9.198375916000032
            ],
            [
              122.89366130500002,
              9.189579691000063
            ],
            [
              122.89861650600005,
              9.166949095000064
            ],
            [
              122.90445782300003,
              9.162051243000064
            ],
            [
              122.90599248,
              9.157579631000033
            ],
            [
              122.91171305800003,
              9.162455544000068
            ],
            [
              122.93860142100004,
              9.166301561000068
            ],
            [
              122.93892229800008,
              9.170556217000069
            ],
            [
              122.94132457300009,
              9.17173820100004
            ],
            [
              122.94357126800003,
              9.170259142000077
            ],
            [
              122.9493110200001,
              9.17043277700003
            ],
            [
              122.94876279000005,
              9.17616115900006
            ],
            [
              122.95395570700009,
              9.178309118000072
            ],
            [
              122.95501411400005,
              9.18103947700007
            ],
            [
              122.9585704540001,
              9.181659163000063
            ],
            [
              122.96899522700005,
              9.17652226000007
            ],
            [
              122.97264360300005,
              9.177253778000022
            ],
            [
              122.97423944900004,
              9.183564538000041
            ],
            [
              122.98039499200002,
              9.185367843000051
            ],
            [
              122.98884001400006,
              9.192261001000077
            ],
            [
              122.9937525260001,
              9.208944489000032
            ],
            [
              122.99490452500004,
              9.221380536000026
            ],
            [
              123.016995672,
              9.240374486000064
            ],
            [
              123.01590679500009,
              9.243131768000069
            ],
            [
              123.01706260000003,
              9.247137941000062
            ],
            [
              123.02442542800009,
              9.245402984000066
            ],
            [
              123.02758364400006,
              9.248011872000063
            ],
            [
              123.02981073500007,
              9.247035836000066
            ],
            [
              123.0311938210001,
              9.250333997000041
            ],
            [
              123.03012437500001,
              9.251765415000023
            ],
            [
              123.03201543400007,
              9.252693051000051
            ],
            [
              123.02993080600004,
              9.254736613000034
            ],
            [
              123.03332921700007,
              9.257440434000046
            ],
            [
              123.03076364100002,
              9.258389538000074
            ],
            [
              123.03078449000009,
              9.26046161000005
            ],
            [
              123.03476846700005,
              9.260649680000029
            ],
            [
              123.03344264000009,
              9.261619973000052
            ],
            [
              123.03352612000003,
              9.264763680000044
            ],
            [
              123.03681724500007,
              9.265278039000066
            ],
            [
              123.03608315500003,
              9.26931981000007
            ],
            [
              123.03972189600006,
              9.270034769000063
            ],
            [
              123.03897206800002,
              9.273294419000024
            ],
            [
              123.04112507600007,
              9.273858355000073
            ],
            [
              123.04411672600008,
              9.27906179300004
            ],
            [
              123.04458305300011,
              9.28102511700007
            ],
            [
              123.04748311300011,
              9.281819194000036
            ],
            [
              123.04848875000005,
              9.286317418000067
            ],
            [
              123.05209299300009,
              9.28588639800006
            ],
            [
              123.05553029700002,
              9.288915473000031
            ],
            [
              123.08166440800005,
              9.330947448000074
            ],
            [
              123.0475541720001,
              9.33376927200004
            ],
            [
              123.00179108900011,
              9.334419294000043
            ],
            [
              123.00165385800005,
              9.348538620000056
            ],
            [
              122.94460996700002,
              9.459788424000067
            ],
            [
              122.94017750800003,
              9.458127439000066
            ],
            [
              122.9348818410001,
              9.450332150000065
            ],
            [
              122.936688322,
              9.446503870000072
            ],
            [
              122.93902135200005,
              9.446597819000033
            ],
            [
              122.94219044400006,
              9.438395808000053
            ],
            [
              122.94635002600012,
              9.437840038000047
            ],
            [
              122.94241752300002,
              9.435006359000056
            ],
            [
              122.9478405540001,
              9.430121291000034
            ],
            [
              122.94806525400008,
              9.424074082000061
            ],
            [
              122.94591596400005,
              9.424624430000051
            ],
            [
              122.943501566,
              9.421807107000063
            ],
            [
              122.93809512200005,
              9.42051445800007
            ],
            [
              122.9380320460001,
              9.419356922000077
            ],
            [
              122.93380023800012,
              9.417507451000063
            ],
            [
              122.93274265500008,
              9.420265538000024
            ],
            [
              122.92583978000005,
              9.417374739000024
            ],
            [
              122.92244086500011,
              9.42093926800004
            ],
            [
              122.91791182600002,
              9.419939384000031
            ],
            [
              122.91664869500005,
              9.414505542000029
            ],
            [
              122.911800932,
              9.407660473000021
            ],
            [
              122.91016945700005,
              9.40268768900006
            ],
            [
              122.90573663500004,
              9.399694899000053
            ],
            [
              122.90786131300001,
              9.394996608000042
            ],
            [
              122.9063685540001,
              9.392121168000074
            ],
            [
              122.90404623600011,
              9.391825898000036
            ],
            [
              122.89924735000011,
              9.39442738300005
            ],
            [
              122.89592074600012,
              9.392183708000061
            ],
            [
              122.88924060500005,
              9.392060012000059
            ],
            [
              122.89052523400005,
              9.388943486000073
            ],
            [
              122.88433204700004,
              9.38598382400005
            ],
            [
              122.88572447100012,
              9.38303750600005
            ],
            [
              122.88354796400006,
              9.37508424400005
            ],
            [
              122.87684289800006,
              9.372385715000064
            ],
            [
              122.87522028,
              9.368492588000038
            ],
            [
              122.86970538800006,
              9.370003198000063
            ],
            [
              122.86674646600011,
              9.37339292300004
            ],
            [
              122.86400449700011,
              9.372541277000039
            ],
            [
              122.83485459700012,
              9.353501171000062
            ],
            [
              122.829197485,
              9.344381800000065
            ]
          ]
        ]
      }
    },
    {
      "type": "Feature",
      "properties": {
        "shapeName": "Siaton",
        "shapeISO": "",
        "shapeID": "30758251B76231588734027",
        "shapeGroup": "PHL",
        "shapeType": "ADM3",
        "psgc_code": "0704619000",
        "legacy_psgc_code": "074619000",
        "province": "Negros Oriental",
        "reference_area_sqkm": 427.66148779,
        "reference_bbox": [
          122.905992,
          9.038368,
          123.153399,
          9.279062
        ]
      },
      "geometry": {
        "type": "MultiPolygon",
        "coordinates": [
          [
            [
              [
                123.15198112500002,
                9.070077799000046
              ],
              [
                123.14884406200008,
                9.067625856000063
              ],
              [
                123.15201262200003,
                9.069479931000046
              ],
              [
                123.15198112500002,
                9.070077799000046
              ]
            ]
          ],
          [
            [
              [
                122.90599248,
                9.157579631000033
              ],
              [
                122.9093998620001,
                9.144592056000022
              ],
              [
                122.90808550500003,
                9.141076905000034
              ],
              [
                122.9095551050001,
                9.139365604000034
              ],
              [
                122.90877215600005,
                9.137390352000068
              ],
              [
                122.9101473820001,
                9.135000433000073
              ],
              [
                122.91312218700011,
                9.135674658000028
              ],
              [
                122.91503338100006,
                9.134323112000061
              ],
              [
                122.9186957610001,
                9.125132325000038
              ],
              [
                122.92108424300011,
                9.124169077000033
              ],
              [
                122.9200392350001,
                9.122085681000044
              ],
              [
                122.92323887900011,
                9.119930982000028
              ],
              [
                122.92581661500003,
                9.114996265000059
              ],
              [
                122.93030448000002,
                9.105156459000057
              ],
              [
                122.93525098400005,
                9.085275846000059
              ],
              [
                122.93941639000002,
                9.077721306000058
              ],
              [
                122.9420408100001,
                9.075487654000028
              ],
              [
                122.94875846500008,
                9.075475519000065
              ],
              [
                122.95144259300002,
                9.072906974000034
              ],
              [
                122.96649133500011,
                9.068750439000041
              ],
              [
                122.97636676400009,
                9.062991496000052
              ],
              [
                122.98084161700001,
                9.056611123000039
              ],
              [
                122.9858086700001,
                9.05305082700005
              ],
              [
                122.99641589300006,
                9.049661393000065
              ],
              [
                123.00455998600012,
                9.043143331000067
              ],
              [
                123.01498644000003,
                9.03846143000004
              ],
              [
                123.01919141300004,
                9.039407536000056
              ],
              [
                123.02207446800003,
                9.043049977000067
              ],
              [
                123.02855593900006,
                9.047119532000067
              ],
              [
                123.03347869700008,
                9.04828876800002
              ],
              [
                123.0353082900001,
                9.047238666000055
              ],
              [
                123.0331455050001,
                9.04989551400007
              ],
              [
                123.05070608400001,
                9.049289791000035
              ],
              [
                123.05933316000005,
                9.051405207000073
              ],
              [
                123.06883336400006,
                9.063743751000061
              ],
              [
                123.0738064190001,
                9.066716127000063
              ],
              [
                123.08926946000008,
                9.064788885000041
              ],
              [
                123.09615263600006,
                9.062728614000036
              ],
              [
                123.09947772100008,
                9.059861286000057
              ],
              [
                123.10069143300007,
                9.061625359000061
              ],
              [
                123.10342145000004,
                9.061423902000058
              ],
              [
                123.10887968700001,
                9.055432995000047
              ],
              [
                123.11199724700009,
                9.053924175000077
              ],
              [
                123.11793394800009,
                9.057071170000029
              ],
              [
                123.12041734500008,
                9.055589650000059
              ],
              [
                123.12273146600012,
                9.05615175500003
              ],
              [
                123.12433624500011,
                9.057319581000058
              ],
              [
                123.12163986500002,
                9.05881744900006
              ],
              [
                123.12160311600007,
                9.060478825000075
              ],
              [
                123.12504470400006,
                9.059490622000055
              ],
              [
                123.12906288600004,
                9.06347541100007
              ],
              [
                123.13046335400009,
                9.06217934700004
              ],
              [
                123.13141765300009,
                9.063377715000058
              ],
              [
                123.13130795600011,
                9.06072899000003
              ],
              [
                123.12675336200004,
                9.054963276000024
              ],
              [
                123.1227111390001,
                9.053407993000064
              ],
              [
                123.11833596600002,
                9.054800038000053
              ],
              [
                123.11752293800009,
                9.053852670000026
              ],
              [
                123.12002716300003,
                9.047302436000052
              ],
              [
                123.12816456500002,
                9.045908699000051
              ],
              [
                123.13820372300006,
                9.059362074000035
              ],
              [
                123.14295061300004,
                9.06319535800003
              ],
              [
                123.143920148,
                9.069082899000023
              ],
              [
                123.15005995100012,
                9.07218948700006
              ],
              [
                123.15040360800003,
                9.075438924000025
              ],
              [
                123.1530831340001,
                9.075584250000077
              ],
              [
                123.13527805000001,
                9.105067339000072
              ],
              [
                123.119547495,
                9.153616520000071
              ],
              [
                123.12031766400003,
                9.155352115000028
              ],
              [
                123.11838676500008,
                9.155508422000025
              ],
              [
                123.11613264400012,
                9.158722916000045
              ],
              [
                123.11734968500002,
                9.159449363000022
              ],
              [
                123.1160004090001,
                9.161335389000044
              ],
              [
                123.11797527800002,
                9.162518481000063
              ],
              [
                123.11820179000006,
                9.165468485000076
              ],
              [
                123.1168800150001,
                9.166860024000073
              ],
              [
                123.1178503320001,
                9.17101649700004
              ],
              [
                123.11476061100007,
                9.172053710000057
              ],
              [
                123.1154672350001,
                9.17574795400003
              ],
              [
                123.11410720100002,
                9.179878149000047
              ],
              [
                123.1155673180001,
                9.182462759000032
              ],
              [
                123.11452131300007,
                9.185396655000034
              ],
              [
                123.11295297600009,
                9.18558617900004
              ],
              [
                123.11347077500011,
                9.187737731000027
              ],
              [
                123.11211316300012,
                9.189669801000036
              ],
              [
                123.11433957400004,
                9.196921198000041
              ],
              [
                123.11262459500006,
                9.201741037000033
              ],
              [
                123.11468765200004,
                9.206671836000055
              ],
              [
                123.11288683600003,
                9.209159061000037
              ],
              [
                123.11073448200011,
                9.220826546000069
              ],
              [
                123.11610128300003,
                9.233788479000054
              ],
              [
                123.12023081200005,
                9.238062567000043
              ],
              [
                123.122025473,
                9.244316102000028
              ],
              [
                123.13137254600008,
                9.252373625000075
              ],
              [
                123.13313705300004,
                9.255525351000074
              ],
              [
                123.13226892900002,
                9.256892631000028
              ],
              [
                123.1240338880001,
                9.262546507000025
              ],
              [
                123.1183537820001,
                9.26058695200004
              ],
              [
                123.09850370600009,
                9.263709298000038
              ],
              [
                123.04411672600008,
                9.27906179300004
              ],
              [
                123.04112507600007,
                9.273858355000073
              ],
              [
                123.03897206800002,
                9.273294419000024
              ],
              [
                123.03972189600006,
                9.270034769000063
              ],
              [
                123.03608315500003,
                9.26931981000007
              ],
              [
                123.03681724500007,
                9.265278039000066
              ],
              [
                123.03352612000003,
                9.264763680000044
              ],
              [
                123.03344264000009,
                9.261619973000052
              ],
              [
                123.03476846700005,
                9.260649680000029
              ],
              [
                123.03078449000009,
                9.26046161000005
              ],
              [
                123.03076364100002,
                9.258389538000074
              ],
              [
                123.03332921700007,
                9.257440434000046
              ],
              [
                123.02993080600004,
                9.254736613000034
              ],
              [
                123.03201543400007,
                9.252693051000051
              ],
              [
                123.03012437500001,
                9.251765415000023
              ],
              [
                123.0311938210001,
                9.250333997000041
              ],
              [
                123.02981073500007,
                9.247035836000066
              ],
              [
                123.02758364400006,
                9.248011872000063
              ],
              [
                123.02442542800009,
                9.245402984000066
              ],
              [
                123.01706260000003,
                9.247137941000062
              ],
              [
                123.01590679500009,
                9.243131768000069
              ],
              [
                123.016995672,
                9.240374486000064
              ],
              [
                122.99490452500004,
                9.221380536000026
              ],
              [
                122.9937525260001,
                9.208944489000032
              ],
              [
                122.98884001400006,
                9.192261001000077
              ],
              [
                122.98039499200002,
                9.185367843000051
              ],
              [
                122.97423944900004,
                9.183564538000041
              ],
              [
                122.97264360300005,
                9.177253778000022
              ],
              [
                122.96899522700005,
                9.17652226000007
              ],
              [
                122.9585704540001,
                9.181659163000063
              ],
              [
                122.95501411400005,
                9.18103947700007
              ],
              [
                122.95395570700009,
                9.178309118000072
              ],
              [
                122.94876279000005,
                9.17616115900006
              ],
              [
                122.9493110200001,
                9.17043277700003
              ],
              [
                122.94357126800003,
                9.170259142000077
              ],
              [
                122.94132457300009,
                9.17173820100004
              ],
              [
                122.93892229800008,
                9.170556217000069
              ],
              [
                122.93860142100004,
                9.166301561000068
              ],
              [
                122.91171305800003,
                9.162455544000068
              ],
              [
                122.90599248,
                9.157579631000033
              ]
            ]
          ]
        ]
      }
    },
    {
      "type": "Feature",
      "properties": {
        "shapeName": "Sibulan",
        "shapeISO": "",
        "shapeID": "30758251B92406697043602",
        "shapeGroup": "PHL",
        "shapeType": "ADM3",
        "psgc_code": "0704620000",
        "legacy_psgc_code": "074620000",
        "province": "Negros Oriental",
        "reference_area_sqkm": 159.72468123,
        "reference_bbox": [
          123.001654,
          9.319347,
          123.310633,
          9.38631
        ]
      },
      "geometry": {
        "type": "Polygon",
        "coordinates": [
          [
            [
              123.11618665600008,
              9.386310416000072
            ],
            [
              123.00165385800005,
              9.348538620000056
            ],
            [
              123.00179108900011,
              9.334419294000043
            ],
            [
              123.0475541720001,
              9.33376927200004
            ],
            [
              123.08166440800005,
              9.330947448000074
            ],
            [
              123.09152839,
              9.321913916000028
            ],
            [
              123.15410347800002,
              9.332869780000067
            ],
            [
              123.17787936200011,
              9.33281641900004
            ],
            [
              123.204975794,
              9.324454186000025
            ],
            [
              123.21151040500001,
              9.320751140000027
            ],
            [
              123.22904425600007,
              9.319347434000065
            ],
            [
              123.23750266500008,
              9.32112532800005
            ],
            [
              123.24181199600002,
              9.32037792400007
            ],
            [
              123.2517841990001,
              9.323173650000058
            ],
            [
              123.27359328500006,
              9.327888547000043
            ],
            [
              123.30958649900003,
              9.332437018000064
            ],
            [
              123.31063322400007,
              9.33442431800006
            ],
            [
              123.30954639000004,
              9.334490885000037
            ],
            [
              123.30775161000008,
              9.341415677000043
            ],
            [
              123.30415897700004,
              9.344427893000045
            ],
            [
              123.2989281890001,
              9.353885199000047
            ],
            [
              123.28583406700011,
              9.361765304000073
            ],
            [
              123.27875970100001,
              9.364095017000068
            ],
            [
              123.27536378000002,
              9.36744367600005
            ],
            [
              123.27346710200004,
              9.366365758000029
            ],
            [
              123.27388938000001,
              9.36721308400007
            ],
            [
              123.26786280400006,
              9.369849608000038
            ],
            [
              123.26478147400007,
              9.377375611000048
            ],
            [
              123.26028448300008,
              9.381506219000073
            ],
            [
              123.26006754600007,
              9.385425529000031
            ],
            [
              123.18972055300003,
              9.37062955600004
            ],
            [
              123.16628401300011,
              9.375627348000023
            ],
            [
              123.11618665600008,
              9.386310416000072
            ]
          ]
        ]
      }
    },
    {
      "type": "Feature",
      "properties": {
        "shapeName": "Tayasan",
        "shapeISO": "",
        "shapeID": "30758251B37133567842554",
        "shapeGroup": "PHL",
        "shapeType": "ADM3",
        "psgc_code": "0704622000",
        "legacy_psgc_code": "074622000",
        "province": "Negros Oriental",
        "reference_area_sqkm": 177.27108023,
        "reference_bbox": [
          122.983203,
          9.890748,
          123.18288,
          10.019722
        ]
      },
      "geometry": {
        "type": "Polygon",
        "coordinates": [
          [
            [
              123.14756536300001,
              9.893741611000053
            ],
            [
              123.15101416200002,
              9.905244933000063
            ],
            [
              123.15502494500004,
              9.907050241000036
            ],
            [
              123.15755676700007,
              9.910481638000022
            ],
            [
              123.15728488400009,
              9.916331633000027
            ],
            [
              123.1697732,
              9.918676451000067
            ],
            [
              123.17058789900011,
              9.920561461000034
            ],
            [
              123.17768608900008,
              9.923573564000037
            ],
            [
              123.17935045700006,
              9.928807325000037
            ],
            [
              123.17703322000011,
              9.940199094000036
            ],
            [
              123.18102243500005,
              9.94390583300003
            ],
            [
              123.18252757200003,
              9.952191121000055
            ],
            [
              123.17659628600006,
              9.952711252000029
            ],
            [
              123.16997976200003,
              9.950217827000074
            ],
            [
              123.15699868500008,
              9.956016056000067
            ],
            [
              123.1390441320001,
              9.959052979000035
            ],
            [
              123.02071005100004,
              10.019722260000037
            ],
            [
              123.01579588600009,
              10.01218724100005
            ],
            [
              123.00419872600003,
              9.971277159000067
            ],
            [
              122.98320250300003,
              9.912625363000075
            ],
            [
              123.03330588000006,
              9.901511976000052
            ],
            [
              123.04652504,
              9.90485241500005
            ],
            [
              123.06016115000011,
              9.90321307000005
            ],
            [
              123.06290497000009,
              9.90537358000006
            ],
            [
              123.06736708000005,
              9.903981690000023
            ],
            [
              123.0685873650001,
              9.905842133000021
            ],
            [
              123.07612708400006,
              9.904815128000052
            ],
            [
              123.0982054970001,
              9.894234019000066
            ],
            [
              123.11848065400011,
              9.890748247000033
            ],
            [
              123.14204966400007,
              9.89986258600004
            ],
            [
              123.1433018240001,
              9.899808144000076
            ],
            [
              123.14422733300012,
              9.895616132000043
            ],
            [
              123.14756536300001,
              9.893741611000053
            ]
          ]
        ]
      }
    },
    {
      "type": "Feature",
      "properties": {
        "shapeName": "Valencia",
        "shapeISO": "",
        "shapeID": "30758251B45812920134288",
        "shapeGroup": "PHL",
        "shapeType": "ADM3",
        "psgc_code": "0704623000",
        "legacy_psgc_code": "074623000",
        "province": "Negros Oriental",
        "reference_area_sqkm": 162.80599249,
        "reference_bbox": [
          123.044088,
          9.246267,
          123.266001,
          9.33287
        ]
      },
      "geometry": {
        "type": "Polygon",
        "coordinates": [
          [
            [
              123.26600095900005,
              9.273704493000025
            ],
            [
              123.26012586700006,
              9.288212343000055
            ],
            [
              123.25713632500003,
              9.307083521000038
            ],
            [
              123.2517841990001,
              9.323173650000058
            ],
            [
              123.24181199600002,
              9.32037792400007
            ],
            [
              123.23750266500008,
              9.32112532800005
            ],
            [
              123.22904425600007,
              9.319347434000065
            ],
            [
              123.21151040500001,
              9.320751140000027
            ],
            [
              123.204975794,
              9.324454186000025
            ],
            [
              123.17787936200011,
              9.33281641900004
            ],
            [
              123.15410347800002,
              9.332869780000067
            ],
            [
              123.09152839,
              9.321913916000028
            ],
            [
              123.08166440800005,
              9.330947448000074
            ],
            [
              123.05553029700002,
              9.288915473000031
            ],
            [
              123.05209299300009,
              9.28588639800006
            ],
            [
              123.04848875000005,
              9.286317418000067
            ],
            [
              123.04748311300011,
              9.281819194000036
            ],
            [
              123.04458305300011,
              9.28102511700007
            ],
            [
              123.04411672600008,
              9.27906179300004
            ],
            [
              123.09850370600009,
              9.263709298000038
            ],
            [
              123.1183537820001,
              9.26058695200004
            ],
            [
              123.1240338880001,
              9.262546507000025
            ],
            [
              123.13226892900002,
              9.256892631000028
            ],
            [
              123.13313705300004,
              9.255525351000074
            ],
            [
              123.13137254600008,
              9.252373625000075
            ],
            [
              123.13385617500012,
              9.250030527000035
            ],
            [
              123.14526169400006,
              9.248740095000073
            ],
            [
              123.20082680900009,
              9.246267143000068
            ],
            [
              123.20500771600007,
              9.259168671000054
            ],
            [
              123.2488016420001,
              9.26566209200007
            ],
            [
              123.26300773800006,
              9.26911737100005
            ],
            [
              123.26600095900005,
              9.273704493000025
            ]
          ]
        ]
      }
    },
    {
      "type": "Feature",
      "properties": {
        "shapeName": "Vallehermoso",
        "shapeISO": "",
        "shapeID": "30758251B9618582640277",
        "shapeGroup": "PHL",
        "shapeType": "ADM3",
        "psgc_code": "0704624000",
        "legacy_psgc_code": "074624000",
        "province": "Negros Oriental",
        "reference_area_sqkm": 92.74314897,
        "reference_bbox": [
          123.243102,
          10.279242,
          123.335915,
          10.405037
        ]
      },
      "geometry": {
        "type": "Polygon",
        "coordinates": [
          [
            [
              123.24310202800007,
              10.308539460000077
            ],
            [
              123.25825344600003,
              10.30478628000003
            ],
            [
              123.26543054400008,
              10.300534364000043
            ],
            [
              123.2710969640001,
              10.301759685000036
            ],
            [
              123.27184554400003,
              10.303310254000053
            ],
            [
              123.28024006600003,
              10.302477010000075
            ],
            [
              123.30088365900008,
              10.292322403000071
            ],
            [
              123.30391285700011,
              10.288917618000028
            ],
            [
              123.33138616600002,
              10.279242209000074
            ],
            [
              123.33060085700004,
              10.282539204000045
            ],
            [
              123.33170548300006,
              10.284322047000046
            ],
            [
              123.3298139960001,
              10.28597039300007
            ],
            [
              123.33047124100005,
              10.289365494000037
            ],
            [
              123.32906191000006,
              10.29368869600006
            ],
            [
              123.3308648410001,
              10.295107355000027
            ],
            [
              123.32721518900007,
              10.303069738000033
            ],
            [
              123.33068379500003,
              10.305251981000026
            ],
            [
              123.33144277000008,
              10.307767320000039
            ],
            [
              123.32890995200012,
              10.321084022000036
            ],
            [
              123.32920927100008,
              10.324349913000049
            ],
            [
              123.33037898000009,
              10.324471964000054
            ],
            [
              123.330016752,
              10.330200411000021
            ],
            [
              123.32551259900004,
              10.342712015000075
            ],
            [
              123.32942209100008,
              10.352133972000047
            ],
            [
              123.32913174500004,
              10.357114693000028
            ],
            [
              123.33192527000006,
              10.358676546000027
            ],
            [
              123.32912059900002,
              10.36311850900006
            ],
            [
              123.33120226900007,
              10.367696161000026
            ],
            [
              123.33269374500003,
              10.377864419000048
            ],
            [
              123.33503917200005,
              10.378770030000055
            ],
            [
              123.33591507200003,
              10.382476470000029
            ],
            [
              123.27376300500009,
              10.405036659000075
            ],
            [
              123.25928010100006,
              10.385155163000036
            ],
            [
              123.25961983000002,
              10.380807252000068
            ],
            [
              123.25634959500007,
              10.374244016000034
            ],
            [
              123.25852543500002,
              10.358864226000037
            ],
            [
              123.24310202800007,
              10.308539460000077
            ]
          ]
        ]
      }
    },
    {
      "type": "Feature",
      "properties": {
        "shapeName": "Zamboanguita",
        "shapeISO": "",
        "shapeID": "30758251B7316515610413",
        "shapeGroup": "PHL",
        "shapeType": "ADM3",
        "psgc_code": "0704625000",
        "legacy_psgc_code": "074625000",
        "province": "Negros Oriental",
        "reference_area_sqkm": 153.4328412,
        "reference_bbox": [
          123.110583,
          9.06948,
          123.230765,
          9.252374
        ]
      },
      "geometry": {
        "type": "Polygon",
        "coordinates": [
          [
            [
              123.14526169400006,
              9.248740095000073
            ],
            [
              123.13385617500012,
              9.250030527000035
            ],
            [
              123.13137254600008,
              9.252373625000075
            ],
            [
              123.122025473,
              9.244316102000028
            ],
            [
              123.12023081200005,
              9.238062567000043
            ],
            [
              123.11610128300003,
              9.233788479000054
            ],
            [
              123.11073448200011,
              9.220826546000069
            ],
            [
              123.11288683600003,
              9.209159061000037
            ],
            [
              123.11468765200004,
              9.206671836000055
            ],
            [
              123.11262459500006,
              9.201741037000033
            ],
            [
              123.11433957400004,
              9.196921198000041
            ],
            [
              123.11211316300012,
              9.189669801000036
            ],
            [
              123.11347077500011,
              9.187737731000027
            ],
            [
              123.11295297600009,
              9.18558617900004
            ],
            [
              123.11452131300007,
              9.185396655000034
            ],
            [
              123.1155673180001,
              9.182462759000032
            ],
            [
              123.11410720100002,
              9.179878149000047
            ],
            [
              123.1154672350001,
              9.17574795400003
            ],
            [
              123.11476061100007,
              9.172053710000057
            ],
            [
              123.1178503320001,
              9.17101649700004
            ],
            [
              123.1168800150001,
              9.166860024000073
            ],
            [
              123.11820179000006,
              9.165468485000076
            ],
            [
              123.11797527800002,
              9.162518481000063
            ],
            [
              123.1160004090001,
              9.161335389000044
            ],
            [
              123.11734968500002,
              9.159449363000022
            ],
            [
              123.11613264400012,
              9.158722916000045
            ],
            [
              123.11838676500008,
              9.155508422000025
            ],
            [
              123.12031766400003,
              9.155352115000028
            ],
            [
              123.119547495,
              9.153616520000071
            ],
            [
              123.13527805000001,
              9.105067339000072
            ],
            [
              123.1530831340001,
              9.075584250000077
            ],
            [
              123.15309290400012,
              9.075571642000057
            ],
            [
              123.15319747400008,
              9.075436689000071
            ],
            [
              123.15330408700004,
              9.075299101000041
            ],
            [
              123.15339929400011,
              9.075176233000036
            ],
            [
              123.15384188400003,
              9.073153491000028
            ],
            [
              123.15198112500002,
              9.070077799000046
            ],
            [
              123.15201262200003,
              9.069479931000046
            ],
            [
              123.15810494700008,
              9.07105344200005
            ],
            [
              123.1617336920001,
              9.073586479000028
            ],
            [
              123.16327820400011,
              9.078475325000056
            ],
            [
              123.16797965100011,
              9.080355431000044
            ],
            [
              123.17151486000012,
              9.08665570900007
            ],
            [
              123.175679091,
              9.08699864700003
            ],
            [
              123.17654093300007,
              9.08979834300004
            ],
            [
              123.180325,
              9.093306273000053
            ],
            [
              123.18449337700008,
              9.094973315000061
            ],
            [
              123.19415066500005,
              9.095541629000024
            ],
            [
              123.20280244500009,
              9.093866692000063
            ],
            [
              123.20385706700006,
              9.09961701800006
            ],
            [
              123.20958306800003,
              9.109093557000051
            ],
            [
              123.21215551400007,
              9.120556141000066
            ],
            [
              123.22713798200004,
              9.134645112000044
            ],
            [
              123.23076537100007,
              9.140667946000065
            ],
            [
              123.20691452400001,
              9.170602754000072
            ],
            [
              123.20773324900006,
              9.174678530000051
            ],
            [
              123.20053394100012,
              9.182780093000076
            ],
            [
              123.1844800990001,
              9.208346848000076
            ],
            [
              123.18678699100008,
              9.21804374100003
            ],
            [
              123.14526169400006,
              9.248740095000073
            ]
          ]
        ]
      }
    }
  ]
}
