{"type":"FeatureCollection","source":{"dataset":"geoBoundaries gbOpen PHL ADM3","commit":"9469f09","license":"CC BY 3.0 IGO","boundary_year":2020,"url":"https://media.githubusercontent.com/media/wmgeolab/geoBoundaries/9469f09/releaseData/gbOpen/PHL/ADM3/geoBoundaries-PHL-ADM3_simplified.geojson","upstream_sources":["NAMRIA","PSA","OCHA Philippines"],"reference":"https://ulap-nga.georisk.gov.ph/arcgis/rest/services/PSA/Municipal/MapServer/0","psgc_reference":"https://psa.gov.ph/classification/psgc/citimuni/0300000000","notice":"Approximate planning/reference boundaries, not legal, cadastral, or survey-grade."},"features":[{"type":"Feature","properties":{"shapeName":"Aliaga","shapeISO":"","shapeID":"30758251B61766389161582","shapeGroup":"PHL","shapeType":"ADM3","psgc_code":"0304901000","legacy_psgc_code":"034901000","province":"Nueva Ecija"},"geometry":{"type":"Polygon","coordinates":[[[120.90025236600002,15.559412985000051],[120.89679477800007,15.557805937000069],[120.89333718900002,15.55814682600004],[120.88861344100007,15.554543142000057],[120.89002009500007,15.561804623000057],[120.88724110400005,15.565166220000037],[120.88164658900007,15.564927134000072],[120.87558404800006,15.560053932000073],[120.87388063900005,15.56121493300003],[120.87701389600011,15.554978997000035],[120.87443878200008,15.551781789000074],[120.87449089600011,15.547822759000042],[120.87254295900004,15.546069615000022],[120.86835489400005,15.54636180600005],[120.86786791000009,15.542271138000046],[120.8601836260001,15.537131755000075],[120.85997876400006,15.532141864000039],[120.85194352300005,15.53282364200004],[120.84790155300004,15.529560848000074],[120.8223384040001,15.524180176000073],[120.81638846400006,15.518016935000048],[120.81196969200005,15.516083723000065],[120.80921240100008,15.510217641000054],[120.80074795200005,15.501248351000072],[120.79246027500005,15.495866428000056],[120.78941392200011,15.49144515200004],[120.81248596700004,15.472306670000023],[120.82853594200003,15.469388048000042],[120.84469228000012,15.461279625000032],[120.85644160000004,15.46164536200007],[120.8576015860001,15.46359340600003],[120.86337524500004,15.461496853000028],[120.86446194400003,15.460822796000059],[120.871211689,15.463839417000031],[120.87993035400007,15.463123739000025],[120.88734210500002,15.466605749000053],[120.89097571800005,15.475264572000071],[120.89696731400011,15.477236],[120.8966247830001,15.47878436600007],[120.89898706100007,15.479274002000068],[120.89874653800007,15.48252965000006],[120.90035288700005,15.484823207000034],[120.90366007600005,15.485398744000065],[120.9037202070001,15.484256261000041],[120.90864018800005,15.487593515000071],[120.91309845100011,15.487039453000023],[120.9166547530001,15.489204159000053],[120.91396610700008,15.496900666000045],[120.91558593400009,15.499914526000055],[120.9150263570001,15.502270637000038],[120.92432318100009,15.511518376000026],[120.92628660800005,15.518920494000042],[120.92494166100005,15.51992184200003],[120.92525580900008,15.521953988000064],[120.93191182500004,15.525527424000074],[120.93114609300005,15.529853891000073],[120.91755363800007,15.527253832000042],[120.91434761700009,15.529831677000061],[120.92051925900012,15.54017261000007],[120.90671702500003,15.544339799000056],[120.90476631900003,15.547714520000056],[120.90002312400009,15.548354407000033],[120.90125606000004,15.558558020000078],[120.90025236600002,15.559412985000051]]]}},{"type":"Feature","properties":{"shapeName":"Bongabon","shapeISO":"","shapeID":"30758251B28322914429669","shapeGroup":"PHL","shapeType":"ADM3","psgc_code":"0304902000","legacy_psgc_code":"034902000","province":"Nueva Ecija"},"geometry":{"type":"Polygon","coordinates":[[[121.28476349300001,15.75441853700005],[121.27171041200006,15.739688244000035],[121.22661736700002,15.720922998000049],[121.22916475000011,15.70926640500005],[121.22079049400008,15.69254165600006],[121.21719136800004,15.69112560700006],[121.21205818900012,15.692128642000057],[121.20910808600001,15.690535586000067],[121.19625020100011,15.689555528000028],[121.19286218700006,15.687081136000074],[121.14528823900002,15.67385095700007],[121.13572126200006,15.666172326000037],[121.13441223400002,15.66398431400006],[121.13511400900006,15.662487331000023],[121.13311570300004,15.660484543000052],[121.13126399200007,15.661246209000069],[121.12933723700007,15.665847627000062],[121.1278437630001,15.661553634000029],[121.12529350000011,15.66218931900005],[121.12654556900009,15.65891571700007],[121.12550441700012,15.658707354000057],[121.13335058700011,15.653901288000043],[121.13264883000011,15.65069929200007],[121.12440339800003,15.649197455000035],[121.12651294500006,15.643883415000062],[121.12273594100009,15.639531650000038],[121.11909031200003,15.639334589000043],[121.11913957700006,15.63463796700006],[121.122194024,15.633357070000045],[121.12344207700005,15.634917137000059],[121.12969876500006,15.634293110000044],[121.13083186600011,15.63041757600007],[121.126972754,15.628988883000034],[121.1255063000001,15.624088186000051],[121.1263916040001,15.622251179000045],[121.13132717700012,15.619794459000047],[121.12758676500005,15.614881019000052],[121.13061189600012,15.612100050000038],[121.136641918,15.613772895000068],[121.13677808000011,15.61091349700007],[121.13485236300005,15.610291043000075],[121.13273212900003,15.606711933000042],[121.12584623300006,15.60342459900005],[121.12576842600004,15.599787134000053],[121.1299116350001,15.59704444600004],[121.12777195000001,15.595702280000069],[121.13149487800001,15.58682329900006],[121.13491966900006,15.585213647000046],[121.13825884200003,15.586686308000026],[121.14961060600001,15.587608789000058],[121.15096431300003,15.590588439000044],[121.15442562400005,15.589934451000033],[121.15576503700004,15.593040468000027],[121.15755983600002,15.593002682000076],[121.16162045500005,15.604231790000028],[121.16680247600004,15.60546161800005],[121.17321356500008,15.60358851500007],[121.17644594400008,15.604901905000077],[121.2214038730001,15.603798699000038],[121.22612903200002,15.607862842000031],[121.23606104900011,15.603212135000035],[121.27271379500007,15.61537462800004],[121.32661566000002,15.634159251000028],[121.31369860300003,15.671275514000058],[121.28476349300001,15.75441853700005]]]}},{"type":"Feature","properties":{"shapeName":"Cabanatuan City","shapeISO":"","shapeID":"30758251B91013858320846","shapeGroup":"PHL","shapeType":"ADM3","psgc_code":"0304903000","legacy_psgc_code":"034903000","province":"Nueva Ecija"},"geometry":{"type":"Polygon","coordinates":[[[120.87993035400007,15.463123739000025],[120.87905517500008,15.46124393100007],[120.88311341700012,15.459009829000024],[120.88011700700008,15.457923761000075],[120.88335550300008,15.454365546000076],[120.89247325000008,15.454711368000062],[120.90289637900003,15.451677603000064],[120.90595828900007,15.44800748800003],[120.9102899180001,15.446953092000058],[120.91684873400004,15.45046426600004],[120.93128163500012,15.439949583000043],[120.93798820100005,15.438312826000072],[120.93893904700008,15.439406298000051],[120.94156683800009,15.437141557000075],[120.94597840800009,15.438427919000048],[120.94869498600008,15.435207484000045],[120.9517131660001,15.436308680000025],[120.95306042600009,15.439406776000055],[120.95760843500011,15.442353186000048],[120.96405121900011,15.443838245000052],[120.96558239900003,15.448547505000022],[120.96886466700005,15.451470268000037],[120.9741693530001,15.450980320000042],[120.97606334800003,15.448700236000036],[120.98193341800004,15.448846537000065],[120.98368967700003,15.450443568000026],[120.9928571580001,15.450339923000058],[120.99753267200003,15.453570274000072],[120.99972180000009,15.453236250000032],[121.00145969400012,15.455341994000037],[121.00681247600005,15.452365307000036],[121.0093953700001,15.448026321000043],[121.01136735000011,15.448317983000038],[121.01227108800003,15.445569316000046],[121.01682044000006,15.446742356000073],[121.02336737300004,15.44355504300006],[121.02934592500003,15.446603830000072],[121.03474007600005,15.447288572000048],[121.0366318130001,15.449751234000075],[121.04656902700003,15.451851304000058],[121.05320218400004,15.45724399200003],[121.05565094300005,15.456988433000049],[121.05855939000003,15.45444720200004],[121.06501590500011,15.454798680000067],[121.07038526300005,15.452131505000068],[121.072638503,15.45250044200003],[121.0728260950001,15.455851598000038],[121.07864748400004,15.45853072400007],[121.08166505100007,15.465516440000044],[121.08356781900011,15.483480880000059],[121.08706959900007,15.488269850000052],[121.09287295500008,15.492290095000044],[121.09246823600006,15.495568908000052],[121.08774651200008,15.496407673000022],[121.08681389800006,15.501023819000068],[121.08809844100006,15.503510789000075],[121.08467618600002,15.502988562000041],[121.0819396710001,15.504437537000058],[121.08492520800007,15.50863723200007],[121.08133552400011,15.508584443000075],[121.0783619230001,15.513535167000043],[121.07500717000005,15.513471251000055],[121.075099539,15.522356152000043],[121.07244159900006,15.522691793000035],[121.06966126700001,15.52101867400006],[121.06795036800008,15.522944729000073],[121.06787362000011,15.526708988000053],[121.06272078900008,15.523951355000065],[121.05952946800005,15.524532450000038],[121.05088043700005,15.530343193000022],[121.04938773000003,15.534334775000048],[121.050946715,15.535483575000057],[121.04821530000004,15.538013728000067],[121.04825842800005,15.535483575000057],[121.04649019600004,15.535052299000029],[121.04465008500006,15.536921162000056],[121.04107049400011,15.533974109000042],[121.03853866600002,15.53408401300004],[121.04009293500008,15.53500917100007],[121.03849122600002,15.536782170000038],[121.0363695850001,15.535727965000035],[121.03718662200004,15.539213476000043],[121.03460135300008,15.540112605000047],[121.03260865000004,15.538033403000043],[121.03143450700009,15.539480327000035],[121.03272725000011,15.542291154000054],[121.0306646900001,15.54182423800006],[121.03026449800007,15.53953222900003],[121.02691743800005,15.537385744000062],[121.01916826400009,15.54182423800006],[121.01636692000011,15.54135128300004],[121.01512996300005,15.539277561000063],[121.0124377620001,15.539350323000065],[121.0117101400001,15.542806527000039],[121.01007003600012,15.54370754200005],[121.00769574000003,15.541894496000054],[121.00027607600009,15.542837580000025],[120.99634864000006,15.541919054000061],[120.99064503300008,15.544128343000068],[120.98228307200009,15.541913825000051],[120.98105233000001,15.545159601000023],[120.98256881400005,15.548828154000034],[120.98090737200005,15.553600618000075],[120.98386228600009,15.55787130400006],[120.98436919900007,15.563695800000062],[120.97698212000012,15.560099212000068],[120.97604388000002,15.557803651000029],[120.97398831300006,15.562462312000036],[120.9661677150001,15.564860312000064],[120.96266186600008,15.563935374000039],[120.95956756900011,15.557646426000076],[120.95362986600003,15.554033626000034],[120.94571850300008,15.544550026000024],[120.9435018160001,15.53578000400006],[120.93401150900002,15.530164728000045],[120.93114609300005,15.529853891000073],[120.93191182500004,15.525527424000074],[120.92525580900008,15.521953988000064],[120.92494166100005,15.51992184200003],[120.92628660800005,15.518920494000042],[120.92432318100009,15.511518376000026],[120.9150263570001,15.502270637000038],[120.91558593400009,15.499914526000055],[120.91396610700008,15.496900666000045],[120.9166547530001,15.489204159000053],[120.91309845100011,15.487039453000023],[120.90864018800005,15.487593515000071],[120.9037202070001,15.484256261000041],[120.90366007600005,15.485398744000065],[120.90035288700005,15.484823207000034],[120.89874653800007,15.48252965000006],[120.89898706100007,15.479274002000068],[120.8966247830001,15.47878436600007],[120.89696731400011,15.477236],[120.89097571800005,15.475264572000071],[120.88734210500002,15.466605749000053],[120.87993035400007,15.463123739000025]]]}},{"type":"Feature","properties":{"shapeName":"Cabiao","shapeISO":"","shapeID":"30758251B91835064861119","shapeGroup":"PHL","shapeType":"ADM3","psgc_code":"0304904000","legacy_psgc_code":"034904000","province":"Nueva Ecija"},"geometry":{"type":"Polygon","coordinates":[[[120.86542324400011,15.176232549000076],[120.86988494500008,15.175661294000065],[120.86973720600008,15.17999495500004],[120.87384433500006,15.179768422000052],[120.87454363000006,15.182181484000068],[120.87817799600009,15.181945102000043],[120.87703548500008,15.180083598000067],[120.87874925100004,15.178350133000038],[120.8818714570001,15.181501887000024],[120.88459969300004,15.180487416000062],[120.88623466500007,15.184968816000037],[120.890312246,15.18523474500006],[120.8917699320001,15.18662348600003],[120.89522700900011,15.181834277000064],[120.89203992700004,15.18741049700003],[120.8955502880001,15.191990323000027],[120.8986957730001,15.191424135000034],[120.90011753200008,15.192896222000059],[120.90081677800003,15.200300708000043],[120.90358325000011,15.202831736000064],[120.90228830500007,15.203523354000026],[120.9015378260001,15.210807416000023],[120.90328894400011,15.211955208000063],[120.9028033400001,15.213529743000038],[120.90578094700004,15.212241002000042],[120.90590280300012,15.216428110000038],[120.90786139600004,15.215088951000041],[120.91069466400006,15.217302066000059],[120.89163770000005,15.225304468000047],[120.8929638940001,15.22594031400007],[120.89212821000001,15.23329796400003],[120.89490776600007,15.232989125000074],[120.89483509800004,15.235932185000024],[120.89719681300005,15.234297151000021],[120.89934052400008,15.238584572000036],[120.90215641400005,15.239365755000051],[120.89981684100007,15.245382746000075],[120.89830149400007,15.24557003600006],[120.90017439500002,15.24848154600005],[120.89888039000004,15.248379388000046],[120.89891444300008,15.249894735000055],[120.89595185400003,15.252355046000048],[120.90222184400011,15.261296881000021],[120.89843980400008,15.266884185000038],[120.90420272600011,15.271480044000043],[120.90341913700001,15.27498786600006],[120.90451281000003,15.276557748000073],[120.89379078600007,15.287198993000061],[120.89251222500002,15.285173050000026],[120.88692259000004,15.28470419000007],[120.8780955310001,15.278218572000071],[120.87556564200008,15.283798425000043],[120.868729658,15.289995734000058],[120.86559379200003,15.290853173000073],[120.86380160700003,15.293940852000048],[120.85385080500009,15.288587758000062],[120.85113141600004,15.283392506000041],[120.8509562800001,15.277074018000064],[120.8531887790001,15.275281024000037],[120.85729442900004,15.275451804000056],[120.862845536,15.28228761400004],[120.86697648300003,15.284001325000077],[120.87341643000002,15.279148816000031],[120.8735607430001,15.274711205000074],[120.869772538,15.270021047000057],[120.86461336500008,15.267062639000073],[120.86011624500009,15.259538066000061],[120.84453509500008,15.259366901000021],[120.84430182400001,15.254105356000025],[120.84729546200003,15.247042445000034],[120.843522602,15.24417143900007],[120.836847798,15.245010785000034],[120.83305075400006,15.250926180000022],[120.83131210800002,15.251106040000025],[120.8424184910001,15.268183747000023],[120.77443123000012,15.276184894000039],[120.7736303800001,15.27380211700006],[120.77061057200001,15.271637714000065],[120.77076961700004,15.267591357000072],[120.77221544400004,15.26456016800006],[120.77085417800004,15.261710828000048],[120.77328915600003,15.257936572000062],[120.76840120200006,15.250841152000078],[120.77227603200004,15.247636759000045],[120.77377109100007,15.240828471000043],[120.7760537050001,15.23929995900005],[120.77632569700006,15.236854169000026],[120.77998689300011,15.23406693000004],[120.78032558400002,15.231624434000025],[120.77669923000008,15.222966344000042],[120.77988816100003,15.218350601000054],[120.78390515500007,15.217823353000028],[120.79029425400006,15.212334999000063],[120.79903492500011,15.212797379000051],[120.80708863200005,15.210428895000064],[120.8097505720001,15.211809839000068],[120.8115965720001,15.209684582000023],[120.81682082100008,15.209341830000028],[120.8192242450001,15.206533828000033],[120.82797087900008,15.206087594000053],[120.83282201000009,15.202452157000039],[120.83818354700009,15.201553705000038],[120.84990421500004,15.182665057000065],[120.85422720400004,15.180437055000027],[120.86424573600004,15.179652358000055],[120.86542324400011,15.176232549000076]]]}},{"type":"Feature","properties":{"shapeName":"Carranglan","shapeISO":"","shapeID":"30758251B38781000635983","shapeGroup":"PHL","shapeType":"ADM3","psgc_code":"0304905000","legacy_psgc_code":"034905000","province":"Nueva Ecija"},"geometry":{"type":"Polygon","coordinates":[[[121.07495017300005,16.123685274000024],[121.06330842200009,16.13206864700004],[121.055959701,16.134926483000072],[121.04773934000002,16.137989391000076],[121.03710740100007,16.13830442400007],[120.9987737030001,16.13651125800004],[120.99308113400002,16.13366633000004],[120.98789352400001,16.125824962000024],[120.95888078900009,16.132038289000036],[120.94003228000008,16.133600949000027],[120.92521313600002,16.132778591000033],[120.87044651800011,16.118870179000055],[120.87224196200009,16.10342196700003],[120.87446505100002,16.093515548000028],[120.88410313000009,16.067832821000025],[120.8961103580001,16.04252056300004],[120.90565262200005,16.028259399000035],[120.90446626000005,16.010058813000057],[120.91158343200004,15.995395694000024],[120.91842620400007,15.983790363000026],[120.92052940700012,15.966318216000047],[120.91295342100011,15.948177083000076],[120.90514758900008,15.923211619000028],[120.91202791300009,15.921027576000029],[120.93061685000009,15.910892420000039],[120.9473368990001,15.896246356000063],[120.95519482400005,15.886138928000037],[120.96234772600008,15.872741707000046],[120.97040856900003,15.862736168000026],[121.00544395500003,15.86137356100005],[121.01186871700008,15.86273921000003],[121.01451853800006,15.866034512000056],[121.01704493800003,15.866128070000059],[121.03645614600009,15.873885459000064],[121.05048457300006,15.89655298300005],[121.10101392500007,15.916656921000026],[121.10017651300006,15.920722374000036],[121.1020706600001,15.919682110000053],[121.10090680400003,15.920934498000065],[121.09655868800007,15.920250531000022],[121.09472428000004,15.921411758000033],[121.09496020100005,15.925240725000037],[121.09296770300011,15.929641938000032],[121.09357701700003,15.933734818000062],[121.09087240500003,15.935749177000048],[121.09408195300011,15.934194599000023],[121.096573497,15.921336434000068],[121.10034828000005,15.922291448000067],[121.1056017620001,15.91767174000006],[121.12646286200004,15.926781705000053],[121.16106635200003,15.973717676000035],[121.18967127600001,15.977104733000033],[121.19210574800002,15.997633897000071],[121.18504504700002,16.07174795900005],[121.18248110400009,16.079479501000037],[121.17424918400002,16.090108902000054],[121.15619023800002,16.096400637000045],[121.14185030100009,16.104218253000056],[121.13451531900012,16.106296174000022],[121.12224200300011,16.115339995000056],[121.11953343000005,16.113344204000043],[121.11397372600004,16.112773978000064],[121.0878713080001,16.11399938200003],[121.07495017300005,16.123685274000024]]]}},{"type":"Feature","properties":{"shapeName":"City of Gapan","shapeISO":"","shapeID":"30758251B81121957716854","shapeGroup":"PHL","shapeType":"ADM3","psgc_code":"0304908000","legacy_psgc_code":"034908000","province":"Nueva Ecija"},"geometry":{"type":"Polygon","coordinates":[[[120.90578094700004,15.212241002000042],[120.91136578500004,15.211102288000063],[120.92865891600002,15.216318620000038],[120.940790805,15.218468647000066],[120.94254834700007,15.22221028100006],[120.95006743700003,15.223498729000028],[120.95279033600002,15.228538568000033],[120.95466579100002,15.228813455000022],[120.960106117,15.224896074000071],[120.96982373800006,15.225237245000073],[120.97659659800001,15.229614593000065],[120.97960949500009,15.226932142000067],[120.98278269000002,15.227862002000052],[120.98362720300008,15.226139498000066],[120.98649993100003,15.22783299100007],[120.988287162,15.231185831000062],[120.998110816,15.234714169000029],[121.00108672700003,15.239423937000026],[121.00086241500003,15.241963544000043],[121.005015264,15.244197368000073],[121.00451112000007,15.24638135300006],[121.00689380600011,15.247439060000033],[121.00999361900006,15.246494682000048],[121.01181881500008,15.247455799000022],[121.01185235000003,15.24945047600005],[121.01506446700012,15.24951528400004],[121.01977551000004,15.25266745500005],[121.02805398600003,15.25163230000004],[121.030409211,15.253747458000078],[121.03644290000011,15.252462898000033],[121.03872204800007,15.254407316000027],[121.04119162000006,15.253948095000055],[121.0439731240001,15.257195582000065],[121.04389601200012,15.26001793000006],[121.05089392600007,15.263225748000025],[121.05388625600006,15.262395655000034],[121.07470719000003,15.268369465000035],[121.1163055830001,15.265820260000055],[121.13975017200005,15.271374453000021],[121.09225183800004,15.311095842000043],[121.08132844500005,15.311812600000053],[121.07887371100003,15.310115661000054],[121.072541225,15.310090582000043],[121.06980759600003,15.311795964000055],[121.06919315700009,15.314002930000072],[121.0677248070001,15.314002905000052],[121.06646792700008,15.31729679800003],[121.06074329300009,15.321830817000034],[121.03383392400008,15.323103514000024],[121.03193778600007,15.326775353000073],[121.00866118400006,15.330808438000076],[121.00238968600001,15.334871099000054],[120.99975068200001,15.339394565000077],[120.99386626400008,15.339551056000062],[120.98910839700011,15.348134407000032],[120.98142302600002,15.354028801000027],[120.97999722100008,15.359035345000052],[120.97210101200005,15.360541088000048],[120.96604659400009,15.35870311800005],[120.96190497400005,15.350851446000036],[120.96441176700012,15.335855071000026],[120.96070284400002,15.328949425000076],[120.95932394300007,15.32276063200004],[120.94643888900009,15.317430585000068],[120.93931636100001,15.307978591000051],[120.92783010000005,15.308330300000023],[120.92714517400009,15.30007465400007],[120.93872362900004,15.25776341900007],[120.93843349600002,15.248501313000077],[120.94185910400006,15.240977694000037],[120.93949956900008,15.234012849000067],[120.93643874400004,15.232940130000031],[120.93357815900004,15.229221370000062],[120.92673340100009,15.227052066000056],[120.91662078200011,15.21937850200004],[120.91294639600005,15.221324371000037],[120.91069466400006,15.217302066000059],[120.90786139600004,15.215088951000041],[120.90590280300012,15.216428110000038],[120.90578094700004,15.212241002000042]]]}},{"type":"Feature","properties":{"shapeName":"Cuyapo","shapeISO":"","shapeID":"30758251B13758453625631","shapeGroup":"PHL","shapeType":"ADM3","psgc_code":"0304906000","legacy_psgc_code":"034906000","province":"Nueva Ecija"},"geometry":{"type":"Polygon","coordinates":[[[120.624449518,15.762827406000042],[120.62946769900009,15.759496607000074],[120.63210609100008,15.759542875000022],[120.64516500600007,15.753486968000061],[120.65940833900004,15.749905204000072],[120.68480537700009,15.735177414000077],[120.69552373700003,15.72415968100006],[120.70558578000009,15.707914900000048],[120.71427033900011,15.701685651000048],[120.7162844500001,15.705600339000057],[120.72667268900011,15.710720369000057],[120.727461962,15.71245140700006],[120.73050573900002,15.712796878000063],[120.73145480700009,15.716083338000033],[120.7401133080001,15.718165613000053],[120.73972947100003,15.71997914700006],[120.74155974300004,15.720090382000024],[120.74164402500003,15.72126068600005],[120.74513445000002,15.719720948000031],[120.75187210600006,15.72100940000007],[120.7585767490001,15.725525983000068],[120.75906654100004,15.73558482900006],[120.75193052700001,15.749236704000054],[120.7501248860001,15.75710058900006],[120.75234637900007,15.764648301000022],[120.75383890900002,15.788344487000074],[120.7777141250001,15.79449912800004],[120.78040983200003,15.797572437000042],[120.78232432900006,15.797082252000052],[120.78826332100004,15.801548678000074],[120.78684636300011,15.806743467000047],[120.79053204000002,15.821754222000038],[120.79019697800004,15.827182218000075],[120.77531821200012,15.83405560600005],[120.74819762800007,15.843805037000038],[120.74735183200005,15.851278652000076],[120.73089299500009,15.851010298000062],[120.71276173900003,15.844152067000039],[120.70936374300004,15.840180725000039],[120.70685427600006,15.839798644000041],[120.70244298400007,15.836108662000072],[120.69533658000012,15.834475552000072],[120.694258407,15.835775565000063],[120.69093991600005,15.831160646000058],[120.68630813700008,15.830248938000068],[120.6856676970001,15.831311149000044],[120.68334278400005,15.829779773000041],[120.68341023000005,15.830967275000035],[120.68006986400007,15.830136940000045],[120.68010674800007,15.832614327000044],[120.67840304300012,15.83294618900004],[120.67653390200007,15.831410832000074],[120.67288015100007,15.83142680700007],[120.66732336900009,15.825578866000058],[120.66574844500008,15.82766027100007],[120.66024841300009,15.827735432000054],[120.65560010800004,15.824608328000068],[120.64786096000012,15.82527271500004],[120.63747821000004,15.822039306000022],[120.63669356500009,15.820552531000033],[120.6150636640001,15.815561238000043],[120.62227065000002,15.780003493000038],[120.62131643300006,15.77761468600005],[120.62231146800002,15.773243401000059],[120.624449518,15.762827406000042]]]}},{"type":"Feature","properties":{"shapeName":"Gabaldon","shapeISO":"","shapeID":"30758251B70332273238946","shapeGroup":"PHL","shapeType":"ADM3","psgc_code":"0304907000","legacy_psgc_code":"034907000","province":"Nueva Ecija"},"geometry":{"type":"Polygon","coordinates":[[[121.27271379500007,15.61537462800004],[121.2701679060001,15.597553407000078],[121.26634907300001,15.587794168000073],[121.25913572200011,15.576337669000054],[121.23616196700004,15.551453437000077],[121.23442377700007,15.53605114000004],[121.19300751600008,15.524282795000033],[121.17447887800006,15.516341950000026],[121.17939463900007,15.501972803000058],[121.18260227300004,15.481351],[121.18183917300007,15.436014686000021],[121.18029665200004,15.411721267000075],[121.20734745900006,15.429198713000062],[121.34011305400008,15.393330788000071],[121.35109285300007,15.391175141000076],[121.35268337900004,15.397414897000033],[121.35818904700011,15.406468662000066],[121.378521524,15.485011371000041],[121.37772928100003,15.487287826000056],[121.32661566000002,15.634159251000028],[121.27271379500007,15.61537462800004]]]}},{"type":"Feature","properties":{"shapeName":"General Mamerto Natividad","shapeISO":"","shapeID":"30758251B30324290994984","shapeGroup":"PHL","shapeType":"ADM3","psgc_code":"0304909000","legacy_psgc_code":"034909000","province":"Nueva Ecija"},"geometry":{"type":"Polygon","coordinates":[[[121.11913957700006,15.63463796700006],[121.11190554000007,15.634036374000061],[121.1038253480001,15.635608682000054],[121.08289472500007,15.62805056600007],[121.06514033100007,15.636247814000058],[121.06029811600001,15.63253617600003],[121.02670685900011,15.638599352000028],[121.02318436600001,15.634506415000033],[121.01941943400004,15.623725018000073],[121.02088832700008,15.622954918000062],[121.01923403900003,15.621186541000043],[121.01986152800009,15.618505453000068],[121.02130190000003,15.618220231000066],[121.02261392100002,15.614113032000034],[121.02040345000012,15.612615616000028],[121.01805036700011,15.613913377000074],[121.01666704000002,15.609093122000047],[121.01156156400009,15.607381790000034],[121.011533041,15.604572352000048],[121.00793924300001,15.604315652000025],[121.00801054800002,15.602105180000024],[121.00970762000009,15.60086446400004],[121.00595694900005,15.598211898000045],[121.0085067220001,15.595155255000066],[121.0055099970001,15.592255547000036],[121.0051758300001,15.587846698000021],[121.00049749100003,15.585787797000023],[121.00021722200006,15.583459407000078],[120.99848170900009,15.584300214000052],[120.99551732300006,15.578684051000039],[120.98995190000005,15.578365323000071],[120.99233634200004,15.575372131000051],[120.98960228700003,15.573201251000057],[120.98946673900002,15.568220524000026],[120.98436919900007,15.563695800000062],[120.98386228600009,15.55787130400006],[120.98090737200005,15.553600618000075],[120.98256881400005,15.548828154000034],[120.98105233000001,15.545159601000023],[120.98228307200009,15.541913825000051],[120.99064503300008,15.544128343000068],[120.99634864000006,15.541919054000061],[121.00027607600009,15.542837580000025],[121.00769574000003,15.541894496000054],[121.01007003600012,15.54370754200005],[121.0117101400001,15.542806527000039],[121.0124377620001,15.539350323000065],[121.01512996300005,15.539277561000063],[121.01636692000011,15.54135128300004],[121.01916826400009,15.54182423800006],[121.02691743800005,15.537385744000062],[121.03026449800007,15.53953222900003],[121.0306646900001,15.54182423800006],[121.02822715700006,15.54397072200004],[121.02928220900003,15.54622635000004],[121.03826833900007,15.545098536000069],[121.045617321,15.550555701000064],[121.05333011300002,15.547717975000069],[121.06559054200011,15.550883130000045],[121.07450391000009,15.555467148000048],[121.08298070500007,15.55113779800007],[121.09013800100001,15.552589948000048],[121.0910936900001,15.555721816000073],[121.08760110500009,15.559832880000044],[121.08790628400004,15.565416429000038],[121.08593680800004,15.568892013000038],[121.08198696900001,15.571477363000042],[121.08307917600007,15.576488347000065],[121.08191928800011,15.581685550000032],[121.08516357100007,15.583225924000033],[121.09276722000004,15.580388199000026],[121.10550060300011,15.581079440000053],[121.10888404500008,15.583771641000055],[121.10866575900002,15.588246515000037],[121.0995341040001,15.590174713000067],[121.09469541800001,15.59435853900004],[121.09659347800005,15.603927741000064],[121.100883941,15.606841196000062],[121.10530855400009,15.60812263400004],[121.10506884300003,15.602900548000036],[121.10643477500003,15.600689663000026],[121.11388327800012,15.594925903000046],[121.11888582200004,15.593413386000066],[121.1234513390001,15.595977473000062],[121.12777195000001,15.595702280000069],[121.1299116350001,15.59704444600004],[121.12576842600004,15.599787134000053],[121.12584623300006,15.60342459900005],[121.13273212900003,15.606711933000042],[121.13485236300005,15.610291043000075],[121.13677808000011,15.61091349700007],[121.136641918,15.613772895000068],[121.13061189600012,15.612100050000038],[121.12758676500005,15.614881019000052],[121.13132717700012,15.619794459000047],[121.1263916040001,15.622251179000045],[121.1255063000001,15.624088186000051],[121.126972754,15.628988883000034],[121.13083186600011,15.63041757600007],[121.12969876500006,15.634293110000044],[121.12344207700005,15.634917137000059],[121.122194024,15.633357070000045],[121.11913957700006,15.63463796700006]]]}},{"type":"Feature","properties":{"shapeName":"General Tinio","shapeISO":"","shapeID":"30758251B90197047513791","shapeGroup":"PHL","shapeType":"ADM3","psgc_code":"0304910000","legacy_psgc_code":"034910000","province":"Nueva Ecija"},"geometry":{"type":"Polygon","coordinates":[[[121.13975017200005,15.271374453000021],[121.14503048900008,15.27219688300005],[121.15136407200009,15.27055548800007],[121.17957473800004,15.270615693000025],[121.17631774000006,15.267696254000043],[121.17692140300005,15.266261518000022],[121.18338382600007,15.266394172000048],[121.18658750000009,15.265003016000037],[121.18630504200007,15.262717556000041],[121.18263539400004,15.259444657000074],[121.18253909000009,15.256848438000077],[121.18841100500003,15.255159559000049],[121.18947511600004,15.253460919000077],[121.1920442060001,15.24349139800006],[121.19700560700005,15.238475153000024],[121.19473382300009,15.235851789000037],[121.19482332600012,15.233297358000073],[121.20170727000004,15.225943958000073],[121.20325273700007,15.221544442000038],[121.20586911300006,15.220254056000044],[121.21186207300002,15.222340261000056],[121.21475862200009,15.217910724000035],[121.23580040500008,15.207219831000032],[121.23803850800005,15.212249233000023],[121.239267476,15.205724282000062],[121.23666084000001,15.203935713000021],[121.23700998400011,15.202618352000059],[121.24088545600011,15.204167465000069],[121.24317231400005,15.209739053000021],[121.245932906,15.209790865000059],[121.24709297200002,15.205962408000062],[121.2507208720001,15.20450820900004],[121.2509377880001,15.201790574000029],[121.26767993200008,15.198757712000031],[121.3121526430001,15.19876970100006],[121.32359234400008,15.239708991000043],[121.33245720700006,15.28586520500005],[121.33920305200002,15.284978185000057],[121.33383692600012,15.296353488000022],[121.33738448400004,15.301316718000066],[121.33703779900009,15.303873778000025],[121.33892401900005,15.30212509200004],[121.34015115000011,15.304419129000053],[121.33935466300011,15.306945149000057],[121.3407940300001,15.307361678000063],[121.33926265700006,15.308907280000028],[121.3405803820001,15.311527456000022],[121.33753271800003,15.313433771000064],[121.33789006200004,15.314742558000034],[121.33997852800007,15.31412167700006],[121.33860403800008,15.31675477400006],[121.34015142300007,15.316446281000026],[121.34354378700004,15.319424167000022],[121.33978219100004,15.321829423000054],[121.3466666600001,15.320515300000068],[121.34850626700006,15.32439763900004],[121.34741825800006,15.328361101000041],[121.35375202500006,15.329721113000062],[121.35052685500011,15.332790853000063],[121.35122628900001,15.337803466000025],[121.35600575800004,15.339746339000044],[121.35250858600011,15.341300638000064],[121.35441260200002,15.344486950000032],[121.35142057700011,15.34642982400004],[121.35033256800011,15.350820718000023],[121.35340230800011,15.353113308000047],[121.34897255600004,15.353929315000073],[121.35243087100002,15.357620775000044],[121.3513040040001,15.35839792400003],[121.34815655000011,15.356532766000043],[121.34734054300009,15.358320209000055],[121.34850626700006,15.360535085000038],[121.34520338200002,15.361428807000038],[121.34815655000011,15.366091703000052],[121.34427080300009,15.36714085500006],[121.34609710400002,15.369666590000065],[121.34275536100006,15.371648321000066],[121.34473709200006,15.37518435000004],[121.34244450200003,15.376350074000072],[121.34318279400009,15.378759238000043],[121.34120106300009,15.37934210000003],[121.34240564400011,15.382489554000074],[121.33999648100007,15.38283927200007],[121.34065705800003,15.38590901200007],[121.33820903800006,15.39197077700004],[121.34011305400008,15.393330788000071],[121.20734745900006,15.429198713000062],[121.18029665200004,15.411721267000075],[121.16095734600003,15.416095364000057],[121.15859266400003,15.418182382000055],[121.14531097800011,15.410277310000026],[121.11164875500003,15.402984202000027],[121.10358024200002,15.409627182000065],[121.09625300700009,15.405093989000022],[121.09648109200009,15.407403351000028],[121.0929600280001,15.408757607000041],[121.09401492200004,15.411009948000071],[121.09174832500003,15.410553778000065],[121.08751449500005,15.413233778000063],[121.08566130300005,15.412592289000031],[121.08449218400006,15.416080065000074],[121.08253358200011,15.415756901000066],[121.07946339400007,15.412373315000025],[121.0812440090001,15.409626956000068],[121.07927354300011,15.408560967000028],[121.0752354220001,15.41049907100006],[121.07344595500001,15.409955840000066],[121.06891067300012,15.404957890000048],[121.05194249300007,15.407020921000026],[121.04330443800006,15.392977922000057],[121.02918091600009,15.392310249000047],[121.02854694300004,15.390725318000023],[121.03310959400005,15.378634050000073],[121.03402485200002,15.372586093000052],[121.03295005100006,15.365696911000043],[121.036445092,15.361533188000067],[121.03374987000007,15.360378775000072],[121.03384416600011,15.354239346000043],[121.02560826700005,15.352603645000045],[121.02553864700008,15.350641298000028],[121.02355568100006,15.349741103000042],[121.02372900500006,15.340673504000051],[121.03924836300007,15.339019825000037],[121.04808309600003,15.340356970000073],[121.05578225700003,15.33852467500003],[121.06077646300002,15.334742984000059],[121.06690687100001,15.334726026000055],[121.06853486400007,15.332521453000027],[121.06842974900007,15.329512100000045],[121.07659154900011,15.326392807000047],[121.07437971400009,15.320680948000074],[121.06646792700008,15.31729679800003],[121.0677248070001,15.314002905000052],[121.06919315700009,15.314002930000072],[121.06980759600003,15.311795964000055],[121.072541225,15.310090582000043],[121.07887371100003,15.310115661000054],[121.08132844500005,15.311812600000053],[121.09225183800004,15.311095842000043],[121.13975017200005,15.271374453000021]]]}},{"type":"Feature","properties":{"shapeName":"Guimba","shapeISO":"","shapeID":"30758251B97926428018221","shapeGroup":"PHL","shapeType":"ADM3","psgc_code":"0304911000","legacy_psgc_code":"034911000","province":"Nueva Ecija"},"geometry":{"type":"Polygon","coordinates":[[[120.71427033900011,15.701685651000048],[120.712869898,15.699002608000058],[120.7045844810001,15.696611004000033],[120.70288393600003,15.697184587000038],[120.70266407000008,15.69934691800006],[120.70014381900012,15.699870481000062],[120.70065088100012,15.694628477000037],[120.68948745900002,15.691489405000027],[120.68450138700007,15.691547919000072],[120.67771970700005,15.684921665000047],[120.66828759300006,15.680338728000038],[120.65654515400001,15.677218476000064],[120.65840369700004,15.672482424000066],[120.656631478,15.669147538000061],[120.65820326000005,15.66168930200007],[120.66141109900002,15.657679771000062],[120.66760105700007,15.65447686500005],[120.6673559940001,15.649747304000073],[120.67275506800001,15.644083541000043],[120.67333140500011,15.639969131000043],[120.682328675,15.634846130000028],[120.68188733000011,15.632628336000039],[120.68394610700011,15.630727482000054],[120.69694031000006,15.618043090000072],[120.69795495400001,15.61926956800005],[120.71505516200011,15.617866583000023],[120.719061484,15.620512831000042],[120.726683277,15.617028226000059],[120.74239889700004,15.618778710000072],[120.74439029300004,15.615879413000073],[120.75359866200006,15.612864238000043],[120.75507579900011,15.60366444400006],[120.75073832900011,15.599620040000048],[120.74596829300003,15.590330470000026],[120.74267465600008,15.589816613000039],[120.73545655900011,15.585361229000057],[120.73522834200003,15.583499240000037],[120.73179281500006,15.582452793000073],[120.72899524400009,15.576719756000045],[120.73146472300004,15.573414178000064],[120.73072483400006,15.567952435000052],[120.7289133270001,15.566384194000022],[120.72841507600003,15.559703659000036],[120.72147710000002,15.558444137000038],[120.72489847800011,15.553030500000034],[120.72099495400005,15.550356954000051],[120.72572699300008,15.545596571000033],[120.72912336700006,15.545395233000022],[120.73058588300012,15.541559324000048],[120.73435802300003,15.541860002000021],[120.73286380600007,15.543678374000024],[120.7330989720001,15.548836490000042],[120.73148954800001,15.54862651600007],[120.72924149700009,15.552518834000068],[120.73231509300001,15.556528264000065],[120.73185638000007,15.559423176000053],[120.73517658700007,15.558956824000063],[120.73815395000008,15.561418874000026],[120.74285964400008,15.561713788000077],[120.74252308500002,15.563269524000077],[120.7449157530001,15.564402443000063],[120.7466531020001,15.569183335000048],[120.75358551000011,15.571857959000056],[120.7603093140001,15.571424114000024],[120.76017879800008,15.573349471000029],[120.76402163900002,15.574129418000041],[120.76724516800004,15.578133361000027],[120.77081177600007,15.57820074700004],[120.77547625400007,15.58248274500005],[120.77772572200001,15.580465579000077],[120.77868651800009,15.58335194500006],[120.78177295900002,15.580135667000036],[120.78985375500008,15.580798216000062],[120.79787168900009,15.586974208000072],[120.79981220400009,15.591303546000063],[120.79832391500008,15.594136846000026],[120.80483304800009,15.595407241000032],[120.80186112900003,15.59934012900004],[120.80632236800011,15.598522669000033],[120.80798421700001,15.59971454400005],[120.80804314000011,15.602675098000077],[120.81488356000011,15.610935970000071],[120.81372099100008,15.614465138000071],[120.8166660600001,15.615802443000064],[120.81694424700004,15.620386690000032],[120.81996174300002,15.623741879000022],[120.81942686800005,15.627734072000067],[120.82423164400006,15.628252683000028],[120.82407203600008,15.631288697000059],[120.82684612800006,15.630302311000037],[120.82968960300002,15.631813717000057],[120.82696882500011,15.633910546000038],[120.82760669700008,15.636374786000033],[120.82597660600004,15.635401135000052],[120.82463369200002,15.63755518000005],[120.82472513700009,15.641646973000036],[120.82653378300006,15.642818362000071],[120.82929082200008,15.640940655000065],[120.83155657800012,15.646054584000069],[120.8412112210001,15.645791966000047],[120.84797105400003,15.650394336000033],[120.84953078900003,15.653060405000076],[120.84562302100005,15.662835552000047],[120.84649497600003,15.664471892000051],[120.85270341700004,15.66575606200007],[120.85411813700011,15.66828167400007],[120.85253508800008,15.67154673500005],[120.84825637200004,15.674663766000037],[120.8426085210001,15.677173923000055],[120.84047283400002,15.675572397000053],[120.83646327200006,15.684509645000048],[120.83178982200002,15.700149311000075],[120.83386494700005,15.702065097000059],[120.84006227600003,15.703592593000053],[120.84071706300006,15.705212593000056],[120.83723131700003,15.711978626000075],[120.82070498000007,15.71167017700003],[120.80848885600005,15.705978750000043],[120.79252387600002,15.712629768000056],[120.78254772200012,15.714278719000049],[120.77956803300003,15.718513610000059],[120.78102701500006,15.724270299000068],[120.77408643400008,15.728065922000042],[120.77333837000003,15.72975156900003],[120.77492948200006,15.729807643000072],[120.77556732900007,15.733529584000053],[120.7788406740001,15.736193120000053],[120.77741077600001,15.738148716000069],[120.77959067000006,15.738821610000059],[120.778427125,15.743027193000046],[120.77558820500008,15.743805871000063],[120.77224940300005,15.740450275000057],[120.76297016300009,15.73813302700006],[120.75906654100004,15.73558482900006],[120.7585767490001,15.725525983000068],[120.75187210600006,15.72100940000007],[120.74513445000002,15.719720948000031],[120.74164402500003,15.72126068600005],[120.74155974300004,15.720090382000024],[120.73972947100003,15.71997914700006],[120.7401133080001,15.718165613000053],[120.73145480700009,15.716083338000033],[120.73050573900002,15.712796878000063],[120.727461962,15.71245140700006],[120.72667268900011,15.710720369000057],[120.7162844500001,15.705600339000057],[120.71427033900011,15.701685651000048]]]}},{"type":"Feature","properties":{"shapeName":"Jaen","shapeISO":"","shapeID":"30758251B14595359840210","shapeGroup":"PHL","shapeType":"ADM3","psgc_code":"0304912000","legacy_psgc_code":"034912000","province":"Nueva Ecija"},"geometry":{"type":"Polygon","coordinates":[[[120.852152896,15.444240887000035],[120.84752633800008,15.443795627000043],[120.84612426400008,15.446060672000044],[120.84321196500002,15.445687649000035],[120.83981245000007,15.442931208000061],[120.83967045100007,15.440218344000073],[120.83736015600005,15.43981281200007],[120.83453034100012,15.434654231000025],[120.8249068990001,15.435518564000063],[120.81863684900009,15.432577570000035],[120.81568406600002,15.426806320000026],[120.81484864600009,15.421045574000061],[120.81678300500005,15.41826523900005],[120.81600131100004,15.41200711700003],[120.81282960300007,15.408212862000028],[120.81565966800008,15.392221841000037],[120.82075199400003,15.384320309000032],[120.82797858600009,15.379437495000047],[120.84082193900008,15.378216481000038],[120.84390767400009,15.372922680000045],[120.85021874600011,15.373825521000072],[120.85369519100004,15.372808220000024],[120.86058805800008,15.363729472000045],[120.85859885800005,15.351800041000047],[120.86270070900002,15.348675900000046],[120.86184536200005,15.346313163000048],[120.86626795300003,15.343681090000075],[120.86696850700002,15.341607253000063],[120.86522507200004,15.33895820400005],[120.86847465000005,15.339185523000026],[120.87097707900011,15.335493475000021],[120.87419684000008,15.336496659000034],[120.87716680000005,15.331018800000038],[120.88318553900001,15.324993634000066],[120.8843964020001,15.31868884000005],[120.88796298400007,15.314089],[120.891916,15.31319],[120.90413326700002,15.313684701000057],[120.90459134600007,15.315763737000054],[120.90697091400011,15.316470121000066],[120.90708457400001,15.320763942000042],[120.91120119100003,15.320827231000067],[120.9177309480001,15.315446836000035],[120.92291264300002,15.321470801000032],[120.92293936300007,15.338570377000053],[120.91866024300009,15.343225666000023],[120.91612498300003,15.343901878000054],[120.91007760800005,15.341299715000048],[120.90813561700008,15.342287988000066],[120.9073442130001,15.345027630000061],[120.91626201500003,15.35288063400003],[120.92840180600001,15.357232862000046],[120.93056980100005,15.361815178000029],[120.92852001500012,15.36426010300005],[120.91919102600002,15.364494169000068],[120.91569147100006,15.36600601300006],[120.91407299800005,15.367670539000073],[120.91351522100001,15.374051486000042],[120.92219125800011,15.382022390000031],[120.93615288800004,15.387576031000037],[120.940546487,15.394299657000033],[120.94046325400006,15.396730071000036],[120.93826986900001,15.398601778000057],[120.93287103600005,15.400129384000024],[120.92510740300008,15.405172322000055],[120.89197020300003,15.407971923000048],[120.87500757500004,15.415823801000045],[120.8704617200001,15.415274041000032],[120.86412501200004,15.426210565000076],[120.85906148700008,15.431509341000037],[120.8596646420001,15.433407474000035],[120.85176930700004,15.43742887600007],[120.852152896,15.444240887000035]]]}},{"type":"Feature","properties":{"shapeName":"Laur","shapeISO":"","shapeID":"30758251B54864589401761","shapeGroup":"PHL","shapeType":"ADM3","psgc_code":"0304913000","legacy_psgc_code":"034913000","province":"Nueva Ecija"},"geometry":{"type":"Polygon","coordinates":[[[121.13491966900006,15.585213647000046],[121.14149944600001,15.560509592000074],[121.13286069500009,15.551334780000047],[121.12567052400004,15.546301429000039],[121.12881336200007,15.530809121000061],[121.11751762800009,15.468371870000055],[121.12256698400006,15.465257570000063],[121.12327293800001,15.463198393000027],[121.13995663500009,15.458775369000023],[121.18183917300007,15.436014686000021],[121.18260227300004,15.481351],[121.17939463900007,15.501972803000058],[121.17447887800006,15.516341950000026],[121.19300751600008,15.524282795000033],[121.23442377700007,15.53605114000004],[121.23616196700004,15.551453437000077],[121.25913572200011,15.576337669000054],[121.26634907300001,15.587794168000073],[121.2701679060001,15.597553407000078],[121.27271379500007,15.61537462800004],[121.23606104900011,15.603212135000035],[121.22612903200002,15.607862842000031],[121.2214038730001,15.603798699000038],[121.17644594400008,15.604901905000077],[121.17321356500008,15.60358851500007],[121.16680247600004,15.60546161800005],[121.16162045500005,15.604231790000028],[121.15755983600002,15.593002682000076],[121.15576503700004,15.593040468000027],[121.15442562400005,15.589934451000033],[121.15096431300003,15.590588439000044],[121.14961060600001,15.587608789000058],[121.13825884200003,15.586686308000026],[121.13491966900006,15.585213647000046]]]}},{"type":"Feature","properties":{"shapeName":"Licab","shapeISO":"","shapeID":"30758251B80146072363536","shapeGroup":"PHL","shapeType":"ADM3","psgc_code":"0304914000","legacy_psgc_code":"034914000","province":"Nueva Ecija"},"geometry":{"type":"Polygon","coordinates":[[[120.81196969200005,15.516083723000065],[120.80941032300007,15.519057153000062],[120.8098123420001,15.521802554000033],[120.80593988400005,15.524926462000053],[120.80055837800012,15.532865901000037],[120.80099321000012,15.535042426000075],[120.79802850700003,15.540190894000034],[120.80011555400006,15.542671153000072],[120.80004297800008,15.547214093000036],[120.79160172200011,15.553285490000064],[120.79313221200005,15.559192882000048],[120.79511619800007,15.561224250000066],[120.79603669800008,15.56790585300007],[120.791290666,15.574161986000036],[120.78985375500008,15.580798216000062],[120.78177295900002,15.580135667000036],[120.77868651800009,15.58335194500006],[120.77772572200001,15.580465579000077],[120.77547625400007,15.58248274500005],[120.77081177600007,15.57820074700004],[120.76724516800004,15.578133361000027],[120.76402163900002,15.574129418000041],[120.76017879800008,15.573349471000029],[120.7603093140001,15.571424114000024],[120.75358551000011,15.571857959000056],[120.7466531020001,15.569183335000048],[120.7449157530001,15.564402443000063],[120.74252308500002,15.563269524000077],[120.74285964400008,15.561713788000077],[120.73815395000008,15.561418874000026],[120.73517658700007,15.558956824000063],[120.73185638000007,15.559423176000053],[120.73231509300001,15.556528264000065],[120.72924149700009,15.552518834000068],[120.73148954800001,15.54862651600007],[120.7330989720001,15.548836490000042],[120.73286380600007,15.543678374000024],[120.73435802300003,15.541860002000021],[120.73058588300012,15.541559324000048],[120.72978653300004,15.539347193000026],[120.73066303100006,15.537817705000066],[120.7344224740001,15.537180933000059],[120.73276809800007,15.533920575000025],[120.73451631800003,15.533849692000047],[120.73374421300002,15.532434373000058],[120.73572625500003,15.531226558000071],[120.73293765200003,15.529016821000027],[120.73334635000003,15.527286813000046],[120.73152774400012,15.527064144000065],[120.73287195500006,15.524287358000038],[120.73384821400009,15.525538706000077],[120.73421236700005,15.522878837000064],[120.73573340700011,15.522907924000037],[120.7354671710001,15.520835523000073],[120.73712163800008,15.521599054000035],[120.73808826600009,15.520330433000026],[120.7348164660001,15.51671324800003],[120.73841227900004,15.511247429000036],[120.74387010600003,15.509781358000055],[120.74342004300001,15.506122494000067],[120.7458837800001,15.504357350000078],[120.74434027100006,15.499779527000044],[120.746042353,15.49750266600006],[120.74389273000008,15.49630700800003],[120.7494922940001,15.492009555000038],[120.7487210590001,15.489461779000067],[120.74986239900011,15.48892134700003],[120.74701530800007,15.486301231000027],[120.74927381100008,15.486531575000072],[120.75066682600004,15.48073080200004],[120.75377677900008,15.48498107200004],[120.76101509900002,15.489176784000051],[120.77596494500006,15.483611283000073],[120.78250439700003,15.488632381000059],[120.78941392200011,15.49144515200004],[120.79246027500005,15.495866428000056],[120.80074795200005,15.501248351000072],[120.80921240100008,15.510217641000054],[120.81196969200005,15.516083723000065]]]}},{"type":"Feature","properties":{"shapeName":"Llanera","shapeISO":"","shapeID":"30758251B85040378394096","shapeGroup":"PHL","shapeType":"ADM3","psgc_code":"0304915000","legacy_psgc_code":"034915000","province":"Nueva Ecija"},"geometry":{"type":"Polygon","coordinates":[[[121.02670685900011,15.638599352000028],[121.03081102700003,15.64187140200005],[121.03461572700007,15.641428848000032],[121.0365853180001,15.64746085400003],[121.03456830400012,15.65079901300004],[121.03935871400006,15.652463050000051],[121.03989322300004,15.654701937000027],[121.03800731400008,15.657515672000045],[121.03936879900004,15.65768711800007],[121.04696809200004,15.690296258000046],[121.05611947200009,15.688625137000031],[121.05678108200004,15.69501045900006],[121.06092196000009,15.696875140000031],[121.06441341000004,15.70761806400003],[121.06495687600011,15.715735666000057],[121.06821300900003,15.722810855000034],[121.06780148500002,15.725074233000043],[121.0592623770001,15.729703870000037],[121.05455228000005,15.73019246900003],[121.05345725500001,15.727950608000071],[121.0556516050001,15.72283268800004],[121.05206071900011,15.721782047000033],[121.05092903000002,15.718695622000041],[121.0459907500001,15.721884927000076],[121.02302651000002,15.727801313000043],[121.02250927400007,15.73482251400003],[121.02599024100004,15.743270798000026],[121.02848255600009,15.742252145000066],[121.02834307400008,15.746170181000025],[121.02775631200007,15.748137449000069],[121.02623518100006,15.747978615000022],[121.02103707800006,15.75314669100004],[121.02152973500006,15.754631244000052],[121.01873890000002,15.754784018000066],[121.01742590600008,15.756646342000067],[121.01521628000012,15.756162741000026],[121.01269935800008,15.749178433000054],[121.00746033100006,15.74676478400005],[121.00353837300008,15.741982932000042],[121.00897039000006,15.73109792400004],[120.99227039700008,15.733651106000025],[120.99228792500003,15.731522582000025],[120.98918260300002,15.727643411000031],[120.99025408800003,15.726552084000048],[120.98952984300001,15.723347551000074],[120.98242037300008,15.717840307000074],[120.98361065000006,15.716630831000032],[120.97991082900012,15.708458645000064],[120.9811396340001,15.70663201800005],[120.97679665900012,15.701110021000034],[120.97478736200003,15.700481893000074],[120.97460250900008,15.696887830000037],[120.98950154800002,15.698276087000067],[120.99185856600002,15.696613076000062],[120.98210317600001,15.677750616000026],[120.99160841800006,15.675024307000058],[120.99138360100005,15.665127860000041],[120.98851715500007,15.656808173000059],[120.978659375,15.643175073000066],[120.97809825900003,15.63067286200004],[120.96305545400003,15.622207984000056],[120.96722748800005,15.614653455000052],[120.97218006000003,15.611261925000065],[120.97163344000012,15.609019814000021],[120.9744202390001,15.60351987000007],[120.97357809800008,15.598512873000061],[120.97737726300011,15.592497010000045],[120.97642583200002,15.58957993000007],[120.98880541200003,15.58823798800006],[120.98995190000005,15.578365323000071],[120.99551732300006,15.578684051000039],[120.99848170900009,15.584300214000052],[121.00021722200006,15.583459407000078],[121.00049749100003,15.585787797000023],[121.0051758300001,15.587846698000021],[121.0055099970001,15.592255547000036],[121.0085067220001,15.595155255000066],[121.00595694900005,15.598211898000045],[121.00970762000009,15.60086446400004],[121.00801054800002,15.602105180000024],[121.00793924300001,15.604315652000025],[121.011533041,15.604572352000048],[121.01156156400009,15.607381790000034],[121.01666704000002,15.609093122000047],[121.01805036700011,15.613913377000074],[121.02040345000012,15.612615616000028],[121.02261392100002,15.614113032000034],[121.02130190000003,15.618220231000066],[121.01986152800009,15.618505453000068],[121.01923403900003,15.621186541000043],[121.02088832700008,15.622954918000062],[121.01941943400004,15.623725018000073],[121.02318436600001,15.634506415000033],[121.02670685900011,15.638599352000028]]]}},{"type":"Feature","properties":{"shapeName":"Lupao","shapeISO":"","shapeID":"30758251B11609391630231","shapeGroup":"PHL","shapeType":"ADM3","psgc_code":"0304916000","legacy_psgc_code":"034916000","province":"Nueva Ecija"},"geometry":{"type":"Polygon","coordinates":[[[120.90514758900008,15.923211619000028],[120.90151585000001,15.912567670000044],[120.89524674800009,15.90605682000006],[120.88796017800007,15.903693437000072],[120.88838714300005,15.902569776000064],[120.8868871630001,15.902380723000022],[120.88557413800004,15.89978241700004],[120.87758007700006,15.899472120000041],[120.87367889000006,15.895883467000033],[120.87049599300008,15.889550390000068],[120.87078471100006,15.886319118000074],[120.8675198090001,15.88470273400003],[120.86762309800008,15.874870117000057],[120.872612623,15.86806527300007],[120.86888311400003,15.862496454000052],[120.86853179800005,15.855670437000072],[120.86388160100012,15.85449365200003],[120.85665144300003,15.83645787200004],[120.8486395860001,15.839963623000074],[120.839224725,15.831207415000051],[120.84294985300005,15.818641999000022],[120.84865452300005,15.819739051000056],[120.85910774400008,15.810616518000074],[120.85556399100005,15.801663948000055],[120.860177227,15.795116533000055],[120.87414181500003,15.804850508000072],[120.88179302100002,15.805977289000054],[120.8828498360001,15.80162024200007],[120.88655796100011,15.802028136000047],[120.89251389800006,15.793689786000073],[120.89486773800002,15.793683061000024],[120.89444112600006,15.795595646000038],[120.89879015100007,15.798040683000067],[120.90412120500002,15.796995671000047],[120.90670903000012,15.800703165000073],[120.91063906000011,15.800819347000072],[120.91890230700005,15.802548709000064],[120.94114145600008,15.812567633000072],[120.94214706100001,15.81687826600006],[120.9478724270001,15.821799509000073],[120.94840828100007,15.827084311000021],[120.95975638100003,15.834057074000043],[120.9624857880001,15.860277049000047],[120.96234772600008,15.872741707000046],[120.95519482400005,15.886138928000037],[120.9473368990001,15.896246356000063],[120.93061685000009,15.910892420000039],[120.91202791300009,15.921027576000029],[120.90514758900008,15.923211619000028]]]}},{"type":"Feature","properties":{"shapeName":"Nampicuan","shapeISO":"","shapeID":"30758251B757279670105","shapeGroup":"PHL","shapeType":"ADM3","psgc_code":"0304918000","legacy_psgc_code":"034918000","province":"Nueva Ecija"},"geometry":{"type":"Polygon","coordinates":[[[120.64170017100002,15.699918340000067],[120.64858540500006,15.683040508000033],[120.65331411700004,15.680714156000022],[120.65471535600011,15.676743043000045],[120.65654515400001,15.677218476000064],[120.66828759300006,15.680338728000038],[120.67771970700005,15.684921665000047],[120.68450138700007,15.691547919000072],[120.68948745900002,15.691489405000027],[120.70065088100012,15.694628477000037],[120.70014381900012,15.699870481000062],[120.70266407000008,15.69934691800006],[120.70288393600003,15.697184587000038],[120.7045844810001,15.696611004000033],[120.712869898,15.699002608000058],[120.71427033900011,15.701685651000048],[120.70558578000009,15.707914900000048],[120.69552373700003,15.72415968100006],[120.68480537700009,15.735177414000077],[120.65940833900004,15.749905204000072],[120.64516500600007,15.753486968000061],[120.63210609100008,15.759542875000022],[120.62946769900009,15.759496607000074],[120.624449518,15.762827406000042],[120.62831087200004,15.741896405000034],[120.62867135500005,15.73472072100003],[120.62756126400006,15.733447392000073],[120.62973031900003,15.72813910900004],[120.63374427800011,15.727567763000025],[120.63879161200009,15.716402509000034],[120.63869492200001,15.707285131000049],[120.64170017100002,15.699918340000067]]]}},{"type":"Feature","properties":{"shapeName":"Palayan City","shapeISO":"","shapeID":"30758251B19643083893991","shapeGroup":"PHL","shapeType":"ADM3","psgc_code":"0304919000","legacy_psgc_code":"034919000","province":"Nueva Ecija"},"geometry":{"type":"Polygon","coordinates":[[[121.12777195000001,15.595702280000069],[121.1234513390001,15.595977473000062],[121.11888582200004,15.593413386000066],[121.11388327800012,15.594925903000046],[121.10643477500003,15.600689663000026],[121.10506884300003,15.602900548000036],[121.10530855400009,15.60812263400004],[121.100883941,15.606841196000062],[121.09659347800005,15.603927741000064],[121.09469541800001,15.59435853900004],[121.0995341040001,15.590174713000067],[121.10866575900002,15.588246515000037],[121.10888404500008,15.583771641000055],[121.10550060300011,15.581079440000053],[121.09276722000004,15.580388199000026],[121.08516357100007,15.583225924000033],[121.08191928800011,15.581685550000032],[121.08307917600007,15.576488347000065],[121.08198696900001,15.571477363000042],[121.08593680800004,15.568892013000038],[121.08790628400004,15.565416429000038],[121.08760110500009,15.559832880000044],[121.0910936900001,15.555721816000073],[121.09013800100001,15.552589948000048],[121.08298070500007,15.55113779800007],[121.07450391000009,15.555467148000048],[121.06559054200011,15.550883130000045],[121.05333011300002,15.547717975000069],[121.045617321,15.550555701000064],[121.03826833900007,15.545098536000069],[121.02928220900003,15.54622635000004],[121.02822715700006,15.54397072200004],[121.0306646900001,15.54182423800006],[121.03272725000011,15.542291154000054],[121.03143450700009,15.539480327000035],[121.03260865000004,15.538033403000043],[121.03460135300008,15.540112605000047],[121.03718662200004,15.539213476000043],[121.0363695850001,15.535727965000035],[121.03849122600002,15.536782170000038],[121.04009293500008,15.53500917100007],[121.03853866600002,15.53408401300004],[121.04107049400011,15.533974109000042],[121.04465008500006,15.536921162000056],[121.04649019600004,15.535052299000029],[121.04825842800005,15.535483575000057],[121.04821530000004,15.538013728000067],[121.050946715,15.535483575000057],[121.04938773000003,15.534334775000048],[121.05088043700005,15.530343193000022],[121.05952946800005,15.524532450000038],[121.06272078900008,15.523951355000065],[121.06787362000011,15.526708988000053],[121.06795036800008,15.522944729000073],[121.06966126700001,15.52101867400006],[121.07244159900006,15.522691793000035],[121.075099539,15.522356152000043],[121.07500717000005,15.513471251000055],[121.0783619230001,15.513535167000043],[121.08133552400011,15.508584443000075],[121.08492520800007,15.50863723200007],[121.0819396710001,15.504437537000058],[121.08467618600002,15.502988562000041],[121.08809844100006,15.503510789000075],[121.08681389800006,15.501023819000068],[121.08774651200008,15.496407673000022],[121.09246823600006,15.495568908000052],[121.09287295500008,15.492290095000044],[121.09617497800002,15.481402652000043],[121.09351678200005,15.478678990000049],[121.09694425200007,15.478120279000052],[121.10000885300008,15.474286014000029],[121.10327333100008,15.47436534600007],[121.10457804100008,15.472270283000057],[121.09932545400011,15.469279399000072],[121.09529107900005,15.468865316000063],[121.0981551960001,15.465199659000064],[121.0944637240001,15.463050767000027],[121.0995367050001,15.460812662000023],[121.0961087820001,15.459594121000066],[121.09413253500009,15.452646377000065],[121.0893845270001,15.451182265000057],[121.08983825000007,15.449466177000033],[121.08802329700006,15.448177004000058],[121.088475173,15.443547976000048],[121.08506567200004,15.444726411000033],[121.08196191000002,15.44118530000003],[121.07929006200004,15.44363229000004],[121.07636633100003,15.444141375000072],[121.07071241500012,15.441785117000052],[121.06656734300009,15.435948177000057],[121.0676717550001,15.431276746000037],[121.0659372770001,15.427124623000054],[121.07191732600006,15.427763001000073],[121.07348371600006,15.42428428900007],[121.07513441900005,15.424381663000077],[121.07775618700009,15.421540847000074],[121.07737399700011,15.419532445000073],[121.079814929,15.41828728400003],[121.07856420500002,15.416529930000024],[121.08253358200011,15.415756901000066],[121.08449218400006,15.416080065000074],[121.08566130300005,15.412592289000031],[121.08751449500005,15.413233778000063],[121.09174832500003,15.410553778000065],[121.09401492200004,15.411009948000071],[121.0929600280001,15.408757607000041],[121.09648109200009,15.407403351000028],[121.09625300700009,15.405093989000022],[121.10358024200002,15.409627182000065],[121.11164875500003,15.402984202000027],[121.14531097800011,15.410277310000026],[121.15859266400003,15.418182382000055],[121.16095734600003,15.416095364000057],[121.18029665200004,15.411721267000075],[121.18183917300007,15.436014686000021],[121.13995663500009,15.458775369000023],[121.12327293800001,15.463198393000027],[121.12256698400006,15.465257570000063],[121.11751762800009,15.468371870000055],[121.12881336200007,15.530809121000061],[121.12567052400004,15.546301429000039],[121.13286069500009,15.551334780000047],[121.14149944600001,15.560509592000074],[121.13491966900006,15.585213647000046],[121.13149487800001,15.58682329900006],[121.12777195000001,15.595702280000069]]]}},{"type":"Feature","properties":{"shapeName":"Pantabangan","shapeISO":"","shapeID":"30758251B73416019883102","shapeGroup":"PHL","shapeType":"ADM3","psgc_code":"0304920000","legacy_psgc_code":"034920000","province":"Nueva Ecija"},"geometry":{"type":"MultiPolygon","coordinates":[[[[121.16216393600007,15.822067149000077],[121.16174732400009,15.81800819600005],[121.16401329400003,15.81937973600003],[121.16216393600007,15.822067149000077]]],[[[121.11254801700011,15.83141915300007],[121.1109738560001,15.831409983000071],[121.11059573600005,15.829844954000066],[121.11254801700011,15.83141915300007]]],[[[121.13864468600002,15.850768562000042],[121.13664466800003,15.845925237000074],[121.13907632200005,15.846982253000022],[121.13864468600002,15.850768562000042]]],[[[121.22285791500008,15.872750951000057],[121.19399818500005,15.922087606000048],[121.1924981950001,15.942888391000054],[121.18785990100002,15.948386911000057],[121.18967127600001,15.977104733000033],[121.16106635200003,15.973717676000035],[121.12646286200004,15.926781705000053],[121.1056017620001,15.91767174000006],[121.10392885200008,15.916485031000036],[121.10465038100006,15.912453691000053],[121.102395408,15.908997465000027],[121.10508737400005,15.905314082000075],[121.10443031400007,15.904347938000058],[121.1060996010001,15.90358786400003],[121.10277440100003,15.903243088000067],[121.10155603200008,15.901616649000061],[121.10584334400005,15.898247853000044],[121.10438087000011,15.891620437000029],[121.10623037000005,15.89139893500004],[121.10542440900008,15.889633736000064],[121.1066416220001,15.887505372000078],[121.10525969600008,15.88060218000004],[121.108487996,15.882432551000022],[121.10798960500006,15.885196567000037],[121.10927249500003,15.887098168000023],[121.11114231900001,15.886250945000029],[121.11240373300006,15.88460290200004],[121.11359561100005,15.885067052000068],[121.11254602600002,15.883975987000042],[121.11078140400002,15.885918186000026],[121.10949563000008,15.886241894000023],[121.10916395400011,15.885369753000077],[121.11589703000004,15.880080554000074],[121.11829575600007,15.87973280400007],[121.11926282200011,15.881750757000077],[121.12003240600006,15.879044186000044],[121.12156750600002,15.880521412000064],[121.12396029600006,15.878938910000045],[121.12552982500006,15.883138951000035],[121.12924849800004,15.884846157000027],[121.13108590800005,15.892601408000075],[121.1330496810001,15.89215835400006],[121.13486014900002,15.896601176000047],[121.13866609400009,15.898292285000025],[121.14034502900006,15.898542202000044],[121.14090431400007,15.896487765000074],[121.13884525200001,15.893959155000061],[121.13846001000002,15.89024050200004],[121.14104299700011,15.889562772000033],[121.14461778100008,15.893560345000026],[121.14761503900002,15.892770016000043],[121.149576066,15.894012387000032],[121.15018676700004,15.89293557600007],[121.1486974390001,15.892996216000029],[121.14803366600006,15.891059188000042],[121.14365953300012,15.889769534000038],[121.14565962800009,15.888499713000044],[121.14178411900002,15.888649329000032],[121.13251596200007,15.879856086000075],[121.13431935300002,15.877525161000051],[121.13560365,15.877825650000034],[121.13579145800009,15.874181064000027],[121.13952911700005,15.875709526000037],[121.13896760400007,15.878701698000043],[121.14222925800004,15.878535646000046],[121.14360654500001,15.881193288000077],[121.14684309200004,15.87798398600006],[121.1490434210001,15.879262629000038],[121.15376240800003,15.877284727000074],[121.15274177200001,15.875862698000049],[121.14955198500002,15.877418973000033],[121.14512075700009,15.876964126000075],[121.14359339000009,15.87599455000003],[121.14363549400002,15.873859323000033],[121.14077644800011,15.876018170000066],[121.13561872800005,15.872716082000068],[121.13827497200009,15.869065293000062],[121.1362385970001,15.864029487000039],[121.13777857500008,15.862916551000069],[121.13894364900011,15.864468680000073],[121.14216698500002,15.860959653000066],[121.14029833100005,15.860554798000067],[121.14284589700003,15.859399342000074],[121.14257243400004,15.858393557000056],[121.14491821800004,15.859648871000047],[121.14333709200002,15.85746398300006],[121.14607776100002,15.857784492000064],[121.14519969000003,15.856634241000052],[121.14690667800005,15.856442108000067],[121.14679567200005,15.854973836000056],[121.14974961400003,15.85401328000006],[121.14970198000003,15.855691080000042],[121.1508216630001,15.85379651900007],[121.15289186000007,15.853591300000062],[121.15245523300007,15.85245642600006],[121.15771644000006,15.852678691000051],[121.15687191100005,15.851620475000061],[121.15951799200002,15.851774112000044],[121.16075097800001,15.85042345900007],[121.16256032800004,15.852229484000077],[121.16240731900007,15.849762198000064],[121.16553468900008,15.848036251000053],[121.16753612900004,15.852888015000076],[121.16757412400011,15.84751079700004],[121.16899697800011,15.848116654000023],[121.1683715260001,15.846513788000038],[121.17004523600008,15.845640349000064],[121.171372442,15.846007364000059],[121.17038197400007,15.849175370000069],[121.17243327100005,15.846728686000063],[121.17359204800005,15.850876698000036],[121.17418028500003,15.848608039000055],[121.17622228900007,15.850428094000051],[121.17603034600006,15.847400500000049],[121.17466730900003,15.84831841600004],[121.17246878900005,15.845013572000028],[121.1752374350001,15.842821068000035],[121.1766780910001,15.843345751000072],[121.17612526100004,15.845829107000043],[121.17862972000012,15.844510992000039],[121.1796710650001,15.846361949000027],[121.18055835100006,15.843670792000069],[121.18248097800006,15.845204300000034],[121.18478266700004,15.84258828700007],[121.18582754400006,15.844408287000022],[121.18758452100008,15.84407729700007],[121.187172873,15.842544950000047],[121.18894995100004,15.842243777000022],[121.18264013500004,15.842153947000043],[121.1816897120001,15.83861863900006],[121.183581236,15.838939542000048],[121.18357287900005,15.84047197700005],[121.18449367100004,15.83897808000006],[121.18652262300009,15.84160724000003],[121.18755124800009,15.839434858000061],[121.19047632500008,15.840119365000078],[121.18869860400002,15.838302032000058],[121.1906844880001,15.839006371000039],[121.19149949900009,15.837096676000044],[121.18767143500008,15.83707843600007],[121.18723998100006,15.835883333000027],[121.18957102200011,15.833876927000063],[121.19204211100009,15.83692979500006],[121.19266929600008,15.835898987000064],[121.19538960900002,15.836468874000047],[121.19255300100008,15.835126626000033],[121.19166505800001,15.832107635000057],[121.19591877000005,15.832344112000044],[121.19457099500005,15.831228853000027],[121.19873403200006,15.829704776000028],[121.19939778500009,15.827229695000028],[121.203894407,15.824917370000037],[121.20507402200008,15.822294278000072],[121.2012414730001,15.820346769000025],[121.1982905210001,15.815927269000042],[121.20184522300008,15.815795635000029],[121.20975006800006,15.818581494000057],[121.20693597200011,15.821043130000078],[121.21130885800005,15.822268588000043],[121.21436248500004,15.821160177000024],[121.21508954,15.816129945000057],[121.21760068100002,15.819154565000076],[121.21869481800002,15.816251470000054],[121.22264832500002,15.817626036000036],[121.21982737600001,15.815162314000077],[121.21119575300008,15.81268252700005],[121.20771178600012,15.81405707600004],[121.20180672000004,15.811418151000055],[121.20755565200011,15.80962755400003],[121.20731976400009,15.805757239000059],[121.21395608500006,15.80268197600003],[121.21758188000001,15.79813884500004],[121.21203267500005,15.802631332000033],[121.20577688600008,15.802488868000069],[121.20380975000012,15.806776907000028],[121.19875197500005,15.805710369000053],[121.19638472800011,15.807298120000041],[121.19212049200007,15.806833924000045],[121.18850345800001,15.807819959000028],[121.18698126600009,15.810584316000075],[121.18303270000001,15.808292995000045],[121.1831211760001,15.813179295000054],[121.1814977890001,15.810970649000069],[121.18014062000009,15.813018477000071],[121.17478858100003,15.812545243000045],[121.170979955,15.813514577000035],[121.17040835900002,15.815016683000067],[121.16760186600004,15.813774472000034],[121.16549238400012,15.814909746000069],[121.16538352400005,15.813570023000068],[121.16735158900008,15.812627857000052],[121.1662472910001,15.810071771000025],[121.16280525400009,15.814115052000034],[121.16341204900004,15.816864619000057],[121.15978155800008,15.816525427000045],[121.15851446300007,15.818670459000032],[121.1602924880001,15.819704552000076],[121.1602045620001,15.822660232000032],[121.15701059700007,15.822456853000062],[121.1547853940001,15.824269780000066],[121.15336105800009,15.822495760000038],[121.15508623200003,15.82082679900003],[121.1531393570001,15.819326551000074],[121.15161175800006,15.820012094000049],[121.15031680600009,15.822518271000035],[121.15130856200005,15.824398345000077],[121.14870458500002,15.825554993000026],[121.14760784200007,15.824053676000062],[121.14735839200011,15.829964570000072],[121.14558223900008,15.829148131000068],[121.14445573900002,15.83083408300007],[121.14268652400006,15.829488249000065],[121.1427556430001,15.831389457000057],[121.13766304800004,15.835615346000054],[121.135632342,15.834548488000053],[121.13235955800008,15.836351531000048],[121.13142204500002,15.831376737000028],[121.1276554430001,15.830299892000028],[121.13014050700008,15.829370279000045],[121.12918760700006,15.827519714000061],[121.1266455980001,15.827229157000033],[121.12606845800008,15.825228138000057],[121.121098404,15.824865670000065],[121.12136317900001,15.823445328000048],[121.11969664300011,15.824105533000022],[121.1202144560001,15.82237847700003],[121.11593731000005,15.821748241000023],[121.11812147400008,15.819379161000029],[121.12374173700005,15.823194132000026],[121.12421839700005,15.821218568000063],[121.12815602100011,15.822873920000063],[121.12680600200008,15.820033872000067],[121.1293708720001,15.81763760900003],[121.12560289400005,15.818923873000074],[121.1234106180001,15.817992447000051],[121.12226716600003,15.81998640300003],[121.12238241400007,15.817190150000044],[121.12077870100006,15.818285845000048],[121.12052751700003,15.816287919000047],[121.11793920000002,15.816578660000062],[121.11791216900008,15.813813591000041],[121.11974325000006,15.812728046000075],[121.11979786100005,15.81417607700007],[121.12473280200004,15.81605981100006],[121.1255939880001,15.81516626900003],[121.12259980600004,15.812407294000025],[121.12609705500006,15.813447688000053],[121.12745104900011,15.81168722600006],[121.12871069900007,15.81504463300007],[121.12942140100006,15.812132707000046],[121.13365207200002,15.811623559000054],[121.13360118600008,15.810567874000071],[121.12936436700011,15.811240912000073],[121.12884018200009,15.807642464000025],[121.13312919400005,15.80479411400006],[121.13131478800005,15.803291994000062],[121.1278803030001,15.805697828000064],[121.12725189100001,15.809110676000046],[121.12523536900005,15.809528923000073],[121.12509182100007,15.808097664000059],[121.12285854400011,15.810345591000043],[121.12152537800011,15.809625331000063],[121.12561505600002,15.806024],[121.12532950600007,15.804768599000056],[121.12387716900002,15.80574831000007],[121.12271318700004,15.804631975000063],[121.12282120100008,15.806601330000035],[121.12048677900009,15.806556379000028],[121.11938057900011,15.80861552400006],[121.11514119600008,15.807898496000064],[121.11405206000006,15.811190074000024],[121.11671398200008,15.811734974000046],[121.11761271900002,15.81481016500004],[121.11544881700001,15.817607724000027],[121.1123568920001,15.813956229000041],[121.10608024100009,15.816250729000046],[121.10663630200008,15.818550043000073],[121.10794199000009,15.816882690000057],[121.10805928100001,15.818301168000062],[121.10507252700006,15.822842147000074],[121.10616601800007,15.822891517000073],[121.10496258800003,15.825378387000058],[121.10608711000009,15.82536116700004],[121.1054258900001,15.826585011000077],[121.10410307900008,15.825792885000055],[121.10408803900009,15.828401163000024],[121.10206255600008,15.82937733600005],[121.10530990200004,15.830105767000077],[121.10205317400005,15.833043064000037],[121.10551826100004,15.83218375000007],[121.10647250800002,15.834984677000023],[121.10605172600003,15.833030634000067],[121.10793213800002,15.83181479600006],[121.10848238100004,15.833853242000032],[121.11022350200005,15.83318227500007],[121.11072657700004,15.834866976000058],[121.11251693800011,15.834802621000051],[121.11152439800003,15.836541282000042],[121.1129771310001,15.83606874000003],[121.1129517930001,15.837431361000029],[121.11524234600006,15.832108210000058],[121.1164624270001,15.833913748000043],[121.11544868800001,15.835177654000063],[121.11740864100011,15.836517600000036],[121.11460278100003,15.840269704000036],[121.11724038400007,15.84321096800005],[121.11275759600005,15.842920218000074],[121.11533022300011,15.846674840000048],[121.112239466,15.846734875000038],[121.11026784400008,15.85029382600004],[121.11419643800002,15.848324772000069],[121.1154049590001,15.851090898000052],[121.11657340500005,15.847859708000044],[121.11840603000007,15.847678052000049],[121.11841043600009,15.84973936700004],[121.12046806900003,15.848671610000054],[121.120240211,15.846621683000023],[121.124154771,15.847204216000023],[121.12372554500007,15.848383969000054],[121.12785295600008,15.847311431000037],[121.12634033600011,15.849341856000024],[121.12856604500007,15.849179678000041],[121.12680936700008,15.851626719000024],[121.12416015500003,15.850813968000068],[121.12159549100011,15.852171148000025],[121.12551036400009,15.852554591000057],[121.12364503100002,15.856164880000051],[121.12516405800011,15.856566862000022],[121.11841465600003,15.860700889000043],[121.12296569700004,15.86069148100006],[121.12510487700001,15.859335678000036],[121.12490486700005,15.862030321000077],[121.1235328680001,15.862698374000047],[121.12469153600011,15.863234341000066],[121.12409193500002,15.865143552000063],[121.11803558300005,15.865515113000072],[121.12051134800004,15.865481511000041],[121.12155379600006,15.868132769000056],[121.11848525500011,15.867160871000067],[121.10978092800008,15.869292139000038],[121.1099687950001,15.867400831000054],[121.1088137800001,15.867898164000053],[121.10787079300007,15.865647634000027],[121.10796849600001,15.861993514000062],[121.10623321000003,15.862371809000024],[121.10515553800008,15.860724062000031],[121.1016333010001,15.861966015000064],[121.10657830800005,15.864345600000036],[121.10663772600003,15.869497200000069],[121.10881666000012,15.869207865000021],[121.10939332600003,15.87073096100005],[121.10416937200011,15.871784465000076],[121.10312236900006,15.870617709000044],[121.10311026500005,15.872058783000057],[121.10068917100011,15.869235647000039],[121.099929674,15.870501046000072],[121.09822615300004,15.869616394000047],[121.09810281000011,15.870804775000067],[121.09530477500005,15.871103507000043],[121.09393407000005,15.869011917000023],[121.09478193900009,15.87152459500004],[121.09313187600003,15.871801754000046],[121.09321346900003,15.869616113000063],[121.091134581,15.868726125000023],[121.092622935,15.871002280000027],[121.09208006600011,15.872454623000067],[121.09032679000006,15.872152890000052],[121.09114865300012,15.875186972000051],[121.09013166600005,15.875878570000054],[121.09468142100002,15.873126901000035],[121.10038977300007,15.874027715000068],[121.09795088100009,15.87679036000003],[121.09642514600012,15.87661870100004],[121.09843856300006,15.878542464000077],[121.10101579000002,15.878337750000071],[121.10010537900007,15.882820395000067],[121.10090914700004,15.883857527000032],[121.10097767800005,15.882139402000064],[121.10184676100005,15.882628417000035],[121.10077272400008,15.886795831000029],[121.10125971700006,15.885942156000056],[121.10200848400007,15.886932826000077],[121.0994073820001,15.890848176000077],[121.09677406000003,15.89045522500004],[121.09406208300004,15.893865603000052],[121.09919095300006,15.898281258000054],[121.10295307400008,15.898020017000022],[121.09920423000005,15.901356588000056],[121.0995939820001,15.904619102000026],[121.10226320400011,15.904961181000033],[121.10013260800008,15.907080559000065],[121.10144012500007,15.91254267100004],[121.09936090000008,15.913573451000047],[121.10150643500003,15.913255735000064],[121.10235850900006,15.911704102000044],[121.10352168000009,15.912768603000075],[121.10101392500007,15.916656921000026],[121.05048457300006,15.89655298300005],[121.03645614600009,15.873885459000064],[121.01704493800003,15.866128070000059],[121.060746515,15.821525907000023],[121.06115942000008,15.786765693000063],[121.06761549300006,15.776421869000046],[121.07072164200008,15.766143733000035],[121.08883159600009,15.742780938000067],[121.08491808400004,15.734696330000077],[121.10178463700004,15.726049008000075],[121.10883166600001,15.724580210000056],[121.11232656900006,15.726616567000065],[121.13928131300008,15.72898331700003],[121.1533133800001,15.72571146100006],[121.18516331,15.708809818000077],[121.22661736700002,15.720922998000049],[121.27171041200006,15.739688244000035],[121.28476349300001,15.75441853700005],[121.28033899700006,15.76713201800004],[121.22285791500008,15.872750951000057]]]]}},{"type":"Feature","properties":{"shapeName":"Peñaranda","shapeISO":"","shapeID":"30758251B17193566856457","shapeGroup":"PHL","shapeType":"ADM3","psgc_code":"0304921000","legacy_psgc_code":"034921000","province":"Nueva Ecija"},"geometry":{"type":"Polygon","coordinates":[[[121.06646792700008,15.31729679800003],[121.07437971400009,15.320680948000074],[121.07659154900011,15.326392807000047],[121.06842974900007,15.329512100000045],[121.06853486400007,15.332521453000027],[121.06690687100001,15.334726026000055],[121.06077646300002,15.334742984000059],[121.05578225700003,15.33852467500003],[121.04808309600003,15.340356970000073],[121.03924836300007,15.339019825000037],[121.02372900500006,15.340673504000051],[121.02355568100006,15.349741103000042],[121.02553864700008,15.350641298000028],[121.02560826700005,15.352603645000045],[121.03384416600011,15.354239346000043],[121.03374987000007,15.360378775000072],[121.036445092,15.361533188000067],[121.03295005100006,15.365696911000043],[121.03402485200002,15.372586093000052],[121.03310959400005,15.378634050000073],[121.02854694300004,15.390725318000023],[121.02918091600009,15.392310249000047],[121.04330443800006,15.392977922000057],[121.05194249300007,15.407020921000026],[121.06891067300012,15.404957890000048],[121.07344595500001,15.409955840000066],[121.0752354220001,15.41049907100006],[121.07927354300011,15.408560967000028],[121.0812440090001,15.409626956000068],[121.07946339400007,15.412373315000025],[121.08253358200011,15.415756901000066],[121.07856420500002,15.416529930000024],[121.079814929,15.41828728400003],[121.07737399700011,15.419532445000073],[121.07775618700009,15.421540847000074],[121.07513441900005,15.424381663000077],[121.07348371600006,15.42428428900007],[121.07191732600006,15.427763001000073],[121.0659372770001,15.427124623000054],[121.06335441600004,15.424532689000046],[121.06029545100012,15.425908827000057],[121.06014787100003,15.427277235000076],[121.05768680000006,15.426753880000035],[121.05726316200003,15.42405523900004],[121.05518703700011,15.422318158000053],[121.05370928800005,15.423795523000024],[121.047966072,15.422375886000054],[121.04527354700008,15.424204031000045],[121.04236844800005,15.422601092000036],[121.0365516170001,15.424033293000036],[121.03537531900008,15.422435215000064],[121.03370396000003,15.424105368000028],[121.02937188300007,15.42476829800006],[121.02758456700008,15.427661947000047],[121.02477144400007,15.427750194000055],[121.02464937600007,15.425362775000053],[121.02125730700004,15.426056411000047],[121.01899946800006,15.424895394000032],[121.01918919000002,15.423114763000058],[121.01562728300007,15.421339155000055],[121.01511621300006,15.417169211000044],[121.01266083700011,15.415685954000026],[121.01100580900004,15.41631793700003],[121.00788879400011,15.41386865100003],[121.00476625300007,15.413963394000064],[121.0026104210001,15.41043171900003],[121.00374525000007,15.407550332000028],[121.00154200200006,15.40759642200004],[121.00156817900006,15.403078046000076],[120.99739327700001,15.40282313800003],[120.99808905200007,15.398708377000048],[120.99535878300003,15.399810258000059],[120.99111395800003,15.396837556000037],[120.98856017700007,15.398367972000074],[120.98892086,15.395155702000068],[120.98766457700003,15.39477628800006],[120.98629428600009,15.382527184000025],[120.98252107600001,15.377182468000058],[120.98772226200003,15.374083316000053],[120.98726729700002,15.368697274000056],[120.97210101200005,15.360541088000048],[120.97999722100008,15.359035345000052],[120.98142302600002,15.354028801000027],[120.98910839700011,15.348134407000032],[120.99386626400008,15.339551056000062],[120.99975068200001,15.339394565000077],[121.00238968600001,15.334871099000054],[121.00866118400006,15.330808438000076],[121.03193778600007,15.326775353000073],[121.03383392400008,15.323103514000024],[121.06074329300009,15.321830817000034],[121.06646792700008,15.31729679800003]]]}},{"type":"Feature","properties":{"shapeName":"Quezon","shapeISO":"","shapeID":"30758251B11811297949808","shapeGroup":"PHL","shapeType":"ADM3","psgc_code":"0304922000","legacy_psgc_code":"034922000","province":"Nueva Ecija"},"geometry":{"type":"Polygon","coordinates":[[[120.87388063900005,15.56121493300003],[120.87181926300002,15.560239293000052],[120.86303530200007,15.575111305000064],[120.86050455000009,15.575280280000072],[120.86133921900012,15.577125503000048],[120.85992975300007,15.58038066000006],[120.85334790900004,15.581751258000054],[120.85340297900007,15.583284844000048],[120.85095090700008,15.583991617000038],[120.847280984,15.58927480400007],[120.84676545500008,15.59406029400003],[120.84946536500001,15.594443100000035],[120.8486739330001,15.606090807000044],[120.84990101000005,15.610663764000037],[120.8455068830001,15.609509566000042],[120.84574521500008,15.608229986000026],[120.841179065,15.606008393000025],[120.83787360500003,15.605055292000031],[120.83293558300011,15.606730355000025],[120.83128437100004,15.60495609800006],[120.82915723500003,15.616579365000064],[120.83313306600007,15.623740981000026],[120.83111279200011,15.625699385000075],[120.82445814700009,15.627098658000023],[120.82423164400006,15.628252683000028],[120.81942686800005,15.627734072000067],[120.81996174300002,15.623741879000022],[120.81694424700004,15.620386690000032],[120.8166660600001,15.615802443000064],[120.81372099100008,15.614465138000071],[120.81488356000011,15.610935970000071],[120.80804314000011,15.602675098000077],[120.80798421700001,15.59971454400005],[120.80632236800011,15.598522669000033],[120.80186112900003,15.59934012900004],[120.80483304800009,15.595407241000032],[120.79832391500008,15.594136846000026],[120.79981220400009,15.591303546000063],[120.79787168900009,15.586974208000072],[120.78985375500008,15.580798216000062],[120.791290666,15.574161986000036],[120.79603669800008,15.56790585300007],[120.79511619800007,15.561224250000066],[120.79313221200005,15.559192882000048],[120.79160172200011,15.553285490000064],[120.80004297800008,15.547214093000036],[120.80011555400006,15.542671153000072],[120.79802850700003,15.540190894000034],[120.80099321000012,15.535042426000075],[120.80055837800012,15.532865901000037],[120.80593988400005,15.524926462000053],[120.8098123420001,15.521802554000033],[120.80941032300007,15.519057153000062],[120.81196969200005,15.516083723000065],[120.81638846400006,15.518016935000048],[120.8223384040001,15.524180176000073],[120.84790155300004,15.529560848000074],[120.85194352300005,15.53282364200004],[120.85997876400006,15.532141864000039],[120.8601836260001,15.537131755000075],[120.86786791000009,15.542271138000046],[120.86835489400005,15.54636180600005],[120.87254295900004,15.546069615000022],[120.87449089600011,15.547822759000042],[120.87443878200008,15.551781789000074],[120.87701389600011,15.554978997000035],[120.87388063900005,15.56121493300003]]]}},{"type":"Feature","properties":{"shapeName":"Rizal","shapeISO":"","shapeID":"30758251B98228073754255","shapeGroup":"PHL","shapeType":"ADM3","psgc_code":"0304923000","legacy_psgc_code":"034923000","province":"Nueva Ecija"},"geometry":{"type":"Polygon","coordinates":[[[121.22661736700002,15.720922998000049],[121.18516331,15.708809818000077],[121.1533133800001,15.72571146100006],[121.13928131300008,15.72898331700003],[121.11232656900006,15.726616567000065],[121.10883166600001,15.724580210000056],[121.10178463700004,15.726049008000075],[121.08491808400004,15.734696330000077],[121.07505588900005,15.73949269800005],[121.0644673490001,15.740321169000026],[121.05891127100006,15.73860028100006],[121.05455228000005,15.73019246900003],[121.0592623770001,15.729703870000037],[121.06780148500002,15.725074233000043],[121.06821300900003,15.722810855000034],[121.06495687600011,15.715735666000057],[121.06441341000004,15.70761806400003],[121.06092196000009,15.696875140000031],[121.05678108200004,15.69501045900006],[121.05611947200009,15.688625137000031],[121.04696809200004,15.690296258000046],[121.03936879900004,15.65768711800007],[121.03800731400008,15.657515672000045],[121.03989322300004,15.654701937000027],[121.03935871400006,15.652463050000051],[121.03456830400012,15.65079901300004],[121.0365853180001,15.64746085400003],[121.03461572700007,15.641428848000032],[121.03081102700003,15.64187140200005],[121.02670685900011,15.638599352000028],[121.06029811600001,15.63253617600003],[121.06514033100007,15.636247814000058],[121.08289472500007,15.62805056600007],[121.1038253480001,15.635608682000054],[121.11190554000007,15.634036374000061],[121.11913957700006,15.63463796700006],[121.11909031200003,15.639334589000043],[121.12273594100009,15.639531650000038],[121.12651294500006,15.643883415000062],[121.12440339800003,15.649197455000035],[121.13264883000011,15.65069929200007],[121.13335058700011,15.653901288000043],[121.12550441700012,15.658707354000057],[121.12654556900009,15.65891571700007],[121.12529350000011,15.66218931900005],[121.1278437630001,15.661553634000029],[121.12933723700007,15.665847627000062],[121.13126399200007,15.661246209000069],[121.13311570300004,15.660484543000052],[121.13511400900006,15.662487331000023],[121.13441223400002,15.66398431400006],[121.13572126200006,15.666172326000037],[121.14528823900002,15.67385095700007],[121.19286218700006,15.687081136000074],[121.19625020100011,15.689555528000028],[121.20910808600001,15.690535586000067],[121.21205818900012,15.692128642000057],[121.21719136800004,15.69112560700006],[121.22079049400008,15.69254165600006],[121.22916475000011,15.70926640500005],[121.22661736700002,15.720922998000049]]]}},{"type":"Feature","properties":{"shapeName":"San Antonio","shapeISO":"","shapeID":"30758251B18161009725227","shapeGroup":"PHL","shapeType":"ADM3","psgc_code":"0304924000","legacy_psgc_code":"034924000","province":"Nueva Ecija"},"geometry":{"type":"Polygon","coordinates":[[[120.77076961700004,15.267591357000072],[120.77061057200001,15.271637714000065],[120.7736303800001,15.27380211700006],[120.77443123000012,15.276184894000039],[120.8424184910001,15.268183747000023],[120.83131210800002,15.251106040000025],[120.83305075400006,15.250926180000022],[120.836847798,15.245010785000034],[120.843522602,15.24417143900007],[120.84729546200003,15.247042445000034],[120.84430182400001,15.254105356000025],[120.84453509500008,15.259366901000021],[120.86011624500009,15.259538066000061],[120.86461336500008,15.267062639000073],[120.869772538,15.270021047000057],[120.8735607430001,15.274711205000074],[120.87341643000002,15.279148816000031],[120.86697648300003,15.284001325000077],[120.862845536,15.28228761400004],[120.85729442900004,15.275451804000056],[120.8531887790001,15.275281024000037],[120.8509562800001,15.277074018000064],[120.85113141600004,15.283392506000041],[120.85385080500009,15.288587758000062],[120.86380160700003,15.293940852000048],[120.86903068200002,15.30486350800004],[120.87223712600007,15.305715854000027],[120.88234351500012,15.302793525000027],[120.88850205200004,15.311396484000056],[120.891916,15.31319],[120.88796298400007,15.314089],[120.8843964020001,15.31868884000005],[120.88318553900001,15.324993634000066],[120.87716680000005,15.331018800000038],[120.87419684000008,15.336496659000034],[120.87097707900011,15.335493475000021],[120.86847465000005,15.339185523000026],[120.86522507200004,15.33895820400005],[120.86696850700002,15.341607253000063],[120.86626795300003,15.343681090000075],[120.86184536200005,15.346313163000048],[120.86270070900002,15.348675900000046],[120.85859885800005,15.351800041000047],[120.86058805800008,15.363729472000045],[120.85369519100004,15.372808220000024],[120.85021874600011,15.373825521000072],[120.84390767400009,15.372922680000045],[120.84082193900008,15.378216481000038],[120.82797858600009,15.379437495000047],[120.82075199400003,15.384320309000032],[120.81565966800008,15.392221841000037],[120.81435232400008,15.390750938000053],[120.81085371900008,15.390797023000061],[120.80644163000011,15.397831366000048],[120.80318895200003,15.397993618000044],[120.80034119400011,15.400836619000074],[120.79403627800002,15.40082693000005],[120.79325943900005,15.40310882600005],[120.78845498700002,15.399724906000074],[120.7868694450001,15.39583820300004],[120.7797679900001,15.395060546000025],[120.77533740700005,15.399790344000053],[120.75392125000008,15.40082727500004],[120.7536256200001,15.399396641000067],[120.74993883200011,15.39774215500006],[120.74892400700003,15.389975470000024],[120.74711252600002,15.386656925000068],[120.74274261300002,15.384070224000027],[120.74187423800004,15.381475093000063],[120.74275638200004,15.378928649000045],[120.74515527900007,15.37791889700003],[120.74549506800008,15.369066684000074],[120.74198702700005,15.363566881000054],[120.74313688500001,15.35904748300004],[120.74140045100012,15.358813220000059],[120.7394384160001,15.35272638300006],[120.73776160400007,15.352537409000035],[120.73660991100007,15.349449526000058],[120.73879729500004,15.342096032000029],[120.73731254100005,15.337543457000038],[120.73899844700009,15.335248329000024],[120.7384524040001,15.333535906000066],[120.742345053,15.330581377000044],[120.74175236500002,15.329038409000077],[120.74483669800009,15.32621160900004],[120.7530612920001,15.324952410000037],[120.7553515410001,15.323333416000025],[120.75572014200009,15.319438281000032],[120.74201197700006,15.300804309000057],[120.74884701700012,15.288149819000068],[120.7495589020001,15.274115519000077],[120.74335533400006,15.275742684000022],[120.74068670100007,15.28074293000003],[120.73421095200001,15.27715833800005],[120.73714752700005,15.278461951000054],[120.73954943900003,15.275697114000025],[120.73923871400007,15.269425218000038],[120.73726907900004,15.267155592000051],[120.73540473100002,15.25724563600005],[120.74215275600011,15.256829392000043],[120.74470085900009,15.258151816000066],[120.74503291400003,15.263005959000054],[120.75508926600003,15.266119971000023],[120.77076961700004,15.267591357000072]]]}},{"type":"Feature","properties":{"shapeName":"San Isidro","shapeISO":"","shapeID":"30758251B57487055116428","shapeGroup":"PHL","shapeType":"ADM3","psgc_code":"0304925000","legacy_psgc_code":"034925000","province":"Nueva Ecija"},"geometry":{"type":"Polygon","coordinates":[[[120.91069466400006,15.217302066000059],[120.91294639600005,15.221324371000037],[120.91662078200011,15.21937850200004],[120.92673340100009,15.227052066000056],[120.93357815900004,15.229221370000062],[120.93643874400004,15.232940130000031],[120.93949956900008,15.234012849000067],[120.94185910400006,15.240977694000037],[120.93843349600002,15.248501313000077],[120.93872362900004,15.25776341900007],[120.92714517400009,15.30007465400007],[120.92783010000005,15.308330300000023],[120.9240984160001,15.314083221000033],[120.91403510900011,15.313665571000058],[120.9177309480001,15.315446836000035],[120.91120119100003,15.320827231000067],[120.90708457400001,15.320763942000042],[120.90697091400011,15.316470121000066],[120.90459134600007,15.315763737000054],[120.90413326700002,15.313684701000057],[120.891916,15.31319],[120.88850205200004,15.311396484000056],[120.88234351500012,15.302793525000027],[120.87223712600007,15.305715854000027],[120.86903068200002,15.30486350800004],[120.86380160700003,15.293940852000048],[120.86559379200003,15.290853173000073],[120.868729658,15.289995734000058],[120.87556564200008,15.283798425000043],[120.8780955310001,15.278218572000071],[120.88692259000004,15.28470419000007],[120.89251222500002,15.285173050000026],[120.89379078600007,15.287198993000061],[120.90451281000003,15.276557748000073],[120.90341913700001,15.27498786600006],[120.90420272600011,15.271480044000043],[120.89843980400008,15.266884185000038],[120.90222184400011,15.261296881000021],[120.89595185400003,15.252355046000048],[120.89891444300008,15.249894735000055],[120.89888039000004,15.248379388000046],[120.90017439500002,15.24848154600005],[120.89830149400007,15.24557003600006],[120.89981684100007,15.245382746000075],[120.90215641400005,15.239365755000051],[120.89934052400008,15.238584572000036],[120.89719681300005,15.234297151000021],[120.89483509800004,15.235932185000024],[120.89490776600007,15.232989125000074],[120.89212821000001,15.23329796400003],[120.8929638940001,15.22594031400007],[120.89163770000005,15.225304468000047],[120.91069466400006,15.217302066000059]]]}},{"type":"Feature","properties":{"shapeName":"San Jose City","shapeISO":"","shapeID":"30758251B74441854533051","shapeGroup":"PHL","shapeType":"ADM3","psgc_code":"0304926000","legacy_psgc_code":"034926000","province":"Nueva Ecija"},"geometry":{"type":"Polygon","coordinates":[[[120.96234772600008,15.872741707000046],[120.9624857880001,15.860277049000047],[120.95975638100003,15.834057074000043],[120.94840828100007,15.827084311000021],[120.9478724270001,15.821799509000073],[120.94214706100001,15.81687826600006],[120.94114145600008,15.812567633000072],[120.91890230700005,15.802548709000064],[120.91063906000011,15.800819347000072],[120.91664966400003,15.795126989000039],[120.91574767800012,15.781801569000038],[120.9372187680001,15.779339205000042],[120.93694599300011,15.777962933000026],[120.9415476590001,15.772382677000053],[120.94389146300011,15.762263654000037],[120.9471418170001,15.757418796000024],[120.94509169700007,15.750674811000067],[120.94732101300008,15.749369338000065],[120.94463773100006,15.744689547000064],[120.95108084600008,15.744632527000022],[120.95254138000007,15.736308712000039],[120.95594750400005,15.73576150100007],[120.96614924800008,15.726446792000047],[120.96512207600006,15.715641983000069],[120.96220327500009,15.712685238000063],[120.96156988700011,15.706732209000052],[120.9524928940001,15.701734763000047],[120.95367025500002,15.699043345000064],[120.95192952100001,15.698457102000077],[120.94900881600006,15.693576293000035],[120.94973123000011,15.684666374000074],[120.95508884300011,15.684668201000022],[120.9569078510001,15.679426164000063],[120.96960408500001,15.682487510000044],[120.96895876400004,15.684446807000029],[120.97199257600005,15.68545709600005],[120.97287692500004,15.687315445000024],[120.97327204900012,15.692594930000041],[120.9745642470001,15.691659887000071],[120.97705520400007,15.693492353000067],[120.97460250900008,15.696887830000037],[120.97478736200003,15.700481893000074],[120.97679665900012,15.701110021000034],[120.9811396340001,15.70663201800005],[120.97991082900012,15.708458645000064],[120.98361065000006,15.716630831000032],[120.98242037300008,15.717840307000074],[120.98952984300001,15.723347551000074],[120.99025408800003,15.726552084000048],[120.98918260300002,15.727643411000031],[120.99228792500003,15.731522582000025],[120.99227039700008,15.733651106000025],[121.00897039000006,15.73109792400004],[121.00353837300008,15.741982932000042],[121.00746033100006,15.74676478400005],[121.01269935800008,15.749178433000054],[121.01521628000012,15.756162741000026],[121.01742590600008,15.756646342000067],[121.01873890000002,15.754784018000066],[121.02152973500006,15.754631244000052],[121.02103707800006,15.75314669100004],[121.02623518100006,15.747978615000022],[121.02775631200007,15.748137449000069],[121.02834307400008,15.746170181000025],[121.02848255600009,15.742252145000066],[121.02599024100004,15.743270798000026],[121.02250927400007,15.73482251400003],[121.02302651000002,15.727801313000043],[121.0459907500001,15.721884927000076],[121.05092903000002,15.718695622000041],[121.05206071900011,15.721782047000033],[121.0556516050001,15.72283268800004],[121.05345725500001,15.727950608000071],[121.05455228000005,15.73019246900003],[121.05891127100006,15.73860028100006],[121.0644673490001,15.740321169000026],[121.07505588900005,15.73949269800005],[121.08491808400004,15.734696330000077],[121.08883159600009,15.742780938000067],[121.07072164200008,15.766143733000035],[121.06761549300006,15.776421869000046],[121.06115942000008,15.786765693000063],[121.060746515,15.821525907000023],[121.01704493800003,15.866128070000059],[121.01451853800006,15.866034512000056],[121.01186871700008,15.86273921000003],[121.00544395500003,15.86137356100005],[120.97040856900003,15.862736168000026],[120.96234772600008,15.872741707000046]]]}},{"type":"Feature","properties":{"shapeName":"San Leonardo","shapeISO":"","shapeID":"30758251B34551572627583","shapeGroup":"PHL","shapeType":"ADM3","psgc_code":"0304927000","legacy_psgc_code":"034927000","province":"Nueva Ecija"},"geometry":{"type":"Polygon","coordinates":[[[120.97210101200005,15.360541088000048],[120.98726729700002,15.368697274000056],[120.98772226200003,15.374083316000053],[120.98252107600001,15.377182468000058],[120.98629428600009,15.382527184000025],[120.98766457700003,15.39477628800006],[120.98092786600012,15.397857975000022],[120.97632430700003,15.393271278000043],[120.9733142880001,15.393528437000043],[120.97128652900005,15.395535117000065],[120.97295173600003,15.397006401000056],[120.97236575200009,15.398330135000037],[120.96998387400004,15.39811934900007],[120.96912808400009,15.399978479000026],[120.9667588530001,15.399249160000068],[120.96590650400003,15.403017514000055],[120.96281833700004,15.402401066000039],[120.96191144800002,15.40368730800003],[120.96112903300002,15.402075060000072],[120.95763187700004,15.404730528000073],[120.9534036770001,15.401071356000045],[120.95137651200002,15.401928851000037],[120.94637754300004,15.399799404000078],[120.94394301900002,15.401026822000063],[120.94388937200006,15.398991115000058],[120.94064284600006,15.40031536600003],[120.93826986900001,15.398601778000057],[120.94046325400006,15.396730071000036],[120.940546487,15.394299657000033],[120.93615288800004,15.387576031000037],[120.92219125800011,15.382022390000031],[120.91351522100001,15.374051486000042],[120.91407299800005,15.367670539000073],[120.91569147100006,15.36600601300006],[120.91919102600002,15.364494169000068],[120.92852001500012,15.36426010300005],[120.93056980100005,15.361815178000029],[120.92840180600001,15.357232862000046],[120.91626201500003,15.35288063400003],[120.9073442130001,15.345027630000061],[120.90813561700008,15.342287988000066],[120.91007760800005,15.341299715000048],[120.91612498300003,15.343901878000054],[120.91866024300009,15.343225666000023],[120.92293936300007,15.338570377000053],[120.92291264300002,15.321470801000032],[120.9177309480001,15.315446836000035],[120.91403510900011,15.313665571000058],[120.9240984160001,15.314083221000033],[120.92783010000005,15.308330300000023],[120.93931636100001,15.307978591000051],[120.94643888900009,15.317430585000068],[120.95932394300007,15.32276063200004],[120.96070284400002,15.328949425000076],[120.96441176700012,15.335855071000026],[120.96190497400005,15.350851446000036],[120.96604659400009,15.35870311800005],[120.97210101200005,15.360541088000048]]]}},{"type":"Feature","properties":{"shapeName":"Santa Rosa","shapeISO":"","shapeID":"30758251B64711769669344","shapeGroup":"PHL","shapeType":"ADM3","psgc_code":"0304928000","legacy_psgc_code":"034928000","province":"Nueva Ecija"},"geometry":{"type":"Polygon","coordinates":[[[120.86337524500004,15.461496853000028],[120.8619385180001,15.454340299000023],[120.856749379,15.450031888000069],[120.85539639400008,15.445658344000037],[120.85372675600001,15.445963764000055],[120.852152896,15.444240887000035],[120.85176930700004,15.43742887600007],[120.8596646420001,15.433407474000035],[120.85906148700008,15.431509341000037],[120.86412501200004,15.426210565000076],[120.8704617200001,15.415274041000032],[120.87500757500004,15.415823801000045],[120.89197020300003,15.407971923000048],[120.92510740300008,15.405172322000055],[120.93287103600005,15.400129384000024],[120.93826986900001,15.398601778000057],[120.94064284600006,15.40031536600003],[120.94388937200006,15.398991115000058],[120.94394301900002,15.401026822000063],[120.94637754300004,15.399799404000078],[120.95137651200002,15.401928851000037],[120.9534036770001,15.401071356000045],[120.95763187700004,15.404730528000073],[120.96112903300002,15.402075060000072],[120.96191144800002,15.40368730800003],[120.96281833700004,15.402401066000039],[120.96590650400003,15.403017514000055],[120.9667588530001,15.399249160000068],[120.96912808400009,15.399978479000026],[120.96998387400004,15.39811934900007],[120.97236575200009,15.398330135000037],[120.97295173600003,15.397006401000056],[120.97128652900005,15.395535117000065],[120.9733142880001,15.393528437000043],[120.97632430700003,15.393271278000043],[120.98092786600012,15.397857975000022],[120.98766457700003,15.39477628800006],[120.98892086,15.395155702000068],[120.98856017700007,15.398367972000074],[120.99111395800003,15.396837556000037],[120.99535878300003,15.399810258000059],[120.99808905200007,15.398708377000048],[120.99739327700001,15.40282313800003],[121.00156817900006,15.403078046000076],[121.00154200200006,15.40759642200004],[121.00374525000007,15.407550332000028],[121.0026104210001,15.41043171900003],[121.00476625300007,15.413963394000064],[121.00788879400011,15.41386865100003],[121.01100580900004,15.41631793700003],[121.01266083700011,15.415685954000026],[121.01511621300006,15.417169211000044],[121.01562728300007,15.421339155000055],[121.01918919000002,15.423114763000058],[121.01899946800006,15.424895394000032],[121.02125730700004,15.426056411000047],[121.02464937600007,15.425362775000053],[121.02477144400007,15.427750194000055],[121.02758456700008,15.427661947000047],[121.02937188300007,15.42476829800006],[121.03370396000003,15.424105368000028],[121.03537531900008,15.422435215000064],[121.0365516170001,15.424033293000036],[121.04236844800005,15.422601092000036],[121.04527354700008,15.424204031000045],[121.047966072,15.422375886000054],[121.05370928800005,15.423795523000024],[121.05518703700011,15.422318158000053],[121.05726316200003,15.42405523900004],[121.05768680000006,15.426753880000035],[121.06014787100003,15.427277235000076],[121.06029545100012,15.425908827000057],[121.06335441600004,15.424532689000046],[121.0659372770001,15.427124623000054],[121.0676717550001,15.431276746000037],[121.06656734300009,15.435948177000057],[121.07071241500012,15.441785117000052],[121.07636633100003,15.444141375000072],[121.07929006200004,15.44363229000004],[121.08196191000002,15.44118530000003],[121.08506567200004,15.444726411000033],[121.088475173,15.443547976000048],[121.08802329700006,15.448177004000058],[121.08983825000007,15.449466177000033],[121.0893845270001,15.451182265000057],[121.09413253500009,15.452646377000065],[121.0961087820001,15.459594121000066],[121.0995367050001,15.460812662000023],[121.0944637240001,15.463050767000027],[121.0981551960001,15.465199659000064],[121.09529107900005,15.468865316000063],[121.09932545400011,15.469279399000072],[121.10457804100008,15.472270283000057],[121.10327333100008,15.47436534600007],[121.10000885300008,15.474286014000029],[121.09694425200007,15.478120279000052],[121.09351678200005,15.478678990000049],[121.09617497800002,15.481402652000043],[121.09287295500008,15.492290095000044],[121.08706959900007,15.488269850000052],[121.08356781900011,15.483480880000059],[121.08166505100007,15.465516440000044],[121.07864748400004,15.45853072400007],[121.0728260950001,15.455851598000038],[121.072638503,15.45250044200003],[121.07038526300005,15.452131505000068],[121.06501590500011,15.454798680000067],[121.05855939000003,15.45444720200004],[121.05565094300005,15.456988433000049],[121.05320218400004,15.45724399200003],[121.04656902700003,15.451851304000058],[121.0366318130001,15.449751234000075],[121.03474007600005,15.447288572000048],[121.02934592500003,15.446603830000072],[121.02336737300004,15.44355504300006],[121.01682044000006,15.446742356000073],[121.01227108800003,15.445569316000046],[121.01136735000011,15.448317983000038],[121.0093953700001,15.448026321000043],[121.00681247600005,15.452365307000036],[121.00145969400012,15.455341994000037],[120.99972180000009,15.453236250000032],[120.99753267200003,15.453570274000072],[120.9928571580001,15.450339923000058],[120.98368967700003,15.450443568000026],[120.98193341800004,15.448846537000065],[120.97606334800003,15.448700236000036],[120.9741693530001,15.450980320000042],[120.96886466700005,15.451470268000037],[120.96558239900003,15.448547505000022],[120.96405121900011,15.443838245000052],[120.95760843500011,15.442353186000048],[120.95306042600009,15.439406776000055],[120.9517131660001,15.436308680000025],[120.94869498600008,15.435207484000045],[120.94597840800009,15.438427919000048],[120.94156683800009,15.437141557000075],[120.93893904700008,15.439406298000051],[120.93798820100005,15.438312826000072],[120.93128163500012,15.439949583000043],[120.91684873400004,15.45046426600004],[120.9102899180001,15.446953092000058],[120.90595828900007,15.44800748800003],[120.90289637900003,15.451677603000064],[120.89247325000008,15.454711368000062],[120.88335550300008,15.454365546000076],[120.88011700700008,15.457923761000075],[120.88311341700012,15.459009829000024],[120.87905517500008,15.46124393100007],[120.87993035400007,15.463123739000025],[120.871211689,15.463839417000031],[120.86446194400003,15.460822796000059],[120.86337524500004,15.461496853000028]]]}},{"type":"Feature","properties":{"shapeName":"Santo Domingo","shapeISO":"","shapeID":"30758251B71644316886233","shapeGroup":"PHL","shapeType":"ADM3","psgc_code":"0304929000","legacy_psgc_code":"034929000","province":"Nueva Ecija"},"geometry":{"type":"Polygon","coordinates":[[[120.90025236600002,15.559412985000051],[120.90116643400006,15.566267500000038],[120.9055918580001,15.569323733000033],[120.90175323100004,15.573553558000071],[120.90807531500002,15.575530754000056],[120.90806129400005,15.582917854000073],[120.91155762400001,15.587318829000026],[120.9160703660001,15.588763655000037],[120.9139537100001,15.594971634000046],[120.91791458700004,15.596952073000068],[120.91886813200006,15.601401947000056],[120.91866552800002,15.604107064000061],[120.914622559,15.607933721000052],[120.90221891400006,15.610869981000064],[120.90075816,15.619112230000042],[120.89863215000003,15.620412814000076],[120.89996130200007,15.62589583600004],[120.89811199500002,15.627791071000047],[120.8990710280001,15.63161503200007],[120.8966661280001,15.635238916000048],[120.89877520200002,15.639791418000073],[120.90148196400003,15.639759434000041],[120.90288546300008,15.645001706000073],[120.90189274700003,15.647498814000073],[120.90522417600005,15.651782080000032],[120.91444768400004,15.64711002200005],[120.91509562100009,15.64503916600006],[120.91728471800002,15.644346292000023],[120.9202863810001,15.646739446000026],[120.92784870000003,15.656673483000077],[120.92753224300009,15.662129696000022],[120.92907266200007,15.664663050000058],[120.93046967200007,15.664520571000025],[120.9319368780001,15.669355110000026],[120.93570101400007,15.674077399000055],[120.9340939870001,15.676492726000049],[120.93545552100011,15.677673850000076],[120.93627353800002,15.681002549000027],[120.93827968500011,15.682594195000036],[120.93621923300009,15.685609819000035],[120.93527373000006,15.691885551000041],[120.93214422100004,15.690940417000036],[120.93303868300006,15.687557531000039],[120.93144593800002,15.68563673500006],[120.92640037000001,15.682966199000077],[120.91802778800002,15.676878945000055],[120.91637337700001,15.673323482000058],[120.90623500800007,15.672465681000062],[120.90510870800006,15.666109818000052],[120.89051000400002,15.668141010000056],[120.88990384700003,15.66614611500006],[120.88849336900012,15.66598902000004],[120.87003170500009,15.666103219000036],[120.85570980200009,15.669361717000072],[120.85411813700011,15.66828167400007],[120.85270341700004,15.66575606200007],[120.84649497600003,15.664471892000051],[120.84562302100005,15.662835552000047],[120.84953078900003,15.653060405000076],[120.84797105400003,15.650394336000033],[120.8412112210001,15.645791966000047],[120.83155657800012,15.646054584000069],[120.82929082200008,15.640940655000065],[120.82653378300006,15.642818362000071],[120.82472513700009,15.641646973000036],[120.82463369200002,15.63755518000005],[120.82597660600004,15.635401135000052],[120.82760669700008,15.636374786000033],[120.82696882500011,15.633910546000038],[120.82968960300002,15.631813717000057],[120.82684612800006,15.630302311000037],[120.82407203600008,15.631288697000059],[120.82423164400006,15.628252683000028],[120.82445814700009,15.627098658000023],[120.83111279200011,15.625699385000075],[120.83313306600007,15.623740981000026],[120.82915723500003,15.616579365000064],[120.83128437100004,15.60495609800006],[120.83293558300011,15.606730355000025],[120.83787360500003,15.605055292000031],[120.841179065,15.606008393000025],[120.84574521500008,15.608229986000026],[120.8455068830001,15.609509566000042],[120.84990101000005,15.610663764000037],[120.8486739330001,15.606090807000044],[120.84946536500001,15.594443100000035],[120.84676545500008,15.59406029400003],[120.847280984,15.58927480400007],[120.85095090700008,15.583991617000038],[120.85340297900007,15.583284844000048],[120.85334790900004,15.581751258000054],[120.85992975300007,15.58038066000006],[120.86133921900012,15.577125503000048],[120.86050455000009,15.575280280000072],[120.86303530200007,15.575111305000064],[120.87181926300002,15.560239293000052],[120.87388063900005,15.56121493300003],[120.87558404800006,15.560053932000073],[120.88164658900007,15.564927134000072],[120.88724110400005,15.565166220000037],[120.89002009500007,15.561804623000057],[120.88861344100007,15.554543142000057],[120.89333718900002,15.55814682600004],[120.89679477800007,15.557805937000069],[120.90025236600002,15.559412985000051]]]}},{"type":"Feature","properties":{"shapeName":"Science City of Muñoz","shapeISO":"","shapeID":"30758251B8950221539698","shapeGroup":"PHL","shapeType":"ADM3","psgc_code":"0304917000","legacy_psgc_code":"034917000","province":"Nueva Ecija"},"geometry":{"type":"Polygon","coordinates":[[[120.85411813700011,15.66828167400007],[120.85570980200009,15.669361717000072],[120.87003170500009,15.666103219000036],[120.88849336900012,15.66598902000004],[120.88990384700003,15.66614611500006],[120.89051000400002,15.668141010000056],[120.90510870800006,15.666109818000052],[120.90623500800007,15.672465681000062],[120.896739238,15.675923651000062],[120.89761154200005,15.679826331000072],[120.89136521400007,15.68297629400007],[120.87957061200007,15.682622077000076],[120.87176828300005,15.688808772000073],[120.87063983200005,15.695468180000034],[120.87910878200012,15.69684459900003],[120.87737512500007,15.70060404700007],[120.88635833700005,15.704994493000072],[120.8879274090001,15.707020501000045],[120.88913641200008,15.705698579000057],[120.8927867220001,15.705909252000026],[120.90089575600007,15.70899702500003],[120.90078193800002,15.707894731000067],[120.90449831,15.708891992000076],[120.90722138900003,15.706764951000025],[120.90923137100003,15.708644985000035],[120.91504803700002,15.700013467000076],[120.91906520600003,15.704145124000036],[120.92576223600008,15.70382806300006],[120.92505833200005,15.68456128500003],[120.92640037000001,15.682966199000077],[120.93144593800002,15.68563673500006],[120.93303868300006,15.687557531000039],[120.93214422100004,15.690940417000036],[120.93527373000006,15.691885551000041],[120.93621923300009,15.685609819000035],[120.93827968500011,15.682594195000036],[120.93627353800002,15.681002549000027],[120.93545552100011,15.677673850000076],[120.94973123000011,15.684666374000074],[120.94900881600006,15.693576293000035],[120.95192952100001,15.698457102000077],[120.95367025500002,15.699043345000064],[120.9524928940001,15.701734763000047],[120.96156988700011,15.706732209000052],[120.96220327500009,15.712685238000063],[120.96512207600006,15.715641983000069],[120.96614924800008,15.726446792000047],[120.95594750400005,15.73576150100007],[120.95254138000007,15.736308712000039],[120.95108084600008,15.744632527000022],[120.94463773100006,15.744689547000064],[120.94732101300008,15.749369338000065],[120.94509169700007,15.750674811000067],[120.9471418170001,15.757418796000024],[120.94389146300011,15.762263654000037],[120.9415476590001,15.772382677000053],[120.93694599300011,15.777962933000026],[120.9372187680001,15.779339205000042],[120.91574767800012,15.781801569000038],[120.91664966400003,15.795126989000039],[120.91063906000011,15.800819347000072],[120.90670903000012,15.800703165000073],[120.90412120500002,15.796995671000047],[120.89879015100007,15.798040683000067],[120.89444112600006,15.795595646000038],[120.89486773800002,15.793683061000024],[120.89251389800006,15.793689786000073],[120.88655796100011,15.802028136000047],[120.8828498360001,15.80162024200007],[120.88179302100002,15.805977289000054],[120.87414181500003,15.804850508000072],[120.860177227,15.795116533000055],[120.86020643400002,15.776942933000043],[120.85763755000005,15.775589374000049],[120.85465396000006,15.770071459000064],[120.85810409600003,15.76251456600005],[120.85698093000008,15.75998024100005],[120.85777578600005,15.753270042000054],[120.85931942000002,15.749007770000048],[120.8615254340001,15.747671490000073],[120.86166943,15.741358719000061],[120.85925430200007,15.733159949000026],[120.85354580600006,15.735395161000042],[120.85210989100005,15.734121969000057],[120.84537120800007,15.72531390000006],[120.84494600800008,15.721318051000026],[120.84263046500007,15.71954553300003],[120.84102700300002,15.714243348000025],[120.83723131700003,15.711978626000075],[120.84071706300006,15.705212593000056],[120.84006227600003,15.703592593000053],[120.83386494700005,15.702065097000059],[120.83178982200002,15.700149311000075],[120.83646327200006,15.684509645000048],[120.84047283400002,15.675572397000053],[120.8426085210001,15.677173923000055],[120.84825637200004,15.674663766000037],[120.85253508800008,15.67154673500005],[120.85411813700011,15.66828167400007]]]}},{"type":"Feature","properties":{"shapeName":"Talavera","shapeISO":"","shapeID":"30758251B41581765009138","shapeGroup":"PHL","shapeType":"ADM3","psgc_code":"0304930000","legacy_psgc_code":"034930000","province":"Nueva Ecija"},"geometry":{"type":"MultiPolygon","coordinates":[[[[120.93114609300005,15.529853891000073],[120.93401150900002,15.530164728000045],[120.9435018160001,15.53578000400006],[120.94571850300008,15.544550026000024],[120.95362986600003,15.554033626000034],[120.95956756900011,15.557646426000076],[120.96266186600008,15.563935374000039],[120.9661677150001,15.564860312000064],[120.97398831300006,15.562462312000036],[120.97604388000002,15.557803651000029],[120.97698212000012,15.560099212000068],[120.98436919900007,15.563695800000062],[120.98946673900002,15.568220524000026],[120.98960228700003,15.573201251000057],[120.99233634200004,15.575372131000051],[120.98995190000005,15.578365323000071],[120.98880541200003,15.58823798800006],[120.97642583200002,15.58957993000007],[120.97737726300011,15.592497010000045],[120.97357809800008,15.598512873000061],[120.9744202390001,15.60351987000007],[120.97163344000012,15.609019814000021],[120.97218006000003,15.611261925000065],[120.96722748800005,15.614653455000052],[120.96305545400003,15.622207984000056],[120.97809825900003,15.63067286200004],[120.978659375,15.643175073000066],[120.98851715500007,15.656808173000059],[120.99138360100005,15.665127860000041],[120.99160841800006,15.675024307000058],[120.98210317600001,15.677750616000026],[120.99185856600002,15.696613076000062],[120.98950154800002,15.698276087000067],[120.97460250900008,15.696887830000037],[120.97705520400007,15.693492353000067],[120.9745642470001,15.691659887000071],[120.97327204900012,15.692594930000041],[120.97287692500004,15.687315445000024],[120.97199257600005,15.68545709600005],[120.96895876400004,15.684446807000029],[120.96960408500001,15.682487510000044],[120.9569078510001,15.679426164000063],[120.95508884300011,15.684668201000022],[120.94973123000011,15.684666374000074],[120.93545552100011,15.677673850000076],[120.9340939870001,15.676492726000049],[120.93570101400007,15.674077399000055],[120.9319368780001,15.669355110000026],[120.93046967200007,15.664520571000025],[120.92907266200007,15.664663050000058],[120.92753224300009,15.662129696000022],[120.92784870000003,15.656673483000077],[120.9202863810001,15.646739446000026],[120.91728471800002,15.644346292000023],[120.91509562100009,15.64503916600006],[120.91444768400004,15.64711002200005],[120.90522417600005,15.651782080000032],[120.90189274700003,15.647498814000073],[120.90288546300008,15.645001706000073],[120.90148196400003,15.639759434000041],[120.89877520200002,15.639791418000073],[120.8966661280001,15.635238916000048],[120.8990710280001,15.63161503200007],[120.89811199500002,15.627791071000047],[120.89996130200007,15.62589583600004],[120.89863215000003,15.620412814000076],[120.90075816,15.619112230000042],[120.90221891400006,15.610869981000064],[120.914622559,15.607933721000052],[120.91866552800002,15.604107064000061],[120.91886813200006,15.601401947000056],[120.91791458700004,15.596952073000068],[120.9139537100001,15.594971634000046],[120.9160703660001,15.588763655000037],[120.91155762400001,15.587318829000026],[120.90806129400005,15.582917854000073],[120.90807531500002,15.575530754000056],[120.90175323100004,15.573553558000071],[120.9055918580001,15.569323733000033],[120.90116643400006,15.566267500000038],[120.90025236600002,15.559412985000051],[120.90125606000004,15.558558020000078],[120.90002312400009,15.548354407000033],[120.90476631900003,15.547714520000056],[120.90671702500003,15.544339799000056],[120.92051925900012,15.54017261000007],[120.91434761700009,15.529831677000061],[120.91755363800007,15.527253832000042],[120.93114609300005,15.529853891000073]]],[[[120.92640037000001,15.682966199000077],[120.92505833200005,15.68456128500003],[120.92576223600008,15.70382806300006],[120.91906520600003,15.704145124000036],[120.91504803700002,15.700013467000076],[120.90923137100003,15.708644985000035],[120.90722138900003,15.706764951000025],[120.90449831,15.708891992000076],[120.90078193800002,15.707894731000067],[120.90089575600007,15.70899702500003],[120.8927867220001,15.705909252000026],[120.88913641200008,15.705698579000057],[120.8879274090001,15.707020501000045],[120.88635833700005,15.704994493000072],[120.87737512500007,15.70060404700007],[120.87910878200012,15.69684459900003],[120.87063983200005,15.695468180000034],[120.87176828300005,15.688808772000073],[120.87957061200007,15.682622077000076],[120.89136521400007,15.68297629400007],[120.89761154200005,15.679826331000072],[120.896739238,15.675923651000062],[120.90623500800007,15.672465681000062],[120.91637337700001,15.673323482000058],[120.91802778800002,15.676878945000055],[120.92640037000001,15.682966199000077]]]]}},{"type":"Feature","properties":{"shapeName":"Talugtug","shapeISO":"","shapeID":"30758251B85167098173999","shapeGroup":"PHL","shapeType":"ADM3","psgc_code":"0304931000","legacy_psgc_code":"034931000","province":"Nueva Ecija"},"geometry":{"type":"Polygon","coordinates":[[[120.75906654100004,15.73558482900006],[120.76297016300009,15.73813302700006],[120.77224940300005,15.740450275000057],[120.77558820500008,15.743805871000063],[120.778427125,15.743027193000046],[120.77959067000006,15.738821610000059],[120.77741077600001,15.738148716000069],[120.7788406740001,15.736193120000053],[120.77556732900007,15.733529584000053],[120.77492948200006,15.729807643000072],[120.77333837000003,15.72975156900003],[120.77408643400008,15.728065922000042],[120.78102701500006,15.724270299000068],[120.77956803300003,15.718513610000059],[120.78254772200012,15.714278719000049],[120.79252387600002,15.712629768000056],[120.80848885600005,15.705978750000043],[120.82070498000007,15.71167017700003],[120.83723131700003,15.711978626000075],[120.84102700300002,15.714243348000025],[120.84263046500007,15.71954553300003],[120.84494600800008,15.721318051000026],[120.84537120800007,15.72531390000006],[120.85210989100005,15.734121969000057],[120.85354580600006,15.735395161000042],[120.85925430200007,15.733159949000026],[120.86166943,15.741358719000061],[120.8615254340001,15.747671490000073],[120.85931942000002,15.749007770000048],[120.85777578600005,15.753270042000054],[120.85698093000008,15.75998024100005],[120.85810409600003,15.76251456600005],[120.85465396000006,15.770071459000064],[120.85763755000005,15.775589374000049],[120.86020643400002,15.776942933000043],[120.860177227,15.795116533000055],[120.85556399100005,15.801663948000055],[120.85910774400008,15.810616518000074],[120.84865452300005,15.819739051000056],[120.84294985300005,15.818641999000022],[120.83818823500008,15.818142753000075],[120.8341734390001,15.814385438000045],[120.82804039700011,15.803677994000054],[120.82279776400003,15.799801707000029],[120.81905751900001,15.793215701000065],[120.80326871900002,15.818083070000057],[120.79053204000002,15.821754222000038],[120.78684636300011,15.806743467000047],[120.78826332100004,15.801548678000074],[120.78232432900006,15.797082252000052],[120.78040983200003,15.797572437000042],[120.7777141250001,15.79449912800004],[120.75383890900002,15.788344487000074],[120.75234637900007,15.764648301000022],[120.7501248860001,15.75710058900006],[120.75193052700001,15.749236704000054],[120.75906654100004,15.73558482900006]]]}},{"type":"Feature","properties":{"shapeName":"Zaragoza","shapeISO":"","shapeID":"30758251B15421903274742","shapeGroup":"PHL","shapeType":"ADM3","psgc_code":"0304932000","legacy_psgc_code":"034932000","province":"Nueva Ecija"},"geometry":{"type":"Polygon","coordinates":[[[120.78941392200011,15.49144515200004],[120.78250439700003,15.488632381000059],[120.77596494500006,15.483611283000073],[120.76101509900002,15.489176784000051],[120.75377677900008,15.48498107200004],[120.75066682600004,15.48073080200004],[120.74766322900007,15.473693410000067],[120.74906812300003,15.472625994000055],[120.7454386170001,15.467475096000044],[120.74636181400001,15.46573649100003],[120.74354097100002,15.465465472000062],[120.74632916000007,15.45714035800006],[120.74342501800004,15.454733262000047],[120.74343555100006,15.451414533000047],[120.74826600600011,15.444175211000072],[120.75072628100008,15.444626070000027],[120.75182110700007,15.441495316000044],[120.75737051800002,15.43947173600003],[120.7616061870001,15.435547245000066],[120.75882626200007,15.429181497000059],[120.76119990500001,15.428053162000026],[120.76163975200006,15.420069983000076],[120.76449512200008,15.419183756000052],[120.75244695800006,15.403652596000029],[120.75392125000008,15.40082727500004],[120.77533740700005,15.399790344000053],[120.7797679900001,15.395060546000025],[120.7868694450001,15.39583820300004],[120.78845498700002,15.399724906000074],[120.79325943900005,15.40310882600005],[120.79403627800002,15.40082693000005],[120.80034119400011,15.400836619000074],[120.80318895200003,15.397993618000044],[120.80644163000011,15.397831366000048],[120.81085371900008,15.390797023000061],[120.81435232400008,15.390750938000053],[120.81565966800008,15.392221841000037],[120.81282960300007,15.408212862000028],[120.81600131100004,15.41200711700003],[120.81678300500005,15.41826523900005],[120.81484864600009,15.421045574000061],[120.81568406600002,15.426806320000026],[120.81863684900009,15.432577570000035],[120.8249068990001,15.435518564000063],[120.83453034100012,15.434654231000025],[120.83736015600005,15.43981281200007],[120.83967045100007,15.440218344000073],[120.83981245000007,15.442931208000061],[120.84321196500002,15.445687649000035],[120.84612426400008,15.446060672000044],[120.84752633800008,15.443795627000043],[120.852152896,15.444240887000035],[120.85372675600001,15.445963764000055],[120.85539639400008,15.445658344000037],[120.856749379,15.450031888000069],[120.8619385180001,15.454340299000023],[120.86337524500004,15.461496853000028],[120.8576015860001,15.46359340600003],[120.85644160000004,15.46164536200007],[120.84469228000012,15.461279625000032],[120.82853594200003,15.469388048000042],[120.81248596700004,15.472306670000023],[120.78941392200011,15.49144515200004]]]}}]}
