{"type":"FeatureCollection","source":{"dataset":"geoBoundaries gbOpen PHL ADM3","commit":"9469f09","license":"CC BY 3.0 IGO","boundary_year":2020,"url":"https://media.githubusercontent.com/media/wmgeolab/geoBoundaries/9469f09/releaseData/gbOpen/PHL/ADM3/geoBoundaries-PHL-ADM3_simplified.geojson","upstream_sources":["NAMRIA","PSA","OCHA Philippines"],"reference":"https://ulap-nga.georisk.gov.ph/arcgis/rest/services/PSA/Municipal/MapServer/0","psgc_reference":"https://psa.gov.ph/classification/psgc/provinces/1700000000","area_notes":"Four provinces use GeoRiskPH published polygon area; Palawan and Puerto Princesa use OCHA COD-AB v03 area_sqkm. These are polygon checks, not PSA LMB land-area totals. See MIMAROPA_BOUNDARY_SOURCES.md.","additional_reference":"https://data.humdata.org/dataset/cod-ab-phl","full_source_url":"https://media.githubusercontent.com/media/wmgeolab/geoBoundaries/9469f09/releaseData/gbOpen/PHL/ADM3/geoBoundaries-PHL-ADM3.geojson","notice":"Approximate planning/reference boundaries, not legal, cadastral, or survey-grade."},"features":[{"type":"Feature","properties":{"shapeName":"Aborlan","shapeISO":"","shapeID":"30758251B88743888905923","shapeGroup":"PHL","shapeType":"ADM3","psgc_code":"1705301000","legacy_psgc_code":"175301000","province":"Palawan"},"geometry":{"type":"MultiPolygon","coordinates":[[[[118.58349685600001,9.377001910000047],[118.57980108700008,9.374767833000021],[118.58102074500005,9.370988436000061],[118.58418012200002,9.37500983700005],[118.5847658240001,9.376829393000037],[118.58349685600001,9.377001910000047]]],[[[118.6285802760001,9.46208034600005],[118.62398477300007,9.460518809000064],[118.62384912800007,9.458606093000071],[118.6228102880001,9.458903016000022],[118.61827453400008,9.453393247000065],[118.61783009700002,9.450430611000058],[118.6095244170001,9.448916396000072],[118.61007506400006,9.440957770000068],[118.60899651600005,9.439239521000047],[118.60988248300009,9.43762653300007],[118.6110770360001,9.437950536000073],[118.61146926600009,9.431196278000073],[118.6187698330001,9.432354789000044],[118.61822478200008,9.433778898000071],[118.62010896900006,9.436698386000046],[118.61945023100009,9.43963792300002],[118.62362753000002,9.435721098000045],[118.62360069300007,9.434003938000046],[118.62712079000005,9.43685443000004],[118.63183284900003,9.447507719000043],[118.63318365300006,9.455439238000054],[118.63280862300007,9.459421654000039],[118.6285802760001,9.46208034600005]]],[[[118.40903103200003,9.681079130000057],[118.40863209300005,9.675134695000054],[118.40694802300004,9.674611205000076],[118.41078881100009,9.669837591000032],[118.40705248300003,9.663806359000034],[118.399893958,9.660933066000041],[118.39371578500004,9.662830364000058],[118.39089115000002,9.662283976000026],[118.38843165900005,9.659821272000045],[118.38830691300006,9.655861548000075],[118.38536052000006,9.65316333800007],[118.38726510600009,9.652758289000076],[118.3822889380001,9.652566456000045],[118.37712272700003,9.645924618000038],[118.37332224900001,9.64456879200003],[118.36965919700003,9.64990089500003],[118.3655457430001,9.648700427000051],[118.36360003100003,9.651554245000057],[118.35954618100004,9.651948316000073],[118.35787512800005,9.653577937000023],[118.3581510570001,9.656682100000069],[118.3540118190001,9.656653726000059],[118.3514217390001,9.653668534000076],[118.34805377700002,9.653555577000077],[118.34069659400006,9.648929495000061],[118.34103354100012,9.646335169000054],[118.33547576400008,9.641445747000034],[118.33293579800011,9.633545565000077],[118.33094108400007,9.632307756000046],[118.33095488100003,9.630659741000045],[118.33500526400007,9.628236524000044],[118.33409708500005,9.62507736200007],[118.3374395730001,9.62253048100007],[118.34117537700001,9.616454384000065],[118.3400403060001,9.611606657000038],[118.3350373930001,9.608182081000052],[118.33668542300006,9.605155643000046],[118.33661667700005,9.60111566200004],[118.33108590300003,9.584908556000073],[118.32827031900001,9.58022615300007],[118.32606620000001,9.579435600000068],[118.32455127700007,9.580651958000033],[118.31959834600002,9.578319900000054],[118.3152095590001,9.572981377000076],[118.30777479100004,9.572766752000064],[118.3063087060001,9.569550968000044],[118.29808111600005,9.563731591000021],[118.29752688700012,9.560019288000035],[118.2962031730001,9.56050123600005],[118.29096608500004,9.551575763000073],[118.28648585000008,9.54973252700006],[118.2885050000001,9.534385],[118.32248001100004,9.40472875200004],[118.42289421300006,9.442922546000034],[118.42188714500003,9.434630523000067],[118.42321773700007,9.43324278700004],[118.43513587100006,9.428264072000047],[118.43942812600005,9.428757630000064],[118.44148838800004,9.424065086000041],[118.443963585,9.423714566000058],[118.45048029600002,9.418269047000024],[118.43185668000001,9.396436058000063],[118.43856726000001,9.392505209000035],[118.44495426000003,9.39173081000007],[118.456722,9.381254],[118.46274208000011,9.36628335000006],[118.48442377200001,9.347738349000053],[118.47865840400004,9.34022260100005],[118.500697381,9.323052730000029],[118.50786664800012,9.331270021000023],[118.5118563740001,9.332037558000025],[118.51328045100001,9.329396532000032],[118.51684687900001,9.331388662000052],[118.5178061790001,9.338350568000067],[118.52120119900007,9.34692118700002],[118.52755069600005,9.357450715000027],[118.53514290500004,9.359773243000063],[118.53720115200008,9.358400895000045],[118.53749282400008,9.356362617000059],[118.53928059700002,9.357581097000036],[118.53992874900007,9.361479288000055],[118.53809624200005,9.364206932000059],[118.5395871830001,9.366726308000068],[118.54315499300003,9.367430673000058],[118.54432454000005,9.369988900000067],[118.54325125500009,9.371801435000066],[118.5362229430001,9.371203280000032],[118.53412625500005,9.373384378000026],[118.53637881300006,9.373346397000034],[118.53531679000002,9.379844105000075],[118.53816888200004,9.389809439000032],[118.5424247630001,9.395908904000066],[118.54637511700003,9.397336703000065],[118.54685944300002,9.398402259000022],[118.54548625500001,9.398799809000025],[118.54685770300011,9.40097667200007],[118.54870755400009,9.400468857000021],[118.54984099300009,9.401782515000036],[118.5487647860001,9.40401889800006],[118.55006100600008,9.403765393000072],[118.5505928980001,9.406152532000021],[118.55192511700011,9.40543823300004],[118.55415891300004,9.410689392000052],[118.55704655700004,9.411680969000031],[118.55711218200008,9.413120673000037],[118.56299834300012,9.414783260000036],[118.56174298300004,9.42299005500007],[118.56360773600011,9.419899848000057],[118.56521232600005,9.421191674000056],[118.56475811300004,9.419175143000075],[118.56869633300005,9.416743446000055],[118.5684969030001,9.420398958000021],[118.56501135100007,9.425094906000027],[118.5676903860001,9.424827236000056],[118.56757764800011,9.427843818000042],[118.5692131620001,9.428103042000032],[118.56793528800006,9.42906259800003],[118.5698186410001,9.429777386000069],[118.56884259100002,9.43152385600007],[118.57013054900005,9.435991131000037],[118.574574417,9.442578785000023],[118.57836249900004,9.444631358000038],[118.58223795200001,9.444530493000059],[118.58501047800007,9.441580901000066],[118.5882479390001,9.443115357000067],[118.58881017100009,9.446749580000073],[118.58470359600005,9.450319215000036],[118.58623025100007,9.456042094000054],[118.59207936700011,9.460473850000028],[118.59551399500003,9.459302700000023],[118.59913038800005,9.462080736000075],[118.60313254500011,9.462653548000048],[118.61011986900007,9.476884522000034],[118.60840618300006,9.478951779000056],[118.61132396100004,9.482345749000046],[118.61096327100006,9.484986529000025],[118.61434340000005,9.486263836000035],[118.6151883980001,9.48822061800007],[118.61678561200006,9.486286102000065],[118.61925308900004,9.486168031000034],[118.62678752500005,9.47832136900007],[118.62939522600004,9.478604723000046],[118.62936998100008,9.483277342000065],[118.62596675200007,9.483427773000074],[118.62865154600001,9.487565200000063],[118.62943644000006,9.486720974000036],[118.6291104170001,9.487880991000054],[118.62162613500004,9.488603930000068],[118.62267345200007,9.489538854000045],[118.59598,9.510683],[118.58483468600002,9.525602129000049],[118.55056141900002,9.56317238400004],[118.53302917300005,9.579528],[118.40903103200003,9.681079130000057]]]]}},{"type":"Feature","properties":{"shapeName":"Agutaya","shapeISO":"","shapeID":"30758251B94272049094812","shapeGroup":"PHL","shapeType":"ADM3","psgc_code":"1705302000","legacy_psgc_code":"175302000","province":"Palawan"},"geometry":{"type":"MultiPolygon","coordinates":[[[[121.14375385300002,11.126772427000049],[121.14076241400005,11.12165890500006],[121.14312629000005,11.11798077700007],[121.14895716500007,11.119963459000076],[121.14753442500012,11.12643625000004],[121.14375385300002,11.126772427000049]]],[[[120.97864360400001,11.173845162000077],[120.97262559600006,11.170473869000034],[120.97046965800007,11.167382578000058],[120.96240561000002,11.163235931000031],[120.96165703300005,11.16137255600006],[120.942206037,11.158914055000025],[120.94135021800003,11.155661031000022],[120.93873558700011,11.154298065000035],[120.93801121900003,11.146325488000059],[120.93920952700012,11.145947663000072],[120.93899697600011,11.142243734000033],[120.94481378600005,11.135546356000077],[120.95459393500005,11.132076857000072],[120.96594336700002,11.133654673000024],[120.97117596700002,11.137779559000023],[120.97466561100009,11.145972849000032],[120.98170068000002,11.148649586000033],[120.98362793400008,11.152241075000063],[120.98737833700011,11.154232208000053],[120.9864921940001,11.157691878000037],[120.98821274400007,11.162170442000047],[120.9876687840001,11.168025357000033],[120.98422686600009,11.170493436000072],[120.98348293200002,11.173429579000071],[120.97864360400001,11.173845162000077]]],[[[121.066211339,11.22985299000004],[121.06069210200008,11.228735811000035],[121.05914967400008,11.22670899800005],[121.05928753,11.222632195000074],[121.06121267100002,11.22086226700003],[121.06808188000002,11.220267447000026],[121.06885124000007,11.22657567500005],[121.066211339,11.22985299000004]]],[[[120.85245447900002,11.24141159900006],[120.85233400400011,11.242965509000044],[120.84975858100006,11.240696413000023],[120.85006617400006,11.237611207000043],[120.85352245700005,11.23760758000003],[120.85445068700005,11.24017374400006],[120.85245447900002,11.24141159900006]]],[[[120.9365918630001,11.257996927000022],[120.93240912700003,11.257566],[120.92841605600006,11.255103785000074],[120.927941927,11.250467952000065],[120.92345050100005,11.243002081000043],[120.92629674800003,11.233586259000049],[120.92987837600003,11.230797706000033],[120.9340350870001,11.23106599600004],[120.94064598200009,11.23498747800005],[120.94416963600008,11.242536465000057],[120.94400906500005,11.250821203000044],[120.9365918630001,11.257996927000022]]],[[[120.86500774800004,11.36922011200005],[120.8668722220001,11.372235153000076],[120.86516250700004,11.37124880400006],[120.86500774800004,11.36922011200005]]],[[[120.82207348000009,11.40353445900007],[120.82070359000011,11.40080154900005],[120.82233352300011,11.399678289000065],[120.82207348000009,11.40353445900007]]],[[[120.82538597300004,11.427125570000044],[120.82355854100001,11.429808240000057],[120.82319226000004,11.427305853000064],[120.82538597300004,11.427125570000044]]],[[[120.75754050900002,11.430834889000039],[120.75700497000003,11.431763729000068],[120.75692892600011,11.430552152000075],[120.76324449000003,11.42798143500005],[120.76242584900001,11.429454498000041],[120.75754050900002,11.430834889000039]]],[[[120.81113707200007,11.436616296000068],[120.80698209500008,11.432740133000038],[120.80879750000008,11.42877807800005],[120.80885090900006,11.422218411000074],[120.81301106300009,11.416934299000047],[120.814567796,11.41102870900005],[120.81926363200012,11.418097544000034],[120.8195494360001,11.421199816000069],[120.818834906,11.422634155000026],[120.81357893800009,11.422299083000041],[120.81113707200007,11.436616296000068]]],[[[120.7680674930001,11.446270850000076],[120.76795574700009,11.440127420000067],[120.76973098200006,11.43712716400006],[120.76887099700002,11.432684063000067],[120.77207449000002,11.429196756000067],[120.77859891800006,11.425987271000054],[120.77957619900008,11.430321228000025],[120.77496950800003,11.435223390000033],[120.77167198000006,11.443561934000058],[120.7680674930001,11.446270850000076]]],[[[120.83045451700002,11.44997767700005],[120.8287106890001,11.449559273000034],[120.8280731970001,11.447067815000025],[120.82200606300012,11.44591519100004],[120.82641811700012,11.438169363000043],[120.82544508100011,11.43735424600004],[120.82690810400004,11.427878133000036],[120.83070833900001,11.420772877000047],[120.8347737790001,11.417556220000051],[120.8394568540001,11.423223247000067],[120.84903796000003,11.425089724000031],[120.85305008000012,11.428104072000053],[120.83783446600012,11.439924247000022],[120.83301771700008,11.444648045000065],[120.8336778260001,11.448508454000034],[120.83045451700002,11.44997767700005]]],[[[120.80814278100002,11.459111326000027],[120.80467819100011,11.45854416800006],[120.80386950800005,11.455550079000034],[120.80739279900001,11.44853385600004],[120.80814278100002,11.459111326000027]]],[[[120.81358060500008,11.464312015000075],[120.81492827500006,11.457305182000027],[120.81958384900008,11.451171121000073],[120.82092859500005,11.455144461000032],[120.82346831500001,11.456083117000048],[120.82350645300005,11.458813487000043],[120.820163266,11.459958116000053],[120.81918468000003,11.462775532000023],[120.81714593800007,11.461881765000044],[120.81358060500008,11.464312015000075]]]]}},{"type":"Feature","properties":{"shapeName":"Araceli","shapeISO":"","shapeID":"30758251B86342486803813","shapeGroup":"PHL","shapeType":"ADM3","psgc_code":"1705303000","legacy_psgc_code":"175303000","province":"Palawan"},"geometry":{"type":"MultiPolygon","coordinates":[[[[119.99894768000001,10.495288017000064],[119.99934436,10.498006367000073],[119.9968831010001,10.495249951000062],[119.99584080700004,10.496590425000022],[119.99195829500002,10.495918389000053],[119.99243443700004,10.489754215000062],[119.99383550100004,10.490928078000024],[119.9971698170001,10.489104209000061],[119.99894768000001,10.495288017000064]]],[[[120.00848235700005,10.517574255000056],[120.00518636200002,10.516123888000038],[120.00585263200003,10.514472426000054],[120.00683464500003,10.51603100400007],[120.00865729500003,10.515953755000055],[120.00848235700005,10.517574255000056]]],[[[120.02512922300002,10.533649376000028],[120.02531001900002,10.537889021000069],[120.01845731100002,10.531746228000031],[120.02181796800005,10.529815116000066],[120.02416324400008,10.531062425000073],[120.02512922300002,10.533649376000028]]],[[[120.00709703900009,10.549319351000065],[120.00855632500009,10.546446823000053],[120.00793924700008,10.54365735700003],[120.00945548300001,10.542099620000045],[120.01451056500002,10.544968604000076],[120.01013465400001,10.548660055000028],[120.00709703900009,10.549319351000065]]],[[[119.75071547200002,10.597028718000047],[119.74865417100011,10.595064956000044],[119.74955876900003,10.592352419000065],[119.7462022950001,10.590307489000054],[119.74745818400004,10.588215670000068],[119.7499956050001,10.589082443000052],[119.74941790600008,10.591269781000051],[119.75224850400002,10.594046584000068],[119.75071547200002,10.597028718000047]]],[[[119.88498184100001,10.548592780000035],[119.88360022200004,10.550825501000077],[119.88639451000006,10.549714890000075],[119.894539731,10.552734263000048],[119.8946688420001,10.553845133000038],[119.89593302100002,10.550405518000048],[119.89960192400008,10.547331817000043],[119.90163533600003,10.54781366700007],[119.90590907900003,10.54562880100002],[119.90233297300006,10.543747532000054],[119.90609184900006,10.541354339000065],[119.90742493500011,10.537467381000056],[119.90598959400006,10.534404108000047],[119.90317885700006,10.53369975000004],[119.90914265800006,10.532557384000029],[119.91148991200009,10.523077475000036],[119.91463417200009,10.522127416000046],[119.90999385400005,10.518511441000044],[119.910454909,10.516210714000067],[119.91422230600006,10.518555400000025],[119.92420112800005,10.518474912000045],[119.92483026000002,10.515006157000073],[119.92829218500003,10.512321343000053],[119.92696705300011,10.508284877000051],[119.93079263800007,10.504099256000075],[119.93201310800009,10.506459997000036],[119.93424099300012,10.506831831000056],[119.93490049800005,10.505519798000023],[119.93608315400002,10.507443945000034],[119.93514872900005,10.511130010000045],[119.936351553,10.514800878000074],[119.93428849500003,10.517412576000027],[119.93759454000008,10.517900085000065],[119.93800000800002,10.520573807000062],[119.93553856800008,10.522658155000045],[119.93608897100012,10.527239827000074],[119.93505836200006,10.527964849000057],[119.9400329020001,10.533378948000063],[119.9448823250001,10.535998283000026],[119.94677939600001,10.536354809000045],[119.94542019300002,10.53533739200003],[119.94677253500004,10.53409571800006],[119.94854618000011,10.535435986000039],[119.94638709000003,10.52928825600003],[119.94325565100007,10.527341271000068],[119.94258235200004,10.52361909800004],[119.94782904700003,10.518670159000067],[119.95262637700012,10.519626467000023],[119.9586825230001,10.517563993000067],[119.96489956500011,10.522763214000065],[119.96588203800002,10.528048161000072],[119.97003923500006,10.530586257000039],[119.97474538800009,10.530783220000046],[119.97655042200006,10.528298432000042],[119.98298748700006,10.530689400000028],[119.98597801300002,10.536268155000073],[119.98187072600001,10.53855930900005],[119.98229603000004,10.542402662000029],[119.97390451900003,10.543400588000054],[119.97422099700009,10.545063258000027],[119.97046250500011,10.545376995000026],[119.97020978600005,10.548392701000068],[119.96877267800005,10.549239079000074],[119.97248630400009,10.54927384900003],[119.97373670900004,10.551027558000044],[119.97867068500011,10.552313961000038],[119.98034270200003,10.551671727000041],[119.97782637400007,10.553908405000072],[119.97794484500002,10.556634862000067],[119.97613933100001,10.557297835000043],[119.97719182300011,10.561742277000064],[119.98135470000011,10.562549189000038],[119.97764529500012,10.56617119200007],[119.97799297900008,10.56743555600002],[119.97716051000009,10.566991319000067],[119.97831513100004,10.569878851000055],[119.98057936400005,10.569533696000065],[119.98061644400002,10.57101894300007],[119.98271258700004,10.571484027000054],[119.98367788200005,10.566917334000038],[119.98949656000002,10.56476284300004],[119.99078203200008,10.562145567000073],[119.98944366,10.556333771000027],[119.98670537400005,10.555577337000045],[119.9878962140001,10.553238566000061],[119.98621695700001,10.549728919000074],[119.98761310000009,10.551771760000065],[120.00152157600007,10.552167290000057],[119.99869316600007,10.557420141000023],[120.00167451000004,10.56398260100002],[120.00307205400009,10.56420593100006],[120.00322211200012,10.566953764000061],[119.99574698700008,10.570210755000062],[119.99207794900008,10.574154277000048],[119.99041311700012,10.580399424000063],[119.9918949800001,10.589686056000062],[119.99450074600009,10.59169221600007],[119.986755259,10.594622428000037],[119.98284834000003,10.599990207000076],[119.97966468100003,10.599470502000031],[119.97492427800012,10.601941786000054],[119.97235523000006,10.598210772000073],[119.9664304910001,10.597800294000024],[119.95863574700002,10.59865781800005],[119.95355969000002,10.601449],[119.95142726400002,10.600657818000059],[119.94730831900006,10.603316674000041],[119.94472793200009,10.601015293000046],[119.94438199700005,10.604946191000067],[119.93927177300009,10.607775547000074],[119.92218212900002,10.602920508000068],[119.91957777700009,10.603612551000026],[119.91587632700009,10.600608304000048],[119.91307384700008,10.601568544000031],[119.90802190200009,10.600720627000044],[119.90404578800008,10.598038015000043],[119.90545737600007,10.601303545000064],[119.90368347700007,10.605653361000066],[119.89982085200006,10.606645267000033],[119.89689083400003,10.610187567000025],[119.8942024160001,10.610694858000045],[119.89304788600009,10.61223267500003],[119.89429206400007,10.613992064000058],[119.88909760100012,10.617258613000047],[119.88551796200011,10.615545129000054],[119.88407388400003,10.616367738000065],[119.8819997710001,10.61976807000002],[119.87505529700002,10.624227890000043],[119.87209104900012,10.630697588000032],[119.8682043440001,10.629721024000048],[119.86966572300003,10.632357844000069],[119.868861734,10.634357301000023],[119.86404579700002,10.630048714000054],[119.86520299200004,10.627542517000052],[119.86203112900012,10.619351595000069],[119.86131582300004,10.624493189000077],[119.85919826300005,10.624635071000057],[119.85984717400004,10.625922494000065],[119.85836413100003,10.627587040000037],[119.85588084800008,10.628054206000058],[119.85486069900003,10.634923725000021],[119.85001493100003,10.636391222000043],[119.85013263200005,10.637375297000062],[119.84805465400007,10.636886264000054],[119.84634188200005,10.639597338000044],[119.84301515900006,10.637286435000021],[119.84111033800002,10.64094936600003],[119.84268455100005,10.643546635000064],[119.84019264400001,10.646971542000074],[119.84019462700007,10.650908678000064],[119.8382144840001,10.652278275000072],[119.83530498900006,10.649782794000032],[119.83019500800003,10.649840329000028],[119.8276285390001,10.652550745000042],[119.82875131600008,10.645529628000077],[119.83165552800006,10.64261371400005],[119.83278188500003,10.638980609000043],[119.83303532100001,10.627026206000039],[119.83509011500007,10.624477016000071],[119.83319752800003,10.617447264000077],[119.83413739000002,10.612596143000076],[119.82646256900011,10.60975176200003],[119.82421654100006,10.607169285000055],[119.82181175500011,10.594621172000075],[119.81704679200004,10.597086947000037],[119.81531466500007,10.59472093900007],[119.80796164300011,10.590962578000074],[119.80732931400007,10.58830761300004],[119.80480808700008,10.587654127000064],[119.80170782700009,10.58011601800007],[119.80245370800003,10.57788577100007],[119.79672438500006,10.571664121000026],[119.79785400600008,10.56879944000002],[119.800119988,10.570300927000062],[119.8010868020001,10.568801864000022],[119.80467596900007,10.569039815000053],[119.806044885,10.566348257000072],[119.80206903700002,10.565217657000062],[119.80150401500009,10.562730738000027],[119.79849468200007,10.562602337000044],[119.79645662200005,10.56484073100006],[119.79098423800008,10.563167320000048],[119.79042516900006,10.561459870000022],[119.79246897200005,10.558431713000061],[119.7960538100001,10.55818651900006],[119.79447573900006,10.555571857000075],[119.79666166800007,10.554593030000035],[119.79648423000003,10.552126749000024],[119.79366826300009,10.550186623000059],[119.88498184100001,10.548592780000035]]],[[[120.24608706600009,10.674788703000047],[120.24526158200001,10.677052985000046],[120.24421682200011,10.675725515000067],[120.24544161800009,10.667215414000054],[120.24202965600011,10.65838905000004],[120.24512700200012,10.64791694400003],[120.24425955100003,10.64384085100005],[120.24668503400005,10.64320630900005],[120.24877095700003,10.638226504000045],[120.2467115720001,10.632916390000048],[120.25576296700001,10.63267139900006],[120.25840427100002,10.634299720000058],[120.25834345800001,10.635718008000026],[120.25496775600004,10.640004314000066],[120.25119174300005,10.64130332700006],[120.24937015900002,10.644673969000053],[120.25267956700009,10.646694400000058],[120.25139024500004,10.647509656000068],[120.25163675300007,10.649531307000075],[120.25462943000002,10.652396760000045],[120.25323117300002,10.658254809000027],[120.25403068800006,10.661000386000069],[120.25236193900002,10.66557595300003],[120.24904110500006,10.666963258000067],[120.24608706600009,10.674788703000047]]],[[[120.32867431600005,10.681274414000029],[120.33227539100005,10.682922363000046],[120.32928466700002,10.68389892600004],[120.3255004880001,10.682678223000039],[120.32727050800008,10.680480957000043],[120.32867431600005,10.681274414000029]]],[[[120.27071370600004,10.695079878000058],[120.26902402100006,10.694326123000053],[120.27112845200008,10.690681840000025],[120.27200718900008,10.693117495000024],[120.27071370600004,10.695079878000058]]],[[[120.26581969900008,10.71283865600003],[120.2650849050001,10.71775752800005],[120.262748568,10.71287021300003],[120.2566458020001,10.715624476000073],[120.25464837900006,10.713060231000043],[120.25338660000011,10.706965361000073],[120.2577753280001,10.700475950000055],[120.25594433800006,10.694080043000042],[120.2671322860001,10.69557996900005],[120.26605993900012,10.701072365000073],[120.26993187000005,10.705385879000062],[120.26581969900008,10.71283865600003]]],[[[120.3140869130001,10.716125489000035],[120.31610107400002,10.717529297000056],[120.31530761700003,10.719482422000056],[120.31249999900001,10.71868896500007],[120.31268310500002,10.716491700000063],[120.3140869130001,10.716125489000035]]]]}},{"type":"Feature","properties":{"shapeName":"Balabac","shapeISO":"","shapeID":"30758251B69147265954334","shapeGroup":"PHL","shapeType":"ADM3","psgc_code":"1705304000","legacy_psgc_code":"175304000","province":"Palawan"},"geometry":{"type":"MultiPolygon","coordinates":[[[[117.31259603500007,7.506706648000034],[117.31533488700006,7.509352976000059],[117.31503478900004,7.512079759000073],[117.31311096200011,7.513903058000039],[117.30734518200006,7.509526919000052],[117.30941145100007,7.506943807000027],[117.31259603500007,7.506706648000034]]],[[[117.30603512400012,7.522422813000048],[117.29566985600002,7.524006629000041],[117.3024576790001,7.520391167000071],[117.30780528100001,7.521781895000061],[117.30735503900007,7.522962909000057],[117.30603512400012,7.522422813000048]]],[[[117.02483948200006,7.808196318000057],[117.02387417200009,7.80742037400006],[117.02503430900003,7.806712116000028],[117.02483948200006,7.808196318000057]]],[[[117.21551874700003,7.830793776000064],[117.21088526000005,7.823057363000032],[117.21906973800003,7.824399785000026],[117.22677949900003,7.822911437000073],[117.21551874700003,7.830793776000064]]],[[[117.2209498200001,7.917257845000051],[117.21930967800006,7.916125742000077],[117.22091336900007,7.914512343000069],[117.2228329940001,7.916477840000027],[117.2209498200001,7.917257845000051]]],[[[117.00985111200009,8.070796694000023],[117.00390028000004,8.070279882000023],[117.00111261000006,8.068438485000058],[117.01275267500012,8.064987615000064],[117.01667749100011,8.067086378000056],[117.01411555000004,8.070098367000071],[117.00985111200009,8.070796694000023]]],[[[117.04152358400006,8.074501698000063],[117.03954414700002,8.073615739000047],[117.0419318370001,8.071111405000067],[117.04152358400006,8.074501698000063]]],[[[117.06552744600003,8.080091683000035],[117.06408455700011,8.07929718400004],[117.06465187600008,8.07710173700002],[117.06261610800004,8.079023101000075],[117.05949388400006,8.07798194000003],[117.05705893400011,8.074210128000061],[117.05793618400003,8.073574086000065],[117.05184215800011,8.075390904000074],[117.0429367270001,8.066263665000065],[117.03724086600005,8.063916240000026],[117.03759365100007,8.066665999000065],[117.0357380690001,8.067930961000059],[117.02977031800003,8.064398251000057],[117.02943722100008,8.065650977000075],[117.0252231290001,8.066979642000035],[117.01334702400004,8.063685333000024],[117.004154244,8.064304819000029],[116.99668503200007,8.062639919000048],[117.00402447300007,8.055813840000042],[117.00393244200006,8.054379012000027],[117.00014207700008,8.051891230000024],[117.00419688400007,8.047626110000067],[117.0040513990001,8.04258244500005],[116.9982446350001,8.04183770000003],[116.996236253,8.033316524000043],[116.99071144000004,8.035717490000025],[116.98841288300002,8.035121175000029],[116.98975018500005,8.028990750000048],[116.98886109900002,8.025523587000066],[116.98365820300012,8.024097117000053],[116.97769783000001,8.025436002000049],[116.97546530000011,8.020512703000065],[116.97056387300006,8.017792989000043],[116.96934204500008,8.015360071000032],[116.96815844500009,8.016979025000069],[116.96653763200004,8.016700935000074],[116.96884649000003,8.024956449000058],[116.96777732600003,8.030663048000065],[116.96873090100007,8.032736425000053],[116.9674924310001,8.033224541000038],[116.96317280700009,8.027745752000044],[116.96388273200012,8.036257401000057],[116.96496110400005,8.038261353000053],[116.97163848700006,8.04083613000006],[116.97369185600007,8.045903829000054],[116.96965770400004,8.051438193000024],[116.97075198100003,8.052009490000046],[116.97011641400002,8.05366291300004],[116.96650318000002,8.054158980000068],[116.95473753100009,8.028453538000065],[116.95822676800003,8.02679273900003],[116.959833935,8.024119726000038],[116.95941139900003,8.021463615000073],[116.95667332800008,8.019731329000024],[116.957027433,8.018363842000042],[116.95436054600009,8.015436782000052],[116.95880800100008,8.015242876000059],[116.95988783500002,8.013690115000031],[116.95893219200002,8.011094859000025],[116.957564606,8.011484762000066],[116.9587737820001,8.01094131900004],[116.95318959800011,8.003028460000053],[116.95340468100005,8.001556950000065],[116.95006613200007,7.998533544000054],[116.95482192800011,7.99704256800004],[116.96059408500003,7.990673341000047],[116.96405221100008,7.972539007000023],[116.96661412300011,7.971492118000072],[116.96518331900006,7.969081571000061],[116.96948044600003,7.967390882000075],[116.96963570700007,7.964460186000053],[116.96824831000004,7.96455356000007],[116.96722512200006,7.961486056000069],[116.95826619400009,7.957830780000052],[116.96013390200005,7.954655346000038],[116.96748637300004,7.954102700000021],[116.96730528300009,7.951989981000054],[116.96577208800011,7.947924543000056],[116.96160536700006,7.945286360000068],[116.96051569800011,7.942226006000055],[116.95922415500002,7.942873344000077],[116.95652577400006,7.940237683000021],[116.95199166400005,7.938749332000043],[116.94326702500007,7.929472986000064],[116.93557314700001,7.934160559000077],[116.93619854100007,7.937697681000031],[116.93381386400006,7.939441273000057],[116.92894110700001,7.936283580000065],[116.93469589800009,7.925217621000058],[116.93454251900005,7.922337371000026],[116.93616228700012,7.92159183900003],[116.93487969700004,7.913953613000047],[116.94142768600011,7.913236125000026],[116.94202734800001,7.914916207000033],[116.94476184500002,7.915042160000041],[116.94764481900006,7.918023111000025],[116.95148390400004,7.918148871000028],[116.95612526700006,7.913770847000023],[116.95638295000003,7.906953783000063],[116.965267,7.898856776000059],[116.96378447900008,7.896154827000032],[116.96761303100004,7.897006624000028],[116.96955233300002,7.886589725000022],[116.97256849300004,7.881899161000035],[116.97400691300004,7.881671337000057],[116.9730975120001,7.878996587000074],[116.97475894200011,7.876560514000062],[116.97405388100003,7.870863671000052],[116.97617474100002,7.870506455000054],[116.9783508810001,7.865466894000065],[116.98062491000007,7.865215761000059],[116.98144182800002,7.863009250000061],[116.98001607000003,7.859328296000058],[116.98264501000006,7.856103441000073],[116.98227785300003,7.85379901500005],[116.9884959850001,7.850727156000062],[116.98786103500004,7.848824388000025],[116.99040830800004,7.850052624000057],[116.99208783600011,7.848989437000057],[116.99502128600011,7.851618561000066],[117.00010077000002,7.851521532000049],[116.99903466800004,7.842576758000064],[116.99256783700002,7.839280985000073],[116.99313019400006,7.829243523000059],[116.9968765220001,7.820998322000037],[116.99622272500005,7.818610435000039],[116.99376379900002,7.818187778000038],[116.99289298000008,7.81582035100007],[116.99693772500007,7.810728113000039],[116.99525052900003,7.809432165000032],[117.00092527000004,7.80948780500006],[117.0093464900001,7.806625213000075],[117.01158686600002,7.804182972000035],[117.01617294000005,7.80365263300007],[117.0177909460001,7.804800043000057],[117.01922409000008,7.803646685000047],[117.02419902200006,7.80618198600007],[117.019098675,7.813216222000051],[117.01643507500012,7.813729805000037],[117.01509817700003,7.81589075200003],[117.01564915000006,7.819144936000043],[117.01397473100008,7.820584756000073],[117.01531435000004,7.822800008000058],[117.01746067600004,7.823195867000038],[117.02277076500002,7.820885644000043],[117.02386622200004,7.817362506000052],[117.02580879300001,7.817152509000039],[117.02779927000006,7.812720775000059],[117.03093900300007,7.815941920000057],[117.03075253700001,7.817489454000054],[117.03271111400011,7.817809774000068],[117.03235153100002,7.819624221000026],[117.04225949200008,7.825352231000068],[117.04318562100002,7.828043557000058],[117.04121679100001,7.831498596000074],[117.04186829600008,7.832869427000048],[117.04306220900003,7.832062929000074],[117.04562910800007,7.833747943000049],[117.04558279100002,7.83188896200005],[117.04745246100003,7.831311689000074],[117.05558908400008,7.836665767000056],[117.05475397900011,7.838061675000063],[117.06060581200006,7.842133298000022],[117.06116507500008,7.845226479000075],[117.06716402200004,7.854961011000057],[117.06695451300004,7.86151594100005],[117.07282983300001,7.862832023000067],[117.07512921000011,7.866553787000043],[117.07644112100002,7.875421484000071],[117.07886984200002,7.880125630000066],[117.07724050600007,7.882951179000031],[117.07074700700002,7.884227433000035],[117.067606,7.887014399000066],[117.06655788400008,7.890871454000035],[117.06873589300005,7.897557213000027],[117.07035999700008,7.900210167000068],[117.08030891200008,7.903621752000049],[117.0838109130001,7.90081359800007],[117.08633166600009,7.906319216000043],[117.08400981800003,7.929116198000031],[117.0859208500001,7.933063989000061],[117.08401762900007,7.934133372000076],[117.0856294890001,7.935152942000059],[117.08146794800007,7.936913279000066],[117.08088143500004,7.938824824000051],[117.08175561700011,7.941235992000031],[117.08565634700005,7.943965773000059],[117.0852126630001,7.945001053000055],[117.08089945100005,7.945035893000068],[117.07930968300002,7.947771185000022],[117.07934119200002,7.951380692000043],[117.08329836900009,7.953667753000047],[117.07965373700006,7.957139829000027],[117.08114406700008,7.960220900000024],[117.07895661000009,7.961003245000029],[117.08086636200005,7.963678203000029],[117.07974185500007,7.967144585000028],[117.07729233700002,7.968994571000053],[117.07916302700005,7.969983520000028],[117.07954508000012,7.972533701000032],[117.07616874900009,7.975379539000073],[117.07612948300005,7.976941666000073],[117.07810949000009,7.977810219000048],[117.07501528500006,7.991531046000034],[117.07337567700006,7.992436248000047],[117.06637528400006,7.987825196000074],[117.06484277400011,7.988457450000055],[117.06423605200007,7.986745170000063],[117.06107953300011,7.988543711000034],[117.05684211700009,7.984693943000025],[117.05484067400005,7.984512647000031],[117.05299176100004,7.985519504000024],[117.05192275800005,7.990905267000073],[117.05601735300002,7.997181993000027],[117.05898521600011,7.994714903000045],[117.06134174600004,7.995205591000058],[117.06315591000009,8.001571183000067],[117.06892756100001,8.00195831800005],[117.07154868600003,8.00413419900002],[117.0727391370001,8.002278525000065],[117.0751563120001,8.00185057300007],[117.07841545800011,8.005077908000032],[117.07827091800004,8.01231235900002],[117.06825604700009,8.011156610000057],[117.066436812,8.01157848500003],[117.06553138000004,8.014729095000064],[117.06551447600009,8.016198427000063],[117.06876319500009,8.016578459000073],[117.06945437600007,8.018455755000048],[117.07561346300008,8.017351310000038],[117.07828419600003,8.01847358200007],[117.07822230300008,8.027075331000049],[117.07656581700007,8.028687188000049],[117.07839765500012,8.030776599000035],[117.07534927600011,8.033445148000055],[117.07867739900007,8.034746260000077],[117.08059880000008,8.04490018100006],[117.08007365300011,8.052743952000071],[117.07311213700007,8.074504595000064],[117.06552744600003,8.080091683000035]]],[[[117.07382401200005,8.090820093000048],[117.07571340800007,8.083368059000065],[117.07950110200011,8.082227978000049],[117.08018147900009,8.08396616500005],[117.07852669500005,8.08740302700005],[117.07382401200005,8.090820093000048]]],[[[117.10670039000001,8.092460218000042],[117.1039917390001,8.092239231000065],[117.10230052600002,8.089360537000061],[117.09836217000009,8.072088894000046],[117.10731992100011,8.071157337000045],[117.10909281200009,8.073828890000073],[117.11132870200004,8.081499053000073],[117.10670039000001,8.092460218000042]]],[[[116.988652623,8.093558233000067],[116.98698840200007,8.091133470000045],[116.98546561600006,8.091333674000055],[116.986439861,8.089738258000068],[116.98363884700007,8.088530482000067],[116.98380694600007,8.085501205000071],[116.98637192800004,8.081344099000034],[116.98617941400005,8.077935696000054],[116.98782542900005,8.083002263000026],[116.9887311970001,8.082627517000049],[116.9878671130001,8.083104476000074],[116.991621914,8.087017134000064],[116.98923365200005,8.089356269000064],[116.988584693,8.087248313000032],[116.9867907040001,8.088646976000064],[116.9851788840001,8.087339228000076],[116.98749551800006,8.090519434000043],[116.98942066000006,8.090585549000025],[116.988652623,8.093558233000067]]],[[[117.028958525,8.13001756500006],[117.02378126200006,8.128337535000071],[117.01906578900002,8.122422203000042],[117.01706827300006,8.121859542000038],[117.0162186880001,8.123016215000064],[117.01682356700007,8.122114554000063],[117.01149825000005,8.116420334000054],[117.01101602900007,8.117422045000069],[117.00780867300011,8.116032897000025],[117.00545759300007,8.112871060000032],[117.00605677100009,8.11193875400005],[117.00187309700004,8.111749663000069],[116.99738380100007,8.108821257000045],[116.99258905200008,8.10433484300006],[116.9931156130001,8.103065121000043],[116.9898855030001,8.097728095000036],[116.99175435300003,8.09344611900002],[116.99099792600009,8.089153219000025],[116.994977403,8.087652226000046],[116.99758597800007,8.08793083300003],[117.00224176100005,8.092515738000031],[117.00559633900002,8.091577192000045],[117.00884099500001,8.092589352000061],[117.01045469500002,8.090085690000024],[117.00865103800004,8.084335316000022],[117.0077235660001,8.08503044300005],[117.00359502000003,8.08225058100004],[117.00750413500009,8.076539453000066],[117.01056675600012,8.076552608000043],[117.00933764400008,8.076096949000032],[117.0108863160001,8.075472497000021],[117.0142643580001,8.076799293000022],[117.01352185400003,8.07454634800007],[117.01560336800003,8.071425272000056],[117.022772454,8.070807650000063],[117.02579556800004,8.072489062000045],[117.02667290300008,8.074842964000027],[117.03095573400003,8.074570304000076],[117.03033689200004,8.075782049000054],[117.03511141500007,8.076247817000024],[117.04108584000005,8.080046372000027],[117.04290598300008,8.078235970000037],[117.04544748500007,8.082751746000042],[117.04738930600001,8.080857226000035],[117.05093564700007,8.08051258100005],[117.0529496900001,8.082373443000051],[117.05657065000003,8.081798226000046],[117.06248217500001,8.084082256000045],[117.05805631100009,8.093880513000045],[117.05539736300011,8.097516818000031],[117.05176987800007,8.099368405000064],[117.0527670240001,8.10308128500003],[117.05146542300008,8.105332949000058],[117.0507133100001,8.118571553000038],[117.04474033200006,8.123504308000065],[117.0445693370001,8.125283609000064],[117.04389302600009,8.124384492000047],[117.03796469500003,8.128243272000077],[117.028958525,8.13001756500006]]],[[[117.13053658800004,8.135096235000049],[117.13020940700005,8.13272405600003],[117.13441337000006,8.123648367000044],[117.14352618300006,8.11449863200005],[117.14936521400011,8.11175705900007],[117.1562544310001,8.113564005000057],[117.15655395100009,8.115412251000066],[117.15468288600005,8.117105606000052],[117.1410870310001,8.122238100000061],[117.13637329900007,8.125578134000023],[117.13053658800004,8.135096235000049]]],[[[117.22641367500012,8.163390995000043],[117.22386002500002,8.163724857000034],[117.21946866300004,8.159771102000036],[117.21910670200009,8.155100745000027],[117.22861498000009,8.154069261000075],[117.23087768900007,8.151967194000065],[117.23207211600004,8.156460405000075],[117.22641367500012,8.163390995000043]]],[[[117.24082264000003,8.176852508000024],[117.236630708,8.173745154000073],[117.24136163600008,8.168735149000042],[117.24728966600003,8.167127157000039],[117.25735028300005,8.16719372700004],[117.25479210900005,8.168598995000025],[117.24984716300003,8.175767964000045],[117.24082264000003,8.176852508000024]]],[[[117.14015332200006,8.179950629000075],[117.13227224100001,8.17779794300003],[117.13167920400008,8.173516107000069],[117.13413112300009,8.168991885000025],[117.1453925400001,8.158243545000062],[117.14854163500002,8.15127003400005],[117.1727369670001,8.148531584000068],[117.18971591400009,8.14954780100004],[117.20187352500011,8.151485286000025],[117.20561925100003,8.153628395000055],[117.20408964400008,8.163707618000046],[117.20184059700011,8.167525936000061],[117.19026000300005,8.17535539100004],[117.18970407400002,8.178831153000033],[117.188875617,8.178130689000056],[117.18771144000004,8.179396134000058],[117.18527824500006,8.177163335000046],[117.15808456100001,8.179591698000024],[117.1457215480001,8.177800493000063],[117.14015332200006,8.179950629000075]]],[[[117.00997316200005,8.180132437000054],[117.01033553800005,8.177835474000062],[117.01562275200001,8.17434589100003],[117.0258940540001,8.170417219000058],[117.02932950600007,8.17068338000007],[117.02785992200006,8.17243497800007],[117.00997316200005,8.180132437000054]]],[[[117.28153543100007,8.183020271000032],[117.27762667800005,8.182321029000036],[117.2812364780001,8.178063535000035],[117.28153543100007,8.183020271000032]]],[[[117.18825060100005,8.201747036000029],[117.18748135600003,8.200377403000061],[117.19658582200009,8.196902194000074],[117.19715225400012,8.195199122000076],[117.19830889400009,8.195722998000065],[117.1946128190001,8.199408886000072],[117.18825060100005,8.201747036000029]]],[[[117.08110016100011,8.248246230000063],[117.07962730400004,8.244128559000046],[117.07988656400005,8.225830074000044],[117.08140284300009,8.220215676000066],[117.08521064500007,8.215919504000055],[117.09221368900012,8.213721349000025],[117.10302546500009,8.214384193000058],[117.11510930600002,8.212646569000071],[117.119859775,8.215597505000062],[117.12376555500009,8.21513507800006],[117.12762877400007,8.21732273300006],[117.12543428800006,8.226004783000064],[117.11761334900007,8.238565567000023],[117.11434123400011,8.241501663000065],[117.0985859110001,8.24732270100003],[117.088003307,8.248060210000062],[117.08157029800009,8.24697758700006],[117.08110016100011,8.248246230000063]]],[[[117.12542691300007,8.287441627000021],[117.12054879800007,8.281377329000065],[117.12644950100002,8.278783812000029],[117.1279230450001,8.284946700000035],[117.12542691300007,8.287441627000021]]],[[[117.14266528300004,8.301039436000053],[117.14243794300012,8.305209625000032],[117.14159310900004,8.303897096000071],[117.14266528300004,8.301039436000053]]],[[[117.18241672500005,8.308644944000037],[117.18177232100004,8.302567804000034],[117.18409375600004,8.303883864000056],[117.18396449600004,8.307418443000074],[117.18241672500005,8.308644944000037]]],[[[117.3405177840001,8.311474039000075],[117.33807280200006,8.308725227000025],[117.34141601500005,8.310266231000071],[117.3405177840001,8.311474039000075]]],[[[117.3069265790001,8.330478263000032],[117.305629758,8.329798666000045],[117.30428959700009,8.322960075000026],[117.30138694700008,8.320477034000021],[117.30268913600003,8.318414308000058],[117.29941852600007,8.318375029000038],[117.29680681200011,8.316316553000036],[117.29661948900002,8.314489700000024],[117.29615069800002,8.31613098300005],[117.29580976900002,8.314548667000054],[117.2948928510001,8.314989697000044],[117.29075512400004,8.319566421000047],[117.28737153500003,8.318681860000027],[117.27902102100006,8.322978017000025],[117.27061736600001,8.31410038000007],[117.26959274500007,8.305962291000071],[117.26783486400006,8.304079350000052],[117.2687243790001,8.301578472000074],[117.26741943500008,8.302166584000076],[117.26802357600002,8.299128679000034],[117.265426864,8.299006012000063],[117.2675236770001,8.297810145000028],[117.26649477,8.285658743000056],[117.26966491500002,8.276415856000028],[117.26853123500007,8.27212018800003],[117.26938456000005,8.270846426000048],[117.26724471400007,8.267746027000044],[117.27121811800009,8.24472277600006],[117.26937376700005,8.237726586000065],[117.26609993000011,8.234930905000056],[117.26864292700009,8.234268845000031],[117.27147403800006,8.230436637000025],[117.2652798360001,8.231399607000071],[117.27167188500005,8.228546272000074],[117.2668311320001,8.227807719000054],[117.26538939200009,8.226258728000062],[117.26281150900002,8.209508570000025],[117.26947334600004,8.201438535000023],[117.27376656400008,8.200094539000077],[117.27512142800003,8.19762333600005],[117.28050958000006,8.194902393000064],[117.28583615100001,8.188683412000046],[117.28868690500008,8.189543953000054],[117.29413547800004,8.187909383000033],[117.29209147900008,8.186180554000032],[117.28733593400011,8.188312220000057],[117.28676785700009,8.18667417100005],[117.28848396400008,8.183414724000045],[117.28723991900006,8.184335497000063],[117.28663865100009,8.183336203000067],[117.2887936080001,8.182405703000029],[117.28349283300008,8.182507212000075],[117.29136771100002,8.181910611000035],[117.2924179580001,8.177289189000021],[117.29558863300008,8.17806476000004],[117.29953830800002,8.182653964000053],[117.31332567000004,8.189095494000071],[117.32798943600005,8.191678396000043],[117.3360086880001,8.194994896000026],[117.34535457900006,8.206758309000065],[117.34659454300004,8.210644413000068],[117.3426895660001,8.236607779000053],[117.34221716700006,8.252666592000026],[117.34397624400003,8.259573529000022],[117.34899225400011,8.266410174000043],[117.35024960800001,8.275813536000044],[117.35274001800008,8.28077978400006],[117.352212602,8.290773534000039],[117.34928359700007,8.294507731000067],[117.34354086300004,8.307954916000028],[117.33944890600003,8.307046636000052],[117.33574004400009,8.311552726000059],[117.33332175300006,8.311831762000054],[117.32462826100004,8.323826540000027],[117.31175092700005,8.330412548000027],[117.3069265790001,8.330478263000032]]],[[[117.23108121000007,8.338854892000029],[117.22448340500011,8.326309709000043],[117.22463912300009,8.323191614000052],[117.21176761400011,8.307867731000044],[117.19675713000004,8.29666063600007],[117.19372998600011,8.29091475000007],[117.175387623,8.283929403000059],[117.17205711600002,8.28443220500003],[117.17017898800009,8.281980451000038],[117.16925379300005,8.284953909000023],[117.163135312,8.286050917000068],[117.16916793100006,8.275643331000026],[117.17124190600009,8.274314287000038],[117.17157331200008,8.271386233000044],[117.17521403900002,8.270741477000058],[117.1760268270001,8.266981691000069],[117.174343023,8.262740707000034],[117.1757155890001,8.255559969000046],[117.17938723600003,8.25479617800005],[117.188079162,8.260468821000075],[117.18984924800009,8.25963414000006],[117.19278411700009,8.261558543000035],[117.19902042500007,8.262359201000038],[117.20150491100003,8.264842657000031],[117.20140386500009,8.263619869000024],[117.20315452900002,8.263178675000063],[117.204621502,8.264518809000037],[117.20234186500011,8.265672083000027],[117.20655776300009,8.266091114000062],[117.20681481500003,8.26458520400007],[117.21005494200006,8.265788086000043],[117.21013278600003,8.267139927000073],[117.21318008500009,8.26295544800007],[117.22013680400005,8.26238184400006],[117.22556726500011,8.26648679300007],[117.22597496100002,8.264945664000038],[117.22935098800008,8.266583454000056],[117.2334481580001,8.27216861100004],[117.24609078500009,8.279624754000054],[117.24912646400003,8.284591591000037],[117.25693883200006,8.28843650500005],[117.25817071900008,8.295911506000039],[117.25983296700008,8.297972904000062],[117.25915646700003,8.299276655000028],[117.26202579800008,8.305450181000026],[117.25787865500001,8.315042110000036],[117.25504297900011,8.313930898000024],[117.25178734400004,8.315897673000052],[117.24908722000009,8.315727235000054],[117.24815869800011,8.317548045000024],[117.23849392200009,8.306646597000054],[117.23903093400008,8.308173191000037],[117.237786991,8.308981839000069],[117.23793095700012,8.307321821000073],[117.23650711900007,8.30786295300004],[117.23412956100003,8.310380757000075],[117.23679354,8.315452837000066],[117.23464812100008,8.312671753000075],[117.23103720100005,8.311107646000039],[117.22736915200005,8.312021427000047],[117.2257933090001,8.314339440000026],[117.22193736000008,8.314813495000067],[117.22847292600011,8.327103876000024],[117.23122283600003,8.328421819000027],[117.23349743300003,8.332889287000057],[117.23351585000012,8.33674378400002],[117.23108121000007,8.338854892000029]]],[[[117.520221805,8.342745085000047],[117.5151766140001,8.341483289000053],[117.51491037900007,8.337686182000027],[117.51703065600009,8.33806063000003],[117.520221805,8.342745085000047]]],[[[117.31675162200008,8.350721836000048],[117.31473074900009,8.352429295000036],[117.31244850900009,8.35007883000003],[117.31047709200004,8.347042531000056],[117.31055675200002,8.34369309400006],[117.31280483500007,8.346537640000065],[117.31674272700002,8.346720527000059],[117.31675162200008,8.350721836000048]]]]}},{"type":"Feature","properties":{"shapeName":"Bataraza","shapeISO":"","shapeID":"30758251B18056750213925","shapeGroup":"PHL","shapeType":"ADM3","psgc_code":"1705305000","legacy_psgc_code":"175305000","province":"Palawan"},"geometry":{"type":"MultiPolygon","coordinates":[[[[117.23799582900006,8.367162627000027],[117.22850183900005,8.360826434000046],[117.22917333300006,8.358456396000065],[117.23091386100009,8.357925244000057],[117.23988587600002,8.365016198000035],[117.23799582900006,8.367162627000027]]],[[[117.24780356400004,8.378368180000052],[117.24555264500009,8.373575433000042],[117.24132578500007,8.369537666000042],[117.24162612600003,8.367647816000044],[117.24359968400006,8.368001144000061],[117.24595786600003,8.37128647700007],[117.24780356400004,8.378368180000052]]],[[[117.26547325500007,8.393310132000067],[117.26125587900003,8.391791932000046],[117.26355782700011,8.390314604000025],[117.26627129500002,8.392431260000023],[117.26547325500007,8.393310132000067]]],[[[117.26961349200008,8.401035261000061],[117.26479173900009,8.395345649000035],[117.26889641200012,8.398358213000051],[117.26961349200008,8.401035261000061]]],[[[117.19155457000011,8.43460260200004],[117.18980560200009,8.43239956800005],[117.1918651090001,8.43214045700006],[117.19155457000011,8.43460260200004]]],[[[117.43532005000009,8.438636548000034],[117.43602376800004,8.43964784000002],[117.4332492210001,8.441859133000037],[117.429310944,8.43939565900007],[117.43172079400006,8.43766679600003],[117.43532005000009,8.438636548000034]]],[[[117.2170226180001,8.485526427000025],[117.21913196500009,8.477704323000069],[117.21719936700003,8.475508780000041],[117.21829764400002,8.474011608000069],[117.21820334800009,8.466954892000047],[117.20943467200004,8.462978281000062],[117.21116048600004,8.461013450000053],[117.21449699000004,8.461419010000043],[117.2156813360001,8.458260436000046],[117.21497928200006,8.449381909000067],[117.2162510600001,8.447601667000072],[117.21409259600011,8.442185188000053],[117.21511725700009,8.441288538000038],[117.21473927800002,8.430369252000048],[117.21091202500008,8.426195002000043],[117.20651932900012,8.424658691000047],[117.20340229800001,8.41327788700005],[117.20088463400009,8.410916316000055],[117.1978386290001,8.411565964000033],[117.19539133,8.408610904000057],[117.19509318400003,8.403354997000065],[117.1923766220001,8.402825404000055],[117.1923548740001,8.399210026000048],[117.18654653300007,8.387615806000042],[117.18753476000006,8.38643925200006],[117.1864451990001,8.38351568500002],[117.18165652700009,8.379917178000028],[117.17738698900007,8.368599954000047],[117.17666531900011,8.362032009000075],[117.17853782000009,8.361567176000051],[117.17825174200004,8.358650838000074],[117.17375621800011,8.354074432000061],[117.17447546200003,8.346602499000028],[117.17519529800006,8.344776198000034],[117.17650624200007,8.345208284000023],[117.1741123810001,8.34224869600007],[117.17515772900003,8.33904340600003],[117.17771254200011,8.338660829000048],[117.18205060000003,8.332464397000024],[117.1909717310001,8.32994956500005],[117.19616508400009,8.330662778000033],[117.19735490900007,8.33223877000006],[117.199443846,8.331107677000034],[117.20535906100008,8.331734311000048],[117.2142164600001,8.341274919000057],[117.21367429500003,8.343411272000026],[117.2187460130001,8.350429934000033],[117.21602097800007,8.351997336000068],[117.21165115600002,8.350805954000066],[117.21450709100009,8.35515563000007],[117.21119056500004,8.355177096000034],[117.21014521600011,8.358367877000035],[117.20720910000011,8.358925009000075],[117.20791952400009,8.360918140000024],[117.21559023500004,8.362046228000054],[117.22093500400001,8.35600402700004],[117.222012403,8.359601032000057],[117.22541109800011,8.36229720600005],[117.224795545,8.363945694000051],[117.21940630000006,8.366487960000029],[117.22277686500001,8.370501672000046],[117.22445774700009,8.368147360000023],[117.22709903500004,8.368121927000061],[117.22612186100002,8.36575195100005],[117.22816473700004,8.361965863000023],[117.23797382500004,8.368618876000028],[117.24525773500011,8.377735871000027],[117.24589810000009,8.379671034000069],[117.24395958700006,8.380958731000021],[117.24878863700008,8.383630456000049],[117.24997042500001,8.38863139800003],[117.25599551200003,8.395009168000058],[117.2568170190001,8.399830769000062],[117.26083037900003,8.405127547000063],[117.25986484600003,8.40593300200004],[117.26124796300007,8.40569264900006],[117.26681376500005,8.410963722000076],[117.26966837500004,8.410339716000067],[117.27287033200002,8.412587146000021],[117.27632057700009,8.411688780000077],[117.27833878800004,8.408956529000022],[117.28337692600007,8.41040791200004],[117.28566525000008,8.412954675000037],[117.2832039860001,8.414914354000075],[117.28608257500002,8.41961673700007],[117.292954871,8.422805179000022],[117.28979205100006,8.427263781000022],[117.29991406200008,8.431527833000075],[117.31203317300003,8.440324032000035],[117.31857855800001,8.447986574000026],[117.32002523900007,8.453155838000043],[117.32407656600003,8.451289630000076],[117.33080258600012,8.454299941000045],[117.33528510300005,8.459233376000043],[117.34339105600009,8.46407214900006],[117.34305311000003,8.467248024000071],[117.35341215900007,8.470339531000036],[117.35859130400002,8.478089840000052],[117.36189118700008,8.477781755000024],[117.365477972,8.474293930000044],[117.36829479800008,8.475313818000075],[117.36897252400001,8.476611259000038],[117.3654984640001,8.480122832000063],[117.3674622740001,8.480392292000033],[117.37054859500006,8.487627324000073],[117.37299355100004,8.489152833000048],[117.37214781400007,8.493883021000045],[117.37476975400011,8.494309490000035],[117.37653067100007,8.492183279000074],[117.38204086300004,8.493389267000055],[117.38433298400003,8.490995516000055],[117.38881135000008,8.491610451000042],[117.39122442900009,8.490151284000035],[117.3927480100001,8.491015791000052],[117.39201623200006,8.493024496000032],[117.3992738500001,8.488375463000068],[117.40110065700003,8.489169397000069],[117.40052425400006,8.490895014000046],[117.40268284000001,8.493773943000065],[117.408022415,8.495361325000033],[117.41493892100004,8.499891707000074],[117.41639725300001,8.498932954000054],[117.42234204300007,8.499647050000021],[117.42242336800007,8.498177952000049],[117.42684091900003,8.497594184000036],[117.42913459800002,8.494535407000058],[117.43262474800008,8.49411178400004],[117.43335900200009,8.496639940000023],[117.42808939200006,8.499958266000021],[117.426133402,8.504434834000051],[117.43105743800004,8.50805716900004],[117.43163779800011,8.502374466000049],[117.43368490600005,8.502829602000077],[117.433311806,8.501301889000047],[117.43729839700006,8.501029591000076],[117.43767160400012,8.497645710000029],[117.43768113200008,8.501236454000036],[117.43909948200007,8.500438558000042],[117.449514152,8.503561173000037],[117.4515441740001,8.500248537000061],[117.4471248210001,8.493914838000023],[117.45183673200006,8.500587813000038],[117.45294533000003,8.500370876000034],[117.44967753500009,8.503661880000038],[117.4532309970001,8.505432679000023],[117.45361122800011,8.510928041000057],[117.45223123900007,8.514879826000026],[117.45389541800012,8.520608905000074],[117.45573798100008,8.521312372000068],[117.46225987900004,8.517476997000074],[117.46353378300012,8.518151558000056],[117.46269385700009,8.52135709700002],[117.46393248700008,8.520729465000045],[117.46518876300001,8.516948393000064],[117.46246742300002,8.513321376000022],[117.46349013500003,8.508623235000073],[117.46986127900004,8.507333026000026],[117.47937505200002,8.50774132600003],[117.4813309430001,8.503542018000076],[117.4853071660001,8.501555806000056],[117.48482055500006,8.498604857000032],[117.48750931600011,8.493931047000046],[117.49516398900005,8.496511329000043],[117.50114933200007,8.501052905000051],[117.50863694300006,8.521708386000057],[117.513588636,8.530301097000063],[117.51378997400002,8.534126701000048],[117.52793544000008,8.55635750600004],[117.531994585,8.558711894000055],[117.53885097900002,8.566433076000067],[117.54095313100004,8.573495226000034],[117.54020377000006,8.57677936500005],[117.54258793200006,8.57956065600007],[117.5417139870001,8.581066409000073],[117.54319027000008,8.581844055000033],[117.54460957700007,8.589866679000068],[117.54600633100006,8.59087964500003],[117.54524067400007,8.592951207000056],[117.54732995400002,8.596558311000024],[117.54561731100011,8.598512452000023],[117.54619194300005,8.601504302000023],[117.54241888500007,8.603927041000077],[117.54166452700008,8.607438040000034],[117.53900415500004,8.607898483000042],[117.5385574600001,8.617697124000074],[117.53286032900007,8.62444423100004],[117.53028474000007,8.623878852000075],[117.53865205000011,8.633829387000048],[117.53901561000009,8.635603608000054],[117.53541963100008,8.639945385000033],[117.53493586600007,8.64289218500005],[117.53833381800007,8.642955818000075],[117.54859537800007,8.65466871600006],[117.55395326200005,8.65764271300003],[117.55847538700004,8.66603989500004],[117.55760377700005,8.666763292000041],[117.55935249800007,8.66665477500004],[117.56613519400003,8.673958592000076],[117.57198317500001,8.676077488000033],[117.57329705500001,8.674797520000027],[117.57570508600008,8.675524520000067],[117.58030119300008,8.673409757000059],[117.58904312700008,8.672442873000023],[117.590463483,8.670712833000039],[117.5945376200001,8.670277491000036],[117.60665443700009,8.661727556000073],[117.62002703900009,8.658901485000058],[117.62109008400012,8.658026129000064],[117.62002433300006,8.656251590000068],[117.621162292,8.657861231000027],[117.62807691000012,8.658037931000024],[117.63230602300007,8.661160649000067],[117.6330900910001,8.660020490000022],[117.63678215800007,8.660698011000022],[117.63894971400009,8.658690967000041],[117.64083485100002,8.663200911000047],[117.6482569750001,8.66727181500005],[117.6532882460001,8.665580786000021],[117.65803740700005,8.668525941000041],[117.66606156700004,8.669892280000056],[117.67233206200001,8.668515275000061],[117.67994447700005,8.673844928000051],[117.68444143200009,8.680603596000026],[117.6820205460001,8.689453316000026],[117.67772056100011,8.696604776000072],[117.62265707800009,8.769912612000041],[117.55593019600008,8.73585378000007],[117.53954220300011,8.726154689000055],[117.51187021600003,8.687676691000036],[117.47535582800003,8.669784269000047],[117.41905838500008,8.64883274500005],[117.33152593500006,8.56518348800006],[117.26154881600007,8.501665794000075],[117.22393673400006,8.488577734000046],[117.2232562590001,8.486821040000052],[117.2170226180001,8.485526427000025]]]]}},{"type":"Feature","properties":{"shapeName":"Brooke's Point","shapeISO":"","shapeID":"30758251B43444158491696","shapeGroup":"PHL","shapeType":"ADM3","psgc_code":"1705306000","legacy_psgc_code":"175306000","province":"Palawan"},"geometry":{"type":"Polygon","coordinates":[[[117.68444143200009,8.680603596000026],[117.69083569200006,8.68481913100004],[117.6989870220001,8.68668847400005],[117.70456935900006,8.68625189100004],[117.71346979000009,8.682618492000074],[117.72790836500008,8.686261200000047],[117.73381912100001,8.685383149000074],[117.7385759870001,8.687516451000022],[117.74218482900005,8.687079209000046],[117.74786993900011,8.693796338000027],[117.7544486910001,8.697365413000057],[117.75961172100006,8.705033703000026],[117.77931336600011,8.714136960000076],[117.78027825200002,8.71943701500004],[117.78359849300011,8.722754887000065],[117.7854702190001,8.72775358900003],[117.79350049000004,8.73360231700002],[117.79458572200008,8.742115459000047],[117.79677978500001,8.743858055000032],[117.79855355400002,8.749609088000057],[117.80286329100011,8.754057095000064],[117.8067861080001,8.765649490000044],[117.81192380900006,8.770807340000033],[117.8184426360001,8.774022199000058],[117.82501941500004,8.774499711000033],[117.82880111300005,8.773263239000073],[117.8278398650001,8.76991003300003],[117.82868912900005,8.772102064000023],[117.83316270700004,8.771697265000057],[117.8353040390001,8.770892876000062],[117.83565051700009,8.768395390000023],[117.83688308,8.768682081000065],[117.84266852300004,8.776753169000074],[117.84844789600004,8.779998379000062],[117.8547796360001,8.789595580000025],[117.86212135500011,8.791501152000023],[117.86318095400009,8.79860861000003],[117.8659318550001,8.801581769000052],[117.86802939600011,8.809656003000043],[117.87317721600004,8.81748089100006],[117.87932434900006,8.81990802200005],[117.88026912100008,8.817998468000042],[117.881036386,8.81887520500004],[117.88266594700008,8.817784748000065],[117.88257305700006,8.822429120000038],[117.88446837700008,8.82733965400007],[117.8845876580001,8.826191177000055],[117.89053092100005,8.83077092600007],[117.89717592900001,8.83129838800005],[117.91028147500003,8.844720128000063],[117.91427492200012,8.846789517000047],[117.91892289900011,8.846070763000057],[117.92091786100002,8.843716717000063],[117.92830712900002,8.843578998000055],[117.92870127900005,8.847721215000035],[117.93144631700011,8.850631306000025],[117.93582698300008,8.852973977000033],[117.93930318700006,8.853077703000054],[117.94376337300002,8.859663131000048],[117.94933551600002,8.864629921000073],[117.95322806000001,8.865103231000035],[117.95414725800003,8.86704162500007],[117.95734974400011,8.868012630000067],[117.96153217100004,8.866727062000052],[117.9639872240001,8.872722586000066],[117.96967492700003,8.873179136000033],[117.96829493300004,8.870503231000043],[117.96986131200003,8.868976701000065],[117.98154889400007,8.869803403000049],[117.9845998940001,8.875657684000032],[117.98215289900008,8.877441230000045],[117.98977721300002,8.884619967000049],[117.98874246600008,8.882956147000073],[117.98997267400011,8.881304124000053],[117.99223748800011,8.881707820000031],[117.99412372300003,8.880105676000028],[117.99820909100004,8.881767595000042],[118.0018834010001,8.879339186000038],[118.00437258500006,8.883734910000044],[118.00434045200006,8.889231456000061],[118.00904339700003,8.895780675000026],[118.0064561580001,8.898552207000023],[118.0068213730001,8.902473903000043],[118.00294486300004,8.903461036000067],[117.99851921700008,8.907169570000065],[117.9934107040001,8.914828617000069],[117.99472499500007,8.929988085000048],[117.99066018000008,8.931265651000047],[117.98780000300007,8.92879980500004],[117.98670821600001,8.929285420000042],[117.98339005500009,8.937258405000023],[117.97544726000001,8.941563316000043],[117.96920803500007,8.938170760000048],[117.9646532810001,8.937702555000044],[117.9680560060001,8.940885688000037],[117.96669035700006,8.944446467000034],[117.96914702900006,8.945776742000021],[117.96795685300003,8.948631850000027],[117.97135956500006,8.948281863000034],[117.97024570400004,8.95670509000007],[117.96710239700008,8.958125979000044],[117.97039069700008,8.965523107000024],[117.97079507100011,8.969855349000056],[117.96924637600011,8.988933246000045],[117.95429275400011,8.989999437000051],[117.94834181700003,8.989055387000064],[117.94952438200005,8.991254404000074],[117.94805954500009,8.993437219000043],[117.93711133400006,8.988056048000033],[117.93158765600003,8.990543080000066],[117.90068103500005,9.012492404000056],[117.86050454100007,8.99552976800004],[117.77297214200007,8.924267887000042],[117.7596817000001,8.918284997000058],[117.73194107000006,8.885340788000065],[117.72721839400003,8.865202502000045],[117.69587667500002,8.829433719000065],[117.68296764000002,8.806431777000057],[117.62265707800009,8.769912612000041],[117.67772056100011,8.696604776000072],[117.6820205460001,8.689453316000026],[117.68444143200009,8.680603596000026]]]}},{"type":"Feature","properties":{"shapeName":"Busuanga","shapeISO":"","shapeID":"30758251B1739425505893","shapeGroup":"PHL","shapeType":"ADM3","psgc_code":"1705307000","legacy_psgc_code":"175307000","province":"Palawan"},"geometry":{"type":"MultiPolygon","coordinates":[[[[119.88288040200007,11.987143828000058],[119.88148994200003,11.986302753000075],[119.88211139600003,11.984993576000022],[119.88761245600006,11.981928853000056],[119.88788023300003,11.985001347000036],[119.88288040200007,11.987143828000058]]],[[[119.84017923400006,12.000360687000068],[119.8361260050001,11.997636731000057],[119.837671096,11.996074958000065],[119.83553141700008,11.988170371000024],[119.84659506300011,11.990346831000068],[119.8518162690001,11.989464878000035],[119.85433978800006,11.99215768700003],[119.85308554100004,11.993043557000021],[119.8550664060001,11.993602269000064],[119.8539508130001,11.994072010000025],[119.85539385200002,11.995360879000032],[119.85337298500008,11.997740047000036],[119.85524306800005,11.997222867000062],[119.85427589500011,11.997595210000043],[119.85547427400002,11.998684595000043],[119.85723736200009,11.998883746000047],[119.85776426300004,11.996172400000034],[119.8642741110001,11.991857246000052],[119.87126822700009,11.993299018000073],[119.87272941300012,11.992457916000035],[119.87348449800004,11.993791646000034],[119.86868641,11.993936052000038],[119.86415883000006,11.996155392000048],[119.86230113800002,11.997975074000067],[119.86303834400007,11.999513721000028],[119.85748827200007,12.000314049000053],[119.84156894700004,11.998123558000032],[119.84017923400006,12.000360687000068]]],[[[119.88550022600009,12.007411005000051],[119.88456911700007,12.00821164000007],[119.88327290300003,12.005928551000068],[119.88817808100009,12.005315694000046],[119.88847346300008,12.006822534000037],[119.88550022600009,12.007411005000051]]],[[[119.86772950600005,12.011295145000076],[119.86633402700011,12.00975420900005],[119.87208831600003,12.008090147000075],[119.87086889900002,12.010841259000074],[119.86772950600005,12.011295145000076]]],[[[119.94221356500009,12.01126677600007],[119.94046377100005,12.013291994000042],[119.94168569200008,12.006970204000027],[119.94299261600008,12.009873601000038],[119.94221356500009,12.01126677600007]]],[[[119.88227033200008,12.015072682000039],[119.87610942200001,12.010925497000073],[119.88435028000004,12.008750301000077],[119.88507301800007,12.01265817500007],[119.88227033200008,12.015072682000039]]],[[[119.89590556400003,12.018517848000045],[119.89443763300005,12.017444708000028],[119.89608603700003,12.016584864000038],[119.8956159380001,12.015366866000022],[119.89844231000006,12.015060670000025],[119.89927024000008,12.018439864000072],[119.89590556400003,12.018517848000045]]],[[[119.88863895800012,12.026142210000046],[119.88809932700008,12.01990898300005],[119.88536743000009,12.016847540000072],[119.88773466700002,12.015840758000024],[119.89187708100008,12.01825526400006],[119.89204846900009,12.020953335000058],[119.89512736600011,12.021079817000043],[119.89243416900001,12.025842216000058],[119.89013716400007,12.02425603200004],[119.88863895800012,12.026142210000046]]],[[[119.91948883200007,12.030527581000058],[119.9186716260001,12.028328534000025],[119.92029682700002,12.02576915800006],[119.92014980700003,12.022253695000074],[119.91738931800012,12.017510535000042],[119.91850415700003,12.016103754000028],[119.92153024100003,12.02196089000006],[119.91948883200007,12.030527581000058]]],[[[119.95229769000002,12.031175383000061],[119.94464793500003,12.025817825000047],[119.94189058000006,12.01670460400004],[119.94369415900007,12.017096882000033],[119.94619801200008,12.022518986000023],[119.95050323200007,12.022293270000034],[119.95229769000002,12.031175383000061]]],[[[119.90652664100003,12.037222963000033],[119.90588948400011,12.03346447000007],[119.90817929600007,12.03211549100007],[119.90859536300002,12.029785041000025],[119.90617731800012,12.026183027000059],[119.90985217900004,12.024370430000033],[119.90897918700011,12.020824752000067],[119.91015265600004,12.018835654000043],[119.91466162800009,12.022593473000029],[119.91583803000003,12.02593938700005],[119.90652664100003,12.037222963000033]]],[[[119.86601485300002,12.049488802000042],[119.86420459100009,12.048214760000064],[119.86761042,12.046501737000028],[119.88011022900002,12.046826176000025],[119.87032843500003,12.046859122000058],[119.86601485300002,12.049488802000042]]],[[[119.90159217100006,12.051179039000033],[119.89114786000005,12.04438783200004],[119.89367255500008,12.044461339000065],[119.89533283300011,12.042497592000075],[119.90331979400003,12.048176959000045],[119.90171526100005,12.048894422000046],[119.90159217100006,12.051179039000033]]],[[[119.95509555400008,12.053025561000027],[119.953936472,12.053105862000052],[119.9531701300001,12.048493903000065],[119.95596687300008,12.045129573000054],[119.95988097700001,12.04615433400005],[119.96067049500004,12.051990280000041],[119.95509555400008,12.053025561000027]]],[[[119.8994099250001,12.05608359100006],[119.89843304800002,12.054612425000073],[119.90162458300006,12.052926092000064],[119.90182952500004,12.051282928000035],[119.90275701000007,12.053563667000049],[119.90451296700007,12.053384527000048],[119.8994099250001,12.05608359100006]]],[[[119.79213249700001,12.05898066900005],[119.78596749400003,12.054264867000029],[119.78457543400009,12.051244190000034],[119.78930513400007,12.052339242000073],[119.79496684800006,12.05133238600007],[119.79522274600004,12.053753001000075],[119.79213065400006,12.056251362000069],[119.79213249700001,12.05898066900005]]],[[[119.83569336000005,12.073486328000058],[119.83447265600012,12.07452392600004],[119.83447265600012,12.07330322200005],[119.83569336000005,12.073486328000058]]],[[[119.87515085200005,12.083464380000066],[119.87340206300007,12.081385759000057],[119.87669115200003,12.08259487600003],[119.87515085200005,12.083464380000066]]],[[[119.84647162300007,12.107369457000061],[119.84548356200003,12.10546795700003],[119.84765207500004,12.102484609000044],[119.85088625800006,12.103819687000055],[119.851857461,12.10710399800007],[119.84647162300007,12.107369457000061]]],[[[119.87484749000009,12.116619864000029],[119.87419899600002,12.119372311000063],[119.87409381300006,12.116083282000034],[119.87484749000009,12.116619864000029]]],[[[119.9204243370001,12.132144985000025],[119.91784909700004,12.131495633000043],[119.91750102300011,12.126261938000027],[119.92114667200008,12.125295857000026],[119.92241734800007,12.12663376100005],[119.91985098100008,12.128234312000075],[119.92176986700008,12.130556753000064],[119.9204243370001,12.132144985000025]]],[[[119.8451812720001,12.133146383000053],[119.84200621800005,12.126668132000077],[119.84468991500012,12.11886802500004],[119.84431886300001,12.114542243000074],[119.84797458100002,12.116498697000054],[119.85430323800006,12.11279857900007],[119.8555582240001,12.11442136900007],[119.85096212300004,12.117392240000072],[119.84800392800003,12.124228409000068],[119.84667212300008,12.132887838000045],[119.8451812720001,12.133146383000053]]],[[[119.88513473700004,12.139871392000032],[119.88130247400011,12.13658558000003],[119.88485778600011,12.135995498000057],[119.8843004260001,12.133707110000046],[119.88611433200003,12.130096432000073],[119.88686327500011,12.135680623000042],[119.88513473700004,12.139871392000032]]],[[[119.87872117400002,12.160264121000068],[119.87658518400008,12.159640509000042],[119.87646322300009,12.157936251000024],[119.88143159300012,12.157334695000031],[119.8810662090001,12.159177398000054],[119.87872117400002,12.160264121000068]]],[[[119.81890563400009,12.16118272600005],[119.81566970900008,12.15885591500006],[119.81370066900001,12.159518350000042],[119.81451596600004,12.149619907000044],[119.81291657600002,12.145537177000051],[119.81398216900004,12.144292284000073],[119.8159917690001,12.146162551000032],[119.81951817800007,12.156423668000059],[119.81890563400009,12.16118272600005]]],[[[119.8718589990001,12.167588238000064],[119.870943785,12.168663663000075],[119.86815624100007,12.164635689000022],[119.86584887100003,12.14923596500006],[119.86500655900011,12.141372790000048],[119.86582609000004,12.13709142700003],[119.86758115600003,12.135698715000046],[119.86713095000005,12.128552333000073],[119.86449797900002,12.125942702000032],[119.86202033200004,12.125241905000053],[119.86133955100001,12.126836866000076],[119.86046807600007,12.125488088000054],[119.8610688120001,12.12303653400005],[119.86681989400006,12.120035194000025],[119.87064787000008,12.120956621000062],[119.87425279400009,12.119929134000074],[119.87581141200008,12.123810237000043],[119.87315516900003,12.13818083800004],[119.87401646600006,12.15179818100006],[119.87642383000002,12.157397672000059],[119.8718589990001,12.167588238000064]]],[[[119.87715556300009,12.182869198000049],[119.87519520400008,12.180823270000076],[119.87528879600006,12.177894189000028],[119.87751795500003,12.177524733000041],[119.87480127200001,12.171694758000058],[119.87603175800007,12.172085594000066],[119.88075118600011,12.16788484600005],[119.88219311000012,12.17441141300003],[119.87715556300009,12.182869198000049]]],[[[120.05037960300001,12.232384187000036],[120.04852644200002,12.231158122000068],[120.04950552000003,12.230209430000059],[120.0516861750001,12.232072925000068],[120.05037960300001,12.232384187000036]]],[[[120.0466868100001,12.24025477500004],[120.04571230700003,12.242958030000068],[120.04737168500003,12.23591827100006],[120.04803268300009,12.239243419000047],[120.0466868100001,12.24025477500004]]],[[[119.854178165,12.244991878000064],[119.84458005700003,12.239482090000024],[119.85396750400002,12.242835765000052],[119.854178165,12.244991878000064]]],[[[120.09258242800001,12.270947428000056],[120.09113018300002,12.27032646300006],[120.0968608390001,12.265267202000075],[120.09887778400002,12.265418842000031],[120.09839629300006,12.267260553000028],[120.09258242800001,12.270947428000056]]],[[[120.0627056080001,12.190348322000034],[120.06181479000008,12.196415269000056],[120.05939888600005,12.198901619000026],[120.05984315500007,12.201925136000057],[120.05651998700012,12.203641696000034],[120.05685911800003,12.206079588000023],[120.05247230100008,12.20986404000007],[120.05046364100008,12.213541905000056],[120.05106485200008,12.214986611000029],[120.04958028200008,12.215421916000025],[120.0486408910001,12.227379067000072],[120.04449558400006,12.228408727000044],[120.04133169700003,12.234871070000054],[120.03950982700007,12.235540465000042],[120.03942849500004,12.23392911600007],[120.038186601,12.233939271000054],[120.03323397500003,12.235450352000043],[120.02824656700011,12.239867211000046],[120.02209784100012,12.239298060000067],[120.02027546700003,12.240639194000039],[120.016624653,12.245867458000077],[120.01689495300002,12.24740407400003],[120.01396987900011,12.249813269000072],[120.01488349500005,12.253915577000043],[120.0112936480001,12.253056663000052],[120.00928870300004,12.25560632500003],[120.00425922300008,12.256487743000037],[120.00058050400003,12.258664254000053],[120.0008142590001,12.259841859000062],[119.99566565000009,12.261467106000055],[119.99121862800007,12.258954779000021],[119.9834738290001,12.259449929000027],[119.97856187500008,12.263604888000032],[119.97734164500002,12.263178451000044],[119.97718015600003,12.264853628000026],[119.97352187700005,12.267718699000056],[119.97381200300003,12.271420170000056],[119.96135842700005,12.269749147000027],[119.94920572800004,12.264343352000026],[119.94449354800008,12.266117578000035],[119.94271778600012,12.265307891000077],[119.94217600600007,12.266754212000023],[119.93813245800004,12.267912330000058],[119.93510192200006,12.267495742000051],[119.93431611200003,12.269017012000063],[119.92785407600002,12.271617903000049],[119.92825199600009,12.272975184000074],[119.92437935500004,12.276541666000071],[119.92951237400007,12.278300677000061],[119.93046103900008,12.276955135000037],[119.92921857300007,12.275078204000067],[119.93985087200008,12.282844694000062],[119.93813661600007,12.282328032000066],[119.937109329,12.284279763000029],[119.93681222700002,12.287224413000047],[119.93848217900006,12.289040481000029],[119.93504401100006,12.290547202000027],[119.93209108000008,12.289172242000063],[119.92916363900008,12.291546779000043],[119.92965819000005,12.294028424000032],[119.92897436900012,12.292591880000032],[119.92698031400005,12.293419330000063],[119.92327052500002,12.298269684000047],[119.92415039800005,12.311541656000031],[119.92684901400003,12.314455045000045],[119.926114084,12.318164870000032],[119.91356252100002,12.323330010000063],[119.91259356300009,12.322243058000026],[119.90490830800002,12.322191112000041],[119.9020486390001,12.326999040000032],[119.89561533800008,12.328180165000049],[119.89480912700003,12.32974160200007],[119.88537941800007,12.326904408000075],[119.880260238,12.327736430000073],[119.87356453400002,12.31525272400006],[119.86415420000003,12.310459727000023],[119.86356956100008,12.306143169000052],[119.86800477600002,12.303754806000029],[119.86887966900008,12.294921754000029],[119.87327809400006,12.292883524000047],[119.86696756800006,12.29006124500006],[119.87043073300003,12.287890980000043],[119.87867255600008,12.28966620400007],[119.88078488600001,12.288354391000041],[119.87909299900002,12.288642854000045],[119.87854023400007,12.28641470100007],[119.87461021400009,12.284055285000022],[119.87740916300004,12.282873499000061],[119.87648279400003,12.278888254000037],[119.87261953200004,12.27953481700007],[119.8689936180001,12.27727640300003],[119.8703298160001,12.275191852000034],[119.8688026210001,12.272134115000028],[119.86963407300004,12.270917351000037],[119.8668371340001,12.26812024800006],[119.86897197000008,12.268432216000065],[119.86959196100008,12.265912526000022],[119.87684859600006,12.26951056400003],[119.88361445900011,12.270407179000074],[119.88397294600009,12.273524290000069],[119.88664802000005,12.273457976000032],[119.88857529200004,12.275170614000046],[119.88764625600004,12.272088237000048],[119.8914756480001,12.271094001000051],[119.89324732300008,12.272341389000076],[119.89255332500011,12.27389366500006],[119.89403421100008,12.276502524000023],[119.8945861840001,12.274192515000038],[119.89647697600003,12.275652320000063],[119.8988656040001,12.274900574000071],[119.90411739400008,12.27677058200004],[119.91321306200007,12.277471263000052],[119.91724401700003,12.27322801400004],[119.91512656700002,12.273649490000025],[119.916315284,12.272540497000023],[119.91453287800005,12.270696563000058],[119.9143407470001,12.272316199000045],[119.90988958100002,12.27179274100007],[119.90816248700003,12.268604295000046],[119.90022351800008,12.268142005000072],[119.89907767000011,12.266741468000077],[119.89029732400002,12.265595263000023],[119.88694839000004,12.263583482000058],[119.88207318200011,12.264024278000022],[119.88196310100011,12.261636569000075],[119.88147050400005,12.264235245000066],[119.87804021800002,12.265377027000056],[119.87106862400003,12.259143793000021],[119.87234357200009,12.257088182000075],[119.86968566400003,12.253959550000047],[119.86863348100007,12.255107603000056],[119.86691340700008,12.253359285000045],[119.86387280100007,12.253852509000069],[119.86259366400009,12.254930987000023],[119.86416300300004,12.25757623800007],[119.86068805800005,12.25543271500004],[119.86178068200002,12.25319087400004],[119.85891774900006,12.250754082000071],[119.85935581000001,12.246625341000026],[119.857399396,12.242416225000056],[119.85861988400006,12.232504215000063],[119.86176202600006,12.237160077000055],[119.86383738800009,12.23667507500005],[119.86417014800008,12.233524461000059],[119.86763112000006,12.234050813000067],[119.86823915100001,12.230995587000052],[119.87034323000012,12.231739756000024],[119.87448964500004,12.228617120000024],[119.87555594100002,12.223411300000066],[119.86552999800006,12.209303697000053],[119.8662371690001,12.206475515000022],[119.86272957800008,12.204863035000074],[119.8655003880001,12.20585763400004],[119.86641934200009,12.204354670000043],[119.86393195900007,12.193283368000039],[119.85314835200006,12.184044484000026],[119.848047672,12.17460014900007],[119.84948067900007,12.166184108000039],[119.85286244000008,12.16667878000004],[119.85470520700005,12.16188879300006],[119.85498412600009,12.156618761000061],[119.85184639500005,12.152423872000043],[119.85279498800003,12.14692526500005],[119.85547981000002,12.151007293000077],[119.859553516,12.153002997000044],[119.86315234800009,12.161855391000074],[119.86180701900003,12.16484600800004],[119.8605836800001,12.163830550000057],[119.85945953600003,12.165458175000026],[119.85807567400002,12.164099351000061],[119.85761080400005,12.16688160600006],[119.86219434000009,12.167530730000067],[119.86611563200006,12.173491690000048],[119.86603728500006,12.178923951000058],[119.8678158030001,12.178619833000027],[119.86955813800012,12.180311817000074],[119.87810702900003,12.197926435000056],[119.87898393500006,12.20235122500003],[119.8826146020001,12.20524179000006],[119.889129421,12.205862119000074],[119.88988546900009,12.203965776000075],[119.89510174100008,12.201993644000027],[119.89654349400007,12.202703851000024],[119.89964310900007,12.192647560000069],[119.89883822400009,12.190429824000034],[119.90358418500011,12.187666405000073],[119.90558780100002,12.180849344000023],[119.90019627600009,12.163211900000022],[119.90180872000008,12.161467521000077],[119.90226933600002,12.162442998000074],[119.91334033300006,12.157295236000039],[119.91903080400004,12.150696194000034],[119.92064556700007,12.151919933000045],[119.92605219100005,12.141106551000064],[119.92400606100011,12.13687195700004],[119.93187879600009,12.137783270000057],[119.92962216800004,12.131612758000074],[119.934996253,12.121722527000031],[119.93466665400001,12.11531276200003],[119.9311771780001,12.10861079800003],[119.93001314600008,12.101415003000056],[119.93302761000007,12.087234728000055],[119.93555555900002,12.083467117000055],[119.9411355740001,12.084657715000048],[119.95149295500005,12.078949891000036],[119.95006314300008,12.076576368000076],[119.95070696700009,12.073325924000073],[119.94089494500008,12.076468257000045],[119.93782263700007,12.07313631900007],[119.94716885200012,12.068848627000023],[119.95310799900005,12.055127757000037],[119.95476858400002,12.057732810000061],[119.9542865730001,12.05971054500003],[119.95616346500003,12.057562026000028],[119.95889054600002,12.057489779000036],[119.96256305800011,12.063114816000052],[119.96369034200006,12.061091976000057],[119.96583595300001,12.061466],[119.9692484300001,12.065064107000069],[119.97114971200006,12.058335860000057],[119.96965889600006,12.056430677000037],[119.97099874100002,12.05441758400002],[119.97006704900002,12.052926827000022],[119.97151279400009,12.05279640200007],[119.96915200600006,12.049081716000046],[119.97030450900002,12.049670788000071],[119.97135653700002,12.047430262000034],[119.97139224400007,12.041947080000057],[119.97507514600011,12.038560781000058],[119.97159036300002,12.037787015000049],[119.97068322400003,12.035329914000044],[119.97045452600003,12.028793940000071],[119.97279431000004,12.023420964000024],[119.97429993600008,12.024192925000023],[119.97660549400007,12.02281436100003],[119.98057204700001,12.029106650000074],[119.98379459000012,12.02538499800005],[119.98290561400006,12.029385224000066],[119.98578434600006,12.031316509000021],[119.98750778700003,12.02850550200003],[119.99687334900011,12.023761474000025],[119.99270572900002,12.019634992000022],[119.98624009800005,12.027098616000046],[119.98679049800012,12.021295288000033],[119.98479006100001,12.022688807000065],[119.98364123400006,12.02034106700006],[119.97983352300002,12.021625763000031],[119.98448604600003,12.016097861000048],[119.98288913200008,12.012753702000055],[119.97791889300004,12.01671327300005],[119.975717314,12.016888223000024],[119.97782004100009,12.009645041000056],[119.9849299660001,12.006735139000057],[119.9906057070001,12.007935512000074],[119.99182856800007,12.003358567000078],[119.996154251,12.001287608000041],[119.9975667000001,12.001646579000067],[119.99591057100008,12.003302382000072],[119.99756071400009,12.006113819000063],[120.01003439500005,12.00345287600004],[120.01244478000001,12.005425719000073],[120.01539106500002,12.004960682000046],[120.01636034900002,12.004003436000062],[120.01547837300006,12.000075160000051],[120.01321236400008,11.999150015000055],[120.012674908,11.996782536000069],[120.017187368,11.998289251000074],[120.02669,12.037607],[120.03465270800007,12.050868200000025],[120.04227462200004,12.07914463000003],[120.0280610860001,12.084221727000056],[120.004094,12.136295],[120.05439174900005,12.18284574300003],[120.060181,12.190395],[120.06266625700005,12.190168889000063],[120.0627056080001,12.190348322000034]]],[[[119.95837351800003,12.34470256800006],[119.95150198800002,12.339324225000041],[119.9544095550001,12.339417064000031],[119.95837351800003,12.34470256800006]]],[[[119.90825476000009,12.37019562100005],[119.90324558600003,12.369558924000046],[119.90022447600006,12.367148458000031],[119.89545145200009,12.359808314000077],[119.89711583000008,12.359217693000062],[119.89865928300003,12.360508247000041],[119.90145455400011,12.359262654000077],[119.90683611100008,12.364598374000025],[119.9156031870001,12.36704620100005],[119.91508817800002,12.368718861000048],[119.90825476000009,12.37019562100005]]]]}},{"type":"Feature","properties":{"shapeName":"Cagayancillo","shapeISO":"","shapeID":"30758251B20045394084873","shapeGroup":"PHL","shapeType":"ADM3","geometry_variant":"full_topology_preserving_simplification","simplification_tolerance_degrees":5e-05,"psgc_code":"1705308000","legacy_psgc_code":"175308000","province":"Palawan"},"geometry":{"type":"MultiPolygon","coordinates":[[[[120.82291128400004,9.28226182800006],[120.81806975100005,9.281334481000044],[120.81537818900006,9.280501718000039],[120.80941862800012,9.277759994000064],[120.80848751000008,9.27721510400005],[120.80760856300003,9.27656637900003],[120.80693503200007,9.275841967000076],[120.80694717000006,9.275636089000045],[120.80724311000006,9.275346434000028],[120.80812718400011,9.274940824000055],[120.80985132500007,9.274589681000066],[120.81117766800003,9.274654355000052],[120.81305925100003,9.274879430000055],[120.81532216100004,9.27563297000006],[120.81912757200007,9.277373910000051],[120.82175187700011,9.278956271000027],[120.8224480450001,9.279624476000038],[120.82326293100004,9.280773451000073],[120.8237994540001,9.281202646000054],[120.823690241,9.280761429000052],[120.824053434,9.280267097000035],[120.8242411330001,9.28020310200003],[120.82450733100006,9.28041296400005],[120.82454146200007,9.280736299000068],[120.82433669800002,9.280867656000055],[120.8242786830001,9.281042796000065],[120.82430598700012,9.281211201000076],[120.8244902780001,9.281427518000044],[120.82425480000006,9.281804744000056],[120.82349629900011,9.282195001000048],[120.82291128400004,9.28226182800006]]],[[[121.19442774000004,9.566531060000045],[121.1939864950001,9.566542752000032],[121.19389068300006,9.56632408300004],[121.1939162760001,9.56611457300005],[121.19400966600006,9.566123744000038],[121.19415450100007,9.566330883000035],[121.19433426300009,9.566316995000022],[121.19428529100003,9.566448240000057],[121.19442774000004,9.566531060000045]]],[[[121.21769250300008,9.587668117000021],[121.21739583800002,9.587649697000074],[121.21732342000007,9.587497678000034],[121.21753365200004,9.587320318000025],[121.21826850700006,9.587474548000046],[121.21813741900007,9.587580660000071],[121.21793310400005,9.587562159000072],[121.21769250300008,9.587668117000021]]],[[[121.21721006700011,9.587604190000036],[121.21674854300011,9.587709612000026],[121.2160813380001,9.587289043000055],[121.21488634800005,9.587087620000034],[121.21364475400003,9.587220752000064],[121.21368779800002,9.587045189000037],[121.21391671900005,9.586954512000034],[121.21434129800002,9.586875407000036],[121.21457217800003,9.586956434000058],[121.21505465200005,9.586886974000038],[121.21594442500009,9.587067362000028],[121.21691265900006,9.58738040000003],[121.21721006700011,9.587604190000036]]],[[[121.21902111500003,9.587921196000025],[121.21874979800009,9.587805346000039],[121.21874125000011,9.587670532000061],[121.21915783300005,9.587700014000063],[121.21902111500003,9.587921196000025]]],[[[121.21963210400008,9.588064422000059],[121.21942488400009,9.588136047000035],[121.21936720000008,9.587984382000059],[121.21963210400008,9.588064422000059]]],[[[121.2323188260001,9.601333183000065],[121.23198230800006,9.601373120000062],[121.23167108000007,9.60122345000002],[121.23174441700007,9.60057979000004],[121.23209611700008,9.600519895000048],[121.23221251300004,9.600609702000042],[121.23249846300007,9.601173506000066],[121.2323188260001,9.601333183000065]]],[[[121.22901150200005,9.602243013000077],[121.22873032300004,9.602266324000027],[121.22865234200003,9.602145182000072],[121.22828137200008,9.602086955000061],[121.22809469600008,9.601870297000062],[121.22829317300011,9.601809714000069],[121.22868069200001,9.602038011000047],[121.22890516300004,9.602068287000066],[121.22901150200005,9.602243013000077]]],[[[121.0068913560001,9.615405404000057],[121.00517647600009,9.615121534000025],[121.00450820700007,9.614862162000065],[121.00403383200012,9.614568826000038],[121.00321237600008,9.613862338000047],[121.0024726800001,9.612949164000042],[121.00185725500012,9.611190087000068],[121.00185261100012,9.610837360000062],[121.00205007900001,9.610091184000055],[121.00280816400004,9.609060058000068],[121.00409891600009,9.608224207000035],[121.00533622300009,9.607576443000028],[121.00615952800001,9.60749200500004],[121.00744610700008,9.60701080900003],[121.007927031,9.607114395000053],[121.00831897600006,9.607016557000065],[121.00875375600003,9.607066509000049],[121.00919213700001,9.60701498800006],[121.0101428800001,9.607093090000035],[121.01068702100008,9.607222012000022],[121.01106193100009,9.607133805000046],[121.01194389700004,9.607393006000052],[121.01261678000003,9.607249403000026],[121.01363458100002,9.607634424000025],[121.01419432800003,9.607613990000061],[121.01775785500001,9.608333902000027],[121.01940148000006,9.608985347000043],[121.01954803900003,9.60911969700004],[121.01959845500005,9.609845952000057],[121.01921319000007,9.610611964000043],[121.01874890600004,9.611128438000037],[121.01768021400005,9.61187489200006],[121.01615721100006,9.61252718000003],[121.01340875300002,9.613458386000048],[121.00920893000011,9.615096261000076],[121.00803555800007,9.615369102000045],[121.0068913560001,9.615405404000057]]],[[[121.22822160300007,9.61668116900006],[121.2280478890001,9.61646913900006],[121.22793760600007,9.616545260000066],[121.22777217100008,9.616477307000025],[121.22742201300002,9.616518099000075],[121.22725380700001,9.61611577900004],[121.22742474200004,9.615906453000036],[121.22751021400006,9.615906449000022],[121.22749919600005,9.616137517000027],[121.22741097200003,9.616246257000057],[121.227540567,9.616422949000025],[121.22819677400003,9.616398453000045],[121.22822160300007,9.61668116900006]]],[[[121.2282464650001,9.61763533900006],[121.22801762200004,9.617700592000062],[121.22776119600007,9.617551089000074],[121.22787698700006,9.617352638000057],[121.22764538000001,9.617249349000076],[121.22754610700008,9.616928579000046],[121.22773082700007,9.616705660000036],[121.22777219400007,9.61691225800007],[121.22791281400009,9.616996522000022],[121.22797624300006,9.617268362000061],[121.22809755800006,9.617268357000057],[121.22814442600009,9.61717864600007],[121.22814167800004,9.617363500000067],[121.22826851000002,9.61738252400005],[121.2282464650001,9.61763533900006]]],[[[121.22671902400009,9.618657541000061],[121.22670800300011,9.618847832000029],[121.22659493200001,9.618230753000034],[121.22666660800007,9.617996966000021],[121.22710774900008,9.617803937000076],[121.22715187300003,9.618010536000043],[121.22735867500012,9.61828508900004],[121.22730905600008,9.618535186000031],[121.22719325800006,9.61859499600007],[121.22690098900011,9.61844549500006],[121.22682379000003,9.61851617800005],[121.22686515500004,9.61866025300003],[121.22671902400009,9.618657541000061]]],[[[121.22736973100007,9.618872269000065],[121.22731460400007,9.61923925900004],[121.2274166310001,9.619470321000051],[121.22738080200008,9.619782942000029],[121.22725672500007,9.619712269000047],[121.22707197300008,9.619280046000029],[121.22719051600006,9.61894023700006],[121.22716293700012,9.618793443000072],[121.22736973100007,9.618872269000065]]],[[[121.28095899300001,9.623006081000028],[121.28078555500008,9.623132525000074],[121.28025003100004,9.622914514000058],[121.27981831400007,9.622644586000035],[121.2794883680001,9.622566562000031],[121.27818614700004,9.62189881200004],[121.2778121880001,9.62161694200006],[121.2775702460001,9.621686369000031],[121.27728290400012,9.621443357000032],[121.27724332500009,9.62153444300003],[121.27709814500008,9.62146073100007],[121.27659667800003,9.621664643000031],[121.276482267,9.621404428000062],[121.2756481880001,9.62100762600005],[121.27533586100003,9.621059712000033],[121.2748827370001,9.62089495600003],[121.27467936700009,9.620733826000048],[121.27449462000004,9.620842278000055],[121.27447260600002,9.620703491000029],[121.27429226900006,9.620890011000029],[121.27414270300005,9.620911715000034],[121.27393782400009,9.620458320000068],[121.273533068,9.620115732000045],[121.27344944900005,9.619825152000033],[121.2731789180001,9.619542031000037],[121.27297655500001,9.61949000800007],[121.27300292600012,9.619294831000047],[121.2729413290001,9.61921243300003],[121.27267739600006,9.619281858000022],[121.27223242700006,9.61959999800007],[121.27191356700007,9.619513513000072],[121.27175544500005,9.619084460000067],[121.27172030000008,9.61873837500002],[121.27184030100011,9.618426981000027],[121.27178470700005,9.618302972000038],[121.27114328300001,9.617773767000074],[121.27087704900009,9.617679700000053],[121.27082180800005,9.61779361400005],[121.2707364150001,9.617773813000042],[121.27069557300001,9.617672440000035],[121.27080356200008,9.617593188000058],[121.27075832500009,9.617352998000058],[121.27051972900006,9.617365406000033],[121.2703539580001,9.617281233000028],[121.27016308500004,9.617318398000066],[121.27018570100006,9.61742487400005],[121.27004002600006,9.61736793700004],[121.27014299000007,9.617301067000028],[121.27015049300007,9.61702628100005],[121.26976619600009,9.616719271000022],[121.26982635600007,9.616438836000043],[121.26960541200003,9.616157343000054],[121.26962549400002,9.61607067400007],[121.26909804500008,9.61579834500003],[121.26861462200009,9.615405985000052],[121.26817309900002,9.614724254000066],[121.26804501800007,9.61479360100003],[121.26784659700002,9.614682192000032],[121.26782648200003,9.614471714000047],[121.26756590700006,9.613977995000027],[121.2669188220001,9.613625078000041],[121.26687359400012,9.613424508000037],[121.26695381000002,9.613300555000023],[121.26738829800001,9.613290606000021],[121.26743847900002,9.612822508000022],[121.26687261600011,9.611450236000053],[121.26630495800009,9.610837614000047],[121.26607346000003,9.610702838000066],[121.26570810200008,9.61016763200007],[121.26517061700008,9.609858154000051],[121.26459828300005,9.609350641000049],[121.2643596900001,9.609330853000074],[121.26363756500007,9.60877454100006],[121.26328846000001,9.608643333000032],[121.26312674200005,9.608484615000066],[121.26317192600004,9.60823203600006],[121.26345827900002,9.60794073300002],[121.26357380500008,9.607925865000027],[121.26388520000012,9.607660879000036],[121.26429205200009,9.607623699000044],[121.26406092800005,9.606900238000037],[121.26383990000011,9.606679874000065],[121.2628700250001,9.60619119200004],[121.26177656900006,9.605807923000043],[121.2616244840001,9.605612717000042],[121.26157678700008,9.605838058000074],[121.26140349900004,9.60586531100006],[121.26105941000003,9.605607813000063],[121.26099849400009,9.605314191000048],[121.26109642600011,9.605148275000033],[121.26081515400006,9.60526715800006],[121.26083275700012,9.605534591000037],[121.26062180400004,9.605636133000075],[121.26031288700005,9.605519776000051],[121.26011697800004,9.60531178900004],[121.26011260700011,9.605168524000021],[121.26024319700002,9.605109084000048],[121.26013519300011,9.60496299600004],[121.25924657000007,9.604873887000053],[121.25919132800004,9.604985322000061],[121.25899293100008,9.605064577000064],[121.25900800700003,9.605168577000029],[121.25912855100012,9.605101710000042],[121.2592330980001,9.605177329000071],[121.25920046100009,9.605320952000056],[121.25958222600002,9.605655212000045],[121.2597730870001,9.605528910000032],[121.2598986700001,9.605655187000025],[121.2600542450001,9.60565802700006],[121.26025266600004,9.605853633000038],[121.26025518800009,9.605972492000035],[121.26069220500005,9.606257222000067],[121.26116017900006,9.606708605000051],[121.26136612500011,9.606780398000069],[121.2618581370001,9.607372680000026],[121.26191591500003,9.607531154000071],[121.26184308200004,9.607546017000061],[121.26167229900011,9.607498984000074],[121.2615266150001,9.607273660000033],[121.26115780100008,9.60713551200007],[121.26065078500005,9.606721223000022],[121.2596186620001,9.606373826000038],[121.25912754300009,9.60592923400003],[121.25886634800008,9.605879731000073],[121.25876790500001,9.60567071500003],[121.25887338300004,9.605626133000044],[121.25893113300003,9.605470126000057],[121.25908182,9.605428018000055],[121.25898888100005,9.605244784000035],[121.25884573400003,9.605336416000057],[121.25870760100008,9.605304236000052],[121.2585845540001,9.605497392000075],[121.25846400600005,9.605512259000022],[121.25853684900005,9.605645969000022],[121.25849919300003,9.605836642000043],[121.25834598600011,9.605727700000045],[121.25838866600009,9.605546932000038],[121.2582957300001,9.605395889000022],[121.25801946900003,9.605356290000032],[121.2579541770001,9.60544296300003],[121.25799807800001,9.605779437000024],[121.25785996700006,9.606022118000055],[121.25770174700006,9.606041940000068],[121.25667419700005,9.605226146000064],[121.25645819200008,9.604911681000033],[121.25624307100009,9.604750142000057],[121.25607480600002,9.604760058000068],[121.25597687800007,9.605007689000047],[121.2557608840001,9.604866558000026],[121.25574904200005,9.604579735000073],[121.2559474300001,9.604344479000076],[121.25584946000004,9.60401267100002],[121.25572138100006,9.60406963400004],[121.25560082900006,9.604012689000058],[121.2555656940001,9.60437669700002],[121.25548185200012,9.604465847000029],[121.25481129500008,9.604441130000055],[121.25450487900002,9.604121717000055],[121.254333545,9.603843203000054],[121.25438645300005,9.603683294000064],[121.2541830130001,9.603505019000067],[121.25420061400007,9.60381207000006],[121.25403737500005,9.603891321000049],[121.25399968200009,9.60354712700007],[121.25380379100011,9.603561997000043],[121.25365060500008,9.603725438000026],[121.2535587000001,9.603676777000032],[121.25362147800001,9.603538105000041],[121.25348585400002,9.603439064000042],[121.25307830500003,9.60338959400002],[121.25303057100007,9.603127116000053],[121.25284365200002,9.602848879000021],[121.25299432400004,9.602630961000045],[121.25268290500003,9.602591361000066],[121.25261515500006,9.602465252000059],[121.25222087000009,9.602618802000052],[121.25199483400002,9.602490052000064],[121.25159109300012,9.601927326000066],[121.25153080100006,9.60160789500003],[121.2512083580001,9.601328185000057],[121.25097224800004,9.600934618000053],[121.25043209400008,9.60062420600002],[121.25049269100009,9.600193907000062],[121.25027245400008,9.600132608000024],[121.25014550900005,9.600342098000056],[121.24979832100007,9.600354889000073],[121.24971900900005,9.600151466000057],[121.24996252200003,9.599487241000077],[121.24948195600007,9.598942575000024],[121.24929799300003,9.598842952000041],[121.24919174500008,9.598485304000064],[121.24852157100008,9.597829090000062],[121.24827800500009,9.597468895000077],[121.24821064700006,9.597599186000025],[121.24806814800002,9.597640067000043],[121.248050024,9.59790319800004],[121.24795675200005,9.59794663200006],[121.24814941700004,9.597937881000064],[121.24806392300002,9.598078392000048],[121.24818828900004,9.598091159000035],[121.24863912900003,9.59843346200006],[121.2486754140001,9.598653161000072],[121.24860546100001,9.598709368000073],[121.24814167500006,9.598584212000048],[121.24773228900006,9.598167820000072],[121.24741944700008,9.598087552000038],[121.24735725200003,9.597811651000029],[121.24699137900006,9.597645895000028],[121.24661567900012,9.597298477000038],[121.24640437000005,9.596963309000046],[121.24526337800012,9.59616],[121.24529186600012,9.595843221000052],[121.24518822100003,9.595651625000073],[121.24477550000006,9.595477935000076],[121.24469518500007,9.595554578000076],[121.24461227300003,9.59549071500004],[121.24448791700001,9.595692537000048],[121.24442832600005,9.595677212000055],[121.24403189000009,9.595362969000064],[121.24403188200006,9.595173923000061],[121.24345704600012,9.594675297000038],[121.24329840200005,9.594723840000029],[121.24327248600002,9.594529687000033],[121.24301903000003,9.594440690000056],[121.24300088900009,9.59428996400004],[121.2426614740001,9.594118813000023],[121.2423661150001,9.594244002000039],[121.24235316500005,9.594379398000058],[121.24220807300003,9.594341083000074],[121.24202930400008,9.594425392000062],[121.2417930790001,9.594296365000048],[121.24173348200009,9.594084331000033],[121.2415857960001,9.593954047000068],[121.24144588700005,9.593956605000074],[121.2413336410001,9.593797809000023],[121.2414294990001,9.59362664400004],[121.24134140500007,9.593498913000076],[121.2412325900001,9.593595993000065],[121.24099163200003,9.593435056000033],[121.24103826300006,9.593263893000028],[121.24113671700002,9.593230679000044],[121.24068496600012,9.592755946000068],[121.23973374200011,9.592427459000021],[121.23964824500001,9.59251176400005],[121.23940728700006,9.592284405000044],[121.23865095400004,9.592172387000062],[121.2385395440001,9.592019110000024],[121.23898776500005,9.591945015000022],[121.23927228200012,9.592164711000066],[121.23960132500008,9.592195359000073],[121.2405053220001,9.591603397000029],[121.24050272900001,9.591460336000068],[121.24021514000003,9.591411804000074],[121.24024363400008,9.591186995000044],[121.24050012900011,9.591107793000049],[121.2407980800001,9.591130777000046],[121.24122719700006,9.591327474000025],[121.24199142500004,9.591915196000059],[121.2443033720001,9.594146067000054],[121.24462381700005,9.594054220000032],[121.24454867300005,9.593888169000024],[121.24485180900001,9.593849839000029],[121.24489845000005,9.593982679000021],[121.24513422600012,9.594069529000024],[121.24506686600012,9.594174273000021],[121.24524823800004,9.594347982000045],[121.24552028100004,9.594317316000058],[121.2457301500001,9.594465478000075],[121.245918576,9.594494164000025],[121.24631757200007,9.594422619000056],[121.247100036,9.59463717500006],[121.24743533300011,9.594854413000064],[121.24788429800003,9.594920227000046],[121.24805012400009,9.595070944000042],[121.24826776200007,9.59510414500005],[121.24911719300007,9.595523067000045],[121.24917679200007,9.595661017000054],[121.24948658000005,9.595902048000028],[121.25008835100004,9.595925924000028],[121.25063083500004,9.596322446000045],[121.25077631700003,9.596309397000027],[121.25082262100011,9.596537606000027],[121.25139575700007,9.596894019000047],[121.25168630100006,9.597222964000025],[121.25167945400005,9.59736428900004],[121.25210788600009,9.597552928000027],[121.25271846300006,9.597998803000053],[121.25304249700002,9.598035731000039],[121.25345252500006,9.598457354000061],[121.25358698800005,9.598468213000046],[121.25364241900002,9.598608371000068],[121.25397086800001,9.598734410000077],[121.25411857200004,9.598956091000048],[121.2547993930001,9.599444896000023],[121.25510139100004,9.59954268000007],[121.25622415700002,9.600495169000055],[121.25715321100006,9.601018185000044],[121.25854173900007,9.60202348000007],[121.26004330600006,9.60280496300004],[121.26063100300007,9.603217703000041],[121.26090214200008,9.603306792000069],[121.26105425600008,9.60347630700005],[121.26121076600009,9.603489335000063],[121.26169861400001,9.603934103000029],[121.26323401000002,9.604595792000055],[121.26380614000004,9.605096131000039],[121.2642205730001,9.605274315000031],[121.26457771500009,9.605645940000045],[121.2650787870001,9.605949276000047],[121.26555537700006,9.606095761000063],[121.26640724600009,9.60676404700007],[121.26689923100002,9.606975744000067],[121.26709182900004,9.607191812000053],[121.26758563600004,9.60746344200004],[121.26749086400002,9.607619940000063],[121.26783035400001,9.607778566000036],[121.26823139700002,9.60818376100002],[121.26853069700007,9.608371718000058],[121.26896721800006,9.608882430000051],[121.26889047400005,9.609032188000072],[121.26909990500008,9.609184307000021],[121.26926967700001,9.609492916000022],[121.26952099000005,9.609623296000052],[121.26964027600002,9.609985614000038],[121.26987837400009,9.61019641200005],[121.27004688800002,9.610725244000037],[121.27027836100001,9.610840410000037],[121.27037096400011,9.611005581000029],[121.2705054270001,9.610966444000042],[121.27061553500005,9.61119074000004],[121.27089771700003,9.611355890000027],[121.271045436,9.611573218000046],[121.27100928800007,9.611904348000053],[121.27112836300012,9.612219484000036],[121.27135770500001,9.61242783800003],[121.27305044600007,9.614966946000038],[121.27370080800006,9.615438506000032],[121.27447958200003,9.616316140000038],[121.2754229410001,9.61697532100004],[121.27636325300011,9.617524339000056],[121.27683087900004,9.617687839000041],[121.27699934300006,9.617846438000072],[121.27721805200008,9.617811696000047],[121.27804910000009,9.618216224000037],[121.27825524100001,9.61819387600002],[121.27859378500011,9.61845273800003],[121.27874460600003,9.618378350000057],[121.27877228300008,9.618489882000063],[121.27915948400005,9.618755019000048],[121.27927266300003,9.619000378000067],[121.27949061600009,9.619074093000052],[121.27963648200011,9.619351668000036],[121.27968171700002,9.619274822000023],[121.27991552200001,9.61930699800007],[121.28006135900011,9.619443292000028],[121.280156884,9.619416009000076],[121.28040327600002,9.61967532400007],[121.28046372200004,9.620216559000028],[121.28034811600003,9.62039752100003],[121.28048388900004,9.620484245000057],[121.28059217200007,9.620718574000023],[121.28022761500006,9.620584801000064],[121.28000136800006,9.620639376000042],[121.27988578100008,9.620910434000052],[121.27992101000007,9.621071536000045],[121.27970231900008,9.621190553000076],[121.27972004000003,9.621798650000073],[121.28031020000003,9.622106475000066],[121.28039068500004,9.622289876000025],[121.28058677500007,9.622284880000052],[121.28102177700009,9.622688805000053],[121.28095899300001,9.623006081000028]]],[[[121.2271148860001,9.623870349000072],[121.22717963200012,9.623957820000044],[121.22698064100007,9.624702540000044],[121.2267552300001,9.624544151000066],[121.22669287200006,9.624279367000042],[121.2271148860001,9.623870349000072]]],[[[121.22766166200006,9.624995666000075],[121.22722763400009,9.62487274800003],[121.22715329100004,9.624707261000026],[121.227412264,9.624669423000057],[121.22777915100005,9.624804163000022],[121.22782231800011,9.624901092000073],[121.22766166200006,9.624995666000075]]],[[[121.290888128,9.625736704000076],[121.29100282600007,9.62605693100005],[121.29093834600008,9.62608990800004],[121.290747226,9.62581208000006],[121.29054899200003,9.625816823000036],[121.29047013900004,9.625600199000075],[121.29026948800004,9.625442465000049],[121.29047723000008,9.625176343000021],[121.29031474200008,9.624736031000054],[121.29058706300009,9.62499501000002],[121.29048442700002,9.625357658000041],[121.29074958800004,9.625654311000062],[121.29075677500009,9.625781467000024],[121.290888128,9.625736704000076]]],[[[121.22777368400011,9.625572509000051],[121.22807986700002,9.625777283000048],[121.22816619900004,9.625994035000076],[121.22807179000006,9.626084466000066],[121.22794095600011,9.626055216000054],[121.22782630000006,9.625854423000021],[121.22760509400007,9.62573874100002],[121.22762531800004,9.62558847400004],[121.22777368400011,9.625572509000051]]],[[[121.22745519900002,9.62779250400007],[121.22751488300003,9.628041319000033],[121.2274213720001,9.628186760000062],[121.22731928700011,9.628206383000077],[121.22711496700003,9.627954844000044],[121.22709503500005,9.627801073000057],[121.22723113300003,9.627745084000026],[121.22745519900002,9.62779250400007]]],[[[121.22999871700006,9.631021547000046],[121.23017427400009,9.631086026000048],[121.23012718700011,9.63121777200007],[121.22989155100004,9.631476173000067],[121.2297946010001,9.631437481000034],[121.22981020000009,9.631212770000047],[121.22999871700006,9.631021547000046]]],[[[121.22969776200011,9.631607994000035],[121.22980544900008,9.632134828000062],[121.22972953100009,9.632235597000033],[121.22945168500007,9.63194130100004],[121.22957463400007,9.631605475000072],[121.22969776200011,9.631607994000035]]],[[[121.23030087000006,9.632799719000047],[121.23020045200008,9.633255852000048],[121.23015977300008,9.633281211000053],[121.23005249500011,9.63291386700007],[121.23012951600003,9.63276391200003],[121.23030087000006,9.632799719000047]]],[[[121.23059475700006,9.636118827000075],[121.2302854730001,9.636159010000029],[121.2302042440001,9.636086629000033],[121.23041489500008,9.635970261000068],[121.2304128610001,9.63578158200005],[121.23061584200002,9.635781476000034],[121.23071064600003,9.635930085000041],[121.23059475700006,9.636118827000075]]],[[[121.2294260330001,9.635399321000023],[121.22950731800006,9.635692179000046],[121.2294316770001,9.636145290000059],[121.22936162000008,9.636200551000059],[121.2292214900001,9.635998870000037],[121.22929154100007,9.635822044000065],[121.22915981500012,9.635576158000049],[121.22923267200008,9.635454588000073],[121.2294260330001,9.635399321000023]]],[[[121.22920476700006,9.644673067000042],[121.22905068700004,9.64468891100006],[121.2290113890001,9.644594346000076],[121.229133466,9.644538392000072],[121.22920476700006,9.644673067000042]]],[[[121.23058957500007,9.645015056000034],[121.23033964000001,9.645029730000033],[121.23014394000006,9.644824441000026],[121.22982215600007,9.644813224000075],[121.22949299400011,9.644671494000022],[121.22909805200004,9.644115845000044],[121.22899941500009,9.644120661000045],[121.22880416400005,9.644311962000074],[121.2283128140001,9.64407073500007],[121.228300321,9.643917178000038],[121.2279381300001,9.643550184000048],[121.22787860800008,9.64356736700006],[121.227819898,9.643255034000049],[121.2275688090001,9.643047016000025],[121.22750731700012,9.642695864000075],[121.22685675100001,9.64184233100002],[121.22640849800007,9.64105059700006],[121.22606469200002,9.640683516000024],[121.22571513800006,9.640068170000063],[121.22451461600008,9.63879077200005],[121.22431481000001,9.63832611600003],[121.22439212800009,9.63807805500005],[121.2244853410001,9.638128609000034],[121.22459885700005,9.638041474000033],[121.2246686200001,9.637535050000054],[121.22449971600008,9.636765197000045],[121.2241250510001,9.636282813000037],[121.22450869200009,9.635888762000036],[121.22483178000005,9.634363367000049],[121.22498334900001,9.634046699000066],[121.22517833800009,9.63159315300004],[121.2251940000001,9.629875038000023],[121.22507532400004,9.629001567000046],[121.22500973600006,9.62864348900007],[121.22477038300008,9.628129714000067],[121.2246883680001,9.627397618000032],[121.224417506,9.62655072800004],[121.22404339600007,9.626328067000031],[121.2239455460001,9.625988524000036],[121.22395612800005,9.625698984000053],[121.22371891300008,9.625256533000027],[121.2233402390001,9.624975063000022],[121.22300612200002,9.624922110000057],[121.22293235600011,9.62467563100006],[121.22262040800001,9.624485048000054],[121.22263273400006,9.624376793000067],[121.22274738500005,9.624367773000074],[121.22270299200011,9.624093276000053],[121.2222707630001,9.623114033000036],[121.22212514500006,9.62243210500003],[121.22197165800003,9.622038727000074],[121.22151920100009,9.621378764000042],[121.2215294020001,9.621196535000024],[121.2213869310001,9.620972383000037],[121.22131396400005,9.620594632000063],[121.22114053500002,9.620346831000063],[121.22090848300002,9.619128838000051],[121.22090041500007,9.61804449300007],[121.22101598400002,9.61643975000004],[121.2209113990001,9.616305192000027],[121.22070073900011,9.615565540000034],[121.22078951800006,9.614776078000034],[121.22067529600008,9.61399708600004],[121.22072095800002,9.613246398000058],[121.2211296800001,9.612347277000026],[121.22133101100007,9.61216231700007],[121.22141337800008,9.611905172000036],[121.22153709600002,9.611854764000043],[121.22187278000001,9.611412608000023],[121.22189426800003,9.611229919000039],[121.22204733800004,9.611057823000067],[121.222224589,9.61040342800004],[121.22233469000003,9.610292926000056],[121.22228098900007,9.610078463000036],[121.22262473300009,9.609367966000036],[121.22273215700011,9.608963754000058],[121.22277244400004,9.608680452000044],[121.22269994600003,9.608367153000074],[121.2227876070001,9.608261626000058],[121.22278492900011,9.607880359000035],[121.22287354700006,9.607840646000056],[121.22289503500008,9.607566985000062],[121.22277689500004,9.606879869000068],[121.22250837400009,9.606234501000074],[121.22167513200009,9.605317065000065],[121.2212884490001,9.605044343000031],[121.22078883400002,9.604534952000051],[121.2205740170001,9.604204375000052],[121.2195184840001,9.603205678000052],[121.21709436200001,9.601315020000072],[121.21622397300007,9.600822058000062],[121.21610850400009,9.600882949000038],[121.2161272940001,9.601031220000039],[121.21604673600007,9.60103121700007],[121.21607090700002,9.600930606000077],[121.21597692800003,9.600782331000062],[121.21569655300004,9.600513316000047],[121.21537164000006,9.60036503200007],[121.21488023800009,9.60021144500007],[121.21433811600002,9.600241330000074],[121.21235304800007,9.59950643600007],[121.21219851,9.599415],[121.21201834500005,9.599132670000074],[121.20994937400008,9.59810245400007],[121.20923271000004,9.59795678200004],[121.20905678000008,9.597797361000062],[121.20865496600004,9.597865321000029],[121.20820665100007,9.59768712600004],[121.20818524600008,9.59780433900005],[121.20802832600009,9.597811362000073],[121.20800295700008,9.597653714000046],[121.20762989400009,9.597443302000045],[121.20743683600006,9.59743859300005],[121.20735554600003,9.597330111000076],[121.2071696380001,9.597346552000033],[121.205996421,9.596560064000073],[121.20563230200003,9.596101935000036],[121.20537625400004,9.595933698000067],[121.20368559200006,9.593823646000033],[121.20325358600007,9.593429425000068],[121.20302825600004,9.593320627000026],[121.20263025200006,9.592876438000076],[121.20233710100001,9.592761266000025],[121.20223939200002,9.592566203000047],[121.2018900060001,9.592358606000062],[121.20152575100008,9.591863084000067],[121.20118737000007,9.590899937000074],[121.20096811200006,9.590692042000057],[121.20083227700002,9.590407674000062],[121.20061540100005,9.590231403000075],[121.20050814400008,9.590283099000033],[121.20054824200008,9.590164810000033],[121.20038607800007,9.589889002000064],[121.20010639200007,9.589601599000048],[121.19923125500009,9.588910510000062],[121.19901266700003,9.58885487200007],[121.19902912600003,9.588783028000023],[121.19880906600008,9.588589152000054],[121.19853642200007,9.58845702900004],[121.1983719110001,9.588164749000043],[121.19800289200009,9.588123005000057],[121.19792534200008,9.587916731000064],[121.19776285400008,9.587865743000066],[121.19764299300004,9.587696547000064],[121.19732333600007,9.58765248900005],[121.19717549900008,9.587428775000035],[121.19702741800006,9.587456574000043],[121.19698042000005,9.58731983000007],[121.1965315110001,9.58695361100007],[121.19636474600009,9.586923956000021],[121.19630364300008,9.586812706000046],[121.19607094700007,9.586824275000026],[121.19582653300006,9.586418672000036],[121.19493939400002,9.585742406000065],[121.19483363900008,9.585559304000071],[121.19435652300001,9.585283468000057],[121.19407682600001,9.585220868000022],[121.19404101200007,9.585064850000037],[121.19331243400006,9.58440194700006],[121.1932959940001,9.584253617000059],[121.19288549500004,9.583969294000042],[121.19279147600002,9.583987826000055],[121.19249566100007,9.583614613000066],[121.19167306600002,9.58303281600007],[121.19136658600007,9.58271034300003],[121.19089801700011,9.582424263000064],[121.19077816900005,9.582190172000026],[121.19050318300003,9.582053406000057],[121.1899704870001,9.581497827000021],[121.18927343200005,9.58100201700006],[121.18886210100004,9.580541925000034],[121.18862412800001,9.58046124200007],[121.18829654900003,9.579992321000077],[121.18754250800009,9.57943612400004],[121.18748550200007,9.579313901000035],[121.18709003900005,9.579020112000023],[121.18694875900007,9.578778108000051],[121.18674549400009,9.578694982000059],[121.18646513200008,9.578034822000063],[121.18620980800006,9.577954135000027],[121.18578097800003,9.577653442000042],[121.18554286900007,9.577257945000042],[121.18538422600011,9.577162601000055],[121.18505229000004,9.576465453000026],[121.18459781000001,9.576085078000062],[121.18422883100004,9.575554263000072],[121.18415198500009,9.575549368000054],[121.18347417400003,9.574764825000045],[121.18337752700006,9.574437270000033],[121.18382378100011,9.573861599000054],[121.18343214700008,9.573504685000046],[121.18347677300005,9.573460690000047],[121.18336275800004,9.57329935100006],[121.18351397700008,9.573233366000068],[121.1833356510001,9.573008283000036],[121.18327123000006,9.572680731000048],[121.18301344100007,9.57250313000003],[121.18304568000008,9.572358915000052],[121.18292176700004,9.572028913000054],[121.18261446300005,9.57183236000003],[121.18262936000008,9.57157081300005],[121.18238892800002,9.57138257400004],[121.18232324900009,9.571041169000068],[121.1821621250001,9.570994711000026],[121.18216711900004,9.570625611000025],[121.18205309300004,9.570593823000024],[121.18203823500005,9.570441560000063],[121.18209278100005,9.570321791000026],[121.18221424800004,9.570304691000047],[121.18225888300003,9.570150699000067],[121.1821820460001,9.57006025100003],[121.18231344100002,9.569916044000024],[121.18268529300008,9.569720527000072],[121.18290859400008,9.569813864000025],[121.18284164300007,9.570048518000021],[121.18301508900004,9.570187863000058],[121.1834241030001,9.570200122000074],[121.183818255,9.57007304900003],[121.18429175200004,9.569738211000072],[121.185057131,9.569445608000024],[121.18599048200008,9.568682635000073],[121.18866082900001,9.56719762800003],[121.189648497,9.567424897000024],[121.18992890700008,9.567659862000028],[121.19027095400008,9.568148760000042],[121.19165863500007,9.568550668000057],[121.19193873400002,9.568719348000059],[121.19228079600009,9.569071361000056],[121.19255047200011,9.569669489000034],[121.19266445800008,9.57032969200003],[121.19300616400005,9.571448645000032],[121.19339530600007,9.572145315000057],[121.19387445200005,9.572673906000034],[121.19451723600002,9.573581696000076],[121.1951176990001,9.573887508000041],[121.19549694300008,9.574369072000025],[121.19633376500008,9.574877612000023],[121.19782997000004,9.575649810000073],[121.19873115500002,9.575968190000026],[121.19900733600002,9.576035900000022],[121.19929489200001,9.575999247000027],[121.19943621100003,9.575573931000065],[121.19953785000007,9.575517714000057],[121.19945852900003,9.575412604000064],[121.1995626480001,9.575327053000024],[121.19949065600008,9.575214733000053],[121.1997162350001,9.57528807400007],[121.19970135500012,9.575412737000022],[121.19993825100005,9.575886529000059],[121.19985148600006,9.57594030100006],[121.19975976900002,9.575891410000054],[121.19959862500002,9.576209045000041],[121.19979443900002,9.57667837300005],[121.2003080720001,9.577151516000072],[121.20077163300004,9.577119757000048],[121.20090301000005,9.577285980000056],[121.20087325700001,9.577400864000026],[121.20118114700006,9.577684987000055],[121.20120495900005,9.577823279000029],[121.2010435410001,9.577898942000047],[121.20070219400009,9.577755423000042],[121.20046667800011,9.578031999000075],[121.20016502500005,9.57781803000006],[121.19989406400009,9.577769165000063],[121.19976968900005,9.577915279000024],[121.19966383600001,9.578184029000056],[121.1997749730001,9.578207517000067],[121.19967176900002,9.578329048000057],[121.20126049600003,9.57872788000003],[121.20185589200003,9.578493060000028],[121.20184001200005,9.578566120000062],[121.20135575400002,9.578800941000054],[121.1998247030001,9.57840950900004],[121.19978765000008,9.578594766000037],[121.19962358700002,9.578623461000063],[121.19964739500006,9.57887916900006],[121.19979293200004,9.578931359000023],[121.19984585700001,9.578876566000076],[121.19998609900006,9.578983551000022],[121.19999138300011,9.579265350000071],[121.20023218100005,9.57936711900004],[121.20035919100008,9.579562819000046],[121.200639,9.579555152000069],[121.20090626700005,9.57939338600005],[121.20111002200008,9.579367299000069],[121.20127143000002,9.579615183000044],[121.20119468900009,9.579758691000052],[121.20081395800003,9.579885466000064],[121.20079366300001,9.580091519000064],[121.20092553400002,9.58014707500007],[121.20082206400002,9.580147072000045],[121.20078554400004,9.580251098000076],[121.20103187400002,9.580595867000056],[121.20120229200006,9.58068789500004],[121.20095274200003,9.580923949000066],[121.20107446500003,9.581125168000028],[121.20097099200007,9.581255198000065],[121.20126922800011,9.581263210000031],[121.201287481,9.581491268000036],[121.20093041200005,9.58137922900005],[121.20083302400008,9.58151526100005],[121.20072346800009,9.581521260000045],[121.2007295520001,9.58160728200005],[121.20045738800002,9.581654238000056],[121.19998265200002,9.58144216900007],[121.20000091700001,9.581278128000065],[121.19993396600012,9.58125011800007],[121.19975948500007,9.581368143000077],[121.19977773700009,9.581596202000071],[121.20014495100008,9.581610218000037],[121.20033565400001,9.581812275000061],[121.20056288300009,9.581770271000039],[121.2006844010001,9.581895152000072],[121.20090350600003,9.582145222000065],[121.20080003200007,9.58229325700006],[121.20101397600001,9.582301063000045],[121.20110729200007,9.582621148000044],[121.2011762730001,9.582617149000043],[121.20128044600006,9.58288364200007],[121.20148941000002,9.583059694000042],[121.20144882500006,9.583319759000062],[121.20168011400006,9.583295759000066],[121.20181199400008,9.58310371400006],[121.20200067300004,9.583231751000028],[121.20203096500006,9.583337268000037],[121.20214255300004,9.583227243000067],[121.20206343300003,9.583093206000058],[121.202252111,9.58323524800005],[121.20237790100009,9.58313322400005],[121.20267005300002,9.58308721900005],[121.20262541400007,9.58330327300007],[121.20242252800006,9.583435303000044],[121.20251787900008,9.583571222000046],[121.20239614600007,9.583723257000031],[121.20249961400009,9.583817284000077],[121.20230687600008,9.583763266000062],[121.20246511900007,9.583957319000035],[121.20246511700009,9.58408935400007],[121.202221656,9.584125357000062],[121.20244482700002,9.58418137700005],[121.20236772500004,9.584416216000022],[121.20256655000003,9.584416220000037],[121.20265378700003,9.584550256000057],[121.20275928900003,9.584496245000025],[121.20283684200001,9.584632379000027],[121.20314116400004,9.58482043500004],[121.20315489600011,9.584959747000028],[121.20325633800007,9.584937744000058],[121.20340849800004,9.585085785000047],[121.20372702700001,9.585035778000076],[121.203716342,9.585186849000024],[121.20386444600001,9.585242867000034],[121.20381169400002,9.58535489600007],[121.20411601600006,9.585558954000021],[121.20431093400009,9.586059610000063],[121.20446512500007,9.586065615000052],[121.2047775630001,9.586319686000024],[121.20592189000001,9.586571154000069],[121.20632157200009,9.586855233000051],[121.20649255300009,9.587217475000045],[121.20712251700002,9.58753273800005],[121.20743699000002,9.587514737000049],[121.20769262700003,9.587610763000043],[121.207684588,9.587829172000056],[121.2080969540001,9.58811126200004],[121.20824402300002,9.58809341600005],[121.20833000100004,9.588180425000076],[121.2082372320001,9.588508379000075],[121.20837298600009,9.58864893200007],[121.20940232900011,9.58879603500003],[121.21004223500006,9.58874918500004],[121.21033184900011,9.588579632000062],[121.21023003200003,9.588147996000032],[121.21043241000007,9.588188153000033],[121.21073858500006,9.588845233000029],[121.21103951200007,9.588985785000034],[121.21117979500002,9.589329359000033],[121.21107571400012,9.58935389800007],[121.21112323000011,9.589447601000074],[121.21094448400004,9.589505606000046],[121.2109663330001,9.58963598500003],[121.21088261600005,9.589700683000046],[121.21100706000004,9.589756458000068],[121.21095049500002,9.589894779000076],[121.21134231700012,9.590246191000062],[121.21164550800006,9.590362202000051],[121.2120426140001,9.590373528000043],[121.21229150200008,9.590763950000053],[121.21216253300008,9.590784029000076],[121.21260844800008,9.59130956100006],[121.21261297400008,9.591479117000063],[121.21276457200008,9.591581742000074],[121.21299785700012,9.591544824000039],[121.2129548690001,9.591834852000034],[121.21308836500009,9.59192855300006],[121.21291866900003,9.59202448600007],[121.2127891130001,9.591914183000029],[121.21285065900008,9.592212107000023],[121.2132217300001,9.59241512400007],[121.21357696200005,9.592448587000035],[121.213755708,9.59232141900003],[121.21389908100002,9.592318230000046],[121.21418869800004,9.592418622000025],[121.21417059800001,9.592550250000045],[121.21441722500003,9.59251008900003],[121.21476808300008,9.592734115000042],[121.21477697300008,9.593029553000065],[121.21485163900002,9.593067477000034],[121.21491272900005,9.592964851000033],[121.21506658900012,9.593029548000061],[121.21505527700003,9.593223644000034],[121.21570258200006,9.593121010000061],[121.21574557200006,9.593078621000075],[121.21566185300003,9.592996076000077],[121.21591155700003,9.59276029800003],[121.21626144600009,9.592751665000037],[121.21630217300003,9.592651270000033],[121.21667284800003,9.592488403000061],[121.21716157800006,9.592568709000034],[121.21725434500001,9.592508470000041],[121.21736747800003,9.592597708000028],[121.21750078100001,9.592570934000037],[121.21758902600004,9.592680250000058],[121.21753245900004,9.592573165000033],[121.21777229300005,9.592372371000067],[121.21779944200011,9.592256359000032],[121.21796008900003,9.592280896000034],[121.21800607900002,9.592070496000076],[121.21827985200002,9.591961172000026],[121.21838845500008,9.591811693000068],[121.2186702140001,9.591713524000056],[121.21901187000003,9.591778126000065],[121.2191001110001,9.591722349000065],[121.21906843300007,9.591664344000037],[121.21920871400005,9.591668803000061],[121.2194938,9.591454620000036],[121.21976356100004,9.591210341000021],[121.21980654700008,9.591072018000034],[121.21993777900002,9.591083171000037],[121.22040957900003,9.590836680000052],[121.22028513400005,9.590785371000038],[121.22002720000012,9.590928162000068],[121.21989370400001,9.590854542000045],[121.21986669700004,9.590566973000023],[121.21972188200004,9.590290335000077],[121.21976587400002,9.589954710000029],[121.21998760400004,9.589762840000049],[121.21995818300002,9.589539742000056],[121.22003058200005,9.589379391000023],[121.22036770400007,9.589149590000034],[121.22053738900001,9.58875486200003],[121.22080210900003,9.588562988000035],[121.22117971000011,9.58802260300007],[121.22102703200005,9.58789174900005],[121.22092485700011,9.587628848000065],[121.2210270170001,9.58743473800007],[121.22165496700006,9.587518259000035],[121.22190913400004,9.58742488300004],[121.22209075300009,9.587233792000063],[121.22198110400006,9.587000376000049],[121.22206582500007,9.58692420500006],[121.22241219400007,9.586995448000039],[121.22260905700011,9.587211661000026],[121.22267633700005,9.58716251900006],[121.22268878800003,9.586934012000029],[121.22283331200003,9.586828353000044],[121.22322836300009,9.586902654000028],[121.22388898200006,9.587300672000026],[121.22411574000012,9.58727609300007],[121.22430513000006,9.587509505000071],[121.22430264400009,9.587686413000029],[121.22447458300007,9.58768886300004],[121.224773593,9.587362065000036],[121.2250053350001,9.587261315000035],[121.22557677800012,9.587545977000048],[121.22601785200004,9.58753031200007],[121.22632684900009,9.587702290000038],[121.22673392700005,9.588148475000025],[121.22685602800004,9.588170583000021],[121.22710772000005,9.588423649000049],[121.22778481600005,9.588645787000075],[121.22820379000007,9.588887430000057],[121.22880433500006,9.588973397000075],[121.23009253000009,9.589662203000046],[121.23028440500002,9.589689220000025],[121.23067369500006,9.590149630000042],[121.23101010800008,9.590356003000068],[121.23124683900005,9.590387931000066],[121.2315035260001,9.590763844000037],[121.23199351400001,9.591015887000026],[121.23199353100006,9.591313189000061],[121.23178672000006,9.591529422000065],[121.23178453000003,9.591699524000035],[121.23201878700002,9.59201401000007],[121.23224554900003,9.592018912000071],[121.23222064200002,9.59220564900005],[121.2321458780001,9.592107370000065],[121.23203624200005,9.592193375000022],[121.2318343930001,9.59210493300003],[121.23127622100003,9.592264674000035],[121.23099712300007,9.592163951000032],[121.23106937300008,9.591918242000077],[121.23099959400008,9.591834707000032],[121.2306471070001,9.591830488000028],[121.23060472100008,9.591425078000043],[121.23049008100008,9.59118920800006],[121.23035302700009,9.591169559000036],[121.22965825300003,9.59145527000004],[121.22923963300002,9.591747681000072],[121.22933433900005,9.592013036000026],[121.22923965100006,9.59208921000004],[121.22944897900004,9.592263649000074],[121.2296184270001,9.59226609700005],[121.2294610670001,9.592357746000062],[121.22938431900002,9.592650721000041],[121.22916704400006,9.59250013600007],[121.22891105400004,9.592436517000067],[121.22880995300011,9.59248954900005],[121.228904596,9.592355917000077],[121.22869989800006,9.592125414000066],[121.22861816800003,9.592377826000074],[121.22846544100003,9.59247116000006],[121.22851921400002,9.592358741000055],[121.22837722700001,9.592136035000067],[121.22819007300006,9.592055444000039],[121.22814274200005,9.59193878700006],[121.22804809800004,9.592066056000021],[121.22797925600003,9.591996064000057],[121.22809541000004,9.591820010000049],[121.227951286,9.591879407000022],[121.22787196000002,9.59199607100004],[121.22796876900009,9.592169993000027],[121.22789564200002,9.592386346000069],[121.22808065100003,9.592579356000044],[121.22812795700008,9.592798903000073],[121.22794295800009,9.592796790000023],[121.22795802000007,9.59288375400007],[121.22785261600006,9.59293466500003],[121.22780743300007,9.592760739000028],[121.2276504030001,9.59282862200007],[121.22746689400003,9.59259955400006],[121.2270409680001,9.592646238000043],[121.22702589700009,9.59236837700007],[121.22692692600003,9.592334898000047],[121.22692045800011,9.592029464000063],[121.2267375890001,9.591597277000062],[121.2260470760001,9.59168003000002],[121.22595458,9.591771240000071],[121.2260406360001,9.591998192000062],[121.22586140300007,9.59192974900003],[121.22590657,9.591757940000036],[121.2257215730001,9.591798248000032],[121.22566565300008,9.59204429500005],[121.22530210600007,9.59195098300006],[121.22523326500004,9.591857659000027],[121.22534296600008,9.591683727000031],[121.22520528300004,9.59160395500004],[121.2251041610001,9.591164890000073],[121.22540746100003,9.590883190000056],[121.2251772840001,9.590802599000028],[121.22516866600006,9.590481467000075],[121.22502454100004,9.590506926000046],[121.2250008740001,9.590415722000046],[121.22465454400003,9.590483610000035],[121.22443297500001,9.590443318000041],[121.2243705950001,9.590502710000067],[121.22422915200002,9.590479385000037],[121.22416676500006,9.590366969000058],[121.2241667720001,9.59053665500005],[121.22406136400002,9.590521812000077],[121.22400974300001,9.590672411000071],[121.22391079200008,9.59068301900004],[121.22365263900008,9.59025033000006],[121.22349345500004,9.590258820000031],[121.22349160400006,9.590110293000066],[121.22342752500003,9.590344625000057],[121.22336039100003,9.590275742000074],[121.22318400200004,9.59035847000007],[121.223216266,9.590275748000067],[121.22304632700002,9.59029696400006],[121.22293876700007,9.590203640000027],[121.22285701900012,9.590101832000073],[121.2228888410001,9.589574409000022],[121.22273825800005,9.589495933000023],[121.22247151900001,9.58950018400003],[121.2225962980001,9.589892579000036],[121.22244142500006,9.590142871000069],[121.22231020800007,9.590214992000028],[121.22236183600012,9.59025953300005],[121.222213409,9.590276507000056],[121.22211560700009,9.590339927000059],[121.22208950400011,9.590494395000064],[121.22196417900011,9.590504696000039],[121.22173963500006,9.590396577000035],[121.22183884100002,9.590103088000035],[121.22154902900002,9.590164884000046],[121.22170569200011,9.590355387000045],[121.22167436900008,9.590628279000043],[121.22111130200005,9.590954746000023],[121.22115569000005,9.59101395600004],[121.22144811400005,9.590988203000052],[121.22154733600007,9.591140092000046],[121.22164393900005,9.591080877000024],[121.22184238200009,9.591394954000066],[121.22162046200003,9.591797392000046],[121.22155520000001,9.59216039100005],[121.22142987600012,9.592175842000074],[121.2215395390001,9.592289114000039],[121.22118967500012,9.592441017000056],[121.2212912330001,9.59257900800003],[121.22127296200006,9.592787540000074],[121.221445291,9.592960022000057],[121.2215941180001,9.592985762000069],[121.22153144800006,9.592831297000032],[121.22160977300007,9.59268197700004],[121.22172204300011,9.592648505000057],[121.22193724100009,9.592887292000057],[121.2218667510001,9.593036612000049],[121.22192159000008,9.593288906000055],[121.22181454500003,9.593425355000022],[121.22196859600001,9.593560977000038],[121.2218615480001,9.593594448000033],[121.2219638900001,9.594063233000043],[121.2215503440001,9.594120759000077],[121.22135202000004,9.593929822000064],[121.22131936100004,9.594100061000063],[121.22170416600011,9.594561549000048],[121.22183948400004,9.594425814000033],[121.22172982200004,9.59431309200005],[121.22188614200002,9.59425787400005],[121.2220144690001,9.59434759000004],[121.22203694200005,9.594548521000036],[121.22214400200005,9.594594414000028],[121.2221533170001,9.594748165000055],[121.22194153100008,9.594874386000072],[121.22200670300003,9.595035020000068],[121.22194619600009,9.595186479000063],[121.22209515100008,9.595342606000031],[121.22198344200001,9.595418338000059],[121.2220020630001,9.59550095000003],[121.22227902000009,9.595523889000049],[121.22219058400003,9.595622570000046],[121.2222883390001,9.595821345000047],[121.22222550000004,9.595789220000029],[121.22213473700003,9.59592920600005],[121.2220579430001,9.596186226000043],[121.22216208600003,9.596407838000061],[121.22208821200002,9.596616573000063],[121.22234887500008,9.596513298000048],[121.22251179800003,9.596731299000055],[121.22269265300008,9.596728375000055],[121.222813685,9.596971619000044],[121.22314650200008,9.597022093000021],[121.22334855200006,9.596947124000053],[121.22337408400006,9.597170620000043],[121.22363942100003,9.597618097000066],[121.22409084000003,9.597640229000035],[121.22426771800008,9.59756449300005],[121.22443762900002,9.597862811000027],[121.22462148300008,9.597614965000048],[121.2247704350001,9.59759430500003],[121.22479352500011,9.597456617000034],[121.22494014900008,9.59743366300006],[121.2248959420001,9.59777100100007],[121.22502395100003,9.597844429000077],[121.2250278790001,9.59823108300003],[121.22510004800006,9.598253316000068],[121.22519252500001,9.598566848000075],[121.22536392300003,9.598564617000022],[121.22535206200007,9.598779601000047],[121.22556406100011,9.598921906000044],[121.2255482810001,9.599070892000043],[121.2257689590001,9.599443080000071],[121.22601478800004,9.599603172000059],[121.22609371400006,9.59941860500004],[121.22616137300008,9.59946085200005],[121.22631246600008,9.59927850400004],[121.22650641700011,9.599227351000025],[121.22661493900011,9.599605054000051],[121.22701232300005,9.599667297000053],[121.22707999200009,9.599891883000055],[121.22734962900006,9.600060130000031],[121.2273180630001,9.600206893000063],[121.2274375930001,9.600242466000054],[121.2275526300001,9.600625308000076],[121.22738349000008,9.600703146000058],[121.22732488100007,9.60128671700005],[121.22705651100011,9.601382347000026],[121.22706327900005,9.601440163000063],[121.2272955740001,9.60151797900005],[121.22747314000003,9.601461147000066],[121.22746412700008,9.601594567000063],[121.22754306200011,9.601625695000052],[121.22781819800002,9.60152561700005],[121.22795756800008,9.601666547000036],[121.22788089800008,9.601846667000075],[121.22793954100007,9.601968967000062],[121.22788768400005,9.602244702000064],[121.22771853900008,9.602251382000077],[121.22765764400003,9.602164661000074],[121.22737573400002,9.602104637000025],[121.22716825200007,9.602149119000046],[121.22722238400002,9.602271418000043],[121.22741182700008,9.60229418800003],[121.22763510700008,9.602478740000038],[121.22774111700005,9.602752180000039],[121.22761709000008,9.603010131000076],[121.22782232100008,9.60304347500005],[121.22774564800011,9.603152438000052],[121.22774113300011,9.60307016300004],[121.22765092400005,9.603083510000033],[121.22754720000012,9.603454831000022],[121.22737580400008,9.603530444000057],[121.22752466200006,9.603747961000067],[121.22772087100009,9.603794648000076],[121.22770960000003,9.603876924000076],[121.22746377800001,9.603921409000066],[121.2272788360001,9.603714617000037],[121.22726079900008,9.603803566000067],[121.22731718500006,9.60391252100004],[121.22757654600002,9.60403481000003],[121.22766675700007,9.604039254000043],[121.22782236300009,9.603888036000058],[121.22819448400003,9.603901361000055],[121.22818547000008,9.604028109000069],[121.2280749570001,9.60395473400007],[121.22796670900004,9.60405258000003],[121.22789229600005,9.60426566700005],[121.22815166200007,9.604436876000022],[121.22816163100003,9.604737963000048],[121.22829920400011,9.604764640000042],[121.22836009100001,9.604693480000037],[121.22847963400011,9.604931405000059],[121.22826538800007,9.605038152000077],[121.228326293,9.605263343000047],[121.22822256100005,9.605481266000027],[121.22814587800008,9.605434573000025],[121.22813009800007,9.605536862000065],[121.22797014500009,9.605583582000065],[121.22785061200011,9.605503536000072],[121.22780551000005,9.60558136700007],[121.22786415000007,9.60564140300005],[121.22769275300004,9.605717016000028],[121.2275619400001,9.60559694400007],[121.2274356480001,9.605672682000034],[121.22685361300012,9.60691808100006],[121.2266845050001,9.607734199000049],[121.22686268900009,9.608077855000033],[121.22694613700003,9.60811343000006],[121.22711978100006,9.607837688000075],[121.22733856100001,9.608161886000062],[121.22732504600003,9.608522119000042],[121.22717395100005,9.608746716000041],[121.22755286000006,9.609040223000022],[121.22757316200011,9.609131392000052],[121.22753482700011,9.609222565000039],[121.22739996500002,9.609212347000039],[121.22732780400008,9.609379125000032],[121.22739774000001,9.609808289000057],[121.22755111000004,9.609999515000027],[121.22759170100005,9.609903896000048],[121.22776536600009,9.610030636000033],[121.2276932100001,9.610301927000023],[121.2275079420001,9.61036219400006],[121.22751815000004,9.61078653800007],[121.22763275400007,9.610871903000032],[121.22784157600006,9.610811632000036],[121.22839421100002,9.611002434000056],[121.228582662,9.61096978200004],[121.2288271320001,9.610773918000064],[121.22916724600009,9.61084016600006],[121.22919527400006,9.611086234000027],[121.22941428800004,9.611111332000064],[121.22945250100008,9.61131471400006],[121.22956710400001,9.611364927000068],[121.22958749100007,9.611595931000068],[121.22977175400001,9.611809642000026],[121.2297463000001,9.612020560000076],[121.22952220200011,9.612196335000021],[121.22978197200007,9.61235251100004],[121.22975651000002,9.612452949000044],[121.23006977600005,9.61286221100005],[121.23003414300001,9.613218764000067],[121.22973509400003,9.613620638000043],[121.22979941100004,9.613719883000044],[121.22975188100008,9.613821890000054],[121.22953937300008,9.61382741600005],[121.22963444800007,9.613904603000037],[121.22957293500008,9.613959744000056],[121.22944709400008,9.613697847000026],[121.22915349000004,9.613565532000052],[121.22788565400003,9.614900593000073],[121.22792200700007,9.614964],[121.22764835100008,9.615344544000038],[121.22751133400004,9.615281143000061],[121.22743584400007,9.615410720000057],[121.2273072160001,9.615347317000044],[121.22707793300003,9.615424521000023],[121.22666689200003,9.615322534000029],[121.22641522800006,9.61514886200007],[121.22636491700007,9.61558169600005],[121.2264564080001,9.61585139600004],[121.22635094800012,9.615873928000042],[121.22633058800011,9.615992004000077],[121.22611808500005,9.616146398000069],[121.22612089300003,9.616405546000067],[121.22598667500006,9.616397281000047],[121.22591398000009,9.61651592000004],[121.2259727180001,9.616904638000051],[121.2258276010001,9.617236332000061],[121.22586435000005,9.617278954000028],[121.22597026400001,9.617159601000026],[121.22620804700011,9.617278941000052],[121.22616265700003,9.617372716000034],[121.22621886400009,9.617483538000045],[121.22608701100012,9.617613549000055],[121.22592489100009,9.617622080000046],[121.22594218900008,9.617773230000068],[121.225810335,9.617875535000053],[121.22575198200002,9.618101445000036],[121.22574335400009,9.61854646200004],[121.22562652600004,9.618916780000063],[121.22546009000007,9.619134172000031],[121.22555736900006,9.61929187800007],[121.22555305300011,9.619464507000032],[121.22571571800006,9.61966355100003],[121.22588216500003,9.619708299000024],[121.2260680600001,9.619608124000024],[121.22621505300003,9.619633693000026],[121.22622586800003,9.619801369000072],[121.2260788860001,9.620002400000033],[121.2259643210001,9.620034373000067],[121.22575247700001,9.619932084000027],[121.22562144100004,9.620142860000044],[121.22574898500011,9.620360239000036],[121.22601918700002,9.620281373000068],[121.22617604000004,9.620360468000058],[121.22638790200006,9.62090818400003],[121.22632738200002,9.620993436000049],[121.22617618000004,9.620977754000023],[121.22613511600002,9.621146122000027],[121.22621078100008,9.621340060000023],[121.22613945000012,9.62141252500004],[121.22585410400006,9.62114400300004],[121.22568116000002,9.620813671000064],[121.22547797300001,9.620922371000063],[121.2256811850001,9.621411771000055],[121.22566822600004,9.621699486000068],[121.22579577400006,9.62196588300003],[121.22590169700004,9.622025553000071],[121.22606381700007,9.621965873000022],[121.22609622900006,9.621682418000034],[121.22626267500004,9.621669624000049],[121.2262571870001,9.62209443200004],[121.22658361100002,9.62249295600003],[121.22665279500006,9.622746058000075],[121.22629372300003,9.623209536000047],[121.22601937500008,9.623223490000044],[121.2260236410001,9.622966666000025],[121.22575599800007,9.622253827000065],[121.2255189010001,9.622168202000069],[121.225331105,9.622235329000034],[121.22521375400004,9.62279774500007],[121.2253030380001,9.623181380000062],[121.22548380100011,9.623387359000048],[121.22556126800009,9.623357269000053],[121.225615263,9.623438272000044],[121.22593686400012,9.623313279000058],[121.22595331000002,9.623637028000076],[121.22588289200007,9.623803671000076],[121.22601664900003,9.62392036700004],[121.22615966800004,9.624368666000066],[121.22598360900008,9.624435792000043],[121.22586812500003,9.62481265200006],[121.22636146800005,9.624983397000051],[121.22664081800008,9.624932466000075],[121.22650232600006,9.625175489000071],[121.22660562700003,9.625448590000076],[121.22641314300006,9.62566847100004],[121.22653243400009,9.626104946000055],[121.22666624700003,9.626185945000032],[121.22676953200005,9.626077162000058],[121.2269432490001,9.62610029900003],[121.22701366900003,9.625984574000029],[121.22713339100005,9.625959109000064],[121.22723587400003,9.626139438000052],[121.22696827200002,9.626447272000064],[121.2270152320001,9.626657884000053],[121.22718660100008,9.62668565000007],[121.22710758500011,9.626956432000043],[121.2269244790001,9.626949497000055],[121.22643687400011,9.626375727000038],[121.22627489500007,9.626357219000056],[121.22616456600008,9.626433600000041],[121.22612505000006,9.626811068000052],[121.22568608100005,9.627179083000044],[121.22558280300007,9.627487879000057],[121.22561470900007,9.628107636000038],[121.22610852300011,9.62922923800005],[121.22616251800002,9.62926163800006],[121.22629397300011,9.629111193000028],[121.22628926300001,9.628768655000044],[121.22619770200004,9.628592087000072],[121.2262258610001,9.628335182000058],[121.22632445700003,9.628325920000066],[121.2265052250001,9.628538842000069],[121.2267023170001,9.628537025000071],[121.22664739700008,9.628926474000025],[121.2264901320001,9.629324566000037],[121.22633285500001,9.629488898000034],[121.22652770800005,9.629708789000063],[121.22654886700002,9.63041121200007],[121.22687989200006,9.630900759000042],[121.22683529500011,9.63104657200006],[121.22702192600002,9.631342080000024],[121.22725333500011,9.632358082000053],[121.22766278100005,9.632729427000072],[121.2274714130001,9.633038248000048],[121.22712162900007,9.633049836000055],[121.22698547900006,9.633239627000023],[121.22748617800005,9.633732456000075],[121.22778149200008,9.634238211000024],[121.2276438770001,9.634681233000038],[121.22746871600009,9.634932680000077],[121.22732607900002,9.63499683200007],[121.22733109100011,9.635137460000067],[121.22749625900008,9.635287950000077],[121.22773149000011,9.635238596000022],[121.22798875500007,9.635421940000072],[121.22798128400007,9.636181001000068],[121.22793374500009,9.63636604100003],[121.22769101500012,9.636558491000073],[121.22738826800003,9.636595552000074],[121.22713054100007,9.637229624000042],[121.22731322900006,9.637402317000067],[121.22806063000007,9.637719598000047],[121.22838414600005,9.637997909000035],[121.22822151900004,9.638711396000076],[121.22877545600011,9.639467194000076],[121.22880746900012,9.640330749000043],[121.22892758900002,9.64031594000005],[121.22906439000008,9.640507533000061],[121.22889633200009,9.640634705000025],[121.22847589700007,9.640351],[121.22841584000003,9.640432420000025],[121.22853596400012,9.64049409300003],[121.22848842600001,9.640686534000054],[121.22859604700011,9.640965319000031],[121.22842590400012,9.641524780000054],[121.22858859400003,9.642056920000073],[121.22925176700005,9.642162977000055],[121.22936185700007,9.641728748000048],[121.22959208800012,9.64166212300006],[121.22979210200003,9.64193181500002],[121.22981963900008,9.642099582000071],[121.22955939400003,9.642454867000026],[121.22964449500012,9.642711448000057],[121.22985720500003,9.64263248800006],[121.22987470400005,9.642292018000035],[121.22998981600006,9.642190858000049],[121.2299622810001,9.642067501000042],[121.2301164910001,9.641949933000035],[121.2302165750001,9.641648932000066],[121.23005637200004,9.640868074000025],[121.23018398700003,9.640616417000047],[121.23031161600011,9.64062874700005],[121.23038921200009,9.640954407000038],[121.23038425000004,9.641735826000058],[121.23077414300008,9.641946205000067],[121.2306815720001,9.64234835800005],[121.23083423300011,9.642491372000052],[121.230759164,9.642619669000055],[121.23078170300005,9.642876253000054],[121.23057909500005,9.642805086000067],[121.23052654600008,9.642881571000032],[121.23055909600009,9.643184486000052],[121.23088444900009,9.643621157000041],[121.2309069800001,9.643765510000037],[121.23079937700004,9.643866670000023],[121.2310445820001,9.64414699300005],[121.2312748170001,9.644166717000076],[121.23137242300004,9.644280202000061],[121.23105712800009,9.644732331000057],[121.23061208600006,9.644817683000042],[121.23058957500007,9.645015056000034]]],[[[121.2291642030001,9.644936782000059],[121.22897238100006,9.645052961000033],[121.22889528500002,9.644952683000042],[121.2289286460001,9.644816520000063],[121.2291103230001,9.644756236000035],[121.2291642030001,9.644936782000059]]],[[[121.22943483900008,9.645419601000071],[121.22929088300009,9.645336555000029],[121.22925446300007,9.645187529000054],[121.22952777800003,9.645238980000045],[121.22943483900008,9.645419601000071]]],[[[121.2296891530001,9.645967772000063],[121.22950018200004,9.645977900000048],[121.22944050500007,9.645834619000027],[121.2296905710001,9.645901847000061],[121.2296891530001,9.645967772000063]]],[[[121.23638439400008,9.64648586800007],[121.23640733200011,9.646379953000064],[121.23657758900004,9.646278468000048],[121.2365970190001,9.646414625000034],[121.23638439400008,9.64648586800007]]],[[[121.23638384100002,9.646642894000024],[121.23645751600009,9.646828963000075],[121.23633472400002,9.647020902000065],[121.23621480400004,9.646774481000023],[121.23638384100002,9.646642894000024]]],[[[121.22988728700011,9.647277164000059],[121.22976330000006,9.647311544000047],[121.22959552300006,9.646820478000052],[121.2298522540001,9.64685251700007],[121.22990876400002,9.646751685000027],[121.22994366500006,9.646927537000067],[121.22976324100011,9.647200016000056],[121.22988728700011,9.647277164000059]]],[[[121.23566596800003,9.648517842000047],[121.23517797900001,9.648868250000021],[121.23474719,9.648606348000044],[121.23465961600004,9.648468598000022],[121.23390656800007,9.648374397000055],[121.23365543900002,9.648031204000063],[121.2334690350001,9.647478351000075],[121.2337904210001,9.647205477000057],[121.2340085840001,9.64637489100005],[121.23399954000001,9.646163717000036],[121.23415871500004,9.645935100000031],[121.23406011100008,9.645628060000035],[121.23375870600012,9.645294271000068],[121.23372262600003,9.644864005000045],[121.23391940500005,9.644024089000027],[121.23420113400005,9.643877710000027],[121.23464488800005,9.64415841400006],[121.23488230700002,9.644649921000052],[121.23482713200008,9.64478226600005],[121.23530587800008,9.64499887900007],[121.23529514000006,9.645249149000051],[121.2358148510001,9.645569809000051],[121.23579697500008,9.64571453700006],[121.23593844000004,9.645847479000054],[121.23581566100006,9.646107222000069],[121.23584246700011,9.646291349000023],[121.23575764500004,9.646352440000044],[121.23561396600007,9.64613115000003],[121.23547722800004,9.64607920100002],[121.235196029,9.646056262000059],[121.23493191700004,9.646141347000025],[121.23476536200008,9.64607213000005],[121.23482685300007,9.646307894000074],[121.23466461600003,9.64644972900004],[121.23457079500008,9.646679772000027],[121.2345874130001,9.646937485000024],[121.23470875700002,9.647136622000062],[121.23476129700009,9.647050894000074],[121.23518701000012,9.647027648000062],[121.2355114070001,9.646768517000055],[121.23570063300008,9.646751915000038],[121.23578005500008,9.646825774000035],[121.23581803600007,9.64708220600005],[121.23573810100004,9.647172759000057],[121.23577001500007,9.647315184000036],[121.23566030300003,9.647376198000075],[121.23572713300007,9.647496644000057],[121.23569425300002,9.647663411000053],[121.23603508300005,9.647988618000056],[121.23624053500009,9.64844467000006],[121.23612839500004,9.648486046000073],[121.23611786300012,9.64867005900004],[121.23585139200009,9.648653514000046],[121.23566596800003,9.648517842000047]]],[[[121.23740238800008,9.649094443000024],[121.23723105800002,9.649125209000033],[121.2371041780001,9.649035555000069],[121.23687408400008,9.649083002000054],[121.23662105800008,9.648693900000069],[121.2366439330001,9.648448012000074],[121.23707685000011,9.648456719000023],[121.2373353160001,9.648689095000066],[121.23747467200008,9.648708860000056],[121.23740238800008,9.649094443000024]]],[[[121.23858220000011,9.662186890000044],[121.23822004700003,9.662226780000026],[121.23773305000009,9.662066357000072],[121.23762790400008,9.662124349000067],[121.23746530000005,9.661874501000057],[121.23759603100007,9.66159394500005],[121.23735397700011,9.661245919000066],[121.23716205900007,9.660751785000059],[121.23660862600002,9.660077557000022],[121.23635010300006,9.659930355000029],[121.2363601610001,9.659850621000032],[121.23611875900008,9.659635465000065],[121.23595129400007,9.659597470000051],[121.23580537400005,9.659345383000073],[121.23554136200005,9.659185247000039],[121.23540101800006,9.658811927000045],[121.23516438800004,9.658635188000062],[121.23506450500008,9.658263701000067],[121.2351129320001,9.658142909000048],[121.2350023140001,9.657952075000026],[121.23507679200009,9.657851637000022],[121.23507871700008,9.657564728000068],[121.23498878500004,9.657484527000065],[121.23507325800006,9.657313743000032],[121.23507324900004,9.656960165000044],[121.23475334300008,9.656383657000049],[121.23424366600011,9.655702033000068],[121.2338674880001,9.655597038000053],[121.23390394100011,9.655841370000076],[121.23375893800005,9.655807565000032],[121.23363669700007,9.655273837000038],[121.23377996400006,9.655211401000031],[121.23388812100006,9.65541395400004],[121.23410973600005,9.65527664700005],[121.23422304400003,9.655066152000074],[121.23419730500007,9.654517749000036],[121.23400555100011,9.65364575700005],[121.23374837400002,9.653081969000027],[121.23345566000012,9.65269864000004],[121.23324098700004,9.65204945000005],[121.23313894900002,9.65199949600003],[121.23320244900003,9.651860050000039],[121.2330804820001,9.651586996000049],[121.23313980500006,9.651525470000024],[121.23307860900002,9.651439672000038],[121.23298449700007,9.651457182000058],[121.23300651300008,9.651368102000049],[121.233155,9.651318682000067],[121.2330841050001,9.650904762000039],[121.232907081,9.650839967000024],[121.23268006500007,9.650589559000025],[121.23232284100004,9.650369212000044],[121.23199148700007,9.64995796900007],[121.23165939600005,9.649757129000022],[121.23149771800001,9.649442752000027],[121.23160677700002,9.649289778000025],[121.23152681400006,9.648963704000039],[121.23131092800008,9.648634878000053],[121.23112990000004,9.64868061900006],[121.231068606,9.648623351000026],[121.2310280480001,9.647812833000046],[121.23123877900002,9.64754965700007],[121.23123935700005,9.64738508000005],[121.23078231900001,9.646713075000036],[121.23088443100005,9.646478056000035],[121.23113826800011,9.64630061400004],[121.23090712700002,9.646124180000072],[121.23090046900006,9.645960113000058],[121.23102044200004,9.645789346000072],[121.23118147700006,9.646285596000041],[121.23132942200004,9.64638952100006],[121.23146839300011,9.646898803000056],[121.23156189100007,9.647056035000048],[121.23184698200009,9.647249583000075],[121.231914834,9.647499448000076],[121.23183814400011,9.647706025000048],[121.23288162900008,9.648214676000066],[121.232965411,9.648837039000057],[121.23325735100002,9.649141162000035],[121.2336717280001,9.649359379000032],[121.23392335300002,9.649813141000038],[121.23426197800006,9.650214703000074],[121.23436590600011,9.650493220000044],[121.23433653000006,9.65061793700005],[121.23459212600005,9.650971861000073],[121.234910194,9.651047836000032],[121.2350183420001,9.651155192000033],[121.23511155800009,9.650918426000032],[121.23530694600004,9.650904827000033],[121.2353625070001,9.650533634000055],[121.23578762200009,9.649996587000032],[121.23591071200008,9.649968476000026],[121.23614892100011,9.650122633000024],[121.23628603200007,9.650222953000025],[121.23640339100007,9.650467453000033],[121.23656596,9.650528631000043],[121.23718588300005,9.650142025000036],[121.23733519200005,9.649857237000049],[121.23758804600004,9.64996151500003],[121.23780884200005,9.649923038000054],[121.23784773500006,9.65017993500004],[121.23808497200002,9.650266642000076],[121.23835182000005,9.650506482000026],[121.23851466300005,9.650489204000053],[121.23863339900004,9.650671483000053],[121.23859676500001,9.650803308000036],[121.23848805800003,9.650856431000022],[121.23802521300001,9.650804933000074],[121.23797049100006,9.650936695000041],[121.23778967500004,9.65092181700004],[121.23787221300006,9.651111104000051],[121.2380818690001,9.651154611000038],[121.23797958500006,9.65143955800005],[121.238223994,9.651890011000035],[121.23800961100005,9.652163879000057],[121.23803013100007,9.652502737000077],[121.23829752000006,9.652588157000025],[121.2381798450001,9.653136949000043],[121.23854739700005,9.653544225000076],[121.23850453700004,9.653387167000062],[121.23858772400001,9.653391016000057],[121.23864869500005,9.653541003000043],[121.23864829700005,9.653655119000064],[121.23844145800001,9.653839859000072],[121.23851578800009,9.65430832800007],[121.23829410600001,9.654600003000041],[121.23834374000012,9.654889032000028],[121.23827119200007,9.654945844000054],[121.23814126600007,9.654859816000055],[121.23806369200008,9.655029900000045],[121.23789390500008,9.657032934000028],[121.23796306400004,9.658980155000052],[121.2382166220001,9.658884383000043],[121.23801359700008,9.659012076000067],[121.23811735600009,9.659340517000032],[121.23818941800005,9.659422784000071],[121.23839246800003,9.659287960000029],[121.23850818900007,9.659299051000062],[121.23867026100004,9.659700846000021],[121.23862503200007,9.660221355000033],[121.2388532760001,9.661159175000023],[121.2388487930001,9.661406980000038],[121.23871755500011,9.661695396000027],[121.23875655000006,9.66192376500004],[121.23886826800003,9.662045394000074],[121.23869749800008,9.662035082000045],[121.23858220000011,9.662186890000044]]],[[[121.23937412100008,9.663032292000025],[121.23917382500008,9.663077930000043],[121.2391266190001,9.663016600000049],[121.23920795700008,9.662958453000044],[121.2391735330001,9.662765769000032],[121.23947178600008,9.662669133000065],[121.23956339400002,9.662855147000073],[121.23944648600002,9.662891941000055],[121.23937412100008,9.663032292000025]]]]}},{"type":"Feature","properties":{"shapeName":"Coron","shapeISO":"","shapeID":"30758251B89626274452255","shapeGroup":"PHL","shapeType":"ADM3","psgc_code":"1705309000","legacy_psgc_code":"175309000","province":"Palawan"},"geometry":{"type":"MultiPolygon","coordinates":[[[[120.10824462500011,11.664713243000051],[120.10692522000011,11.662657559000024],[120.10833881100007,11.659301834000075],[120.10856578100004,11.650619944000027],[120.10615117100008,11.648036572000024],[120.10798067000007,11.64705990300007],[120.11060077600007,11.651605029000052],[120.12269805500011,11.65664977800003],[120.1145612040001,11.66160771500006],[120.11379274400008,11.663496076000058],[120.10824462500011,11.664713243000051]]],[[[120.13723063600003,11.680230355000049],[120.13560776800011,11.677961437000022],[120.13709092400006,11.678196544000059],[120.13723063600003,11.680230355000049]]],[[[120.14929587800009,11.69245201800004],[120.13929397100003,11.689617744000032],[120.13895586900003,11.685532636000062],[120.14180863400009,11.68239613000003],[120.14397110900006,11.681799892000072],[120.14602143200011,11.683234614000071],[120.14929587800009,11.69245201800004]]],[[[120.20455307800012,11.706274135000058],[120.20329696700003,11.704473947000054],[120.2051312750001,11.705213343000025],[120.20455307800012,11.706274135000058]]],[[[120.15572589700002,11.729600806000064],[120.15376366400005,11.728706759000033],[120.15331191000007,11.726778120000063],[120.15450224200004,11.71758555200006],[120.15747731800002,11.727118959000052],[120.15572589700002,11.729600806000064]]],[[[120.10527665400002,11.725466106000056],[120.1089076180001,11.729712364000022],[120.10814595400007,11.732076019000033],[120.10675442900003,11.731680149000056],[120.10527665400002,11.725466106000056]]],[[[120.17506502100002,11.738513667000063],[120.17330584600006,11.737249891000033],[120.17482109600007,11.737133147000065],[120.17506502100002,11.738513667000063]]],[[[120.22466768800007,11.769800560000022],[120.21896081300008,11.76749140000004],[120.22238118500002,11.766028047000077],[120.22556564900003,11.767081201000053],[120.22466768800007,11.769800560000022]]],[[[120.12639665400002,11.771972387000062],[120.12517094600003,11.771521802000052],[120.12566491300004,11.769562027000063],[120.12879036400011,11.771326700000031],[120.12639665400002,11.771972387000062]]],[[[120.17594300500002,11.77439914100006],[120.17572159100007,11.775959580000062],[120.17473346500003,11.775267503000066],[120.17594300500002,11.77439914100006]]],[[[120.17484008000008,11.783699399000056],[120.17103861700002,11.781625048000024],[120.1668436330001,11.781762885000035],[120.1738780930001,11.777218110000035],[120.17399043300009,11.779993779000051],[120.17828176800003,11.778810716000066],[120.18466018200002,11.773255322000068],[120.18516693100003,11.771966548000023],[120.18307447900008,11.770762673000036],[120.17975265000007,11.772617535000052],[120.17781818500009,11.772102687000029],[120.18125259700003,11.765654347000066],[120.18372572800001,11.765504774000021],[120.1827679160001,11.764235782000071],[120.18417866400011,11.759044354000025],[120.18889833500009,11.757025034000037],[120.18394812100007,11.754782981000062],[120.18294791500011,11.756769156000075],[120.18044229700001,11.757257610000067],[120.18061862500008,11.75607558300004],[120.17856994300007,11.758311007000032],[120.17762223400007,11.754242287000068],[120.17524976800007,11.753920006000044],[120.17566868800009,11.758844275000058],[120.1783976800001,11.760125731000073],[120.17756371200005,11.76209430800003],[120.1758092450001,11.763084153000023],[120.17160010200007,11.759771756000077],[120.16449385300007,11.76091460300006],[120.16609622900012,11.765482898000073],[120.16058812300003,11.768421261000071],[120.16025789900004,11.764507532000039],[120.15749252700004,11.763056594000034],[120.15519209900003,11.764942513000051],[120.15653875600003,11.76748103600005],[120.15365126900008,11.768307181000068],[120.15483686300001,11.771759754000072],[120.1518058480001,11.771313534000058],[120.15156636200004,11.767475374000071],[120.14783290900004,11.765075964000062],[120.14945931200009,11.763914215000057],[120.1493668920001,11.761965016000033],[120.14475998600005,11.76291223800007],[120.1414187470001,11.765524819000063],[120.14017127700004,11.769933179000077],[120.14191909500005,11.773926739000046],[120.13967993300002,11.77594424700004],[120.13952022600006,11.779343649000054],[120.13600116600003,11.77873192900006],[120.13429968300011,11.780235763000064],[120.13542190500004,11.777079207000043],[120.1345763810001,11.773681056000044],[120.137256793,11.772467665000022],[120.13879716800011,11.768331480000029],[120.13796026500006,11.766160103000061],[120.13685268900008,11.766830797000068],[120.13472900800002,11.764596315000063],[120.13566047300003,11.763016358000073],[120.13761374700005,11.763740163000023],[120.1395722530001,11.76264591100005],[120.139540495,11.760396950000029],[120.14484614000003,11.756427641000073],[120.14483462700002,11.75481376700003],[120.138559299,11.753270536000059],[120.13866013900008,11.75204111100004],[120.14415158400004,11.75092924300003],[120.15203041500001,11.753531758000065],[120.15827620700009,11.750250039000036],[120.1561779650001,11.74919704000007],[120.15823988900001,11.74926025700006],[120.15809862000003,11.745225276000042],[120.16033491400003,11.74686519200003],[120.1618326250001,11.745545617000062],[120.16010486900007,11.74726934000006],[120.160624632,11.748527634000027],[120.16419444000007,11.748680285000034],[120.1684836500001,11.742868004000059],[120.17464519300006,11.74203071100004],[120.17939433100003,11.745310195000059],[120.18053820500006,11.75050503500006],[120.18322440500003,11.751977770000053],[120.18541924200008,11.75259019400005],[120.18750132000002,11.751327564000064],[120.18811488200004,11.747124604000021],[120.1894358610001,11.74863879000003],[120.18876278500011,11.75205999700006],[120.19224106600007,11.754612447000056],[120.19538279000005,11.75486625600007],[120.19560979500011,11.750163862000022],[120.19737496700009,11.751035884000032],[120.19965737200005,11.753350307000062],[120.19784879300005,11.758689362000041],[120.19872911900006,11.764459296000041],[120.19658095500006,11.763302012000054],[120.19340604100012,11.764988870000025],[120.19307446300002,11.769515426000055],[120.19085350800003,11.769763210000065],[120.19105158000002,11.772758818000057],[120.1942148600001,11.773107138000057],[120.19446032300004,11.77456135400007],[120.19099200300002,11.774315899000044],[120.18889538500002,11.78023532700007],[120.18084487100009,11.782623576000049],[120.17732004400011,11.781541263000065],[120.17484008000008,11.783699399000056]]],[[[120.31930938500011,11.845509402000062],[120.3209742900001,11.841155737000065],[120.32132274500009,11.844341734000068],[120.31930938500011,11.845509402000062]]],[[[120.31724205000012,11.85076155300004],[120.31357083800003,11.850296104000051],[120.30745942100009,11.844284790000074],[120.30665573800002,11.837974477000046],[120.30486555800007,11.837359780000043],[120.30991091800001,11.831501339000056],[120.31198587000006,11.825494369000069],[120.31282151300002,11.833230918000027],[120.31717450200006,11.835353723000026],[120.3183628160001,11.837351450000028],[120.31766604400002,11.840150693000055],[120.31973669000001,11.841445667000073],[120.31713940800012,11.844846845000063],[120.32151518600006,11.849174206000043],[120.31724205000012,11.85076155300004]]],[[[120.03251481200004,11.93184315600007],[120.03169199400008,11.930893680000054],[120.0345665640001,11.929967387000033],[120.03251481200004,11.93184315600007]]],[[[120.04313249200004,11.934205789000032],[120.03936376400009,11.930978236000044],[120.03968052400012,11.929132005000042],[120.03434220500003,11.92938355800004],[120.03346660000011,11.927771863000032],[120.03563297200003,11.925865421000026],[120.04156075700007,11.92468944500007],[120.04432818200007,11.92144048800003],[120.04313987700004,11.91742195200004],[120.04498404200001,11.917117537000024],[120.04726292700002,11.920125025000061],[120.05231890200002,11.918684338000048],[120.0571358420001,11.914744964000022],[120.05947572600007,11.914991494000049],[120.0599588550001,11.916839886000048],[120.06841962500005,11.916954213000054],[120.06896856900005,11.922951118000071],[120.06235308900011,11.927894024000068],[120.06169339900009,11.929992904000073],[120.05511834000004,11.933015880000028],[120.05172150300007,11.933134789000064],[120.05319659200006,11.930016051000052],[120.05199138800003,11.928943899000046],[120.05036823500006,11.931542593000074],[120.04721934300005,11.93191229200005],[120.04855113400004,11.933991753000043],[120.04627084100002,11.933123444000046],[120.04313249200004,11.934205789000032]]],[[[120.20338769800003,11.947166174000074],[120.20284617000004,11.944796499000063],[120.20401052500006,11.94450196200006],[120.20338769800003,11.947166174000074]]],[[[120.20608588700009,11.948892134000062],[120.20536748400002,11.947423152000056],[120.20766440300008,11.948490051000022],[120.20608588700009,11.948892134000062]]],[[[120.27752685500002,11.954528808000077],[120.27807617200006,11.956481933000077],[120.27630615200007,11.955078125000057],[120.27752685500002,11.954528808000077]]],[[[120.10405881800011,11.962232468000025],[120.10912484000005,11.955101352000042],[120.10932840700002,11.957161987000063],[120.10405881800011,11.962232468000025]]],[[[120.2265214890001,11.962704403000032],[120.22495434000007,11.962015085000075],[120.22589440800004,11.960790987000053],[120.2265214890001,11.962704403000032]]],[[[120.16646124700003,11.962413198000036],[120.15656889000002,11.959487170000045],[120.16402654600006,11.959111289000077],[120.16170457600003,11.955897875000062],[120.16507068200008,11.956086223000057],[120.16893907600002,11.961779122000053],[120.16646124700003,11.962413198000036]]],[[[120.31811523400006,11.962280274000022],[120.31890869200004,11.964721679000036],[120.31347656300011,11.968078613000046],[120.31451416000004,11.964477540000075],[120.31811523400006,11.962280274000022]]],[[[120.15206610400003,11.973508354000046],[120.14977330900001,11.972768694000024],[120.14983172500001,11.97057750700003],[120.1524048980001,11.972102987000028],[120.15206610400003,11.973508354000046]]],[[[120.12278654600004,11.983727131000023],[120.12024657500001,11.981395478000024],[120.12248335900006,11.977868414000056],[120.12520394900002,11.979681471000049],[120.12278654600004,11.983727131000023]]],[[[120.19894351500011,11.98353749100005],[120.1968589390001,11.982844597000053],[120.19678044400007,11.98016179900003],[120.20090213700007,11.97993675500004],[120.20115266200003,11.982513668000024],[120.19894351500011,11.98353749100005]]],[[[120.16288068100005,11.986362317000044],[120.1619396210001,11.985319828000058],[120.16413986900011,11.985443438000061],[120.16288068100005,11.986362317000044]]],[[[120.24527796200005,11.98714489200006],[120.24459730400008,11.983714330000055],[120.24715049000008,11.980073509000022],[120.24740631600002,11.975962228000071],[120.24264221200008,11.97488684700005],[120.2367998950001,11.968004106000024],[120.23490761700009,11.969210472000043],[120.23533195000005,11.966594218000068],[120.23013163500002,11.96815478700006],[120.23001376700006,11.96325297900006],[120.22730875800005,11.963894260000075],[120.22951777900005,11.962548749000064],[120.22623137300002,11.959195704000024],[120.2235434270001,11.961665026000048],[120.22043717000008,11.959743837000076],[120.21997834500007,11.957297101000051],[120.21732261400007,11.958016669000074],[120.21393305800007,11.95540629800007],[120.21366472200009,11.953532494000058],[120.21188165900003,11.954210674000024],[120.21266963300002,11.951607989000024],[120.21092459800002,11.951369596000063],[120.21134529100004,11.95291200500003],[120.20992606300001,11.952004640000041],[120.2109746220001,11.947470319000047],[120.20983842100009,11.947778396000047],[120.21046353300005,11.948845075000065],[120.2083487640001,11.948192415000051],[120.20811609300006,11.946416632000023],[120.20954462500004,11.947932700000024],[120.21012061700003,11.947058753000022],[120.20920904800005,11.94488235600005],[120.20710045800001,11.945418824000058],[120.20719692500006,11.946828272000062],[120.20539526300001,11.94591183600005],[120.20562820600003,11.944154214000037],[120.20427675500002,11.94436650800003],[120.2045016620001,11.942800607000038],[120.20267081300005,11.943000193000046],[120.19983194300005,11.946441328000049],[120.19748718200003,11.945694930000059],[120.1979702320001,11.948652104000075],[120.19627478600012,11.948770539000066],[120.19534274700004,11.951540943000055],[120.19280138500005,11.952992237000046],[120.19248970300009,11.947876321000024],[120.19437817900007,11.946917540000072],[120.19299500700004,11.946321259000058],[120.19413155500001,11.93670951200005],[120.19161877400006,11.936801143000025],[120.20401240100011,11.926354557000025],[120.2089451600001,11.91127143400007],[120.21996446700007,11.899488518000055],[120.22434294700008,11.892392820000055],[120.23323642700007,11.871881969000071],[120.234984,11.86033556600006],[120.23326766100001,11.85667670500004],[120.23668757200005,11.846676940000066],[120.2484432230001,11.827940857000044],[120.253900455,11.816239886000062],[120.25585854500002,11.814650069000038],[120.25568947400006,11.81773215000004],[120.25761165100005,11.817419819000065],[120.25814099500008,11.814792465000039],[120.2564272950001,11.81419657500004],[120.25789609800006,11.81247546700007],[120.25898425700007,11.813131643000077],[120.2589930360001,11.811232609000058],[120.26073731400004,11.812290963000066],[120.26030525200008,11.808734643000037],[120.2621872410001,11.80725270000005],[120.26516973000003,11.813046069000052],[120.26615896600003,11.823069102000034],[120.2625404690001,11.821560851000072],[120.2638254200001,11.817806764000068],[120.25960836000002,11.81612100500007],[120.25810789600007,11.827391491000071],[120.25321904000009,11.829377411000053],[120.25176327000008,11.831997602000058],[120.2514020650001,11.838475363000043],[120.25408547800009,11.843005899000048],[120.25235022000004,11.844231738000076],[120.25175519100003,11.843011165000064],[120.2504065060001,11.84440330800004],[120.24714669000002,11.844182293000074],[120.24616149100007,11.848116315000027],[120.2475492850001,11.849463367000055],[120.24968239600003,11.848217392000038],[120.24949353900001,11.849804038000059],[120.2526203650001,11.850075154000024],[120.25484210000002,11.855860988000074],[120.25637263600004,11.856652741000062],[120.25601885900005,11.858191459000068],[120.258327602,11.857986467000046],[120.25924752600008,11.869549945000074],[120.25767929000006,11.876081981000027],[120.25978801400004,11.885250609000025],[120.2582414310001,11.892163941000035],[120.2487566640001,11.907932501000062],[120.25410681300002,11.918912435000038],[120.25723067700005,11.91923743500007],[120.25952444100005,11.914700331000063],[120.26275097500002,11.91396433600005],[120.26704134300007,11.917844159000026],[120.26619546000006,11.919401725000057],[120.26859985100009,11.924521863000052],[120.27080883700012,11.925522717000035],[120.27196942300009,11.924109024000074],[120.27675207000004,11.925976569000056],[120.27473679600007,11.928693386000077],[120.27480743800004,11.933660056000065],[120.27670409900009,11.935764137000035],[120.27445357800002,11.936056302000054],[120.27290165300008,11.93858610600006],[120.27450112300005,11.941844791000051],[120.27328887700003,11.943944157000033],[120.27424325600009,11.946994044000064],[120.27280195600008,11.948306459000037],[120.27365408500009,11.952394439000045],[120.27000975100009,11.955404946000044],[120.26698580200002,11.955047619000027],[120.26755909700012,11.956785412000045],[120.26657448200001,11.955541152000023],[120.26647823300004,11.962333217000037],[120.26967609600001,11.965237054000056],[120.27248963900001,11.965640910000047],[120.27187613100011,11.969103189000066],[120.25957494800002,11.977811883000072],[120.24998203400003,11.98213639100004],[120.24527796200005,11.98714489200006]]],[[[120.019292543,11.987221082000076],[120.01617684100006,11.984857841000064],[120.01225548600007,11.984849487000076],[120.00994556500007,11.980227996000053],[120.01357586000006,11.981972545000076],[120.01672343900009,11.980537340000069],[120.01904685800002,11.978746732000047],[120.02220101800003,11.971623261000047],[120.02374265700007,11.972423720000052],[120.02544751700009,11.971282216000077],[120.0272590720001,11.972985040000026],[120.02702724700009,11.97507263600005],[120.0239585160001,11.978579882000076],[120.02224888800004,11.977910758000064],[120.02064743200003,11.97919233600004],[120.019292543,11.987221082000076]]],[[[120.15246600900002,11.988188068000056],[120.15273539600003,11.985673102000021],[120.154072788,11.987320604000047],[120.15246600900002,11.988188068000056]]],[[[120.18030328300006,11.992650570000023],[120.1761949270001,11.988241672000072],[120.16616367800009,11.982403823000027],[120.15913567300004,11.98479022600003],[120.1472648990001,11.984715225000059],[120.14743312700011,11.985805355000025],[120.1422152130001,11.988528918000043],[120.14202462600008,11.990514432000055],[120.13852484200004,11.990046220000067],[120.13339942400012,11.992259513000022],[120.13609483300002,11.985894324000071],[120.13024261500004,11.985631741000077],[120.13543398900003,11.979101534000051],[120.13053873100012,11.974791289000052],[120.13525045900008,11.973873107000031],[120.1396782060001,11.969840526000041],[120.14557688400009,11.971042123000075],[120.14786011600006,11.973759087000076],[120.15409574700004,11.975386699000069],[120.1563554710001,11.973585889000049],[120.15418511400003,11.972059172000058],[120.15430108800001,11.968814892000069],[120.1565464890001,11.969534103000058],[120.15817067900002,11.967769624000027],[120.1604593830001,11.967799029000048],[120.1656971000001,11.970854853000048],[120.16259881600001,11.973896658000058],[120.16336850700009,11.97622554700007],[120.17030957000009,11.980755909000038],[120.17740229800006,11.98216629600006],[120.17877859000009,11.981346389000066],[120.17850801800012,11.979541991000076],[120.17351721700004,11.977749707000044],[120.17180079100001,11.975117273000023],[120.17884956800003,11.975566468000068],[120.18112564000012,11.973514321000039],[120.17870259400001,11.971067712000035],[120.18146615900002,11.97046735400005],[120.18349795400002,11.97180538200007],[120.18646739100006,11.970621483000059],[120.18713292900009,11.968885902000068],[120.18547328500006,11.965823508000028],[120.19260329500003,11.967385956000044],[120.19422254100004,11.968993556000044],[120.1975375180001,11.968202597000072],[120.19996966400004,11.975452645000075],[120.19366151100007,11.97324794900004],[120.19643789300005,11.975460418000068],[120.19633802500005,11.977436114000056],[120.19782043200007,11.977342406000048],[120.195477922,11.978523522000046],[120.19619082800011,11.98182633600004],[120.19271780200006,11.982994351000059],[120.19088205800006,11.986169347000043],[120.18919647900009,11.986348690000057],[120.1873018550001,11.99000770200007],[120.18776103100004,11.992032272000074],[120.18708115200002,11.990321837000067],[120.18030328300006,11.992650570000023]]],[[[120.3831176760001,11.990478516000053],[120.3850708010001,11.991699219000054],[120.38452148400006,11.995117188000052],[120.3831176760001,11.994873047000056],[120.38171386700003,11.99108886700003],[120.3831176760001,11.990478516000053]]],[[[120.06134090500007,11.995306208000045],[120.06052901100009,11.994386725000027],[120.06272033100004,11.991002016000039],[120.06401859900006,11.975577229000066],[120.06656337900006,11.97193687500004],[120.06542111300007,11.968420059000039],[120.06598665000001,11.96243168500007],[120.06716170600009,11.96117683500006],[120.07132344400009,11.963843778000069],[120.07395973400003,11.962774942000067],[120.076741706,11.95874273000004],[120.08464989800007,11.958532385000069],[120.08164202700004,11.962565790000042],[120.08247217500002,11.96957818900006],[120.07753769700003,11.975395888000037],[120.07500331800009,11.984180448000075],[120.06748537600004,11.993040067000038],[120.06134090500007,11.995306208000045]]],[[[120.14155956500008,11.99999411500005],[120.14043972200011,11.999317613000073],[120.14196651200007,11.995250180000028],[120.14438762000009,11.99258913400007],[120.14419753600009,11.996088263000047],[120.14155956500008,11.99999411500005]]],[[[120.08209485300006,12.000103108000076],[120.0808503400001,12.000143580000042],[120.08138706300008,11.998903838000047],[120.08209485300006,12.000103108000076]]],[[[120.1909709570001,12.001643235000074],[120.18964584000003,12.001191801000061],[120.18989297700011,11.999551340000039],[120.1924414560001,11.999109848000046],[120.1909709570001,12.001643235000074]]],[[[120.14697522200004,12.01988822900006],[120.14594546,12.019679401000076],[120.14667415600002,12.017415121000056],[120.15489238500004,12.011541449000049],[120.15766458400003,12.005879363000076],[120.1630526570001,12.003883613000028],[120.16369479000002,12.002358121000043],[120.16645411000002,12.00258733000004],[120.17101124100009,11.999179458000071],[120.17372018300011,11.99946449600003],[120.17591682500006,11.996296888000074],[120.17655754500004,11.998522071000025],[120.17846855800008,11.996131714000057],[120.1777310650001,11.998912244000053],[120.18274729900008,12.002630348000025],[120.17973088100007,12.00596069900007],[120.17385817200011,12.009137011000064],[120.16929515800007,12.009920868000052],[120.16157234200011,12.008059485000047],[120.1558262210001,12.011589467000022],[120.15465076200007,12.015659562000053],[120.14697522200004,12.01988822900006]]],[[[120.35724549500003,12.043691344000024],[120.35429103600006,12.042645925000045],[120.35352938100004,12.038624988000038],[120.35888256100009,12.028171764000035],[120.35998645600012,12.03007418900006],[120.35724549500003,12.043691344000024]]],[[[120.33892822300004,12.07592773500005],[120.33709716800001,12.079101563000052],[120.33587646500007,12.077087402000075],[120.33892822300004,12.07592773500005]]],[[[120.31133735000003,12.105898136000064],[120.3072680890001,12.105284191000067],[120.30631546300003,12.103710837000051],[120.3097000250001,12.103686008000068],[120.31133735000003,12.105898136000064]]],[[[120.17986984400011,12.140032140000073],[120.17928846100006,12.139064942000061],[120.18163251200008,12.13747907000004],[120.18409834200008,12.139082361000021],[120.17986984400011,12.140032140000073]]],[[[120.15660848100003,12.146833623000077],[120.15973830000007,12.141472478000026],[120.1627022020001,12.141012815000067],[120.16145488500001,12.144038623000029],[120.15660848100003,12.146833623000077]]],[[[120.26554478700007,12.156530822000036],[120.26497006300008,12.154342019000069],[120.26623538000001,12.154172137000046],[120.2672179430001,12.155910335000044],[120.26554478700007,12.156530822000036]]],[[[120.25411199400003,12.156657334000045],[120.2563647720001,12.148629504000041],[120.25930203900009,12.145769983000037],[120.25649607800005,12.142649937000044],[120.259278472,12.14260041700004],[120.26487165700007,12.151694298000052],[120.26480541900003,12.154713423000032],[120.25411199400003,12.156657334000045]]],[[[120.16345188900004,12.160600165000062],[120.16274445300007,12.158435606000069],[120.16488076600001,12.15627512900005],[120.16379225000003,12.154601673000059],[120.16503820500009,12.152303199000073],[120.16913509500012,12.151385687000072],[120.16794322700002,12.153379959000063],[120.1697662040001,12.154432019000069],[120.171784709,12.153651986000057],[120.17292499300004,12.156481246000055],[120.16967988400006,12.159287878000043],[120.16880166400006,12.157404624000037],[120.16561257600006,12.16059410400004],[120.16345188900004,12.160600165000062]]],[[[120.3928833010001,12.161071778000064],[120.39392089800003,12.159484864000035],[120.39587402300003,12.159729004000042],[120.3928833010001,12.161071778000064]]],[[[120.15290917300001,12.169033694000063],[120.1487280130001,12.16751565100003],[120.15070209700002,12.162466402000064],[120.15401186400004,12.16554810100007],[120.15290917300001,12.169033694000063]]],[[[120.25258418300007,12.183480175000057],[120.24811287000011,12.178522559000044],[120.24812240900008,12.170535767000047],[120.2495739310001,12.16470832300007],[120.252919442,12.164239467000073],[120.25210515600008,12.16164210100004],[120.25387988200009,12.15950729900004],[120.2554770910001,12.160523450000028],[120.2549819400001,12.165334694000023],[120.256971055,12.172759582000026],[120.25504082200007,12.182845488000055],[120.25258418300007,12.183480175000057]]],[[[120.1313164930001,12.187272485000051],[120.13309536000008,12.183571335000067],[120.13535598800001,12.183006743000021],[120.1313164930001,12.187272485000051]]],[[[120.38585156400006,12.189416584000071],[120.3848367600001,12.188327394000055],[120.38612228500006,12.18599918600006],[120.38762483000005,12.185951203000059],[120.38782806200004,12.187833082000054],[120.38585156400006,12.189416584000071]]],[[[120.13841642800003,12.199445995000076],[120.13726902500002,12.199057086000039],[120.13887416200009,12.196737361000032],[120.15006286800008,12.186604592000037],[120.15030649800008,12.183017689000053],[120.14721945200006,12.179521778000037],[120.147876343,12.175056794000056],[120.1556479190001,12.17006635100006],[120.15905403300007,12.169595853000033],[120.16252674100008,12.171361395000076],[120.16490021600009,12.167681840000057],[120.16681584800006,12.167621746000066],[120.17089155800011,12.162974433000045],[120.17214110400005,12.160542527000075],[120.17123081200009,12.160068175000049],[120.17597810100006,12.159252816000048],[120.1752381020001,12.156750026000054],[120.17881960800003,12.155120754000052],[120.18423290500004,12.156660018000025],[120.18458852100002,12.153980811000054],[120.1918066390001,12.14948146300003],[120.19670292800004,12.148791924000022],[120.19665898500011,12.146713606000048],[120.1915221700001,12.146093758000063],[120.19414124800005,12.143025029000057],[120.20090095900002,12.147145726000076],[120.19790683400004,12.155483549000053],[120.19334078300005,12.15733074600007],[120.19152416300005,12.160679172000073],[120.187045097,12.161500086000046],[120.18598850900003,12.163573774000042],[120.18130138800007,12.163282648000063],[120.18128699200008,12.161491085000023],[120.17978328000004,12.160847482000065],[120.1766391970001,12.161586055000043],[120.17514729700008,12.164862753000023],[120.15698563400008,12.17997925000003],[120.15776759900007,12.182056222000028],[120.154333629,12.187229659000025],[120.14591906300006,12.193223979000038],[120.14227399600009,12.198458328000072],[120.13841642800003,12.199445995000076]]],[[[120.39515218300005,12.205518779000045],[120.39398062700002,12.206951063000076],[120.39609732800011,12.200283752000075],[120.40081087700003,12.194755711000028],[120.39973891200009,12.201797181000074],[120.39515218300005,12.205518779000045]]],[[[120.24069933200008,12.214674108000054],[120.24121931900004,12.203158631000065],[120.2434964580001,12.207211259000076],[120.24213430600003,12.214049081000041],[120.24069933200008,12.214674108000054]]],[[[120.017187368,11.998289251000074],[120.01953299700006,11.997871109000073],[120.01791662700009,11.990637693000053],[120.02053280700011,11.987882994000074],[120.02276637200009,11.990711067000063],[120.03171506400008,11.995834445000071],[120.03363350000006,11.995686547000048],[120.03347568700008,11.996662790000073],[120.03607672800001,11.997026],[120.03606863900006,11.994968411000059],[120.03657523000004,11.997779351000077],[120.0401753220001,11.994599478000055],[120.04080980900005,11.99182598300007],[120.044488236,11.992484513000022],[120.04754629500007,11.994877947000077],[120.0504582860001,12.00021870200004],[120.0484448950001,12.00596305700003],[120.0582922110001,12.007465431000071],[120.0568242390001,12.011097926000048],[120.05061244900003,12.015852546000076],[120.05358574500008,12.017550502000063],[120.05283003700004,12.02018152100004],[120.06567829300002,12.010917126000038],[120.0690218950001,12.01054522100003],[120.07065574800004,12.007307962000027],[120.0785780330001,12.001881944000047],[120.08881116500004,11.998139235000053],[120.08729884000002,11.994029064000074],[120.0839641120001,11.992778464000025],[120.08147176800003,11.993608794000068],[120.0803794090001,11.98594638000003],[120.0836958540001,11.984221019000074],[120.08907939200003,11.97091503200005],[120.09075092900002,11.974573020000037],[120.09232446300007,11.974210496000069],[120.09511607500008,11.964453258000049],[120.099767111,11.960415543000067],[120.10125890400002,11.961479480000037],[120.10042002000012,11.96396481100004],[120.1022256220001,11.968804955000053],[120.10398998900007,11.969368846000066],[120.10358386000007,11.972385683000027],[120.10762140800011,11.971321397000054],[120.10820321400001,11.973270336000041],[120.11239203800005,11.975949703000026],[120.11745793400007,11.973405425000067],[120.11929113700012,11.977861568000037],[120.11813865700003,11.985278780000044],[120.11638055100002,11.986382129000049],[120.11491201800004,11.985704549000047],[120.11259423400008,11.978305599000066],[120.10893012800011,11.983179118000066],[120.10638662100007,11.983078092000028],[120.1074007310001,11.987677720000022],[120.10555406200001,11.992842257000063],[120.10171781200006,11.996631110000067],[120.10066438800004,11.995665626000061],[120.09759502600002,11.999126794000063],[120.09500054000011,11.99980107600004],[120.09621561300003,12.00062454500005],[120.09569394900007,12.002748980000035],[120.09949637900002,12.002675788000033],[120.09956225400003,12.004527002000032],[120.10424442900012,12.002598547000048],[120.11436019200005,11.988763322000068],[120.11685855100006,11.989304529000037],[120.11734882200005,11.99299932200006],[120.12253765700007,11.989993196000057],[120.12681551300011,11.990921150000077],[120.12764259800008,11.994204349000029],[120.13050664400009,11.994987712000068],[120.13096204500005,11.996490297000037],[120.12849206600004,12.000467666000077],[120.12862351900003,12.002985443000057],[120.13745370200002,12.002954192000061],[120.1351168970001,12.007884425000043],[120.13328628800002,12.007853019000038],[120.13304886500009,12.01105208100006],[120.13032272400005,12.010494569000059],[120.12835862100007,12.01263420400005],[120.12975582000001,12.014655052000023],[120.12404736600001,12.018110078000063],[120.12398843300002,12.022953357000063],[120.12698341600003,12.026958859000047],[120.12452334400007,12.027421610000033],[120.12455670600002,12.02896308000004],[120.12722529500002,12.028863105000028],[120.12751147200004,12.030074184000057],[120.12957800400011,12.027618439000037],[120.12919597200005,12.029634],[120.13201279700002,12.032743373000073],[120.1413252430001,12.023045268000033],[120.14479989000006,12.023120850000055],[120.14381857400008,12.026026348000073],[120.15291647900006,12.027588993000052],[120.1475431990001,12.024508311000034],[120.15049557800012,12.024402173000055],[120.15121413400004,12.02224639800005],[120.15295293500003,12.023162627000033],[120.1574477910001,12.02088034600007],[120.1606545840001,12.022161964000077],[120.16181068600008,12.024250594000023],[120.16250568900011,12.032400532000054],[120.1654963740001,12.029543549000039],[120.17132202000005,12.028576441000041],[120.17648304700003,12.024013773000036],[120.1751173450001,12.014080282000066],[120.17760204100011,12.008104885000023],[120.18850337600009,12.006653065000023],[120.18844129500008,12.004999161000057],[120.19180230800009,12.003345116000048],[120.19154963200003,12.001012951000064],[120.20034373800002,12.000560786000051],[120.20095126600006,11.997672041000044],[120.20247474100006,11.997688348000054],[120.20126644800007,11.996119855000074],[120.20591460000003,11.993788189000043],[120.20594286000005,11.995630217000041],[120.20416518000002,11.996670387000052],[120.20624240000006,11.995618186000058],[120.2080705190001,11.996744425000031],[120.20945606300006,11.995474933000025],[120.21131521200004,11.99776545900005],[120.21211327100002,11.995708475000072],[120.2099896630001,11.995187615000077],[120.21128645400006,11.990927683000052],[120.21282759700011,11.989614589000041],[120.2122044250001,11.991817126000058],[120.21659551500011,11.991200239000023],[120.2164482290001,11.992996849000065],[120.21781957100006,11.993675839000048],[120.21706585200002,11.99226469100006],[120.21885948800002,11.99247824400004],[120.21794857500004,11.991312229000073],[120.21966200600002,11.99186932300006],[120.21847803600008,11.990772889000027],[120.22045090800009,11.990077728000074],[120.21741275400007,11.989581549000036],[120.21784627000011,11.987640674000033],[120.22325620000004,11.984654343000045],[120.22435672000006,11.982156469000074],[120.2273683300001,11.98505437700004],[120.22734693300004,11.990798761000065],[120.23664276900001,11.996528727000054],[120.239295921,11.99522535400007],[120.24561692700001,11.996456978000026],[120.2436400040001,11.998041057000023],[120.2441203300001,12.000474697000072],[120.24673261500004,12.00067696900004],[120.24966407900001,12.003047827000046],[120.24893775500004,12.004304209000054],[120.25297073900003,12.006801148000022],[120.26142774400012,12.003986743000041],[120.26375098800008,12.007369470000071],[120.26586370600012,12.005088571000044],[120.26729389500008,12.005507339000076],[120.27033843100003,11.998628522000047],[120.2757596780001,11.994421679000027],[120.27968204000001,11.993193402000031],[120.28182489700009,11.989257647000045],[120.2867397330001,11.98734651500007],[120.28852871600009,11.984502576000068],[120.3000820100001,11.981405411000026],[120.30256221500008,11.982460538000055],[120.29879358500011,11.991012029000046],[120.299834142,11.993701997000073],[120.30352302000006,11.991215113000067],[120.30391432800002,11.992901868000047],[120.30431314200007,11.991368339000076],[120.30638744600003,11.991655050000077],[120.30966602300009,11.997710209000047],[120.31558962500003,11.997378483000034],[120.31592286800003,12.001329916000032],[120.317165853,11.999931192000076],[120.31916392000005,12.00106267700005],[120.32339747500009,11.999889085000063],[120.33588506000001,11.99243421600005],[120.33088538400011,11.99934124500004],[120.3310088390001,12.000972285000046],[120.33332993200008,12.006158179000067],[120.34050420500012,12.012747869000066],[120.33867429400004,12.01702625300004],[120.33383879400003,12.022044354000059],[120.33027098200012,12.020161130000076],[120.33095377900008,12.019115839000051],[120.3335486100001,12.019707398000037],[120.33283335100009,12.014830422000045],[120.33027356000002,12.01662695400006],[120.33005165700001,12.023401953000075],[120.32389871300006,12.031147950000047],[120.32510281500004,12.037757880000072],[120.32089736900002,12.039351152000052],[120.32024812200007,12.040915808000022],[120.31881295800008,12.038421387000028],[120.31616121800005,12.037517297000022],[120.31709934300011,12.029476657000032],[120.31027199700009,12.030047594000052],[120.30757971900005,12.027389134000032],[120.30672976300002,12.028851081000028],[120.30846487500003,12.029240978000075],[120.3095276900001,12.031646907000038],[120.30966349300002,12.039535145000059],[120.31071216200007,12.038075209000056],[120.31209928800001,12.040851364000048],[120.3163064690001,12.040508630000033],[120.31551070800003,12.044532674000038],[120.31832153700009,12.045260848000055],[120.32249783500004,12.043151408000028],[120.32330584200008,12.04469049200003],[120.32521986400002,12.04460530600005],[120.32630193800003,12.042857923000042],[120.32792451700004,12.044679019000057],[120.33038018200011,12.042398888000037],[120.33247752000011,12.042666395000026],[120.33550950300003,12.046747056000072],[120.33501545600006,12.049293631000069],[120.33668366900008,12.05266569500003],[120.34061544000008,12.05510068600006],[120.34053089300005,12.059983142000021],[120.33528254600003,12.070378326000025],[120.33589454800006,12.073636676000035],[120.33362222000005,12.077282296000021],[120.33214172900011,12.076231970000038],[120.32944133900003,12.078886219000026],[120.32772430700004,12.078802995000046],[120.32798152300006,12.080527496000059],[120.32592812500002,12.082461946000024],[120.32700234000004,12.08573012200003],[120.3323052510001,12.08724694500006],[120.3315161160001,12.089832871000056],[120.33284693000007,12.091619949000062],[120.33012313800009,12.094801651000068],[120.3288588910001,12.094102013000054],[120.32364102100007,12.097209286000066],[120.32167111600006,12.09645978900005],[120.32091065200007,12.092965277000076],[120.31516483300004,12.091356627000039],[120.30938762700009,12.098032916000022],[120.30750235500011,12.097864461000029],[120.30714172800003,12.101739924000071],[120.30235260300003,12.103650661000074],[120.30151829600004,12.105460106000066],[120.3057376810001,12.10794339000006],[120.3044370770001,12.110931101000062],[120.30634818600004,12.113454386000058],[120.30494015400006,12.117338191000044],[120.29377445400007,12.11928692400005],[120.29143648400009,12.114420994000056],[120.29219455600003,12.113486804000047],[120.29102888900002,12.114471812000033],[120.28723034400002,12.113719735000075],[120.283582464,12.119987926000022],[120.28515056700007,12.125906007000026],[120.27889918800008,12.131807941000034],[120.27735170900007,12.135766475000025],[120.27902154700007,12.137015333000022],[120.27414752700008,12.144272425000054],[120.27079162500002,12.139804071000071],[120.27007373700008,12.134513586000025],[120.26602574000003,12.130812337000066],[120.2617757050001,12.13222730900003],[120.25868570400007,12.130269153000029],[120.26000275400008,12.124574560000042],[120.25536379200003,12.12590773900007],[120.25241159000007,12.129598773000055],[120.24628945400002,12.130938842000035],[120.24554881100005,12.132910560000028],[120.24952008900004,12.140268783000067],[120.25250386100004,12.140884847000052],[120.25253496500011,12.143854265000073],[120.252064388,12.14591518100002],[120.24879628400004,12.144945793000034],[120.24423085500007,12.146261252000045],[120.24155976400004,12.150349634000065],[120.24325087200009,12.151367469000036],[120.24966006500006,12.149765908000063],[120.25110622900002,12.151118200000042],[120.24837323800011,12.155003873000055],[120.24563841800011,12.155490540000073],[120.24214100400002,12.159583547000068],[120.24196422700004,12.164083001000051],[120.2441791980001,12.164132089000077],[120.24221510900009,12.165346157000045],[120.24391966300004,12.167984395000076],[120.24326580200011,12.176160636000077],[120.23974043700002,12.177892402000055],[120.23845288400003,12.180312102000073],[120.23893303200009,12.18898269300007],[120.24081362200002,12.190650048000066],[120.2400483020001,12.193316630000027],[120.2427447770001,12.200066191000076],[120.23770450600011,12.196991123000032],[120.23606961000007,12.198428111000055],[120.23581328700004,12.197139502000027],[120.23301533100005,12.197010212000066],[120.23170304100006,12.199185916000033],[120.22929416600005,12.197380145000068],[120.22730928700003,12.198783500000047],[120.22544422100009,12.197516476000033],[120.2235183470001,12.198298567000052],[120.22087823100003,12.204790547000073],[120.22277598200003,12.20828364600004],[120.21905471500008,12.209602339000071],[120.21514596300005,12.215573698000071],[120.21744783000008,12.226455417000068],[120.21503758000006,12.224369033000073],[120.21215464200009,12.225575207000077],[120.20962365800006,12.220881159000044],[120.20546757700004,12.219844614000067],[120.20565136000005,12.218046693000076],[120.20799135200002,12.218508783000061],[120.21465095100007,12.213345901000025],[120.21458004400006,12.210050644000034],[120.2124857880001,12.208791704000078],[120.21401979400002,12.207190776000061],[120.21285654400003,12.204767727000046],[120.21925884000007,12.197270485000047],[120.21936803900007,12.18887750500005],[120.21558571900005,12.184896372000026],[120.21306292800011,12.17013606100005],[120.20795082100005,12.162371360000066],[120.20560544600005,12.16197821000003],[120.20629273100008,12.160220518000074],[120.20819413100003,12.159832593000033],[120.20742863100008,12.153581602000031],[120.21560881100004,12.144985846000054],[120.2141301480001,12.140741879000075],[120.2154214730001,12.13654802800005],[120.21275021400004,12.130769934000057],[120.20978246300001,12.130122979000078],[120.21010624100006,12.132201853000026],[120.20918034500005,12.130708855000023],[120.20234993500003,12.133507953000048],[120.19223218000002,12.134960446000036],[120.18762190600012,12.13734622800007],[120.18669175700006,12.136039811000046],[120.18954131700002,12.132416878000072],[120.1796248070001,12.132994301000053],[120.18106170500005,12.12648458800004],[120.18474705100004,12.124505790000057],[120.18908023000006,12.12597514500004],[120.19023546300002,12.124420858000065],[120.19029209400003,12.121366162000072],[120.18735066200009,12.119765830000063],[120.18748680600004,12.117102126000077],[120.17882374900012,12.117185833000065],[120.17819952500008,12.116197028000045],[120.16491044800011,12.121690259000047],[120.16345488500008,12.11902950700005],[120.161316166,12.12613232600006],[120.15930417000004,12.12787146900007],[120.15615667400004,12.127224653000042],[120.15627091800002,12.132175631000052],[120.15419948400006,12.134713723000061],[120.15132197700007,12.132817271000022],[120.14764583500005,12.136002054000073],[120.1461840710001,12.133201309000071],[120.14957594000009,12.129463198000053],[120.14892942300003,12.127460881000047],[120.14119230500012,12.134116966000022],[120.14490537200004,12.135456453000074],[120.14542652000011,12.139198695000061],[120.14762484200003,12.140952230000039],[120.14137511100012,12.141923058000032],[120.14135642500003,12.144007273000057],[120.1349026260001,12.146521089000032],[120.13508128600006,12.144794743000034],[120.133258253,12.143830217000072],[120.13111871800004,12.14820870400007],[120.12731398300002,12.147509198000023],[120.1259838310001,12.153248005000023],[120.12269134900009,12.158560229000045],[120.11888390500008,12.15963855900003],[120.11620659700009,12.162167257000021],[120.1111524370001,12.16209017500006],[120.10805188300003,12.164646134000066],[120.10861238400003,12.165894861000027],[120.10575939300008,12.171469702000024],[120.10310399700006,12.17185364900007],[120.10231896500011,12.170559671000035],[120.10065369200004,12.172159926000063],[120.09937961100002,12.170972210000059],[120.09822719100009,12.176932386000033],[120.09665705600003,12.172856266000053],[120.09433770300006,12.172197487000062],[120.093317167,12.173726379000072],[120.0905076030001,12.173753415000022],[120.08570636400009,12.170219306000035],[120.08735953300004,12.17615509500007],[120.09599602800006,12.178472870000064],[120.09279755400007,12.179967612000041],[120.09188689100006,12.182627761000049],[120.09320662900006,12.18358544800003],[120.09553296700005,12.181630166000048],[120.09910310200007,12.182178757000031],[120.09669477700004,12.18622064300007],[120.09457929300004,12.185885972000051],[120.08953670500011,12.189462996000032],[120.09009549000007,12.191135745000054],[120.09378445200002,12.193758419000062],[120.0973676000001,12.193899635000037],[120.10139263200006,12.192736873000058],[120.10589529200001,12.188161490000027],[120.1087807880001,12.187176915000066],[120.10839038100005,12.191375667000045],[120.11033846900011,12.193003754000074],[120.099843802,12.200585769000043],[120.09128441100006,12.202812290000054],[120.08810058800009,12.202333231000068],[120.08748745300011,12.203443975000027],[120.08243669700005,12.200831609000033],[120.08624050800006,12.200459892000026],[120.08574034600008,12.19545729300006],[120.07917505900002,12.192642552000052],[120.0789262400001,12.19089785400007],[120.07708555200009,12.191130268000052],[120.0762241540001,12.18903219300006],[120.07267353400005,12.191332860000045],[120.06875325100009,12.191641546000028],[120.06816342800005,12.193817360000025],[120.06538805800005,12.190202288000023],[120.06266625700005,12.190168889000063],[120.060181,12.190395],[120.05439174900005,12.18284574300003],[120.004094,12.136295],[120.0280610860001,12.084221727000056],[120.04227462200004,12.07914463000003],[120.03465270800007,12.050868200000025],[120.02669,12.037607],[120.017187368,11.998289251000074]]],[[[120.3947965970001,12.23369550700005],[120.39119186700009,12.23157135200006],[120.38858431200003,12.232776906000026],[120.38453579600002,12.231934907000038],[120.38765321900007,12.229835724000054],[120.38692117500011,12.22590714000006],[120.38832763100004,12.224988116000077],[120.39366590800012,12.209667320000051],[120.39518099700001,12.209329682000032],[120.39354177100006,12.214203054000052],[120.39493603200003,12.219882167000037],[120.39355596700011,12.22339561900003],[120.39799093900001,12.232543451000026],[120.3947965970001,12.23369550700005]]],[[[120.0873282020001,12.237608502000057],[120.08539566500008,12.236138910000022],[120.08898041700002,12.231509318000064],[120.090727678,12.234203255000068],[120.0873282020001,12.237608502000057]]],[[[120.3582671260001,12.255021149000072],[120.35737292700003,12.25399243000004],[120.36048053600007,12.24793130300003],[120.36511205500005,12.242041879000055],[120.35955135400002,12.254798435000055],[120.3582671260001,12.255021149000072]]],[[[120.35207749800009,12.289369900000054],[120.35292239600005,12.287668582000038],[120.35353017200009,12.288930462000053],[120.35207749800009,12.289369900000054]]],[[[120.26197896700012,12.299401570000043],[120.2592945240001,12.297998795000069],[120.2622991500001,12.29749118500007],[120.26350452100007,12.299217901000077],[120.26197896700012,12.299401570000043]]],[[[120.3426892120001,12.305206944000076],[120.34178675100009,12.306749933000049],[120.34235254200007,12.30451473100004],[120.3437865620001,12.304261088000032],[120.3426892120001,12.305206944000076]]],[[[120.34870982000007,12.306912428000032],[120.34748844500007,12.30756522300004],[120.34647978800001,12.302886006000051],[120.36416578800004,12.280362070000024],[120.36422119600002,12.274013885000045],[120.36239363300001,12.271990630000062],[120.36088683500009,12.27375255800007],[120.36097961200005,12.272515664000025],[120.36483558200007,12.26879641100004],[120.36960267100005,12.259985877000076],[120.37251549000007,12.263128184000038],[120.37436249200005,12.262054148000061],[120.37521804100004,12.263217627000074],[120.37176061200012,12.27080599900006],[120.37128789500002,12.27717597800006],[120.36644336600011,12.293587650000063],[120.36835705600004,12.296369068000047],[120.36682348700003,12.29591928900004],[120.36445061500001,12.297775561000037],[120.35849914800008,12.305587839000054],[120.35686903700002,12.303716740000027],[120.35448068800008,12.303678199000046],[120.35262994200002,12.304207061000056],[120.35238336400005,12.306754049000062],[120.34870982000007,12.306912428000032]]],[[[120.27214184900004,12.33576087800003],[120.2705842260001,12.331039554000029],[120.27209519100006,12.328799102000062],[120.27639847900002,12.329666470000063],[120.2771516890001,12.331853766000052],[120.27214184900004,12.33576087800003]]],[[[120.26211084400006,12.353821991000075],[120.26094444000012,12.350613359000022],[120.26275882700008,12.347449245000064],[120.27065691100006,12.342548195000063],[120.27063314300005,12.347832284000049],[120.26270305800006,12.35028875200004],[120.26211084400006,12.353821991000075]]]]}},{"type":"Feature","properties":{"shapeName":"Cuyo","shapeISO":"","shapeID":"30758251B36861080699281","shapeGroup":"PHL","shapeType":"ADM3","psgc_code":"1705310000","legacy_psgc_code":"175310000","province":"Palawan"},"geometry":{"type":"MultiPolygon","coordinates":[[[[120.88772537200009,10.69327104000007],[120.8869693370001,10.694987019000052],[120.88598588700006,10.694125863000068],[120.88600620400007,10.69298759700007],[120.88772537200009,10.69327104000007]]],[[[120.964538532,10.704698433000033],[120.96321173000001,10.703141086000073],[120.964150517,10.701885749000041],[120.9658303330001,10.70397745200006],[120.964538532,10.704698433000033]]],[[[120.89008654500003,10.70807557300003],[120.88797573900001,10.707102003000045],[120.89089457700004,10.70452690600007],[120.89008654500003,10.70807557300003]]],[[[120.77392578100012,10.718322754000042],[120.77447509800004,10.71990966800007],[120.77288818400007,10.719299317000036],[120.77392578100012,10.718322754000042]]],[[[120.79124117600009,10.72611567000007],[120.78930227,10.727336077000075],[120.79368230500006,10.720799763000059],[120.79587651300005,10.72047770000006],[120.79517854700009,10.725591103000056],[120.79124117600009,10.72611567000007]]],[[[120.90005692000011,10.739189042000021],[120.89365324100004,10.739083513000026],[120.89395710500003,10.736938242000065],[120.89208449800003,10.734106433000022],[120.89398815200002,10.729319932000067],[120.89971764200004,10.723323579000066],[120.90226768100001,10.722398612000063],[120.90524958800006,10.723353622000047],[120.90856191400007,10.727804663000029],[120.90942424000002,10.732777935000058],[120.9038663550001,10.73876453400004],[120.90005692000011,10.739189042000021]]],[[[121.06531916800009,10.75680598100007],[121.06178149000004,10.756313349000038],[121.06265606900001,10.751186226000073],[121.06532927600006,10.751817931000062],[121.06926859200007,10.75031],[121.06988733600008,10.753894364000075],[121.06531916800009,10.75680598100007]]],[[[120.88460416500004,10.817053791000035],[120.88356553100004,10.815931515000045],[120.88494038100009,10.814380304000053],[120.88640064300012,10.815726765000022],[120.88460416500004,10.817053791000035]]],[[[120.9822364040001,10.829290502000049],[120.97685915500006,10.82894211100006],[120.97136024500003,10.824678727000048],[120.96472371800007,10.825068576000035],[120.9639155540001,10.827152417000036],[120.96176459600008,10.827257228000065],[120.96223703300006,10.825342887000033],[120.95788257800007,10.821126938000077],[120.95867241700012,10.817290293000042],[120.96323445500002,10.815768906000073],[120.96765237000011,10.816981800000065],[120.9681556060001,10.809571951000066],[120.9716727010001,10.807570852000026],[120.97377414300001,10.809730613000056],[120.97910158500008,10.809054493000076],[120.98366809900006,10.812303536000059],[120.98559251200004,10.81185761300003],[120.98387753400004,10.815406665000069],[120.98693456,10.823907863000045],[120.98554450100005,10.826272763000077],[120.98247982400005,10.82757029000004],[120.9822364040001,10.829290502000049]]],[[[121.03258189600001,10.871713541000076],[121.02833511000006,10.867448986000056],[121.02652756000009,10.869602888000031],[121.02368458300009,10.868153885000027],[121.02049332400009,10.862549960000024],[121.01923060800004,10.863450069000066],[121.01785981400008,10.861636008000062],[121.01631603500005,10.863154231000067],[121.013884716,10.862880691000043],[121.00914356300007,10.858876685000041],[121.00929259100008,10.857413488000077],[121.0047317320001,10.85713875600004],[121.00688933200001,10.852511674000027],[121.00389604500003,10.852031975000045],[121.00784253000006,10.851539865000063],[121.00786882800003,10.846314773000074],[121.00580781400004,10.843622818000028],[121.00730261500007,10.843052181000076],[121.00347697300003,10.840735577000032],[121.00260026,10.838185181000028],[121.00115938500005,10.838426439000045],[120.99924199600002,10.830921637000074],[120.99452787900009,10.829827455000043],[120.99827304900009,10.830387314000063],[121.00464923000004,10.827628230000073],[121.00335676700001,10.827851906000035],[121.00317885800007,10.825906800000041],[121.00558474800005,10.822639834000029],[121.00596358000007,10.818559611000069],[121.01105155300002,10.815315826000074],[121.010127194,10.813646654000024],[121.013384513,10.812201698000024],[121.01329150400011,10.804403222000076],[121.02223718700009,10.80002272300004],[121.0257049810001,10.79878863500005],[121.02757603400005,10.800127738000072],[121.030528806,10.799842950000027],[121.03596924800001,10.797662544000048],[121.03947938200008,10.798621198000035],[121.04112753400011,10.800749538000048],[121.04353345600009,10.80117978100003],[121.04458693000004,10.803511534000052],[121.04196821900007,10.805438130000027],[121.04192544000011,10.808954906000054],[121.0450178530001,10.809171813000034],[121.03875911500006,10.817963210000073],[121.03733993800006,10.826477036000028],[121.035088416,10.828126816000065],[121.03413265300003,10.831620865000048],[121.03071734700006,10.831779895000068],[121.03113605700003,10.834155546000034],[121.03464870900007,10.834492088000047],[121.03309773400008,10.835547593000058],[121.03534080700001,10.842466018000039],[121.03365472700011,10.845853245000058],[121.03420405200006,10.847777625000049],[121.030460865,10.848865214000057],[121.03327327500006,10.849521781000021],[121.03295286700006,10.855229132000034],[121.03566893000004,10.855156646000069],[121.03704349000009,10.859038183000052],[121.03978118900011,10.858739336000042],[121.04020081200008,10.860060084000054],[121.03258189600001,10.871713541000076]]],[[[120.93776753600002,10.876654707000057],[120.93543355800011,10.875411204000045],[120.93575261600006,10.87235873800006],[120.94072485600009,10.87379149000003],[120.93776753600002,10.876654707000057]]],[[[120.723918894,10.971570295000049],[120.71991592800009,10.968923034000056],[120.71850712100002,10.965223861000027],[120.72230683300006,10.956801276000022],[120.72631453800011,10.953233960000034],[120.73285906900003,10.96172021700005],[120.73407366900005,10.965931860000069],[120.73121761100003,10.969686606000039],[120.723918894,10.971570295000049]]],[[[120.77248792600005,11.005481917000054],[120.76374884900008,10.999708561000034],[120.76385905900008,10.997549460000073],[120.76579634400002,10.997535106000043],[120.7671524540001,10.999561734000054],[120.77257685500001,10.999099569000066],[120.77422567100007,11.000148349000028],[120.77554262800004,11.003298406000056],[120.77248792600005,11.005481917000054]]],[[[120.86792700900003,11.042883252000024],[120.86558891600009,11.03948271400003],[120.87031726400005,11.037506741000072],[120.87240905500005,11.039832212000022],[120.87123784500011,11.04174234900006],[120.86792700900003,11.042883252000024]]],[[[120.69489228300006,11.105368181000074],[120.69375187500009,11.103238260000069],[120.69626276600002,11.101727764000032],[120.69761436400006,11.103582735000032],[120.69489228300006,11.105368181000074]]],[[[120.68785135900009,11.213035923000064],[120.68637134200003,11.210390550000056],[120.68725090800001,11.208574997000028],[120.68952190400012,11.21159426500003],[120.68785135900009,11.213035923000064]]],[[[120.75328584400006,11.219103161000021],[120.75259208700004,11.212374115000046],[120.75968430700004,11.211720522000064],[120.7621973470001,11.21370730700005],[120.76237261900008,11.216146387000038],[120.76033634200007,11.218568250000033],[120.75596439900005,11.21797685100006],[120.75328584400006,11.219103161000021]]],[[[120.68862931900003,11.320567012000026],[120.68564291300004,11.321372659000076],[120.67714783200006,11.318520016000036],[120.673025015,11.311084056000027],[120.67147784200006,11.304676405000066],[120.67673487900004,11.304781742000046],[120.67706930700001,11.306242715000053],[120.6746702150001,11.306402687000059],[120.67553815500003,11.308941338000068],[120.68129159600005,11.305290729000035],[120.68778115200007,11.29897892200006],[120.68581617600012,11.296041346000038],[120.67965807600001,11.299716186000069],[120.67833190400006,11.29828565400004],[120.67736655800002,11.299468029000025],[120.67907334200004,11.299879446000034],[120.6792392000001,11.301515550000033],[120.67514250400006,11.30272141200004],[120.6744088150001,11.300695164000047],[120.68579392600009,11.290384651000068],[120.6889892690001,11.290196556000069],[120.68488522300004,11.291884818000028],[120.68939901700003,11.295326188000047],[120.69752980100009,11.297399187000053],[120.6992474540001,11.301638401000048],[120.69854357500003,11.303421695000054],[120.69507057200008,11.303516380000076],[120.69341182000005,11.306188986000052],[120.69720238900004,11.315229787000021],[120.69642755900009,11.318122816000027],[120.68862931900003,11.320567012000026]]],[[[120.73092123200001,11.356810931000041],[120.72536586000001,11.362572621000027],[120.72166095400007,11.361888773000032],[120.72280458800003,11.356872485000054],[120.72083567200002,11.355686938000076],[120.72571369400009,11.355850132000057],[120.73508876300002,11.347696159000066],[120.73983700100007,11.346015432000058],[120.73092123200001,11.356810931000041]]]]}},{"type":"Feature","properties":{"shapeName":"Dumaran","shapeISO":"","shapeID":"30758251B96628789522948","shapeGroup":"PHL","shapeType":"ADM3","psgc_code":"1705311000","legacy_psgc_code":"175311000","province":"Palawan"},"geometry":{"type":"MultiPolygon","coordinates":[[[[119.72729652100008,10.536365399000033],[119.72462636600005,10.533790554000063],[119.72968778300003,10.534579053000073],[119.72729652100008,10.536365399000033]]],[[[119.73200110300002,10.547925607000025],[119.73137070000007,10.546976851000068],[119.73373305700011,10.545430658000043],[119.73484572400002,10.542251555000064],[119.73136814400004,10.538609687000076],[119.73165905500002,10.536668605000045],[119.73432805400012,10.533434291000049],[119.73951225600001,10.533781766000061],[119.74195104500006,10.536051303000022],[119.7406059860001,10.538959333000037],[119.73636153200005,10.54091771000003],[119.7342901720001,10.547422531000052],[119.73200110300002,10.547925607000025]]],[[[119.70496109100009,10.549548891000029],[119.70434445400008,10.548298974000033],[119.70597731900011,10.54808525900006],[119.70496109100009,10.549548891000029]]],[[[119.70754358500005,10.562750373000029],[119.70320176100006,10.559985933000064],[119.704028504,10.558930309000061],[119.70316630700006,10.559397970000077],[119.70173626500002,10.556782304000023],[119.7026068240001,10.554704424000022],[119.7055464120001,10.554486840000038],[119.70843282400006,10.556187426000065],[119.70682233700006,10.560825066000064],[119.70754358500005,10.562750373000029]]],[[[119.79366826300009,10.550186623000059],[119.79291545400008,10.54675144600003],[119.7909830960001,10.545862322000062],[119.78740600800006,10.549935594000033],[119.78821789000006,10.550539856000057],[119.78492362800012,10.557351643000061],[119.77861311200002,10.55958823800006],[119.77580641800012,10.558679454000071],[119.77570233600011,10.56009117900004],[119.77352248300008,10.559442808000028],[119.77030454900012,10.561452993000046],[119.76890632800007,10.560746062000021],[119.76945195700011,10.558946616000071],[119.76671739100004,10.558772632000057],[119.76581197200005,10.562489607000032],[119.76817645400001,10.56435846100004],[119.76219076900009,10.565170548000026],[119.75920545300005,10.564175617000046],[119.75698296600001,10.561796142000048],[119.758351575,10.560424388000058],[119.75748642000008,10.559618299000022],[119.754258692,10.56121199000006],[119.75049674200011,10.559635257000025],[119.74907630100006,10.557119423000074],[119.74633513900005,10.556724131000067],[119.746568507,10.552952946000062],[119.74241209800005,10.549751309000044],[119.74280067000007,10.546652051000024],[119.7461285390001,10.547541273000036],[119.74830609700007,10.549780439000074],[119.74905986300007,10.553769657000032],[119.75174684700005,10.545475029000045],[119.74966281600007,10.543510938000054],[119.7487440970001,10.544298],[119.74357209900006,10.542276216000062],[119.74444505600002,10.531621420000022],[119.74202284400008,10.526000202000034],[119.74283641400007,10.524283094000054],[119.74535637200006,10.524495839000053],[119.74738748400011,10.522849348000022],[119.74923897700012,10.517582291000053],[119.75279812100007,10.521693454000058],[119.75063409400002,10.524804992000043],[119.75521907400002,10.532966393000038],[119.75697648900007,10.528821277000077],[119.76120956800003,10.533247310000036],[119.76485845600007,10.52898644000004],[119.76536960800001,10.525992815000052],[119.763568598,10.525120676000029],[119.7633888800001,10.521720308000056],[119.7664094480001,10.523868247000053],[119.76339574300005,10.513451996000072],[119.76551426500009,10.508112434000054],[119.76734134900005,10.50823941300007],[119.76672650400008,10.506987342000059],[119.76864585500005,10.506274921000056],[119.76904470000011,10.500442082000063],[119.76829040100006,10.497269694000067],[119.76531879900006,10.495053641000027],[119.765906244,10.489151238000034],[119.7675151310001,10.488211740000054],[119.76564026300002,10.485355276000064],[119.76829026700011,10.478253990000042],[119.77025683900001,10.478694053000027],[119.76866111200002,10.475545964000048],[119.77044345400009,10.472679213000049],[119.76327951400003,10.471894958000064],[119.76203512000006,10.465195512000037],[119.77024791500003,10.455466491000038],[119.7703183000001,10.452641865000032],[119.77327882800012,10.450549140000021],[119.78123312700006,10.453588783000043],[119.79672772900005,10.451796175000027],[119.80437761200005,10.44676140000007],[119.80485340000007,10.441238601000066],[119.8111954960001,10.444805235000047],[119.81548314600002,10.442414717000077],[119.82145309900011,10.447706273000051],[119.82950499100002,10.449129416000062],[119.83263240800011,10.451954215000058],[119.84310437300007,10.453320243000064],[119.85055843000009,10.458267532000036],[119.86155475400005,10.459389350000038],[119.86489999200012,10.458555535000073],[119.8701541910001,10.461201269000071],[119.87434919100008,10.461080412000058],[119.87633952800002,10.463450806000026],[119.87619818100006,10.469332575000067],[119.87369022900009,10.469304677000025],[119.87386158400011,10.471230924000054],[119.87178539900003,10.471311610000043],[119.86511237700006,10.469564705000039],[119.86415964800005,10.470442590000062],[119.86589951600001,10.471088457000064],[119.86464405600009,10.47393254700006],[119.85817954900006,10.478767230000074],[119.85579421300008,10.485197941000024],[119.85980425900004,10.481571427000063],[119.86475515200004,10.480607787000054],[119.86789647800003,10.48735970000007],[119.87175083300008,10.48256712500006],[119.87680719800005,10.48328938900005],[119.87845293700002,10.481188016000033],[119.88296108700001,10.481923167000048],[119.88599945300007,10.481086898000058],[119.88572164100003,10.48002832700007],[119.88611985800003,10.48125883800003],[119.88926063800011,10.478049205000048],[119.889990581,10.480321514000025],[119.89395087800006,10.480328618000044],[119.89544981300003,10.478992465000033],[119.89878375800004,10.481474149000064],[119.9002753310001,10.480920114000071],[119.90282372800004,10.483618972000045],[119.90286387900005,10.48025052500003],[119.90601455400008,10.480735073000062],[119.90872074000004,10.475943302000076],[119.91260398300005,10.474646476000032],[119.92129820800005,10.480526484000052],[119.92209986700004,10.483133836000036],[119.92402407600002,10.483319098000038],[119.92277536400002,10.48507704900004],[119.92050317600001,10.484962396000071],[119.9154451060001,10.494988870000043],[119.91103193000004,10.495131929000024],[119.91155271000002,10.497446897000032],[119.9097078420001,10.498630773000059],[119.90901221100012,10.50662888200003],[119.90667387600001,10.508792151000023],[119.90379619500004,10.508480381000027],[119.90555749900011,10.510879121000073],[119.90437239900007,10.517816691000064],[119.9053305110001,10.521596266000074],[119.90312363100008,10.521956713000066],[119.9020530250001,10.523904892000076],[119.89572726900008,10.520715834000043],[119.89604806900002,10.531041166000023],[119.8983854710001,10.534052957000029],[119.89656579600012,10.536731812000028],[119.89988268900004,10.54036711200007],[119.89951357100006,10.541875056000038],[119.89853503100005,10.542685171000073],[119.89521999300007,10.54048292300007],[119.89397633700003,10.541957568000043],[119.88980505100005,10.540579033000029],[119.88682631900008,10.543707260000076],[119.88667722000002,10.547141322000073],[119.88498184100001,10.548592780000035],[119.79366826300009,10.550186623000059]]],[[[119.7215824220001,10.565766230000065],[119.71671640200009,10.563552603000062],[119.71817218100011,10.561080311000069],[119.7215824220001,10.565766230000065]]],[[[119.74503379300006,10.566508959000032],[119.74231944600001,10.56581568100006],[119.74063154600003,10.55742904300007],[119.7429311410001,10.560222299000031],[119.74697596600004,10.559747103000063],[119.74503379300006,10.566508959000032]]],[[[119.74618670500001,10.58678457700006],[119.74257836200002,10.580648392000057],[119.74269312000001,10.577358171000071],[119.74562650500002,10.57408083100006],[119.7494899730001,10.581641458000036],[119.74793260700005,10.58612658800007],[119.74618670500001,10.58678457700006]]],[[[119.56901782700004,10.372852073000047],[119.57133106100002,10.374243945000046],[119.57430509900007,10.387916779000022],[119.5766654250001,10.390608496000027],[119.57592148800006,10.400685485000054],[119.58460614100011,10.411330963000069],[119.58585920500002,10.415138126000045],[119.58445057000006,10.416803358000038],[119.58669841000005,10.42245923300004],[119.58940142300003,10.419603704000053],[119.59722608800007,10.422890692000067],[119.60788016100003,10.431862049000074],[119.61436047900008,10.434483716000045],[119.62028089500006,10.442586127000027],[119.63215915800004,10.44349238600006],[119.64214111500007,10.451913366000042],[119.6435263940001,10.454888792000077],[119.64548855800001,10.455304936000061],[119.64731313700008,10.459889960000055],[119.64941777900003,10.45936937700003],[119.65340038600004,10.461593588000028],[119.65475025300009,10.470901753000021],[119.65875360200005,10.47169573800005],[119.65839004500003,10.473921006000069],[119.66438761500001,10.477946099000064],[119.66716705600004,10.481565930000045],[119.66698790800001,10.483777904000021],[119.66913271500005,10.483658654000067],[119.6703219740001,10.486592745000053],[119.67386668300003,10.488299846000075],[119.67666225200003,10.492251425000063],[119.67745789700007,10.491256329000066],[119.67670877400008,10.492540287000054],[119.68712862600012,10.493624454000042],[119.69055217700009,10.495602645000076],[119.69026500600012,10.497840047000068],[119.6939513000001,10.500165675000062],[119.69455545900007,10.502370634000044],[119.69599281500007,10.499460157000044],[119.6956489150001,10.493134373000032],[119.70023392400003,10.49369350400002],[119.70505157800005,10.496893730000068],[119.70596540100007,10.50035570600005],[119.70944430600002,10.50191267300005],[119.71142381600009,10.505229960000065],[119.71645737200004,10.507368717000077],[119.71731490700006,10.509287198000038],[119.71526940700005,10.512663595000049],[119.71311434000006,10.511074764000057],[119.71534757100005,10.514773539000032],[119.71824306100007,10.515173799000024],[119.71879479900008,10.516627245000052],[119.71610930400004,10.519395624000026],[119.71291657400002,10.526672310000038],[119.70750181900007,10.53210365600006],[119.70122904100003,10.530378468000038],[119.69912740300003,10.52222708100004],[119.69579502800002,10.520193096000071],[119.6964263000001,10.527071161000038],[119.6924523350001,10.526804156000026],[119.69270680200009,10.528170703000058],[119.69578740000009,10.531210644000055],[119.69518130900008,10.533244775000071],[119.697897624,10.534179386000062],[119.69865091500003,10.537680986000055],[119.69981165400009,10.536536375000026],[119.70298663900007,10.538552340000024],[119.7055471110001,10.537774625000054],[119.70291907800004,10.542239369000072],[119.6977874690001,10.538547441000048],[119.69568338800002,10.538560201000053],[119.69542240800001,10.540681454000037],[119.69257158100004,10.542181769000024],[119.69185526700005,10.544201373000021],[119.68930044400008,10.54110928800003],[119.68806140100003,10.541966284000068],[119.68667142700008,10.540670096000042],[119.68466305200002,10.54489406500005],[119.68182913100009,10.544575007000049],[119.6806143770001,10.546312649000072],[119.6789653400001,10.543235692000053],[119.67680927300012,10.543450933000031],[119.67391903600003,10.540541398000073],[119.67327413900011,10.543441935000033],[119.66947085200002,10.544171710000057],[119.67097224800011,10.54713372200007],[119.67462256600004,10.549573601000077],[119.67385869200007,10.55625141400003],[119.67073737900012,10.55823098600007],[119.66818668500002,10.556670647000033],[119.66877056300007,10.558681547000049],[119.66668063500003,10.558628043000056],[119.66652511000007,10.56145332400007],[119.66296321200002,10.559576843000059],[119.66176060700002,10.560653971000022],[119.66307064300008,10.562575853000055],[119.66000189800002,10.569268708000038],[119.6630748230001,10.573315071000025],[119.66272516100003,10.577688169000055],[119.65985428700003,10.581862865000062],[119.6580997000001,10.581329917000062],[119.65826044300002,10.582483010000033],[119.65612631800002,10.583011013000032],[119.65843919400004,10.583177814000067],[119.65893789600011,10.587960187000022],[119.656224113,10.592232593000062],[119.6542013610001,10.592208208000045],[119.65517347600007,10.594654180000077],[119.65269398500004,10.600924255000052],[119.65479485600008,10.607599389000029],[119.65260712400004,10.606995510000047],[119.65270345700003,10.60536638800005],[119.64471996200007,10.60669424100007],[119.64067146000002,10.604126575000066],[119.64002020600003,10.608419394000066],[119.64236178500005,10.609130599000025],[119.64199155300003,10.61228561300004],[119.64361380600008,10.613403639000069],[119.64042613600009,10.616851353000072],[119.64123890100007,10.617747140000063],[119.6396804640001,10.622717540000053],[119.63828087900004,10.621385928000052],[119.63775583800009,10.623106060000055],[119.6355910640001,10.621888978000072],[119.63433584500001,10.623187801000029],[119.62815869200006,10.618453865000049],[119.62504454500004,10.622197608000022],[119.62971817900006,10.623583186000076],[119.62951752800006,10.626425163000022],[119.63320217600005,10.629976943000031],[119.63332181400006,10.628784493000069],[119.63921246300004,10.630783359000077],[119.63984572100003,10.634509102000038],[119.63719273600009,10.63530582900006],[119.63886392300003,10.636724048000076],[119.63683749900008,10.637050454000075],[119.63732104400003,10.639108039000064],[119.63425052100001,10.643815338000024],[119.63482424500012,10.644843555000023],[119.6308642780001,10.646849663000069],[119.63140939000004,10.648257243000046],[119.62855688900004,10.647590454000067],[119.62997714100004,10.651995018000036],[119.62825147800004,10.651698621000037],[119.6265413320001,10.654292887000054],[119.62922533400001,10.654939481000042],[119.62891465700011,10.65687338400005],[119.62751918900005,10.65660717000003],[119.62666529300009,10.658244332000038],[119.6237754770001,10.657717533000039],[119.62248666100004,10.659233707000055],[119.57536372600009,10.618824536000034],[119.5693329180001,10.624754873000029],[119.53574,10.602901],[119.50470761100007,10.558198178000055],[119.444861,10.534022],[119.49476635000008,10.483782113000075],[119.50475323600006,10.48745161200003],[119.5076750400001,10.484992212000066],[119.51937,10.50147],[119.52417000500009,10.50354881900006],[119.526177318,10.501902982000047],[119.52846301200009,10.50263363700003],[119.531147927,10.501231995000069],[119.53217319900011,10.505469180000034],[119.53978733200006,10.504360099000053],[119.54253393200008,10.508498751000047],[119.54396062800004,10.508194543000059],[119.54377752800008,10.509465705000025],[119.54667669700007,10.509028940000064],[119.54592900900002,10.50727239500003],[119.54768376400011,10.50603841700007],[119.55178839500002,10.509598222000022],[119.55122973300001,10.506417628000065],[119.5542035530001,10.506105379000076],[119.55381120800007,10.502290328000072],[119.55573969900001,10.501507193000066],[119.55354235000004,10.497546835000037],[119.5578835230001,10.495767277000027],[119.55615361600007,10.485272637000037],[119.55823709100002,10.48538145200007],[119.55638082500002,10.48386821500003],[119.56113801600009,10.481527038000024],[119.56083433100002,10.477765121000061],[119.5661715120001,10.472677618000034],[119.56609361100004,10.46933694200004],[119.5639671030001,10.46679703600006],[119.57231127700004,10.461448027000074],[119.57446621400004,10.457869809000044],[119.57258433600009,10.452869720000024],[119.5709976060001,10.453687308000042],[119.5704857720001,10.452079715000025],[119.56805957300003,10.451451490000068],[119.57025600800011,10.448325143000034],[119.56884708400003,10.447393926000075],[119.57352226600005,10.447481148000065],[119.57307012100011,10.445774271000062],[119.57480783400001,10.444950820000031],[119.5757748530001,10.441805755000075],[119.57446716800007,10.437760074000039],[119.57241993900004,10.43623038000004],[119.57850119000011,10.434369673000049],[119.5795243120001,10.435138677000054],[119.57827882900006,10.436545354000032],[119.5798527820001,10.436709503000031],[119.58040488400002,10.439446959000065],[119.5865481730001,10.438999348000038],[119.58358116800002,10.435224711000046],[119.58619241800011,10.431382105000068],[119.58282385200005,10.427791550000052],[119.5501705260001,10.41242830300007],[119.56901782700004,10.372852073000047]]]]}},{"type":"Feature","properties":{"shapeName":"El Nido","shapeISO":"","shapeID":"30758251B21090387346093","shapeGroup":"PHL","shapeType":"ADM3","psgc_code":"1705312000","legacy_psgc_code":"175312000","province":"Palawan"},"geometry":{"type":"MultiPolygon","coordinates":[[[[119.35452258600003,11.014918611000041],[119.3547752820001,11.013666827000065],[119.35590949200002,11.01438556200003],[119.35452258600003,11.014918611000041]]],[[[119.30516965000004,11.04911091100007],[119.30340904800005,11.046082009000031],[119.30458427000008,11.044120914000075],[119.30691870800001,11.047263576000034],[119.30516965000004,11.04911091100007]]],[[[119.37255825300008,11.069827708000048],[119.37011552400008,11.068114275000028],[119.37067617900004,11.06529695100005],[119.36925159200007,11.06184423600007],[119.37198568600002,11.060160039000039],[119.37401550100003,11.060884871000042],[119.37501656600011,11.063850187000071],[119.37255825300008,11.069827708000048]]],[[[119.392306415,11.098549238000032],[119.39093139300007,11.099520290000044],[119.3884261280001,11.097620003000031],[119.38744323800006,11.094762714000069],[119.38856865100001,11.095210437000048],[119.38862878100008,11.093893969000021],[119.3867003800001,11.093504455000073],[119.38743376500008,11.090674903000036],[119.389780685,11.088478386000077],[119.3899837140001,11.085775561000048],[119.39470888100004,11.082483903000025],[119.39897008700007,11.083290550000072],[119.40483966500005,11.073536527000044],[119.40693937200001,11.075102342000037],[119.40707455800009,11.077252244000022],[119.40981013400005,11.07843790100003],[119.4087067690001,11.07819604100007],[119.40697763100002,11.085682124000073],[119.40233150200004,11.092208649000042],[119.39735682000003,11.091714010000032],[119.392306415,11.098549238000032]]],[[[119.3570265510001,11.100298661000068],[119.35632814600001,11.101244550000047],[119.35597360000008,11.099656910000022],[119.3570265510001,11.100298661000068]]],[[[119.40610167700004,11.107608233000065],[119.40339107400007,11.106755983000028],[119.40155540400008,11.10782875800004],[119.40101591100006,11.105661703000067],[119.40543532800007,11.09884429400006],[119.40610167700004,11.107608233000065]]],[[[119.30585533900012,11.109645072000035],[119.30497805700008,11.111241972000073],[119.306384535,11.106465208000031],[119.30585533900012,11.109645072000035]]],[[[119.3302386360001,11.11892417000007],[119.32767246500009,11.118307989000073],[119.32659452500002,11.115764114000058],[119.33673172800002,11.112875174000067],[119.33544062100009,11.116698666000048],[119.3302386360001,11.11892417000007]]],[[[119.39093494500003,11.12485840100004],[119.3894210740001,11.12195839800006],[119.39221295800007,11.118693017000055],[119.39453868100009,11.11911413300004],[119.39408201000003,11.123935120000056],[119.39093494500003,11.12485840100004]]],[[[119.25530605800009,11.126209250000045],[119.24903235500005,11.125730150000038],[119.24823936300004,11.12434582700007],[119.254012697,11.120459939000057],[119.25621693800008,11.115941870000029],[119.25894381700004,11.115371423000056],[119.26125848800007,11.111691558000075],[119.26029711300009,11.121691121000026],[119.25754895300008,11.126148858000022],[119.25530605800009,11.126209250000045]]],[[[119.33126102000006,11.131506269000056],[119.33012093100001,11.128006439000046],[119.33674759400003,11.126223080000045],[119.33542089700006,11.131190919000062],[119.33126102000006,11.131506269000056]]],[[[119.31943456700003,11.137266428000032],[119.31532800200011,11.133526957000072],[119.3144072230001,11.128694321000069],[119.32051039900011,11.135360886000058],[119.31943456700003,11.137266428000032]]],[[[119.24908447200005,11.12689209000007],[119.24847412100007,11.133911133000026],[119.24548339900002,11.135314942000036],[119.24291992200006,11.138916016000053],[119.23791503900009,11.140319825000063],[119.23791503900009,11.136718750000057],[119.24652099600007,11.132873535000044],[119.24707031300011,11.128295899000022],[119.24908447200005,11.12689209000007]]],[[[119.318079796,11.14012634200003],[119.31776729400008,11.137806089000037],[119.31916503600007,11.137593034000076],[119.318079796,11.14012634200003]]],[[[119.390162228,11.146418690000075],[119.38979582400009,11.144269590000022],[119.39144182700011,11.144462545000067],[119.390162228,11.146418690000075]]],[[[119.3199266470001,11.159263923000026],[119.31862690600008,11.157906602000025],[119.3176208860001,11.15880175500007],[119.31682402700005,11.156884553000054],[119.3139195980001,11.157780055000046],[119.3096150990001,11.155722625000067],[119.30492427200011,11.145375885000021],[119.30519879600001,11.143391093000048],[119.3065482940001,11.14284324700003],[119.30865129600011,11.144441645000029],[119.31187160600007,11.143128154000067],[119.31340381500002,11.146253272000024],[119.31808713100008,11.142330190000052],[119.31749612700003,11.14419100200007],[119.31857686,11.144946852000032],[119.3219678160001,11.143474209000033],[119.3191967460001,11.147696188000054],[119.32074245700005,11.147673832000066],[119.3197636220001,11.149133335000045],[119.32108295600005,11.148895159000062],[119.32103898800005,11.150157169000067],[119.3248563950001,11.14936384200007],[119.32341850600005,11.151030320000075],[119.3245688830001,11.152445602000057],[119.3212649300001,11.152884638000046],[119.31858787300007,11.156069665000075],[119.3254126810001,11.152359885000067],[119.32643668600008,11.153062946000034],[119.32582156500007,11.154381970000031],[119.32261703400002,11.154482245000054],[119.32153192600003,11.156117727000037],[119.32377760000008,11.155514494000045],[119.3199266470001,11.159263923000026]]],[[[119.54020591400001,11.168734366000024],[119.53912113100012,11.166189021000037],[119.54049073500005,11.164552683000068],[119.54241891400011,11.167275069000027],[119.54020591400001,11.168734366000024]]],[[[119.54927693200011,11.173826090000034],[119.54693438400011,11.17261234600005],[119.54276498900003,11.164343809000059],[119.54144078000002,11.157004329000074],[119.54510619400003,11.158809634000022],[119.55127105600002,11.16666280100003],[119.55208097400009,11.171865656000023],[119.54927693200011,11.173826090000034]]],[[[119.33696592600006,11.20780022200006],[119.33459423600004,11.20491570400003],[119.33646110900008,11.202359916000034],[119.33650121700009,11.194366412000022],[119.34070756400001,11.200628251000069],[119.34014634000005,11.204272383000045],[119.33696592600006,11.20780022200006]]],[[[119.37984427200001,11.210303983000074],[119.3781697170001,11.210028226000077],[119.37812952800004,11.208203222000066],[119.37984427200001,11.210303983000074]]],[[[119.274605199,11.213173684000026],[119.27180884000006,11.210602],[119.27190148500006,11.207753839000077],[119.2769392560001,11.200393998000038],[119.2774937690001,11.187017557000047],[119.28177909400006,11.175751571000035],[119.28009867500009,11.170100039000033],[119.28203694800004,11.16370074300005],[119.28060924600004,11.160622533000037],[119.27999522400012,11.152937975000043],[119.28118985200001,11.14850694100005],[119.27976577700008,11.144274224000071],[119.28303324100011,11.13605758600005],[119.28413851000005,11.137154382000062],[119.284001052,11.142107494000072],[119.282431287,11.147972726000035],[119.28453433700008,11.155739488000052],[119.28282228000012,11.16351196200003],[119.28416904200003,11.165504446000057],[119.28693352800008,11.166053826000052],[119.29149044400003,11.179346343000077],[119.28892768800006,11.179774950000024],[119.28895262600008,11.181479681000042],[119.29050058500002,11.181915434000075],[119.28958244600005,11.18463132900007],[119.28662166200002,11.184477956000023],[119.28396121700007,11.186226005000037],[119.28266235700005,11.190998172000036],[119.27960449200009,11.194821770000033],[119.28033572200002,11.195950135000032],[119.27780273300004,11.197571829000026],[119.27909574900002,11.206851588000063],[119.27743348900003,11.212569914000028],[119.27521858000011,11.21211112900005],[119.274605199,11.213173684000026]]],[[[119.29216697600009,11.216597788000058],[119.29191203700009,11.20751744100005],[119.29372044800004,11.203158762000044],[119.29252575800001,11.199744569000075],[119.29732405800007,11.194438584000068],[119.29892930300002,11.198794390000046],[119.29804234100004,11.204213442000025],[119.29651455800001,11.209437446000038],[119.29479902100002,11.210743033000028],[119.29493325600004,11.215033893000054],[119.29216697600009,11.216597788000058]]],[[[119.25921472000005,11.226420523000058],[119.25810410600002,11.223020043000076],[119.25566167300008,11.224500963000025],[119.2546826900001,11.221370351000076],[119.25705932000005,11.221689437000066],[119.25862067000003,11.218582152000067],[119.26019910000002,11.21923759200007],[119.26079034400004,11.218160536000028],[119.25624472700008,11.21564666200004],[119.2542916540001,11.216579464000063],[119.25465979100011,11.207982978000075],[119.25630688800004,11.209837586000049],[119.26318239600005,11.20384808800003],[119.26643618500009,11.190976576000025],[119.27038198200012,11.188122822000025],[119.27290427900004,11.191012626000031],[119.27116069800002,11.195351343000027],[119.27225323100004,11.196632001000069],[119.27141856800006,11.19995874700004],[119.27309137800012,11.200553117000027],[119.26810465900007,11.20437843700006],[119.26651633200004,11.21959798100005],[119.26201866000008,11.225192890000073],[119.25921472000005,11.226420523000058]]],[[[119.3475004280001,11.247065373000055],[119.34566648200007,11.246223924000049],[119.3452255950001,11.24369157500007],[119.345449529,11.241741958000034],[119.34757977700008,11.24035236900005],[119.34476309500008,11.231757127000037],[119.34694387700006,11.22994099400006],[119.34667411700002,11.226832824000041],[119.34531927700004,11.223465740000051],[119.34272395200003,11.222534659000075],[119.34003556300001,11.223523322000062],[119.33922028000006,11.222453990000076],[119.3411748630001,11.220611677000022],[119.34057961600001,11.215969402000042],[119.34171259100003,11.213566479000065],[119.34675987900005,11.214210961000049],[119.34431642400011,11.212875563000068],[119.34411513300006,11.208995042000026],[119.35472702800007,11.206367491000037],[119.35784857700003,11.208712523000031],[119.3646709620001,11.205020449000074],[119.36796683700004,11.200766921000024],[119.37060513100005,11.199573288000067],[119.37481077900009,11.200519997000072],[119.37541620200011,11.198245692000057],[119.37608912100006,11.199302602000046],[119.377592,11.198514264000039],[119.38052717300002,11.194464973000038],[119.38202489300011,11.195596857000055],[119.38165571700006,11.197818053000049],[119.37889740000003,11.20330326100003],[119.37631089600006,11.203340033000075],[119.37497291300008,11.212541715000043],[119.37539981500004,11.217250579000051],[119.37731910000002,11.220355452000035],[119.37657691900006,11.226016714000025],[119.37561291800012,11.22682190100005],[119.37388599500002,11.225643435000052],[119.37350033200005,11.221929254000031],[119.372257493,11.222351348000075],[119.3704702770001,11.217350267000029],[119.3684193260001,11.21971129600007],[119.36616722800011,11.218257479000044],[119.3596267800001,11.218941972000039],[119.35582382400003,11.226911223000059],[119.35610255400002,11.23180953900004],[119.35389137100003,11.236882],[119.3561822040001,11.23884326600006],[119.35537907100002,11.245158243000049],[119.35129658000005,11.24470535200004],[119.3475004280001,11.247065373000055]]],[[[119.35014191000005,11.272276420000026],[119.34851769300008,11.272019784000065],[119.34691201200008,11.268248679000067],[119.34743668500005,11.26526268300006],[119.35006973300005,11.260559057000023],[119.3529837750001,11.259371533000035],[119.35372062700003,11.25620649900003],[119.35779084900003,11.254086069000039],[119.35717037100005,11.256696523000073],[119.35839047500008,11.25926559100003],[119.35534474100007,11.261970115000054],[119.35288994900009,11.261853373000065],[119.35405427700005,11.26325762700003],[119.35285182900009,11.264515938000045],[119.35330499000008,11.26691069900005],[119.35226692600008,11.270713657000044],[119.35014191000005,11.272276420000026]]],[[[119.34332745900008,11.274985079000032],[119.34197327800007,11.273756133000063],[119.34408379600006,11.271967092000068],[119.34462922300008,11.273929820000035],[119.34332745900008,11.274985079000032]]],[[[119.5472327540001,11.343370915000037],[119.54575181500002,11.344701626000074],[119.54472251800007,11.343293883000058],[119.5472327540001,11.343370915000037]]],[[[119.4172265410001,11.367336781000063],[119.412307811,11.364749108000069],[119.41096354700005,11.365585534000047],[119.408232741,11.362644040000077],[119.40964910000002,11.35974026200006],[119.40629126400006,11.35756456100006],[119.40494473100011,11.358621679000066],[119.4063437850001,11.349898726000049],[119.40757880100011,11.349280046000047],[119.40803041100003,11.351934580000034],[119.41459466000003,11.356338148000077],[119.41491018800002,11.360948805000021],[119.41805573400006,11.366481944000043],[119.4172265410001,11.367336781000063]]],[[[119.53636521500005,11.374978944000077],[119.5338748050001,11.374693170000057],[119.53410332100009,11.37109836600007],[119.53177316500012,11.369141702000036],[119.52833026100006,11.368068438000023],[119.52531022500011,11.369094716000063],[119.5257624620001,11.365473388000055],[119.52817041900005,11.36378744700005],[119.53387396700009,11.366451634000043],[119.53759404900006,11.364890648000028],[119.53536098100005,11.366532945000074],[119.53600059200005,11.368976779000036],[119.53909556300005,11.371454508000056],[119.54248649800002,11.371750817000077],[119.53636521500005,11.374978944000077]]],[[[119.4551988390001,11.392345638000052],[119.45346536800002,11.388192240000024],[119.4554795250001,11.385310609000044],[119.45654419800007,11.389918719000036],[119.4551988390001,11.392345638000052]]],[[[119.51486647500008,11.40304246200003],[119.5131492480001,11.401148920000026],[119.51492707000011,11.401431178000053],[119.51486647500008,11.40304246200003]]],[[[119.467851934,11.425229239000032],[119.46391190000008,11.421800708000035],[119.46668815600003,11.421574768000028],[119.467851934,11.425229239000032]]],[[[119.51384171200004,11.09680456500007],[119.51183844700006,11.09738303000006],[119.51283626500003,11.099700343000052],[119.51142432900008,11.098911524000073],[119.51341764400001,11.102789011000027],[119.51093441900002,11.107678099000054],[119.51210141900003,11.11097571700003],[119.5105070950001,11.116212849000021],[119.50608520800006,11.12318697400002],[119.50347740000007,11.123361492000072],[119.49991413200007,11.13294344700006],[119.50262946700002,11.136487309000074],[119.50207198600003,11.138081947000046],[119.50465480900004,11.140248126000074],[119.50506144600001,11.14449724900004],[119.50785799100004,11.146666475000075],[119.50991187600005,11.145816742000022],[119.51306955900009,11.148252522000064],[119.51499156300008,11.147167305000039],[119.5165177880001,11.148076052000022],[119.52005731100007,11.154732810000041],[119.52571195400003,11.158435342000075],[119.5255444170001,11.159696237000048],[119.52712238000004,11.15905719400007],[119.53189369300003,11.164220427000032],[119.5382359570001,11.174536411000076],[119.53815338600009,11.184153489000039],[119.54137013200011,11.186378451000053],[119.53931026300006,11.189072013000043],[119.5401720750001,11.194181664000041],[119.53596289400002,11.195117027000038],[119.54153463500006,11.198035473000061],[119.54673935700009,11.20646864500003],[119.5484049160001,11.206670516000031],[119.55225798600009,11.216666048000036],[119.55471654100006,11.217774081000073],[119.55493978900006,11.221123098000021],[119.55353461300001,11.222916242000053],[119.55492082700005,11.223075398000049],[119.55451881300007,11.228345257000058],[119.55727197500005,11.23380766300005],[119.55473713600009,11.239564013000063],[119.56008198200004,11.249372868000023],[119.56449945700001,11.26320998400007],[119.56394050900008,11.26603416200004],[119.56269799800009,11.265756768000074],[119.56411664900008,11.26893104900006],[119.56542587800004,11.268654541000046],[119.56697153200003,11.274511884000049],[119.56464086400001,11.280772383000055],[119.56629498100006,11.285655251000037],[119.56581155700007,11.289122217000056],[119.56889038100007,11.29255435500005],[119.56758859000001,11.292288820000067],[119.56609294900011,11.296086933000026],[119.56224798800008,11.299100174000046],[119.56133613700001,11.310434187000055],[119.56434150700011,11.312476937000042],[119.56127770900002,11.311959236000064],[119.55588161900005,11.318867453000053],[119.55372568500002,11.319492954000054],[119.55343644700008,11.325528330000054],[119.55555740900002,11.328683044000059],[119.55450192,11.33321739400003],[119.5517476230001,11.336428626000043],[119.55418891000011,11.338489260000074],[119.553877424,11.340111536000052],[119.54642284800002,11.340785653000069],[119.54513507500008,11.334802700000068],[119.54109827200011,11.327911094000058],[119.54259142100011,11.325811327000054],[119.53723437200006,11.321819301000062],[119.52703208600008,11.324120919000052],[119.52047268700005,11.32797064700003],[119.51871148400005,11.325840500000027],[119.51666669800011,11.32625482900005],[119.51028216300006,11.331798892000052],[119.50883604800003,11.337463938000042],[119.50943483800006,11.340409408000028],[119.51086581600009,11.341037036000046],[119.51120341,11.346988726000063],[119.50836157000003,11.352410044000067],[119.5066430600001,11.361152194000056],[119.5070121230001,11.362944341000059],[119.5098198180001,11.36467977500007],[119.50661174000004,11.37161315800006],[119.50740732100007,11.375656488000061],[119.50510228000007,11.379442041000061],[119.50818974200001,11.389099027000043],[119.50856123000005,11.400616598000056],[119.50257308500011,11.408396552000056],[119.50525985900003,11.415181769000071],[119.49816775400006,11.418498620000037],[119.49572141700003,11.414439542000025],[119.49370787900011,11.413743423000028],[119.48993019700004,11.416007140000033],[119.48747239200009,11.424227806000033],[119.48444716000006,11.42047638300005],[119.4811999750001,11.420212925000044],[119.47896713300008,11.421180410000034],[119.4767137660001,11.425505135000037],[119.47634391500003,11.42328561000005],[119.47395434100008,11.422132770000076],[119.47514238800011,11.419227155000044],[119.47417350700005,11.414652169000021],[119.47698118800008,11.41417281400004],[119.47691493500008,11.411281195000072],[119.47868170400011,11.411711447000073],[119.47984302000009,11.40742399800007],[119.47760114200003,11.404817980000075],[119.47181438100006,11.405229486000053],[119.46896074000006,11.401687718000062],[119.47182166200002,11.39429668300005],[119.47172377200002,11.389885813000035],[119.47428360900005,11.386224410000068],[119.47346785600007,11.382866447000026],[119.47513589300002,11.382475216000046],[119.47669256200004,11.379069715000071],[119.4751977200001,11.377074599000025],[119.47713196900008,11.376356890000068],[119.47258767700009,11.362546508000037],[119.46869684600006,11.359761093000031],[119.46596957500003,11.35450726700003],[119.46094582400008,11.350223816000039],[119.45660613100006,11.34819809000004],[119.4510343180001,11.34850472000005],[119.45103423400008,11.340673836000065],[119.4522153370001,11.337083871000061],[119.45412802300007,11.336219411000059],[119.45148006000011,11.33260976400004],[119.44751951300009,11.332330196000044],[119.44305121000002,11.334881350000046],[119.44438519700009,11.33913091100004],[119.44277340100007,11.340442579000069],[119.44296818500004,11.342930154000044],[119.44144318600001,11.343625719000045],[119.44016109900008,11.342398564000064],[119.43161707700006,11.345781265000028],[119.432765302,11.342590457000028],[119.4315758250001,11.340519119000021],[119.42958019800005,11.339336518000039],[119.42618877600012,11.340022332000046],[119.43127835900009,11.333363001000066],[119.42579873700004,11.317815775000042],[119.41888992200006,11.311879561000069],[119.41008966200002,11.311964185000022],[119.41244612500009,11.30987656000002],[119.41441077700006,11.310360840000044],[119.41523021100011,11.308972127000061],[119.41642711000009,11.310324863000062],[119.418079841,11.309067322000033],[119.41834228300002,11.306057530000032],[119.4154763900001,11.304762391000054],[119.41991829500012,11.29385370700004],[119.41770034100011,11.288148259000025],[119.41925613400008,11.282975629000077],[119.41641621200006,11.281903924000062],[119.42019835000008,11.277133598000034],[119.41844551100007,11.269740917000036],[119.416173479,11.267164212000068],[119.41828265600009,11.266184782000039],[119.42057345100011,11.26212263800005],[119.42062039100006,11.25694495700003],[119.41797133300008,11.252237680000064],[119.41202625800008,11.248344472000042],[119.41547669500005,11.248441960000036],[119.41733530800002,11.246846059000063],[119.42264102100012,11.234061583000027],[119.42103484200004,11.226457357000072],[119.41582120500004,11.222143729000038],[119.4173680880001,11.21315451700002],[119.41658032400005,11.210038538000049],[119.41096724600004,11.204831514000034],[119.4052242780001,11.204193343000043],[119.40162737600008,11.201468696000063],[119.3986779280001,11.201406606000035],[119.3989522490001,11.198922933000063],[119.396167192,11.196040660000051],[119.39748486600001,11.194635881000067],[119.39711343700003,11.19147319700005],[119.39232548900009,11.18597926800004],[119.39284262300009,11.184331031000056],[119.39094433000002,11.181483723000042],[119.38471929400009,11.180599277000056],[119.38118030800001,11.189255196000033],[119.37592150900002,11.185952752000048],[119.37502598300011,11.182569202000025],[119.37600173200008,11.174481478000075],[119.38288865400011,11.172377636000022],[119.38491675600005,11.167157186000054],[119.38683645900005,11.16778481600005],[119.39005978500006,11.166378189000056],[119.39243358500005,11.170395691000067],[119.39584713500005,11.167928084000039],[119.39803084000005,11.156399797000063],[119.39722365900002,11.14803609200004],[119.3926280710001,11.144102986000064],[119.40018795800006,11.132501228000024],[119.40240570600008,11.135215090000031],[119.40607759900001,11.135651808000034],[119.40416756900004,11.144336213000031],[119.4051345800001,11.145573378000051],[119.40593479100005,11.144257019000065],[119.4102069600001,11.147074388000021],[119.410690853,11.145817996000062],[119.41453975200011,11.14608690700004],[119.4149672740001,11.148354833000042],[119.41717534300005,11.145976942000061],[119.41964626600009,11.147634436000033],[119.41905588700001,11.14881914800003],[119.42172222800002,11.147978383000066],[119.42364230700002,11.149227345000043],[119.42319593400009,11.150225499000044],[119.42474965400004,11.149486337000042],[119.42247983400011,11.146630724000033],[119.42727163400002,11.13908378900004],[119.42727787500007,11.136622214000056],[119.42889313600006,11.13630871600003],[119.42525424700011,11.13543990100004],[119.4231967610001,11.130747688000042],[119.420235208,11.129721482000036],[119.42143278900005,11.126714757000059],[119.42092344600007,11.115178460000038],[119.42460771800006,11.111968710000042],[119.4235003330001,11.110859262000076],[119.42450990600003,11.109236587000055],[119.4227315170001,11.109697267000058],[119.42202422700007,11.10869983300006],[119.42365908300008,11.107852749000074],[119.41905310100003,11.10625007300007],[119.41551701800006,11.110395166000046],[119.41417345800005,11.110259842000062],[119.4147020370001,11.107043487000055],[119.4190465260001,11.103872756000044],[119.4183692680001,11.096970647000035],[119.42272069400008,11.089923225000064],[119.42212301400002,11.080944805000058],[119.41551672900005,11.077134300000068],[119.41658132900011,11.074061025000049],[119.41510323900002,11.069302293000021],[119.41612013300005,11.057989787000054],[119.41421642500006,11.054612040000052],[119.41374651700005,11.04823508000004],[119.41448737100006,11.040688673000034],[119.41789242000004,11.037134103000028],[119.414402375,11.03648142700007],[119.41349634200003,11.035038378000024],[119.41184002500006,11.036193724000043],[119.4105407720001,11.032581740000069],[119.41214025800002,11.032225604000075],[119.41054236000002,11.031211909000035],[119.4072113410001,11.035389117000022],[119.4053690930001,11.045185162000053],[119.40304588700008,11.034632043000045],[119.39959208500011,11.031373444000053],[119.40023715100006,11.032726847000049],[119.39901450200011,11.033851219000042],[119.39432247800005,11.033748283000023],[119.39068501700001,11.038034933000063],[119.38305717100002,11.040337454000053],[119.3812742230001,11.042570755000042],[119.381844795,11.048306075000028],[119.37568999900009,11.042062779000048],[119.37338692900005,11.042109560000029],[119.37019316400006,11.045544360000065],[119.36943981800005,11.04488694400004],[119.36523274900003,11.051584799000068],[119.36298946300008,11.052504647000035],[119.36384179400011,11.053274602000045],[119.36260078400005,11.05676360900003],[119.35703566900008,11.066846030000022],[119.34615230300005,11.073807398000042],[119.34753606000004,11.079520428000023],[119.34541636200004,11.082563331000074],[119.34820016600008,11.084404009000025],[119.35233176200006,11.083620317000054],[119.35401314900002,11.085274691000052],[119.35309205700003,11.08797178900005],[119.3544869210001,11.088647535000064],[119.34957363600006,11.087418482000032],[119.34600790800005,11.090691004000064],[119.34461154700011,11.090422369000066],[119.34047715400004,11.084691164000049],[119.33807820100003,11.087606447000041],[119.33716921200005,11.09555576200006],[119.33500230100003,11.099162482000054],[119.33585008500006,11.105180006000069],[119.33067012900005,11.101731973000028],[119.32644760800008,11.103339895000033],[119.32604683300008,11.10631765100004],[119.32349541700012,11.104848464000042],[119.321951237,11.098085081000022],[119.32652937600005,11.094113066000034],[119.32623553400003,11.087399359000074],[119.327448279,11.085426920000032],[119.32606662,11.08368091400007],[119.32473487700008,11.084122268000044],[119.32583511400003,11.081697916000053],[119.32484477100002,11.078894767000065],[119.3268186790001,11.07496089500006],[119.32599732400001,11.068348554000067],[119.32736993200001,11.066473279000036],[119.32346976600002,11.05792956700003],[119.32468791400004,11.05744638300007],[119.327005546,11.060883144000059],[119.3279169330001,11.060386865000055],[119.32713924300003,11.056245964000027],[119.32960218000005,11.057519461000027],[119.3308803750001,11.056719289000057],[119.3292330270001,11.053150887000072],[119.33221181600004,11.050403299000038],[119.33752834000006,11.053131854000071],[119.33870540600003,11.055404358000033],[119.33740036300003,11.056074730000034],[119.33776355700002,11.058204476000071],[119.337845603,11.056999149000035],[119.3432343070001,11.058077479000076],[119.34439659600002,11.054643412000075],[119.34190796100006,11.05164955500004],[119.34164697400001,11.048671485000057],[119.33745371600003,11.047356558000047],[119.32847735200005,11.040493343000037],[119.32879479500002,11.03653921700004],[119.33479697000007,11.030397751000066],[119.33368064100011,11.028348802000039],[119.33736315300007,11.030448920000026],[119.33960430000002,11.02997345500006],[119.34060926100005,11.033171398000036],[119.3443443540001,11.033228593000047],[119.34352573600006,11.02883620700004],[119.34593748700001,11.028094510000074],[119.34490770600007,11.025575316000072],[119.34345254400012,11.025908332000029],[119.34455395500004,11.024041705000059],[119.34809750600004,11.024989380000022],[119.35222148500009,11.019400149000035],[119.35515562100011,11.019094325000026],[119.35566746600011,11.015383022000037],[119.36060449600006,11.009508517000029],[119.36449775200003,11.011903382000071],[119.36692381600005,11.00998701800006],[119.37009430500007,11.008982867000043],[119.37532438100004,11.00202560300005],[119.38140667400012,10.999603377000028],[119.38433389400006,10.999811047000037],[119.38811717100009,11.002624210000022],[119.39026070400007,11.006444867000027],[119.39518813300003,11.003224441000043],[119.39764636600012,11.005786801000056],[119.40239866500008,11.003210556000056],[119.40476458400008,11.003838543000029],[119.40370474000008,11.000059732000068],[119.4020207000001,11.000022108000053],[119.40144176100011,10.99828294300005],[119.40295423200007,10.996881525000049],[119.39858472100002,10.992885408000063],[119.39730122100002,10.989146951000066],[119.41413797000007,10.983210640000038],[119.44929741300007,11.012557192000031],[119.48362226400002,11.053720559000055],[119.46985120600004,11.054272763000029],[119.51384171200004,11.09680456500007]]],[[[119.49914253300005,11.444983333000039],[119.49655221400008,11.442672654000035],[119.49727689100007,11.440156037000065],[119.49577647300009,11.43798984600005],[119.49911842000006,11.433047126000076],[119.49997456000006,11.426332400000035],[119.5029210570001,11.421813770000028],[119.50563356900011,11.426611269000034],[119.50454875500009,11.43302635300006],[119.50660774000005,11.438772029000063],[119.50387062700008,11.43978740700004],[119.5018303920001,11.443775630000061],[119.49914253300005,11.444983333000039]]]]}},{"type":"Feature","properties":{"shapeName":"Linapacan","shapeISO":"","shapeID":"30758251B95429625837962","shapeGroup":"PHL","shapeType":"ADM3","psgc_code":"1705313000","legacy_psgc_code":"175313000","province":"Palawan"},"geometry":{"type":"MultiPolygon","coordinates":[[[[120.27248675700002,11.239468886000054],[120.26837346000002,11.235328691000063],[120.27051029100005,11.233305839000025],[120.27385250600003,11.236462442000061],[120.27248675700002,11.239468886000054]]],[[[119.68193414000007,11.247527177000052],[119.67712725800004,11.239231353000037],[119.67914435700004,11.240016491000063],[119.68544987700011,11.23701152600006],[119.68383993100008,11.240909633000058],[119.68498258700004,11.245527013000071],[119.68193414000007,11.247527177000052]]],[[[119.71433708100005,11.257295553000063],[119.70988124100006,11.259568824000041],[119.70820209300007,11.255488728000046],[119.7103876330001,11.253344924000032],[119.70810660300003,11.248225743000035],[119.7038829710001,11.246848585000066],[119.70179228100005,11.247936034000077],[119.70103527000003,11.241076608000071],[119.69637482300004,11.228700121000031],[119.70103111500009,11.234447506000038],[119.70865503400012,11.239127263000057],[119.712306796,11.243721849000053],[119.7156221890001,11.24299665500007],[119.71929661100012,11.24790712500004],[119.72806570400007,11.25107523400004],[119.73053704200004,11.254306032000045],[119.7302732600001,11.256157562000055],[119.72712670300007,11.25675859300003],[119.72638739400008,11.255371001000071],[119.7233886570001,11.255236725000032],[119.71859243400002,11.258185776000062],[119.715519803,11.258631352000066],[119.71433708100005,11.257295553000063]]],[[[119.62801687100011,11.263156987000059],[119.62719504300003,11.26459836600003],[119.62379410500012,11.260450014000071],[119.62457560100006,11.256268313000021],[119.6227469370001,11.25442905400007],[119.62183566300007,11.242364157000054],[119.61983309400011,11.23772976400005],[119.62136832600004,11.232428599000059],[119.6236896050001,11.231108557000027],[119.6271137760001,11.234254837000037],[119.62603646600007,11.23594593100006],[119.62773696300007,11.240006667000046],[119.6265414940001,11.240905304000023],[119.62694193200002,11.243586748000041],[119.62832734000006,11.245673263000072],[119.63137294,11.24604609000005],[119.63204009300011,11.249002939000036],[119.63087244300004,11.251213746000076],[119.63556294500006,11.256764076000024],[119.62801687100011,11.263156987000059]]],[[[120.23414186500008,11.295527924000055],[120.2322779430001,11.297027868000043],[120.23238873700006,11.295474980000051],[120.23414186500008,11.295527924000055]]],[[[119.6903665210001,11.32562673600006],[119.6864459730001,11.325153789000069],[119.686735612,11.324097476000077],[119.68294706600011,11.321150320000072],[119.68075186100009,11.322294253000052],[119.681467343,11.318969422000066],[119.68024518400011,11.314894164000066],[119.67594217900012,11.307693358000051],[119.67014876000007,11.308922278000068],[119.66714513500006,11.308125516000075],[119.6652748890001,11.312735146000023],[119.65881929000011,11.305280883000023],[119.65621420900004,11.299235004000025],[119.65707313000007,11.292212753000058],[119.65949104800006,11.288518059000069],[119.66536446400005,11.269662496000024],[119.67706694000003,11.263046515000042],[119.68105932700007,11.27202577600002],[119.67871308100007,11.28188301800003],[119.68082623300006,11.282633261000058],[119.68183226600001,11.28577420800002],[119.68452212800003,11.286981307000076],[119.689910026,11.295046237000065],[119.69088889900002,11.301564684000027],[119.69622037500005,11.310707953000076],[119.69480783800009,11.313514896000072],[119.6960153010001,11.314165326000023],[119.6942712010001,11.315560340000047],[119.6949172300001,11.320975082000075],[119.69370858100001,11.323730624000063],[119.6903665210001,11.32562673600006]]],[[[119.70056526600001,11.350915046000068],[119.69902425700002,11.351038685000049],[119.70084337100002,11.34466074200003],[119.69969706100005,11.341094767000072],[119.69769881200011,11.34086184000006],[119.6976700250001,11.335618736000072],[119.70155129700004,11.335386974000073],[119.70537119000005,11.338237239000023],[119.7073004230001,11.336352436000027],[119.70905404700011,11.340391958000055],[119.71264424800006,11.34074002400007],[119.71411191000004,11.343924860000072],[119.70700200700003,11.344498783000063],[119.70056526600001,11.350915046000068]]],[[[120.08985885600009,11.392219754000052],[120.0860727160001,11.392161650000048],[120.0854412540001,11.39047023300003],[120.08035500300002,11.39021957600005],[120.07887666400006,11.388518359000045],[120.08146641700012,11.384021446000077],[120.08257279800011,11.386882963000062],[120.08440229200005,11.387382864000074],[120.089609934,11.386765105000052],[120.09436770500008,11.38432331100006],[120.09424444900003,11.38024259100007],[120.08996840600003,11.378441039000052],[120.08947788100011,11.367896160000043],[120.090857217,11.365766810000025],[120.09614104600007,11.364141080000024],[120.1086379940001,11.364391055000056],[120.11032175300011,11.366447992000076],[120.10903248600005,11.370278708000058],[120.11089051200008,11.37121327500006],[120.11133968900003,11.373802201000046],[120.11460974600004,11.374242776000074],[120.11256944500008,11.38088695500005],[120.10709598500011,11.386415632000023],[120.10146809300011,11.383192380000025],[120.09936430100004,11.383880089000058],[120.0904017790001,11.389917766000053],[120.08985885600009,11.392219754000052]]],[[[119.80727166400004,11.392612672000041],[119.80611161400009,11.386782450000055],[119.80870813100012,11.388915019000024],[119.80845939900007,11.392126946000076],[119.80727166400004,11.392612672000041]]],[[[119.66605783400007,11.399478438000074],[119.66441412900008,11.398651877000077],[119.66602951900006,11.397505242000022],[119.66605783400007,11.399478438000074]]],[[[120.14030627500006,11.412024787000064],[120.13500818700004,11.410274637000043],[120.1396631240001,11.407921875000056],[120.14465092300009,11.408288008000056],[120.14030627500006,11.412024787000064]]],[[[119.72188150300008,11.41426113500006],[119.71890557400002,11.413396489000036],[119.71645253000008,11.402373349000072],[119.72139075400003,11.39904301200005],[119.72239642200009,11.40035305200007],[119.72081625900012,11.402500413000041],[119.72080915400011,11.406049171000063],[119.72483079100004,11.412538013000074],[119.72188150300008,11.41426113500006]]],[[[119.70584526300001,11.427555384000073],[119.70417587600002,11.427084747000038],[119.7063038770001,11.424133639000047],[119.7117483610001,11.424094582000066],[119.70584526300001,11.427555384000073]]],[[[120.17933202100005,11.430958943000064],[120.17445642700011,11.428826641000057],[120.16921881400003,11.421312830000034],[120.16898950900008,11.414573546000042],[120.17110205400002,11.415341308000052],[120.17933202100005,11.430958943000064]]],[[[119.64204393700004,11.435386812000047],[119.63284739500011,11.430595398000037],[119.63508645000002,11.430731603000027],[119.63716989200009,11.427250193000077],[119.63602528900003,11.426917006000053],[119.63821409600007,11.426670952000052],[119.64015133200007,11.424048558000038],[119.642058,11.416867595000042],[119.64155271600009,11.410974468000063],[119.64499829200008,11.409060322000073],[119.64649784400001,11.402793664000058],[119.65206328500005,11.398724457000071],[119.65727092000009,11.40020398200005],[119.65952456200012,11.395527583000046],[119.66088141300008,11.399150276000057],[119.65734970800008,11.401563758000066],[119.65716429100007,11.40479457300006],[119.66130125400002,11.412639052000031],[119.66488867600003,11.416546244000074],[119.66678831500008,11.416811642000027],[119.66742187300008,11.418868847000056],[119.66411211200011,11.41994915600003],[119.66066147300012,11.415536362000068],[119.65268948000005,11.41173006400004],[119.64805633100002,11.412780475000034],[119.64563275400008,11.416770731000042],[119.644036217,11.428756430000021],[119.64517775600007,11.431948259000023],[119.64418759300008,11.432334236000031],[119.64155125100001,11.425920894000058],[119.64010884000004,11.426759574000073],[119.64027104000002,11.43216013600005],[119.64204393700004,11.435386812000047]]],[[[119.70798943200009,11.43830740200002],[119.70591938000007,11.437484377000033],[119.70569384100008,11.435170250000056],[119.7094623480001,11.435810256000025],[119.70798943200009,11.43830740200002]]],[[[119.71883310700002,11.444752248000043],[119.7171963080001,11.443576115000042],[119.71938411500003,11.440775578000057],[119.72235249500011,11.44312472100006],[119.71883310700002,11.444752248000043]]],[[[119.64416945300002,11.453980714000068],[119.64455422000003,11.451286433000064],[119.64759479600002,11.449511287000064],[119.64416945300002,11.453980714000068]]],[[[120.18490784200003,11.463403189000076],[120.17742731400006,11.46001564200003],[120.17251354700011,11.450603846000035],[120.16883473700011,11.449462220000044],[120.1655144120001,11.445299548000037],[120.16169478900008,11.436052389000054],[120.15597239300007,11.433696829000041],[120.15262504800012,11.435016142000052],[120.1523648430001,11.43152546300007],[120.15484763900008,11.43005726900003],[120.15599755100004,11.431783040000028],[120.15934554500006,11.432101148000072],[120.16177165200008,11.435315956000068],[120.168424393,11.434848901000066],[120.17457959800004,11.437903684000048],[120.17934667400004,11.445866808000062],[120.18470160900006,11.449207819000037],[120.19799300800003,11.450100514000042],[120.19924010400007,11.452624761000038],[120.19808826500002,11.453838498000039],[120.18929993900008,11.457742938000024],[120.18699875200002,11.463186614000051],[120.18490784200003,11.463403189000076]]],[[[119.66152033600008,11.468544946000065],[119.66296170100009,11.466029023000033],[119.66531627100005,11.465266327000052],[119.66152033600008,11.468544946000065]]],[[[119.88549804700006,11.470886231000065],[119.88568115200007,11.472717286000034],[119.88452148400006,11.472717286000034],[119.88549804700006,11.470886231000065]]],[[[119.71148880600003,11.477742187000047],[119.71024743400005,11.476746621000075],[119.71328369500009,11.473808432000055],[119.71148880600003,11.477742187000047]]],[[[119.71243172900006,11.479307965000032],[119.71357811200005,11.478007674000025],[119.71465298500004,11.478987137000047],[119.71243172900006,11.479307965000032]]],[[[119.87244634800004,11.479973312000027],[119.87124691400004,11.479486678000058],[119.8710949870001,11.475511789000052],[119.87556108400008,11.474613343000044],[119.87922282800002,11.47180135900004],[119.87789028800012,11.47764317800005],[119.87244634800004,11.479973312000027]]],[[[119.65451275100008,11.48109749200006],[119.65355295200004,11.481621448000055],[119.65280034000011,11.479527637000047],[119.65386851000005,11.478903410000044],[119.65378925000005,11.474472682000055],[119.65945452900007,11.469913719000033],[119.66036427200004,11.473946523000052],[119.66274507100002,11.475314512000068],[119.66250344200012,11.47899004900006],[119.65451275100008,11.48109749200006]]],[[[119.72751398800006,11.48292531800007],[119.72547518800002,11.482524130000058],[119.72844933100009,11.48029944700005],[119.72751398800006,11.48292531800007]]],[[[119.65153474300007,11.484785393000038],[119.651243571,11.482857574000036],[119.65397334700003,11.483080863000055],[119.65153474300007,11.484785393000038]]],[[[119.87529436500006,11.48738933900006],[119.87308139800007,11.486702684000022],[119.87183266200009,11.482809777000057],[119.87210179400006,11.480999016000055],[119.87501667300012,11.47983176400004],[119.8771773840001,11.481618884000056],[119.87529436500006,11.48738933900006]]],[[[119.67245853400004,11.488488327000027],[119.66974027600008,11.486858502000075],[119.66565755500005,11.48844946500003],[119.66655633500011,11.47623072700003],[119.67245853400004,11.488488327000027]]],[[[119.84151717500004,11.48920998400007],[119.84171154400008,11.487887156000056],[119.84253127500006,11.488980840000067],[119.84151717500004,11.48920998400007]]],[[[119.9285278320001,11.49212646500007],[119.92907714800003,11.493103028000064],[119.92767333900008,11.493286133000026],[119.9285278320001,11.49212646500007]]],[[[119.83897573700006,11.49363676300004],[119.83684397500008,11.49284381900003],[119.83574134600008,11.48990271100007],[119.84084711600008,11.490203597000061],[119.83897573700006,11.49363676300004]]],[[[119.89519991300006,11.505417290000025],[119.889563425,11.503299858000048],[119.8894096040001,11.501188644000024],[119.88185437000004,11.49185187200004],[119.88179451100007,11.490413559000046],[119.88486732000001,11.487931566000043],[119.88481284500006,11.485341642000037],[119.88575305600011,11.485135740000032],[119.88606809100008,11.487483116000021],[119.88924770500012,11.488711980000062],[119.89386647300012,11.484336385000063],[119.8965661310001,11.483605478000072],[119.89761103100011,11.48684653600003],[119.90087898700006,11.486844586000075],[119.8983553270001,11.492322666000064],[119.89877750100004,11.502575512000021],[119.89519991300006,11.505417290000025]]],[[[119.67124459600007,11.515408078000064],[119.67293089800012,11.506118302000061],[119.67120747500007,11.503205972000046],[119.66893679900011,11.503610085000048],[119.66861239700006,11.501775520000024],[119.67100664800012,11.501716854000051],[119.67396153700008,11.497003091000067],[119.67906924500005,11.494067124000026],[119.67986499400001,11.488504117000048],[119.68406786500009,11.486714021000068],[119.68622846900007,11.498914123000077],[119.69048780300011,11.50253258500004],[119.68730754900002,11.504406541000037],[119.68370142100002,11.504188966000072],[119.6805011990001,11.501984252000057],[119.67696247200001,11.50293952800007],[119.67563631300004,11.505546865000042],[119.67622371100003,11.508480247000023],[119.67939981500001,11.512130806000073],[119.67737874900001,11.513768870000035],[119.67451127600009,11.513763149000056],[119.67325287100005,11.515639018000059],[119.67124459600007,11.515408078000064]]],[[[119.81494800500002,11.51930941300003],[119.81019622500003,11.518804566000028],[119.81385223400002,11.51649063700006],[119.8141919840001,11.510075459000063],[119.8159461140001,11.507014252000033],[119.82061020300011,11.503358483000056],[119.82916453000007,11.504520772000035],[119.832941645,11.49723773200003],[119.83900297900004,11.500062079000031],[119.83861794000006,11.498541400000022],[119.84124612900007,11.497127954000064],[119.842483119,11.492666119000035],[119.84757840000009,11.486128875000077],[119.84703767400003,11.483686381000041],[119.84415772300008,11.484947866000027],[119.8414026150001,11.484364902000038],[119.84178330600002,11.482640755000034],[119.84575355800007,11.481038240000032],[119.84506816100009,11.480381753000074],[119.84678823000002,11.479181609000022],[119.84412186500003,11.47599966100006],[119.83963124900004,11.476966184000048],[119.83832632100007,11.480042905000062],[119.83109942700003,11.48010898900003],[119.82460289500011,11.482840947000057],[119.82934196000008,11.477931863000038],[119.82936077000011,11.476051984000037],[119.82769858400002,11.475982975000022],[119.82855332100007,11.474659486000064],[119.83054043700008,11.473439796000036],[119.83529149800006,11.473760842000047],[119.8344859550001,11.472289579000062],[119.836233289,11.468969474000062],[119.83240836200002,11.469404570000052],[119.83383337300006,11.466592572000025],[119.83105264400001,11.465036188000056],[119.83516243600002,11.461149976000058],[119.83508333400005,11.45721792300003],[119.83252917000004,11.45825149500007],[119.82914949200006,11.455890674000045],[119.82136781800011,11.46547595800007],[119.82096221400002,11.468681850000053],[119.81641956300007,11.467554046000032],[119.80881340000008,11.472096178000072],[119.80718719000004,11.47059043400003],[119.80828143800011,11.46800535500006],[119.80707968500008,11.464549107000039],[119.81367754500002,11.457702306000044],[119.81209770300006,11.456706556000029],[119.81329767900002,11.45745973000004],[119.81544709000002,11.455506452000066],[119.81289754700003,11.45214493100002],[119.8066006040001,11.45448366000005],[119.80600523200008,11.451843973000052],[119.80250172100011,11.453147232000049],[119.8012005170001,11.451833703000034],[119.79825609200009,11.454905782000026],[119.79438839900001,11.455721510000046],[119.79121415400004,11.46107614500005],[119.79704646500011,11.462412721000021],[119.79646861300012,11.464400400000045],[119.79404563500009,11.465992479000022],[119.79095280100012,11.472906478000027],[119.7872869580001,11.473355895000054],[119.78708625800004,11.476673406000032],[119.78437965500007,11.477276779000022],[119.78375610800003,11.479338598000027],[119.78802604300006,11.48096481500005],[119.79143363700007,11.479799530000037],[119.79006858800005,11.481988741000066],[119.79114269800004,11.484099635000064],[119.78926244900003,11.484554826000021],[119.78688464600009,11.482995537000022],[119.78482377400007,11.483897477000028],[119.78374373400004,11.486177248000047],[119.78235758800008,11.485638945000062],[119.77698960400005,11.489667848000067],[119.77591046500004,11.493591171000048],[119.77548074300012,11.491667512000049],[119.77304926900001,11.491294466000056],[119.77334738800005,11.489482102000068],[119.77807893300007,11.485536571000068],[119.77640730600001,11.484352387000058],[119.77753512200002,11.478848282000058],[119.77513422600009,11.47786702600007],[119.76758195800005,11.480308339000032],[119.76664970800005,11.47787058800003],[119.76424165200001,11.47932660500004],[119.7634428660001,11.477179212000067],[119.76560260500003,11.475229710000065],[119.76566359500009,11.47097199700005],[119.76725440900009,11.469692],[119.76785585500011,11.471183781000036],[119.77238888600004,11.470877642000062],[119.77422754700001,11.468066462000024],[119.77619716800007,11.470146262000071],[119.77827308700012,11.46987893000005],[119.78328216900002,11.466438113000038],[119.78479364400005,11.468431095000028],[119.78628541400008,11.458603313000026],[119.78527539800007,11.454364054000052],[119.78257329000007,11.452530161000027],[119.77664937700001,11.455751966000037],[119.77555192700004,11.459084664000045],[119.77232729200011,11.459338855000055],[119.77017704400009,11.457427622000068],[119.76670061000004,11.458239329000037],[119.76680909100003,11.454234676000056],[119.76480478500002,11.451499154000032],[119.76815272600004,11.447223713000028],[119.76798413800009,11.443625625000038],[119.77078030700011,11.440784956000073],[119.77453787800005,11.439647085000047],[119.7706089190001,11.438393974000064],[119.77060405100008,11.437115449000032],[119.76733046400011,11.439613694000059],[119.76414055600003,11.436673015000054],[119.76171507600009,11.43860872600004],[119.76006662500004,11.441152086000045],[119.76119927900004,11.444807040000057],[119.75790270300001,11.447306216000072],[119.75476833200003,11.453879940000036],[119.74838560600006,11.457548348000046],[119.7441928510001,11.457252012000026],[119.7390595380001,11.466399184000068],[119.73461723800006,11.466434623000055],[119.73369247900007,11.463636247000068],[119.72800641200001,11.465313648000063],[119.72860813700004,11.471071239000025],[119.73268839200011,11.471604677000073],[119.73284766400002,11.473575767000057],[119.72931143100004,11.475994649000029],[119.72824385600006,11.479243998000072],[119.72763777800003,11.47701151700005],[119.72311543100011,11.476253692000057],[119.72280324700012,11.47436865900005],[119.71773940900005,11.473478362000037],[119.71668979600008,11.472031875000027],[119.71278321600005,11.473041254000066],[119.71457601500003,11.465928527000074],[119.71201614600011,11.464330653000047],[119.71568832000003,11.460572045000049],[119.71747288100005,11.462048948000074],[119.72118080300004,11.460017922000077],[119.72284819900005,11.452920594000034],[119.72540761200003,11.450224396000067],[119.73076704400012,11.453959368000028],[119.73469982400002,11.453991661000032],[119.738689195,11.44799822300007],[119.73846751100007,11.445883588000072],[119.73332547300004,11.441131452000036],[119.72850818600011,11.445386331000066],[119.72627629600004,11.438794858000051],[119.72700752500009,11.433046754000031],[119.73804515200004,11.429960632000075],[119.73855560200002,11.42748790500002],[119.74330539300001,11.424740333000045],[119.7458736430001,11.417663101000073],[119.7476626880001,11.416466874000037],[119.74952712400011,11.41681978400004],[119.75170679500002,11.424411763000023],[119.75554136000005,11.423445192000031],[119.75703794700007,11.420703438000032],[119.75663122200001,11.422551190000036],[119.758109611,11.421749073000058],[119.75774072800004,11.42044751800006],[119.76029114800008,11.419541743000025],[119.76207001800003,11.414540929000054],[119.76133861900007,11.403286975000071],[119.7643262790001,11.400866475000043],[119.76979430100005,11.399983144000032],[119.77378267000006,11.394692861000067],[119.7767776180001,11.402224327000056],[119.78106808300004,11.404937747000076],[119.77599860100008,11.410881239000048],[119.77440928700003,11.415698465000048],[119.78580202700005,11.425833923000027],[119.78986983700008,11.422050525000031],[119.79869181900006,11.422478640000065],[119.80113245600012,11.41672003900004],[119.80527549300007,11.41542148700006],[119.80958898300003,11.418995242000051],[119.81049067100003,11.424291882000034],[119.81298226600006,11.427729512000042],[119.81510799500006,11.42748288000007],[119.81477583600008,11.426151860000061],[119.81513392400007,11.427475529000048],[119.8216998910001,11.42882329400004],[119.82478713000012,11.427272198000026],[119.82398711500002,11.42395437700003],[119.82667082800003,11.417028144000028],[119.82421924900007,11.412794365000025],[119.81798100700007,11.412496610000062],[119.8175931510001,11.414851358000021],[119.81597925800008,11.415053516000057],[119.81417217700005,11.411954343000048],[119.81638726800008,11.409940539000047],[119.8130762830001,11.40793581500003],[119.81141578100005,11.401824566000073],[119.80840314300008,11.404632186000072],[119.80764345400007,11.407450682000047],[119.8047400260001,11.408133247000023],[119.80189790400004,11.401327843000047],[119.80214901000011,11.398212908000062],[119.803580957,11.397203529000024],[119.81014916100003,11.398822503000076],[119.81149861600011,11.400506558000075],[119.8129391540001,11.399140547000059],[119.81347336700003,11.39121909000005],[119.81497126300007,11.388248866000026],[119.80886302400006,11.383303772000033],[119.80806291800002,11.379829293000057],[119.81956498900001,11.37648725400004],[119.82356312800005,11.37877685500007],[119.83083457400005,11.377991319000046],[119.83247573400001,11.382748235000065],[119.83056331300008,11.384786681000037],[119.8304669910001,11.390827233000039],[119.83998233300008,11.401920249000057],[119.84329991200002,11.40891193300007],[119.85173233800003,11.412800127000025],[119.85537347500008,11.427682682000068],[119.8506390870001,11.42974661900007],[119.85063897700002,11.433488858000032],[119.85334859500006,11.43593273600004],[119.85674984900004,11.43597590500002],[119.85910845400008,11.432559379000054],[119.85940634200006,11.435008409000034],[119.86335321900003,11.43972933200007],[119.86148438200007,11.442654719000075],[119.86262348500009,11.449526235000064],[119.8696222850001,11.452836340000033],[119.86402131700004,11.458490118000043],[119.86585849100004,11.461427937000053],[119.86234541100009,11.463731671000062],[119.86452174700003,11.47216817900005],[119.86788842200008,11.473488699000029],[119.8680564330001,11.476802988000031],[119.87050351800008,11.479028566000068],[119.86866362500007,11.480093846000045],[119.86740097900008,11.487679910000054],[119.86907027900008,11.488538426000048],[119.86960423200003,11.491400012000042],[119.87143789400011,11.489902566000069],[119.87195376000011,11.492610985000056],[119.87110565300009,11.497734965000063],[119.86804563500004,11.503098351000062],[119.86842329100011,11.506242468000039],[119.8643082420001,11.506063751000056],[119.863551604,11.509375760000069],[119.859583831,11.508811636000075],[119.8589955650001,11.506567664000045],[119.85765096400007,11.507760215000076],[119.85569633400007,11.506688046000022],[119.85440413800006,11.507827901000041],[119.85484568200002,11.509955619000038],[119.8523039800001,11.509477524000033],[119.848387193,11.511079806000055],[119.84579470200003,11.515838780000024],[119.84369739100009,11.51608916500004],[119.8403476960001,11.513806567000074],[119.83501987400007,11.515961788000027],[119.8373604090001,11.510284916000046],[119.8350163880001,11.509084582000071],[119.83321659800004,11.511697044000073],[119.8301574840001,11.509263206000071],[119.82682531800003,11.510741797000037],[119.82613610100009,11.514684743000032],[119.8247532360001,11.51330722800003],[119.8225996330001,11.513795783000035],[119.81494800500002,11.51930941300003]]],[[[119.88346562600009,11.534294886000055],[119.87892088000001,11.53283086500005],[119.87734244700005,11.527641042000027],[119.87878181400004,11.526378864000037],[119.881536535,11.52698532200003],[119.88536847300009,11.530513221000035],[119.88720023500002,11.529937990000064],[119.88564229100007,11.533438853000064],[119.88346562600009,11.534294886000055]]],[[[119.91326771600006,11.538829967000026],[119.91190880500005,11.534333424000067],[119.91343052200011,11.53206085000005],[119.91512782300003,11.535290040000064],[119.91326771600006,11.538829967000026]]],[[[119.80597114500006,11.547794590000024],[119.80702495300011,11.544129428000076],[119.80981569000005,11.541751523000073],[119.81062734800003,11.543297076000044],[119.81791507800006,11.543356205000066],[119.81968356300001,11.546427056000027],[119.81795629900012,11.547407165000038],[119.8099006650001,11.546250394000026],[119.80597114500006,11.547794590000024]]],[[[119.87533753500009,11.552568275000056],[119.87335706600004,11.552160311000023],[119.87140852300001,11.54573698300004],[119.87343042600003,11.54309648900005],[119.87667484000008,11.543519721000052],[119.8746759490001,11.545681612000067],[119.87533753500009,11.552568275000056]]],[[[119.8965761820001,11.555804533000071],[119.896443352,11.550841682000055],[119.89837942400004,11.551745457000038],[119.89886036100006,11.553798659000051],[119.8965761820001,11.555804533000071]]],[[[119.8523231160001,11.556542542000045],[119.84744026900012,11.555150006000076],[119.84569471200007,11.551971038000033],[119.8470878390001,11.547674365000034],[119.84828848100005,11.548213321000048],[119.85194436300003,11.544782095000073],[119.85895764800011,11.548070730000063],[119.85966844100005,11.550297623000063],[119.85832606500003,11.554268683000032],[119.8523231160001,11.556542542000045]]],[[[119.88819079600012,11.559086571000023],[119.88605180500008,11.55787808100007],[119.88527599200006,11.546393899000066],[119.88810513400006,11.546271925000042],[119.88963127800002,11.551791859000048],[119.88819079600012,11.559086571000023]]],[[[119.92957827200007,11.563073850000023],[119.92936467000004,11.56116402500004],[119.93062703100009,11.562492204000023],[119.92957827200007,11.563073850000023]]],[[[119.86796008800002,11.565822973000024],[119.86637830200004,11.562574297000026],[119.86868635700012,11.559253586000068],[119.870262,11.56135689000007],[119.86796008800002,11.565822973000024]]],[[[119.91589701400005,11.577183070000046],[119.91920561000006,11.572352207000051],[119.92009803600001,11.57556359800003],[119.91589701400005,11.577183070000046]]],[[[119.93064459900006,11.588319894000051],[119.92795445200011,11.586099563000062],[119.92655312300008,11.58196508800006],[119.92783209400011,11.576748198000075],[119.93030100500005,11.575688941000067],[119.9310493270001,11.58142739300007],[119.93466452200005,11.583456503000036],[119.9355327610001,11.581926913000075],[119.93862165400003,11.583081366000044],[119.94328193000001,11.581306821000055],[119.94679660800011,11.576535888000024],[119.94639234700003,11.580947643000059],[119.94356158300002,11.58495010100006],[119.93420683900001,11.586385870000072],[119.93064459900006,11.588319894000051]]],[[[119.85698702600007,11.608778220000033],[119.85635227400007,11.606706272000054],[119.85819875300001,11.601332166000077],[119.86240036900006,11.593434100000025],[119.86429646300007,11.595568883000055],[119.85698702600007,11.608778220000033]]],[[[119.91417027800003,11.609844554000063],[119.9127325070001,11.607537617000048],[119.91514458400002,11.605432543000063],[119.91599125500011,11.607323138000027],[119.91417027800003,11.609844554000063]]],[[[119.95393719200001,11.657218723000028],[119.950269262,11.656910263000043],[119.94965831000002,11.653863970000032],[119.95246174100009,11.647766152000031],[119.9548389680001,11.64708677300007],[119.95531705500002,11.643413011000064],[119.95859285000006,11.640569618000029],[119.96002590900002,11.635811491000027],[119.96162106000008,11.634821611000064],[119.96224423800004,11.636621481000077],[119.96520532300008,11.63689944400005],[119.96790128600003,11.63566537500003],[119.96921451800006,11.632685550000076],[119.97102527600009,11.632888979000029],[119.97290695600009,11.634808741000029],[119.97293541200008,11.637375553000027],[119.96666479500004,11.654584670000077],[119.96394566400011,11.652721343000053],[119.96459554300009,11.650927084000045],[119.96322291000001,11.648624513000073],[119.95908308500009,11.649896222000052],[119.95393719200001,11.657218723000028]]]]}},{"type":"Feature","properties":{"shapeName":"Magsaysay","shapeISO":"","shapeID":"30758251B4414445809925","shapeGroup":"PHL","shapeType":"ADM3","psgc_code":"1705314000","legacy_psgc_code":"175314000","province":"Palawan"},"geometry":{"type":"MultiPolygon","coordinates":[[[[121.06601946800004,10.886696586000028],[121.06404712800008,10.884246787000052],[121.0656574090001,10.884112842000036],[121.06601946800004,10.886696586000028]]],[[[121.19795161400009,10.893401876000041],[121.194098101,10.886394400000029],[121.19952447300011,10.88180182900004],[121.19911955700002,10.879710235000061],[121.2028471110001,10.879346286000043],[121.20992833500009,10.883387921000065],[121.21026110500009,10.885439964000057],[121.20733142000006,10.889241625000068],[121.19795161400009,10.893401876000041]]],[[[121.05098237000004,10.896405555000058],[121.04580057200008,10.89275493100007],[121.0463095230001,10.887985169000046],[121.05052361500009,10.888567113000022],[121.04968094700007,10.891204819000052],[121.05098237000004,10.896405555000058]]],[[[121.0450178530001,10.809171813000034],[121.05607417200008,10.805014528000072],[121.05940573400005,10.80708197000007],[121.06164494100005,10.805815831000075],[121.06542443500007,10.80808686000006],[121.0663777310001,10.817332069000031],[121.06377045300007,10.818555311000068],[121.06406452200008,10.820945522000045],[121.060090252,10.826439698000058],[121.058921069,10.840036884000028],[121.06232621200002,10.844721767000067],[121.06860555900005,10.843494080000028],[121.06966284200007,10.845566534000056],[121.07229058100006,10.845101292000038],[121.07130324500008,10.847339377000026],[121.07657492600003,10.847291046000066],[121.08161461000009,10.853842961000055],[121.08214156000008,10.85834946600005],[121.07739173800007,10.863706885000056],[121.07691238600012,10.86577100200003],[121.07813244500005,10.866988370000058],[121.07694821000007,10.86899967100004],[121.0709944570001,10.872611193000068],[121.06419525100011,10.870728850000035],[121.0637204950001,10.872455462000062],[121.06280241700006,10.871798740000031],[121.06330614900003,10.873611397000047],[121.06087024100009,10.874745733000054],[121.06279503300004,10.879756344000043],[121.06101291900006,10.882487394000066],[121.0635747440001,10.88613669800003],[121.07641883000008,10.890378096000063],[121.07689354800004,10.88793189100005],[121.07782627800009,10.889139655000065],[121.0799089630001,10.89567316800003],[121.0778847570001,10.903723403000072],[121.07511350100003,10.905949725000028],[121.06684332100008,10.90800981500007],[121.05195563400002,10.905009050000046],[121.05202249100012,10.89378877400003],[121.05474056600008,10.886568608000061],[121.05312908300004,10.882766493000076],[121.0486896320001,10.879091543000072],[121.04604600200003,10.872509927000067],[121.04307482600007,10.873101356000063],[121.04101805200003,10.876304961000073],[121.03577018400006,10.873222893000047],[121.0337286680001,10.874082956000052],[121.03258189600001,10.871713541000076],[121.04020081200008,10.860060084000054],[121.03978118900011,10.858739336000042],[121.03704349000009,10.859038183000052],[121.03566893000004,10.855156646000069],[121.03295286700006,10.855229132000034],[121.03327327500006,10.849521781000021],[121.030460865,10.848865214000057],[121.03420405200006,10.847777625000049],[121.03365472700011,10.845853245000058],[121.03534080700001,10.842466018000039],[121.03309773400008,10.835547593000058],[121.03464870900007,10.834492088000047],[121.03113605700003,10.834155546000034],[121.03071734700006,10.831779895000068],[121.03413265300003,10.831620865000048],[121.035088416,10.828126816000065],[121.03733993800006,10.826477036000028],[121.03875911500006,10.817963210000073],[121.0450178530001,10.809171813000034]]],[[[121.01620533800008,10.910735873000021],[121.01319917100011,10.910604878000072],[121.0143487690001,10.90966594400004],[121.01620533800008,10.910735873000021]]],[[[121.0375845860001,10.916027992000068],[121.03561640300006,10.915318842000033],[121.03492358500012,10.91323373800003],[121.03999058600004,10.910505113000056],[121.04117706500006,10.908148409000034],[121.04416965900009,10.907676403000039],[121.044196596,10.906152415000065],[121.04646317600009,10.908964775000072],[121.04582994600003,10.913474763000067],[121.04159467000011,10.915912025000068],[121.0375845860001,10.916027992000068]]],[[[121.23253500100009,10.959425724000027],[121.22977688600008,10.958775115000037],[121.231207358,10.954112593000048],[121.23883436400001,10.952123156000027],[121.2395030890001,10.954887314000075],[121.23253500100009,10.959425724000027]]],[[[121.21718262900004,10.980083414000035],[121.21268111300003,10.979589245000057],[121.21200464300011,10.97821319700006],[121.21370174200001,10.974620775000062],[121.21084062300008,10.972780756000077],[121.2096838440001,10.969567114000029],[121.21815877300003,10.965445790000047],[121.22153588600008,10.962339201000077],[121.22153320100006,10.959210906000067],[121.22394315000008,10.959196733000056],[121.2257783880001,10.956924438000044],[121.2279316900001,10.958075189000056],[121.22484884900007,10.961698977000026],[121.2249358040001,10.96545192800005],[121.22938199500004,10.969125822000024],[121.22993921400007,10.972203027000035],[121.23443263800004,10.970887363000031],[121.2276783850001,10.976881735000063],[121.21718262900004,10.980083414000035]]],[[[120.94945859600011,10.99851134100004],[120.94330229500008,10.997067168000058],[120.94014661200004,10.994841680000036],[120.93809946100009,10.985590671000068],[120.94578937400001,10.973856574000024],[120.94807661000004,10.975564602000077],[120.95234895500005,10.975917289000051],[120.9586129710001,10.974482352000052],[120.96102347700003,10.979162569000039],[120.96509448100005,10.980240537000043],[120.96490042300002,10.98338730000006],[120.95346827000003,10.998102601000028],[120.94945859600011,10.99851134100004]]],[[[121.09872050800004,11.000120953000021],[121.097155068,10.996787804000064],[121.10253539000007,10.995520818000045],[121.10340165100001,10.997460110000077],[121.09872050800004,11.000120953000021]]],[[[120.82843846900005,11.01354837200006],[120.81875925700001,11.011268850000022],[120.81610401400008,11.009148486000072],[120.81830776000004,11.005374833000076],[120.81772947200011,11.003550486000051],[120.8250915540001,11.004175210000028],[120.82823806100009,11.007525653000073],[120.83111511300001,11.008213193000074],[120.83099495200008,11.010803097000064],[120.82843846900005,11.01354837200006]]],[[[121.14116836500011,11.037097273000029],[121.1392686690001,11.035707256000023],[121.141042835,11.03332819600007],[121.1435370150001,11.03530096000003],[121.14116836500011,11.037097273000029]]],[[[120.94977701900007,11.095294909000074],[120.94874185600008,11.096577684000067],[120.94764688600003,11.09561648500005],[120.94869643100003,11.093738801000029],[120.94977701900007,11.095294909000074]]]]}},{"type":"Feature","properties":{"shapeName":"Narra","shapeISO":"","shapeID":"30758251B72391607373552","shapeGroup":"PHL","shapeType":"ADM3","psgc_code":"1705315000","legacy_psgc_code":"175315000","province":"Palawan"},"geometry":{"type":"MultiPolygon","coordinates":[[[[118.16262202200005,9.126696582000022],[118.16117011000006,9.125415123000039],[118.15923155000007,9.125892916000055],[118.15896118700005,9.124691883000025],[118.16013124100004,9.122296898000059],[118.1635086550001,9.121109059000048],[118.16438921300005,9.124424926000074],[118.16262202200005,9.126696582000022]]],[[[118.3800561700001,9.20680635900004],[118.37844769800006,9.205516209000052],[118.37950192000005,9.206006254000044],[118.37956209100003,9.203475129000026],[118.38171287000011,9.201954671000067],[118.38258937100011,9.204674930000067],[118.3800561700001,9.20680635900004]]],[[[118.39012628500006,9.229046711000024],[118.38947953200011,9.227464532000056],[118.39089837300003,9.22698097600005],[118.39145592300008,9.22853826000005],[118.39012628500006,9.229046711000024]]],[[[118.44078088800006,9.248988835000034],[118.43803388800006,9.248787209000056],[118.43244523100009,9.244747466000035],[118.43333801900008,9.24225126600004],[118.43121848100009,9.239125147000038],[118.43381771500003,9.22572053700003],[118.4264493390001,9.216347957000039],[118.42517651600008,9.209930819000022],[118.42668282600005,9.207418245000042],[118.4332812450001,9.212308341000039],[118.44203320100007,9.209940453000058],[118.44686971800002,9.210724238000068],[118.45315143100004,9.214079002000062],[118.45667435200005,9.219435161000035],[118.45773584100004,9.225422249000076],[118.45343250500002,9.23588806400005],[118.44765262500005,9.238602710000066],[118.44070612400003,9.236935826000035],[118.43945303600003,9.241238094000039],[118.44160983300003,9.244526464000046],[118.44098066400011,9.246852248000039],[118.44240607400002,9.247452482000028],[118.44078088800006,9.248988835000034]]],[[[118.50143926300007,9.25270643500005],[118.49976043900006,9.252110793000043],[118.50170703600008,9.250512711000056],[118.50143926300007,9.25270643500005]]],[[[118.32248001100004,9.40472875200004],[118.33442911300006,9.364288387000045],[118.29763247500011,9.354008630000067],[118.25544186200011,9.346867221000025],[118.234995034,9.338029256000027],[118.2001743510001,9.313342370000044],[118.16562072900001,9.29665149300007],[118.1345536770001,9.263212372000055],[118.12040872300008,9.25183015400006],[118.11554765100004,9.207089112000062],[118.08137653900008,9.20901041600007],[118.064496125,9.189005526000074],[118.0880178540001,9.17424866500005],[118.08867670100005,9.171593891000043],[118.09081731700007,9.171069764000038],[118.09393088800005,9.166041220000068],[118.09749828500003,9.169108696000023],[118.09955104300002,9.167366686000037],[118.10017018200006,9.168423290000021],[118.10369816900004,9.16719217900004],[118.1037813690001,9.166043589000026],[118.10691657000007,9.165321633000076],[118.10795063900002,9.162010698000074],[118.10996822600009,9.160907264000059],[118.11152476500001,9.16234018800003],[118.113173845,9.15964690100003],[118.11589452100009,9.159341786000027],[118.11416218000011,9.155917465000073],[118.1181444450001,9.154050625000025],[118.12172656500002,9.157188079000036],[118.1249231170001,9.152513528000043],[118.12636525100004,9.153161861000058],[118.12670092300004,9.150485137000032],[118.12957703500001,9.147997394000072],[118.13645332200008,9.148189339000055],[118.13752827100006,9.149496388000045],[118.13698442900011,9.148051464000048],[118.14502864500002,9.139969080000071],[118.14533810000012,9.136545948000048],[118.14886451900009,9.134910241000057],[118.15425100300001,9.138617819000046],[118.15194548800002,9.141216973000041],[118.1517223080001,9.143927184000063],[118.15414162600007,9.147973130000025],[118.15931136200004,9.14681407300003],[118.162449218,9.149499259000038],[118.1632440410001,9.14844147100007],[118.16591163800001,9.14990946200004],[118.16801440300003,9.154645720000076],[118.17059130700011,9.15535307500005],[118.17431541700012,9.155212173000052],[118.1778816530001,9.152071221000028],[118.1863928890001,9.152854688000048],[118.18911166500004,9.154265770000052],[118.18994445800001,9.157228533000023],[118.19192126000007,9.157259582000052],[118.19229358900009,9.159610736000047],[118.19329717500011,9.158745697000029],[118.19518223400007,9.16044970200005],[118.19730975100003,9.160038585000052],[118.201156996,9.163748437000038],[118.20671576500001,9.164745066000023],[118.20697218600003,9.167335850000029],[118.20982688000004,9.169475876000035],[118.21290108000005,9.168331422000051],[118.21283077300006,9.169825593000041],[118.21479593800007,9.170006606000072],[118.21438485400006,9.168873420000068],[118.2185385360001,9.165162391000024],[118.22027594700012,9.15758724400007],[118.22179391600002,9.157206797000072],[118.22776606800005,9.161511962000077],[118.2272773310001,9.160402697000052],[118.24000802600005,9.164858010000046],[118.24499007400004,9.165021031000038],[118.25301893800008,9.169175362000033],[118.25730875900001,9.169808887000045],[118.25816641300003,9.168098604000022],[118.25762855100004,9.16974990500006],[118.25990657400007,9.172311673000024],[118.26784116200008,9.175797385000067],[118.28539432000002,9.179722269000024],[118.28744189000008,9.177330512000026],[118.28622957100004,9.179467846000023],[118.29594307200011,9.18265554200002],[118.31121000300004,9.181517929000051],[118.31518533300004,9.178367134000041],[118.3257428170001,9.176646596000069],[118.32861763000005,9.173590132000072],[118.32988390900005,9.176942803000031],[118.3311042570001,9.17485268300004],[118.33760651000011,9.178912313000069],[118.34291761200006,9.177750185000036],[118.346617433,9.179556853000065],[118.34690595000006,9.181045039000026],[118.34760668400008,9.179262927000025],[118.34855507700001,9.182277149000072],[118.35382886900004,9.18813496000007],[118.35742207700002,9.187836190000041],[118.3596249630001,9.189454201000046],[118.35984337100001,9.19105081500004],[118.3575606500001,9.192546221000043],[118.36006195100003,9.195796931000075],[118.36285311300003,9.194487171000048],[118.36442896000005,9.195779519000041],[118.36158279300003,9.200820504000035],[118.36359414000003,9.203189744000042],[118.36227562700003,9.209062429000028],[118.36574196300012,9.212656834000029],[118.36959193700011,9.214204860000052],[118.37124045100006,9.21431370700003],[118.37194464200002,9.211938802000077],[118.37485028800006,9.211950084000023],[118.37503040600006,9.21408674600002],[118.37249576300007,9.215651365000042],[118.37436385800004,9.218094446000066],[118.37710998600005,9.215389431000062],[118.37944575900008,9.215764147000073],[118.37999397100009,9.217691925000054],[118.376829498,9.220487837000064],[118.37979837500006,9.223107007000067],[118.38194265400011,9.22194421100005],[118.38173664100009,9.22701378000005],[118.38507038800003,9.227621856000042],[118.38694233100011,9.224086096000065],[118.38855488500008,9.224420939000026],[118.38605067900005,9.229023741000049],[118.38854541400008,9.231234933000053],[118.38947354900006,9.234565943000064],[118.39290821200007,9.23467800800006],[118.39320224100004,9.236208657000077],[118.3915849330001,9.237035967000054],[118.39390879100006,9.237178276000066],[118.39372693100006,9.240005619000044],[118.3970101860001,9.243829646000052],[118.40714967200006,9.244738953000024],[118.40753132200007,9.242810534000057],[118.40764650000006,9.24466280400003],[118.40996275600003,9.245285384000056],[118.41513120000002,9.244173929000056],[118.41619847600009,9.245778345000076],[118.42162501700011,9.244935387000055],[118.41882778400009,9.251614920000065],[118.41899229600006,9.25856095000006],[118.42054011500011,9.263882589000048],[118.42344698700003,9.265724308000074],[118.42555570800005,9.272955687000035],[118.4285848180001,9.27727993700006],[118.43269521600007,9.280117178000069],[118.43682974400008,9.280952017000061],[118.43984793000004,9.27995629000003],[118.44015850900007,9.277207696000062],[118.44260190000011,9.275849247000053],[118.45395094100002,9.293356299000038],[118.46020768000005,9.298669252000025],[118.46741925100002,9.301997830000062],[118.47315348300003,9.302871950000053],[118.47322537900004,9.30124120000005],[118.47951915300007,9.301030608000076],[118.48513163300004,9.298449007000045],[118.48650703600003,9.29378147400007],[118.48887165300005,9.293993761000024],[118.49213904500004,9.304291510000041],[118.49559182300004,9.307280200000037],[118.49538803200005,9.310633592000045],[118.49708426400002,9.310631236000063],[118.500697381,9.323052730000029],[118.47865840400004,9.34022260100005],[118.48442377200001,9.347738349000053],[118.46274208000011,9.36628335000006],[118.456722,9.381254],[118.44495426000003,9.39173081000007],[118.43856726000001,9.392505209000035],[118.43185668000001,9.396436058000063],[118.45048029600002,9.418269047000024],[118.443963585,9.423714566000058],[118.44148838800004,9.424065086000041],[118.43942812600005,9.428757630000064],[118.43513587100006,9.428264072000047],[118.42321773700007,9.43324278700004],[118.42188714500003,9.434630523000067],[118.42289421300006,9.442922546000034],[118.32248001100004,9.40472875200004]]]]}},{"type":"Feature","properties":{"shapeName":"Quezon","shapeISO":"","shapeID":"30758251B7894567948973","shapeGroup":"PHL","shapeType":"ADM3","psgc_code":"1705317000","legacy_psgc_code":"175317000","province":"Palawan"},"geometry":{"type":"MultiPolygon","coordinates":[[[[117.85878361000005,9.248082859000021],[117.84938715800001,9.245189888000027],[117.84908130500003,9.243691039000055],[117.85684411900002,9.242893837000054],[117.86020004000011,9.246914446000062],[117.85878361000005,9.248082859000021]]],[[[117.88952510900003,9.26236500500005],[117.8845751450001,9.259527502000026],[117.88927505700008,9.257383245000028],[117.8912272010001,9.257904232000044],[117.89182369700006,9.259376598000074],[117.88952510900003,9.26236500500005]]],[[[117.94109878900008,9.273456819000046],[117.93499641800008,9.272823471000038],[117.933797088,9.270880853000051],[117.94396481400008,9.265073018000066],[117.9468630880001,9.269143678000034],[117.94418383400011,9.269998497000074],[117.94317221200004,9.272935028000063],[117.94109878900008,9.273456819000046]]],[[[117.94706103500005,9.294799631000046],[117.93873592000011,9.285976939000022],[117.93195939400005,9.28505788900003],[117.93013191300008,9.28348244800003],[117.93107588200007,9.280911981000031],[117.93578781200006,9.279411400000072],[117.93811506000009,9.273249469000064],[117.94052651700008,9.275962647000028],[117.93804499900011,9.282126835000042],[117.93951101200003,9.285358515000041],[117.94542469700002,9.290301346000035],[117.94706103500005,9.294799631000046]]],[[[117.99902083500001,9.297470275000023],[117.9974578230001,9.29537345500006],[118.00033661100008,9.287379079000061],[118.00330196700008,9.287069908000035],[118.00074076900012,9.297102421000034],[117.99902083500001,9.297470275000023]]],[[[117.96007457500002,9.301348398000073],[117.9567910400001,9.300040952000074],[117.96085486400011,9.298208552000062],[117.96109292900007,9.293604350000066],[117.96578513700001,9.291664166000032],[117.96685721600011,9.289186073000053],[117.96750431900011,9.292041210000036],[117.9645127980001,9.295970718000035],[117.96534914200004,9.297587950000036],[117.96007457500002,9.301348398000073]]],[[[117.9444285410001,9.316281035000031],[117.94615419900003,9.312523034000037],[117.94865579600003,9.31123942000005],[117.9444285410001,9.316281035000031]]],[[[118.08742081800006,9.359164425000074],[118.08347464200006,9.35822390800007],[118.08434495600011,9.35366354200005],[118.08585773200002,9.352784413000052],[118.08842752300006,9.354370706000054],[118.09057536300008,9.351969330000031],[118.09339314700003,9.352184253000075],[118.09340371400003,9.353911586000038],[118.0892475490001,9.35419547400005],[118.08729342700008,9.35604733200006],[118.08742081800006,9.359164425000074]]],[[[118.28648585000008,9.54973252700006],[118.28436786200007,9.54898830600007],[118.28429879400005,9.54615199400007],[118.28487485200003,9.541885783000055],[118.28747407500009,9.538685438000073],[118.2859395370001,9.539805133000073],[118.28577553900004,9.53684120500003],[118.2825061750001,9.532841791000067],[118.27652041700003,9.531362252000065],[118.27136265200011,9.521310654000047],[118.26677258600012,9.520450395000069],[118.25995451200004,9.515602466000075],[118.25341127800004,9.514744607000068],[118.24615208900002,9.510117714000046],[118.2439747520001,9.507433409000043],[118.24272954500009,9.501341315000047],[118.23912216500003,9.49812881500003],[118.23667272500006,9.492018839000025],[118.23418051600004,9.491964731000053],[118.22897021800009,9.496671267000067],[118.22424753300004,9.495097885000064],[118.22150118900004,9.492777025000066],[118.21951147800007,9.488061740000035],[118.2144089740001,9.48797264600006],[118.21107626000003,9.485848120000071],[118.20543286100008,9.473945929000024],[118.1995237000001,9.473181029000045],[118.19735156500008,9.47153438600003],[118.1971509440001,9.468503829000042],[118.19968199200002,9.464465964000055],[118.19763473700004,9.461787374000039],[118.19892241000002,9.459912057000054],[118.19446348300005,9.453899747000037],[118.19314053300002,9.448963741000057],[118.1939799910001,9.444851932000063],[118.18900853200012,9.43884042700006],[118.19352943800004,9.432576034000022],[118.18830049900009,9.429573227000049],[118.18755770900009,9.427133093000066],[118.18903377700008,9.420438851000029],[118.18815813000003,9.416603175000034],[118.18617481600006,9.414660776000062],[118.18676246700011,9.413056383000026],[118.18511329900002,9.412755816000072],[118.18620006100002,9.411014014000045],[118.18430033300001,9.409378541000024],[118.18453569400003,9.407672175000073],[118.18271682200009,9.408460339000044],[118.1723911690001,9.402097539000067],[118.16604554000003,9.403679271000044],[118.16074320000007,9.402828317000058],[118.16044978900004,9.400836623000032],[118.1579110350001,9.399647765000054],[118.15634050400001,9.400616255000045],[118.15308288500012,9.397284349000074],[118.15284401200006,9.398641552000072],[118.14491544000009,9.395574097000065],[118.14266483900008,9.395487021000065],[118.13883291000002,9.398011888000042],[118.12740548800002,9.397702578000064],[118.12848668100003,9.38585832700005],[118.1226126140001,9.377331063000042],[118.11674815900005,9.375575937000065],[118.11618684700011,9.372273089000032],[118.11811973500005,9.36495225300007],[118.12602675000005,9.353755400000068],[118.1252324830001,9.352569506000066],[118.12688085200011,9.350861902000076],[118.12674772000003,9.348198400000058],[118.12465870300002,9.347828696000022],[118.12802297700011,9.34683278700004],[118.1271195920001,9.342894753000053],[118.11981687100001,9.34095162400007],[118.11796841400007,9.341870158000063],[118.11582288800003,9.33716157400005],[118.11260022300007,9.335889245000033],[118.11263961100008,9.334011583000063],[118.11065429400003,9.333833537000032],[118.10825316400008,9.330956351000054],[118.10988612400001,9.329225437000048],[118.10571485800006,9.328452398000024],[118.10227983700008,9.336654315000033],[118.099506098,9.33845569400006],[118.09681579200003,9.337199876000057],[118.09636080300004,9.333932160000074],[118.0946244050001,9.33614766900007],[118.08694226500006,9.33334293200005],[118.08702632900008,9.330194389000042],[118.0893871290001,9.32795296200004],[118.0893903870001,9.325268490000042],[118.09069632800004,9.325261902000022],[118.08910997700002,9.324597664000066],[118.0900833280001,9.324340642000038],[118.088727145,9.322400708000032],[118.0884553840001,9.323814325000058],[118.0872133150001,9.322784285000068],[118.08822188900001,9.32110304300005],[118.08691778100001,9.316072912000038],[118.0781978230001,9.317383394000046],[118.07344072800004,9.312179588000049],[118.07362890400009,9.304671980000023],[118.06621742200002,9.29984625000003],[118.05799080200006,9.299869303000037],[118.06009834800011,9.298059998000042],[118.05497415900004,9.299933301000067],[118.0512757240001,9.299617540000042],[118.04649649700002,9.294324500000073],[118.05214753500002,9.284551434000036],[118.05062736100001,9.28477121700007],[118.04837848700004,9.278860203000022],[118.04452280300006,9.27669129800006],[118.03753655900005,9.277543894000075],[118.03851661500005,9.274656307000043],[118.03642353200007,9.276177798000049],[118.03293472400003,9.275784207000072],[118.03284340100004,9.271804417000055],[118.02436051600012,9.26611467600003],[118.02253059000009,9.260776798000052],[118.02792150700009,9.252765555000053],[118.02623825600006,9.24897809600003],[118.02145894400007,9.24460470200006],[118.01292036600012,9.241303101000028],[118.00915260300008,9.243630243000041],[118.00890558800006,9.24565855800006],[118.00422047100005,9.246595188000072],[118.00211329600006,9.245113600000025],[118.00214680800002,9.243089608000048],[117.99548387900006,9.239361305000045],[117.99511455600009,9.24134259400006],[117.99392247100002,9.238864972000044],[117.99102514200001,9.239244996000025],[117.98997757300003,9.241378495000049],[117.98951688300008,9.240332202000047],[117.98960457600003,9.24210194400007],[117.98738195100009,9.241727591000028],[117.98676063900007,9.244591015000026],[117.98370074000002,9.244369274000064],[117.98378508200005,9.24650304100004],[117.97726680400001,9.251703131000056],[117.97911599300005,9.26345776200003],[117.98527165300004,9.27057955400005],[117.9847822260001,9.276149544000077],[117.98169988500001,9.280600470000024],[117.97821611000006,9.275774260000048],[117.97247752300007,9.271629631000053],[117.96834470100009,9.273217569000053],[117.96223712000005,9.270283860000063],[117.95932897600005,9.265384771000072],[117.95963749200007,9.263306856000042],[117.95357297500004,9.262828570000067],[117.9528491420001,9.261235922000026],[117.95542251400002,9.256888143000026],[117.95429752000007,9.25663894400003],[117.95488661600007,9.254811637000046],[117.95296714000006,9.250816733000022],[117.95023957100011,9.252858212000035],[117.95010695200006,9.250964983000074],[117.94802044700009,9.252490322000028],[117.94663303700008,9.251439902000072],[117.94162889900008,9.25826689400003],[117.93606102400008,9.255181755000024],[117.93583035100005,9.253427713000065],[117.93810033900002,9.251909914000066],[117.93604645000005,9.25051817700006],[117.9347580320001,9.251872796000043],[117.92954539300001,9.252535886000032],[117.92624668000008,9.255496375000064],[117.92517573900011,9.260062711000046],[117.92453611700012,9.259310695000067],[117.92278397900009,9.26140276600006],[117.91826441,9.259314105000044],[117.91487372300003,9.261210704000064],[117.9124349870001,9.260132268000064],[117.90804635000006,9.260782325000037],[117.90777254600005,9.261866217000033],[117.90571002800004,9.261074569000073],[117.90287223100006,9.258697468000037],[117.90305695400002,9.256412468000065],[117.89647285700005,9.254987400000061],[117.8821614630001,9.243853080000065],[117.88255713600006,9.23944006000005],[117.88011924500006,9.23725666300004],[117.88459153400004,9.234716346000027],[117.8752783000001,9.230125796000038],[117.86928719100001,9.229912065000065],[117.87205989300003,9.228123433000064],[117.87150487400004,9.224901530000068],[117.86996453100005,9.221169076000024],[117.86630430200012,9.218130615000064],[117.86572249300002,9.213697843000034],[117.86161257200001,9.211307781000073],[117.86197457700007,9.208713772000067],[117.8593925020001,9.210501171000033],[117.85898983400011,9.216611254000043],[117.85420700300006,9.216980103000026],[117.85189401600007,9.214521576000038],[117.84851303200003,9.213809426000068],[117.8490866190001,9.210390239000048],[117.84683498800007,9.206630816000029],[117.83481188700011,9.201112829000067],[117.83237442500001,9.198394867000047],[117.8307388400001,9.191776555000047],[117.82455722800012,9.188437220000026],[117.8165760820001,9.190979306000031],[117.81341154200004,9.197781492000047],[117.81131055600008,9.197708359000046],[117.80845342200007,9.194526966000069],[117.80634681600009,9.188847080000073],[117.80648541500011,9.18478895800007],[117.80335122400004,9.180279942000027],[117.7965668280001,9.175787891000027],[117.7878892660001,9.175948230000074],[117.78251145400009,9.168679243000042],[117.77596941500008,9.16517776400002],[117.77517134900006,9.16292667700003],[117.77790393400005,9.157433481000055],[117.77811705500005,9.152619421000054],[117.77467198300008,9.148911287000033],[117.77293424900006,9.149023310000075],[117.77320841800008,9.146279924000055],[117.78048936100004,9.143766995000021],[117.77862643100002,9.142764167000053],[117.77776231100006,9.137528891000045],[117.7679962420001,9.135444647000043],[117.7620156810001,9.128261284000075],[117.7593340090001,9.122464938000064],[117.76078552600006,9.11774730600007],[117.75869294200004,9.111721763000048],[117.86050454100007,8.99552976800004],[117.90068103500005,9.012492404000056],[117.92333303600003,9.092272165000054],[117.94918922000011,9.128814348000049],[117.98317069400002,9.15965392000004],[118.00776795800004,9.178729812000029],[118.064496125,9.189005526000074],[118.08137653900008,9.20901041600007],[118.11554765100004,9.207089112000062],[118.12040872300008,9.25183015400006],[118.1345536770001,9.263212372000055],[118.16562072900001,9.29665149300007],[118.2001743510001,9.313342370000044],[118.234995034,9.338029256000027],[118.25544186200011,9.346867221000025],[118.29763247500011,9.354008630000067],[118.33442911300006,9.364288387000045],[118.32248001100004,9.40472875200004],[118.2885050000001,9.534385],[118.28648585000008,9.54973252700006]]]]}},{"type":"Feature","properties":{"shapeName":"Roxas","shapeISO":"","shapeID":"30758251B10061841294265","shapeGroup":"PHL","shapeType":"ADM3","psgc_code":"1705318000","legacy_psgc_code":"175318000","province":"Palawan"},"geometry":{"type":"MultiPolygon","coordinates":[[[[119.23045051000008,10.087451570000042],[119.22763702300006,10.086206665000077],[119.22425199600002,10.074760046000051],[119.22132699000008,10.071650742000031],[119.22155431700003,10.07025141500003],[119.2184491050001,10.067237629000033],[119.21401179100008,10.065785528000049],[119.21448948300008,10.06097107200003],[119.21972445800009,10.059563422000053],[119.22258177200001,10.060345446000042],[119.22526899000002,10.065073015000053],[119.22555401400007,10.068844476000038],[119.228033,10.06924063200006],[119.23149653200005,10.07365291900004],[119.23320641500004,10.079500308000036],[119.23045051000008,10.087451570000042]]],[[[119.2404558830001,10.127435525000067],[119.23778688400012,10.127048480000042],[119.2326287090001,10.12218186900003],[119.2343623490001,10.119646017000036],[119.23266438200005,10.117438072000027],[119.23453015000007,10.113147624000021],[119.2342186520001,10.10530529700003],[119.23371258400005,10.101088505000064],[119.23113121200004,10.09652717800003],[119.23205259800011,10.095542968000075],[119.22941453600004,10.092777761000036],[119.23003260200005,10.090725330000055],[119.23469806500009,10.090319172000022],[119.23720097700004,10.086443270000075],[119.23865051200005,10.086599445000047],[119.24716259200011,10.103565983000067],[119.24569740800007,10.110781703000043],[119.2468330260001,10.116213965000043],[119.242180845,10.126553668000042],[119.2404558830001,10.127435525000067]]],[[[119.24767741100004,10.154613384000072],[119.24731812300001,10.14519443100005],[119.24806355800001,10.142429607000054],[119.24981048100005,10.141767035000044],[119.25379446300008,10.145787248000033],[119.25413551200006,10.148884991000045],[119.25029587000006,10.153675061000058],[119.24767741100004,10.154613384000072]]],[[[119.30058251000003,10.240400822000026],[119.29898252700002,10.237945189000072],[119.3003845290001,10.234564406000061],[119.30227027100011,10.233870025000044],[119.30427133600006,10.237404262000041],[119.30058251000003,10.240400822000026]]],[[[119.30161753200002,10.242977061000033],[119.29930304800007,10.24301339300007],[119.30067189500005,10.241088607000052],[119.30161753200002,10.242977061000033]]],[[[119.32640627400008,10.249936456000057],[119.32506119000004,10.249701861000062],[119.32168837300003,10.240615202000072],[119.32231732500009,10.23872936600003],[119.32635628300011,10.236565514000063],[119.33070615500003,10.237353748000032],[119.33287749200008,10.24111836700007],[119.33230171000002,10.24344680300004],[119.32882935000009,10.245498810000072],[119.32640627400008,10.249936456000057]]],[[[119.38404603900005,10.253648763000058],[119.38323859700006,10.251692682000055],[119.38620468300007,10.247708250000073],[119.38687396900002,10.250649226000064],[119.38404603900005,10.253648763000058]]],[[[119.36820553200005,10.258557083000028],[119.36649437200003,10.257961297000065],[119.36695024900007,10.257009866000033],[119.3697884720001,10.256441961000064],[119.36820553200005,10.258557083000028]]],[[[119.497389569,10.26846101500007],[119.4981739110001,10.27009780800006],[119.49531032900006,10.270208231000026],[119.48961957800009,10.266022341000053],[119.497389569,10.26846101500007]]],[[[119.35604726800011,10.281940639000027],[119.35284263100004,10.277665898000066],[119.3550339840001,10.273569165000026],[119.35071465700003,10.271830487000045],[119.3509267290001,10.270551090000026],[119.35228181000002,10.271345233000034],[119.3521128110001,10.269186495000042],[119.3605000880001,10.274119725000048],[119.36240275700004,10.27672145300005],[119.36223624600007,10.281139954000025],[119.35604726800011,10.281940639000027]]],[[[119.45198400400011,10.284519475000025],[119.44972525800006,10.284405255000024],[119.44964241800005,10.283193202000064],[119.45276891300011,10.282401899000035],[119.45198400400011,10.284519475000025]]],[[[119.36478362700007,10.287060717000031],[119.36304535600004,10.286071913000058],[119.36422463400004,10.284917557000028],[119.36478362700007,10.287060717000031]]],[[[119.39129703300011,10.306504999000026],[119.38887233000003,10.30518831300003],[119.38892320500008,10.301294145000043],[119.39191684800005,10.30143660300007],[119.39297688300007,10.302909628000066],[119.39129703300011,10.306504999000026]]],[[[119.48094666600002,10.32006246900005],[119.47950932900005,10.319181750000041],[119.48042266800007,10.317735913000035],[119.48303141100007,10.317797960000064],[119.48094666600002,10.32006246900005]]],[[[119.444861,10.534022],[119.42515570300009,10.516197759000022],[119.40475431400012,10.557721480000055],[119.366077,10.587404],[119.36366374400006,10.587715040000035],[119.36372933500002,10.58589087200005],[119.35387845500009,10.575174858000025],[119.36081712400005,10.521722132000036],[119.36464668000008,10.510787622000066],[119.3356474090001,10.469480831000055],[119.27795367600004,10.417498884000054],[119.2700088690001,10.41642108600007],[119.185218,10.375822],[119.14616559300009,10.346086361000062],[119.10021180800004,10.318791814000065],[119.06620954000005,10.226487813000062],[119.15858181400006,10.120522504000064],[119.14084561100003,10.041213073000051],[119.13608534600007,10.025421768000058],[119.14135837600008,10.026762908000023],[119.1471213000001,10.026005319000035],[119.15507443900003,10.02830185700003],[119.15768286100001,10.030891352000026],[119.16606214400008,10.032539155000052],[119.1749369470001,10.037643013000036],[119.18071669800008,10.043330800000035],[119.18323152800008,10.04439641600004],[119.18705955200005,10.043672101000027],[119.1927178410001,10.04822847500003],[119.19613605600011,10.047314499000038],[119.20372258900011,10.05290442100005],[119.20336654700009,10.054501479000066],[119.20577703300012,10.053890413000033],[119.20671296500007,10.055029779000051],[119.20305940500009,10.05794832500004],[119.20346742800007,10.06145953500004],[119.20475753500011,10.06452831200005],[119.20551682500002,10.063131132000024],[119.20778078100011,10.065494079000075],[119.20687131900002,10.067225372000053],[119.21614630800002,10.074231174000033],[119.21780506900006,10.077326442000071],[119.21690595400003,10.084765265000044],[119.21849428100006,10.087009516000023],[119.21742761900009,10.08794391400005],[119.21867065600009,10.087555274000067],[119.21893048100003,10.088821328000051],[119.21747562300004,10.090656816000035],[119.21712500100011,10.09669419000005],[119.22489036400009,10.117548064000061],[119.22718614500002,10.118775965000054],[119.22600836000004,10.124172601000055],[119.22688996800002,10.127866858000061],[119.22485146400004,10.129840682000065],[119.22590104500011,10.137620906000052],[119.22415713100008,10.138901925000027],[119.22626138400005,10.143096324000055],[119.22514715800003,10.145398322000062],[119.22808712400001,10.144874794000032],[119.23127483200005,10.148979860000054],[119.23350985500008,10.147916892000069],[119.23372420600003,10.149281014000053],[119.235699855,10.149070175000077],[119.23351069000012,10.153146345000039],[119.23008906500002,10.155749510000021],[119.22914330800006,10.16268959100006],[119.22978452500001,10.171298102000037],[119.23429852400011,10.178181006000045],[119.23277203600003,10.181011918000024],[119.2403550360001,10.179635812000072],[119.23925568700008,10.180830447000062],[119.24206520000007,10.179951293000045],[119.2473725970001,10.18195539900006],[119.24497910900004,10.185521877000042],[119.24303437700007,10.185374465000052],[119.24403582800005,10.186231227000064],[119.2420632950001,10.19465017500005],[119.2443718510001,10.198472989000038],[119.2430838140001,10.201742331000048],[119.24706209100009,10.205385788000058],[119.24990779600012,10.215711946000056],[119.25806459400007,10.22603272200007],[119.25810558600006,10.233017807000067],[119.26222177400007,10.231835110000077],[119.26868621000006,10.241910914000073],[119.28425299700007,10.254257013000029],[119.28841486200008,10.273812004000035],[119.29086821900012,10.27579299000007],[119.29057340200006,10.278104627000062],[119.2930155040001,10.280666258000053],[119.29251791900003,10.283449774000076],[119.299141555,10.283480875000066],[119.30604419100007,10.289658300000042],[119.311139206,10.295239753000033],[119.31183516700003,10.298046446000058],[119.31953080500011,10.304201330000069],[119.32243325000002,10.311140616000046],[119.32632804500008,10.313746614000024],[119.32587666300003,10.312678025000025],[119.33369158100004,10.315247765000038],[119.3383938070001,10.31585356100004],[119.33869834200004,10.31366033200004],[119.33872091400008,10.316088140000033],[119.352461951,10.315052385000058],[119.35157823600002,10.317522741000062],[119.35516228800009,10.328095920000067],[119.35942368200006,10.330698794000057],[119.36440582500006,10.340086799000062],[119.37181800100007,10.343679291000058],[119.37180716300008,10.346131509000031],[119.37456250100001,10.344971987000065],[119.37948476100007,10.345920669000066],[119.38022621800008,10.347951549000072],[119.38274070900002,10.345515035000062],[119.39056807500003,10.344276208000053],[119.39335782900002,10.345792793000044],[119.39332489600008,10.350481127000023],[119.39780011100004,10.346671799000035],[119.4015638620001,10.345648443000073],[119.40596848500002,10.347220518000029],[119.40715111400004,10.349744586000043],[119.41401379500007,10.35452489000005],[119.4143240190001,10.356661874000054],[119.41522760600003,10.355433047000076],[119.42167822200008,10.355906873000038],[119.42711683900006,10.35176075000004],[119.43092541200008,10.355570470000032],[119.43561177800007,10.356674244000033],[119.43803807300003,10.363316201000032],[119.443728985,10.36948416000007],[119.44936782100001,10.369857652000064],[119.45518551200007,10.373091341000077],[119.45648774300003,10.375327688000027],[119.46369904100004,10.376192985000046],[119.47530711200011,10.370241771000053],[119.48653164500001,10.372648898000023],[119.48872252800004,10.370553259000076],[119.49199204100012,10.37081082800006],[119.49763234500006,10.36548926000006],[119.50161588000003,10.366871727000046],[119.505106565,10.366172249000044],[119.51105298100003,10.360803407000049],[119.51475166900002,10.363803009000037],[119.52218077000009,10.363340038000047],[119.53580194000006,10.369555650000052],[119.53681189200006,10.36831760900003],[119.54302261300006,10.371288252000056],[119.54639803100008,10.371221021000053],[119.5504059970001,10.368433510000045],[119.55657362900001,10.372671617000037],[119.56273473400006,10.371559112000057],[119.56901782700004,10.372852073000047],[119.5501705260001,10.41242830300007],[119.58282385200005,10.427791550000052],[119.58619241800011,10.431382105000068],[119.58358116800002,10.435224711000046],[119.5865481730001,10.438999348000038],[119.58040488400002,10.439446959000065],[119.5798527820001,10.436709503000031],[119.57827882900006,10.436545354000032],[119.5795243120001,10.435138677000054],[119.57850119000011,10.434369673000049],[119.57241993900004,10.43623038000004],[119.57446716800007,10.437760074000039],[119.5757748530001,10.441805755000075],[119.57480783400001,10.444950820000031],[119.57307012100011,10.445774271000062],[119.57352226600005,10.447481148000065],[119.56884708400003,10.447393926000075],[119.57025600800011,10.448325143000034],[119.56805957300003,10.451451490000068],[119.5704857720001,10.452079715000025],[119.5709976060001,10.453687308000042],[119.57258433600009,10.452869720000024],[119.57446621400004,10.457869809000044],[119.57231127700004,10.461448027000074],[119.5639671030001,10.46679703600006],[119.56609361100004,10.46933694200004],[119.5661715120001,10.472677618000034],[119.56083433100002,10.477765121000061],[119.56113801600009,10.481527038000024],[119.55638082500002,10.48386821500003],[119.55823709100002,10.48538145200007],[119.55615361600007,10.485272637000037],[119.5578835230001,10.495767277000027],[119.55354235000004,10.497546835000037],[119.55573969900001,10.501507193000066],[119.55381120800007,10.502290328000072],[119.5542035530001,10.506105379000076],[119.55122973300001,10.506417628000065],[119.55178839500002,10.509598222000022],[119.54768376400011,10.50603841700007],[119.54592900900002,10.50727239500003],[119.54667669700007,10.509028940000064],[119.54377752800008,10.509465705000025],[119.54396062800004,10.508194543000059],[119.54253393200008,10.508498751000047],[119.53978733200006,10.504360099000053],[119.53217319900011,10.505469180000034],[119.531147927,10.501231995000069],[119.52846301200009,10.50263363700003],[119.526177318,10.501902982000047],[119.52417000500009,10.50354881900006],[119.51937,10.50147],[119.5076750400001,10.484992212000066],[119.50475323600006,10.48745161200003],[119.49476635000008,10.483782113000075],[119.444861,10.534022]]]]}},{"type":"Feature","properties":{"shapeName":"San Vicente","shapeISO":"","shapeID":"30758251B71123600878116","shapeGroup":"PHL","shapeType":"ADM3","psgc_code":"1705319000","legacy_psgc_code":"175319000","province":"Palawan"},"geometry":{"type":"MultiPolygon","coordinates":[[[[118.94996677900008,10.334523510000054],[118.94393639300006,10.331306398000038],[118.94186378200004,10.333544501000063],[118.93782478600008,10.331733652000025],[118.94077155600007,10.33056179700003],[118.9436646150001,10.331303111000068],[118.94516181900008,10.32984274200004],[118.94914138400009,10.33080424700006],[118.95024949300011,10.333574227000042],[118.95271075900007,10.334496199000057],[118.94996677900008,10.334523510000054]]],[[[118.95851675000006,10.334695026000077],[118.95891160500003,10.335854021000046],[118.955276378,10.333015698000054],[118.95713699800001,10.332383794000066],[118.95851675000006,10.334695026000077]]],[[[119.13740455800007,10.41782089700007],[119.13796303200002,10.42039733100006],[119.13734609500011,10.417867074000071],[119.13908569500006,10.416440437000063],[119.13737300100001,10.41230003100003],[119.13894691100006,10.410375541000064],[119.138087358,10.406338258000062],[119.14169257900005,10.408795158000032],[119.1416113250001,10.416526720000036],[119.13820222600009,10.419739173000039],[119.13740455800007,10.41782089700007]]],[[[119.015651047,10.442270862000044],[119.0133809670001,10.44106993400004],[119.01345951500002,10.435824169000057],[119.01142274500012,10.431854866000037],[119.0145329830001,10.42813744600005],[119.01515604000008,10.422641503000023],[119.02182073600011,10.418097400000022],[119.02403990200003,10.425176171000032],[119.02769916300008,10.425112887000068],[119.02603005700007,10.429365891000032],[119.0272478390001,10.434992196000053],[119.01909892900005,10.436048238000069],[119.01733131600008,10.438436943000056],[119.01796300700005,10.440124566000065],[119.01661845800004,10.43950482200006],[119.015651047,10.442270862000044]]],[[[119.1582535660001,10.459068975000037],[119.15703910900004,10.458311102000039],[119.1619853310001,10.457770329000027],[119.1582535660001,10.459068975000037]]],[[[119.00031996000007,10.459214134000035],[118.997257235,10.457616491000067],[118.99524532900011,10.452685485000075],[118.99771082200004,10.450002033000032],[118.99691527900006,10.44541607800005],[118.99922483500006,10.443599712000037],[119.0039828890001,10.44784468000006],[119.00455545900002,10.450604354000063],[119.00139926300005,10.451733304000072],[119.0006330120001,10.453880258000027],[119.0045158040001,10.458067463000077],[119.0007966070001,10.457945582000036],[119.00031996000007,10.459214134000035]]],[[[119.15572095800007,10.459896996000055],[119.1545597060001,10.457930267000052],[119.1565132290001,10.458955315000026],[119.15572095800007,10.459896996000055]]],[[[119.16708522500005,10.462691464000045],[119.16270527400002,10.460901687000046],[119.16305026000009,10.458106003000069],[119.16674889700005,10.460016751000069],[119.17435153500003,10.459499462000053],[119.18263168400006,10.450806219000071],[119.181452841,10.455234393000069],[119.17755820200011,10.457499366000036],[119.17743985800007,10.461485051000068],[119.1738991840001,10.460510770000042],[119.16708522500005,10.462691464000045]]],[[[119.14993056300011,10.466223220000074],[119.14808893000009,10.462516486000027],[119.15344361700011,10.460986477000063],[119.14982215000009,10.46410301900005],[119.14993056300011,10.466223220000074]]],[[[119.16163483100001,10.470764701000064],[119.16089590500007,10.466815471000075],[119.16353005300004,10.465967216000024],[119.16163483100001,10.470764701000064]]],[[[119.15820660200006,10.48236034000007],[119.15993252200008,10.477291113000035],[119.16231648400003,10.480890026000054],[119.15820660200006,10.48236034000007]]],[[[119.15216590600005,10.491699599000071],[119.1521760170001,10.488132794000023],[119.1536812920001,10.490287661000025],[119.15216590600005,10.491699599000071]]],[[[119.1330645270001,10.50925077100004],[119.13112560000002,10.508195968000052],[119.13339909700005,10.504542159000039],[119.13052497300009,10.499388215000067],[119.13225725500001,10.493864981000058],[119.1351553180001,10.499138414000072],[119.13759605200005,10.500072063000061],[119.14348853000001,10.497557861000075],[119.14521995500002,10.494171343000062],[119.15185697100003,10.492415612000059],[119.14865584800009,10.496776890000035],[119.14917008900011,10.498033434000035],[119.14685901300004,10.496928842000045],[119.14511304200005,10.498502032000033],[119.14373495000007,10.501221689000033],[119.14452489100006,10.504911803000027],[119.14158961600003,10.504298944000027],[119.13972752200004,10.507166293000068],[119.133597957,10.50632132000004],[119.1330645270001,10.50925077100004]]],[[[119.06909012100004,10.512517925000054],[119.06753788200001,10.508879830000069],[119.0564558960001,10.505456589000062],[119.05837926100003,10.500584285000059],[119.06177831000002,10.499531499000057],[119.06300121700008,10.497224819000053],[119.05458172600004,10.489331374000074],[119.05720250700006,10.489710565000053],[119.05767501700007,10.487952794000023],[119.05963056700011,10.487894550000021],[119.06163342100001,10.489853247000042],[119.06426817800002,10.490468422000049],[119.0659014260001,10.488907564000044],[119.0697360370001,10.490499053000065],[119.0724510340001,10.488257586000032],[119.07216889800009,10.485583425000073],[119.07777443700002,10.48523102400003],[119.077024273,10.488271643000076],[119.07909467400009,10.491286340000045],[119.07750976300008,10.49443463700004],[119.08110105300011,10.497464219000051],[119.08317641800011,10.503408261000061],[119.07886423900004,10.501375331000077],[119.07639862000008,10.503999468000075],[119.0783936360001,10.506349890000024],[119.07706890100008,10.50820645400006],[119.07845821700005,10.509871804000056],[119.07771489200002,10.511529842000073],[119.07317597100007,10.509912375000056],[119.07265148300007,10.511344073000032],[119.069858543,10.510847437000052],[119.06909012100004,10.512517925000054]]],[[[119.11625568000011,10.542407210000022],[119.11580584,10.538779290000036],[119.11767177800004,10.539616911000053],[119.11625568000011,10.542407210000022]]],[[[119.11096604400007,10.554170136000039],[119.10951381500001,10.552632163000055],[119.1114816060001,10.551208552000048],[119.11541766000005,10.552005396000027],[119.11096604400007,10.554170136000039]]],[[[119.19938596000009,10.555941345000065],[119.19666888600011,10.554490823000037],[119.19876821700007,10.550806925000074],[119.203599187,10.552103669000076],[119.19938596000009,10.555941345000065]]],[[[119.16086065600007,10.592758097000058],[119.15577313600011,10.59141965300006],[119.15426998500004,10.589070357000026],[119.15268270500007,10.58981742900005],[119.15046901200003,10.586309362000065],[119.1454073110001,10.584734290000029],[119.1462057550001,10.58144012200006],[119.14254766400006,10.579441170000052],[119.13827733900007,10.581544853000025],[119.13928136100003,10.584977446000039],[119.13808738600005,10.586828486000059],[119.13455981400011,10.584847859000035],[119.1327396800001,10.581603869000048],[119.12836765800012,10.581975858000021],[119.12695985800008,10.584992068000076],[119.12973390000002,10.590091920000077],[119.1227531720001,10.588098634000062],[119.1195294470001,10.585107318000041],[119.11829411400004,10.580513991000032],[119.11922852200007,10.576780769000038],[119.12252159000002,10.57603309500007],[119.12583998500008,10.577437837000048],[119.12997927900005,10.575320470000065],[119.13016517400001,10.572681501000034],[119.13472044000002,10.57266339000006],[119.13544333000004,10.571514942000022],[119.13505659200007,10.568723179000074],[119.13220348900006,10.56653730100004],[119.12623960400003,10.564793383000051],[119.12670584000011,10.561889915000052],[119.1300947200001,10.561333773000058],[119.12965510100003,10.558607990000041],[119.12482213700002,10.55613745900007],[119.12354128900006,10.552827827000044],[119.11981276800009,10.551602956000067],[119.11905021000007,10.549454482000044],[119.1228246070001,10.548959465000053],[119.12421332100007,10.551856455000063],[119.1275498330001,10.55178455500004],[119.12725031600007,10.553914348000035],[119.12931322400004,10.555406996000045],[119.13160020300006,10.554807535000066],[119.13280708200011,10.551802855000062],[119.13529553600006,10.554651429000046],[119.13770359400007,10.55486225200002],[119.13821144700012,10.552692580000041],[119.14152631900004,10.550897947000067],[119.13832946200012,10.55485048600002],[119.14101698900004,10.557718291000072],[119.1481984300001,10.55788164200004],[119.15136709,10.562781651000023],[119.14987512000005,10.565791252000054],[119.15231893700002,10.566517824000073],[119.15348891500003,10.569681849000062],[119.16111650300002,10.566469766000068],[119.16545910900004,10.562996553000062],[119.16738535800005,10.566530947000047],[119.17435973900001,10.570151984000063],[119.18170221200012,10.569560413000033],[119.18355139300002,10.567448411000044],[119.18195511700003,10.565814803000023],[119.18498604500007,10.562745778000021],[119.19008973000007,10.565762612000071],[119.19296711700008,10.562976827000057],[119.194716201,10.565688254000065],[119.1981608430001,10.564341740000032],[119.19962203700004,10.567208227000037],[119.1966306160001,10.568782751000072],[119.19414140900005,10.568368368000051],[119.19320213800006,10.571036037000056],[119.19182397800012,10.569180919000075],[119.18795722700008,10.568587186000059],[119.18626752800003,10.573096559000021],[119.18307473200002,10.575808920000043],[119.18037869000011,10.574632101000077],[119.17783407000002,10.576068596000027],[119.1763119520001,10.580030685000054],[119.17414155400002,10.58134268300006],[119.17114257100002,10.57837016600007],[119.17684078800005,10.576191355000049],[119.17657125700009,10.572675491000041],[119.16946185800009,10.572563309000031],[119.16597311800001,10.570651059000056],[119.16391468800009,10.570802637000043],[119.16378086800012,10.57237079400005],[119.16030917100011,10.572274202000074],[119.15858833400011,10.575850101000071],[119.16095000500002,10.577231741000048],[119.1609712500001,10.579815621000023],[119.1583701940001,10.580332572000032],[119.15644083600012,10.583353134000049],[119.16325617300004,10.587715064000065],[119.16075688500007,10.588703553000073],[119.16086065600007,10.592758097000058]]],[[[119.29698036000002,10.694154010000034],[119.29488807700011,10.693146958000057],[119.2949907090001,10.691619457000058],[119.29916060900007,10.693265972000063],[119.29698036000002,10.694154010000034]]],[[[119.30798379500004,10.70402630700005],[119.30465268500006,10.701535886000045],[119.30323980000003,10.695762990000048],[119.30216229100006,10.69580284500006],[119.30379822700002,10.688477179000074],[119.3098745750001,10.69026266800006],[119.31190709700002,10.694445511000026],[119.31235720500001,10.703578072000028],[119.30931035100002,10.701996935000068],[119.30798379500004,10.70402630700005]]],[[[119.06620954000005,10.226487813000062],[119.10021180800004,10.318791814000065],[119.14616559300009,10.346086361000062],[119.185218,10.375822],[119.2700088690001,10.41642108600007],[119.27795367600004,10.417498884000054],[119.3356474090001,10.469480831000055],[119.36464668000008,10.510787622000066],[119.36081712400005,10.521722132000036],[119.35387845500009,10.575174858000025],[119.36372933500002,10.58589087200005],[119.36366374400006,10.587715040000035],[119.366077,10.587404],[119.3662634100001,10.591073292000033],[119.37764793000008,10.621779702000026],[119.37465001500004,10.71730087900005],[119.35006242000009,10.737718450000045],[119.3443386140001,10.75906053600005],[119.3251126560001,10.785535689000028],[119.31755413000008,10.78897580000006],[119.31154759300011,10.786494128000072],[119.30952580500002,10.786951871000042],[119.28463101700004,10.772921523000036],[119.27450023900008,10.764815588000033],[119.27453338600003,10.764802986000063],[119.27456057900008,10.764783892000025],[119.284251347,10.767090878000033],[119.28777300600007,10.76606934800003],[119.29268908100005,10.771543087000055],[119.30283041200005,10.775398344000052],[119.31149230800008,10.772126634000074],[119.31513947000008,10.769185007000033],[119.3177796330001,10.770712420000052],[119.32434758900001,10.759394718000067],[119.32330228400008,10.74639075400006],[119.32557994100011,10.74377561800003],[119.32852780400003,10.746888055000056],[119.33197401100006,10.745739438000044],[119.33832782200011,10.741737063000073],[119.34266719200002,10.735804763000033],[119.34346088000007,10.715168686000027],[119.33852804900005,10.689605335000067],[119.33609534600009,10.687006757000063],[119.33006327500004,10.669267997000077],[119.32634890800011,10.664679482000054],[119.3277998100001,10.656190492000064],[119.32957572100008,10.654768834000038],[119.32877076800003,10.648072254000056],[119.32252409700004,10.627656063000074],[119.31849020900006,10.618526487000054],[119.31655818100012,10.617757056000073],[119.31812044800006,10.615538575000073],[119.31747934900011,10.613915568000039],[119.32360318500002,10.613218655000026],[119.32430839100005,10.608153663000053],[119.32213675900005,10.59969409300004],[119.31658549300005,10.588051380000024],[119.31117338900003,10.582396067000047],[119.3078261070001,10.58418006200003],[119.3080453880001,10.578955197000028],[119.30585995000001,10.574338978000071],[119.29237591900005,10.556569326000044],[119.28303502300002,10.54857111900003],[119.26444370200011,10.537307858000077],[119.25500837300001,10.537565155000038],[119.25262001100009,10.542985815000065],[119.24684015000003,10.545815405000042],[119.24268492600004,10.551910269000075],[119.24170982600003,10.548770043000047],[119.24280969000006,10.547322034000047],[119.24053606000007,10.544711902000074],[119.23607375000006,10.545677804000036],[119.23510729300006,10.54908050900002],[119.2295677400001,10.547649157000023],[119.23394248500006,10.538444879000053],[119.2345489710001,10.539553451000074],[119.2374107710001,10.538665111000057],[119.2392893970001,10.531156783000029],[119.2414296710001,10.532418304000032],[119.2449957880001,10.531039601000032],[119.2483410530001,10.53356978000005],[119.25101939300009,10.532722156000034],[119.25341929700005,10.52973606300003],[119.2521835330001,10.528339690000053],[119.25357691400006,10.528772188000062],[119.2545517310001,10.522078450000038],[119.25433616400005,10.524303905000068],[119.25597667400007,10.524591002000022],[119.25930924500005,10.520773751000036],[119.26498719500012,10.51860120400005],[119.26874792100011,10.513172156000053],[119.26845188900006,10.506942275000029],[119.26291122400005,10.50220528500006],[119.25880181500008,10.501177690000077],[119.26159416400003,10.49909023300006],[119.26148134300001,10.496498401000053],[119.25660912900003,10.484239242000058],[119.25121614900002,10.480703844000061],[119.24453438800003,10.479125466000028],[119.24134293500003,10.482409202000042],[119.24213974000008,10.484804129000054],[119.23453376700002,10.485634785000059],[119.23376271200004,10.487172490000034],[119.2264634930001,10.48609814300005],[119.22489824200011,10.488167568000051],[119.22383181700002,10.48650654000005],[119.22479962300008,10.483817143000067],[119.2229432040001,10.481476059000045],[119.21820756000011,10.47993606700004],[119.21557394400008,10.481225233000032],[119.21525399400002,10.476926760000026],[119.21171783900002,10.472188994000021],[119.21681010200007,10.472494281000024],[119.21698189000006,10.468427095000038],[119.21578782800009,10.467937075000066],[119.21417186400004,10.461644461000049],[119.21211735100007,10.459722433000024],[119.20873463400005,10.461006302000044],[119.20712410300007,10.45828165200004],[119.20370256600006,10.456367851000039],[119.20166484800006,10.456002910000052],[119.19922233200009,10.458019798000066],[119.19672620500012,10.45507899200004],[119.1910691920001,10.45222958100004],[119.18995867600006,10.449081342000056],[119.19106250400012,10.448416666000071],[119.19036861600011,10.44724644300004],[119.19152959900009,10.447416615000066],[119.18773282500001,10.442397399000072],[119.18917977000001,10.438676806000046],[119.18853943200008,10.433402465000029],[119.18270961000007,10.427604024000061],[119.17730741500009,10.426963087000047],[119.17561019800007,10.419790533000025],[119.17783644100007,10.418798082000023],[119.17901678200008,10.41544801200007],[119.17644453000003,10.41171419400007],[119.17214473600006,10.409482791000073],[119.16883004500005,10.412203335000072],[119.16398518900007,10.413116820000027],[119.16236943100012,10.410765341000058],[119.15850628300007,10.410560032000035],[119.15658386300004,10.40644063800005],[119.1529419100001,10.40568747900005],[119.15132223600006,10.402151281000044],[119.14859682400004,10.401876108000067],[119.1440065600001,10.398600165000062],[119.14217166800006,10.399760601000025],[119.14105814700008,10.395189106000032],[119.14419626100005,10.393843111000024],[119.14596258000006,10.396284519000062],[119.1456973380001,10.394345213000065],[119.14739940900006,10.392550437000068],[119.14046132200008,10.389315328000066],[119.14272812700005,10.38305144800006],[119.142435825,10.381749078000041],[119.14084000700007,10.382620451000037],[119.1390938080001,10.380801030000043],[119.13030222800012,10.383885317000022],[119.12753474800002,10.382695966000028],[119.12623527800008,10.383786564000047],[119.12561306900011,10.387808789000076],[119.1231339840001,10.387734117000036],[119.12344239900006,10.391350421000027],[119.11958400100002,10.396583503000045],[119.11983468300002,10.402800178000064],[119.1148190780001,10.406930153000076],[119.11312581600009,10.411334182000076],[119.11235054100007,10.422564579000039],[119.11375917600003,10.422739772000057],[119.11452491900002,10.428227142000026],[119.1175640560001,10.431432236000035],[119.11807477900004,10.441338254000073],[119.1233704340001,10.44315425600007],[119.12413350600002,10.44809624000004],[119.11809732400002,10.445033804000047],[119.11129412000003,10.44779740000007],[119.11418466700002,10.46010945300003],[119.10643435400004,10.457730187000038],[119.10422021900001,10.460376600000075],[119.10678971900006,10.465287501000034],[119.10391719900008,10.465669021000053],[119.1037566550001,10.46780633700007],[119.1023039160001,10.46803095100006],[119.10498943300001,10.469798979000075],[119.10426794600005,10.470611900000051],[119.1055578480001,10.469992433000073],[119.10601147800003,10.47248565700005],[119.10634545000005,10.471440206000068],[119.11085936400002,10.471045225000069],[119.11309690100006,10.474120035000055],[119.12157044900005,10.472299737000071],[119.12128188400004,10.478714005000029],[119.11687927900005,10.47831396600003],[119.11686347900002,10.483025659000077],[119.11420184500003,10.484495783000057],[119.11369720500011,10.483101963000024],[119.11134439000011,10.482758631000024],[119.1084578440001,10.477763872000025],[119.1065168770001,10.477682838000021],[119.1057911800001,10.479147302000058],[119.10278491600002,10.478187044000038],[119.1016445890001,10.479727324000066],[119.1027716640001,10.482496549000075],[119.10177662300009,10.483770769000046],[119.09897226300006,10.483478515000058],[119.09769118300005,10.485495124000067],[119.09641413500003,10.485012634000043],[119.09634135700003,10.480891606000057],[119.0949546390001,10.480885485000044],[119.09576941400007,10.479178926000031],[119.09345978500005,10.471716041000036],[119.09061316100008,10.47064883400003],[119.0853160040001,10.47687865100005],[119.08438405000004,10.482601814000077],[119.08255106600006,10.47775185200004],[119.08287792700003,10.47292554300003],[119.08462120100012,10.470676301000026],[119.08419906200004,10.46734348800004],[119.07706148000011,10.463311176000047],[119.08281990800003,10.462041525000075],[119.08760141000005,10.463688837000063],[119.08964716900005,10.461744748000058],[119.08315631000005,10.45800375400006],[119.08626338200008,10.456778670000062],[119.0858144010001,10.455845994000072],[119.07389210100007,10.451192270000035],[119.07723718000011,10.448058254000046],[119.07928718700009,10.450484317000075],[119.09245245800003,10.451290993000043],[119.09301813500008,10.44762042900004],[119.08772860700003,10.445477956000047],[119.0863276130001,10.442984984000077],[119.09067330000005,10.44098555100004],[119.09383721600011,10.442707486000074],[119.0943783140001,10.440331092000065],[119.09734375800008,10.44095796800002],[119.10038728200004,10.436853334000034],[119.10238225800003,10.437535600000047],[119.10492628400004,10.434951458000057],[119.10395732900008,10.43242573200007],[119.09738535600002,10.427702073000034],[119.09522865200006,10.427608034000059],[119.09782563300007,10.425074648000077],[119.09661793600003,10.420585868000046],[119.09113690000004,10.418043125000054],[119.0849170240001,10.421976771000061],[119.08224775000008,10.416821649000042],[119.07979825200005,10.416554739000048],[119.07834836400002,10.417055181000023],[119.07780062600011,10.42000804600002],[119.07442135500003,10.41936432500006],[119.07256785400011,10.421204660000058],[119.06880323000007,10.419583345000035],[119.065545616,10.42362855400006],[119.06366218300002,10.42301731200007],[119.0638612140001,10.418828766000047],[119.06868834300008,10.418136452000056],[119.07108140100001,10.413066785000069],[119.07607328600011,10.410665321000067],[119.07334356900003,10.405424235000055],[119.07586783200009,10.401678298000036],[119.07108437700003,10.395860235000043],[119.06502441400005,10.394485903000032],[119.06445125200003,10.388113518000068],[119.06416937800009,10.388975475000052],[119.0571996430001,10.386423664000063],[119.052881522,10.387055480000072],[119.04885957800002,10.39075000300005],[119.04656930200008,10.396706249000033],[119.04737083000009,10.404093635000038],[119.04147961900003,10.398683290000065],[119.03841600800001,10.399224162000053],[119.03650568700004,10.397307645000069],[119.03465276400004,10.39904578900007],[119.03416008700003,10.402643022000063],[119.03635278900003,10.408833784000024],[119.03591759800008,10.412148271000035],[119.03101754500005,10.41036396100003],[119.02796060700007,10.412417572000038],[119.02748004500006,10.414951035000058],[119.02309052900011,10.417222941000034],[119.02134240800001,10.407841369000039],[119.01332647000004,10.40566231500003],[119.01194688300006,10.403997409000056],[119.00979711100001,10.404133174000037],[119.00788924200003,10.408599816000049],[119.00597583100011,10.407485217000044],[119.00415961800002,10.403008080000063],[119.00145875400005,10.40255034200004],[118.99886365500004,10.408011431000034],[118.99795410400009,10.407460603000061],[118.99540258200011,10.410812183000075],[118.99532603800003,10.413209144000064],[118.99189339000009,10.40884515700003],[118.99135772500006,10.409664693000025],[118.986914651,10.407360836000066],[118.98618544800001,10.40510938500006],[118.98903417300005,10.396460323000042],[118.99196907900011,10.392864597000028],[118.99088824400008,10.390552513000046],[118.97979149700006,10.385338447000038],[118.98314559200003,10.375925505000055],[118.97863526800006,10.373550521000027],[118.97684535000008,10.370583859000021],[118.97458128200003,10.370413781000025],[118.97301545000005,10.372911303000024],[118.97146414000008,10.37143373400005],[118.96953945100006,10.373079864000033],[118.9663509500001,10.370353335000061],[118.96499770000003,10.371199079000064],[118.96765589300003,10.366564843000049],[118.96658727300007,10.363773312000035],[118.96896091100007,10.36318368700006],[118.97559750200003,10.356181078000077],[118.97435802400003,10.353553719000047],[118.97147924,10.353143498000065],[118.9751966440001,10.350645837000059],[118.97514143300009,10.346361114000047],[118.97644795700012,10.345850423000059],[118.97617754800001,10.347721213000057],[118.98102813000003,10.353169144000049],[118.98367024600009,10.352921896000055],[118.98548482000001,10.350071610000043],[118.9868166330001,10.351417200000071],[118.99025986600009,10.350638722000042],[118.9907110900001,10.352066431000026],[118.99635545000001,10.353723553000066],[118.99498866300007,10.355161620000047],[118.99725568500003,10.358481705000031],[119.00171029800003,10.357731045000037],[119.000963866,10.360471142000051],[119.0038051900001,10.364571074000025],[119.00490339300006,10.369469452000033],[119.01457442600008,10.376345086000072],[119.01863837500002,10.375389713000061],[119.01877499400007,10.368957782000052],[119.01555388600002,10.36608085000006],[119.01640924800006,10.363523617000055],[119.01857776800011,10.363463616000047],[119.02061490100004,10.360280880000062],[119.01488804400003,10.354713424000067],[119.02005546900011,10.350534788000061],[119.02201985900001,10.344323862000067],[119.02668421200008,10.34085557900005],[119.02596145400003,10.338815573000034],[119.02773831800005,10.33855793500004],[119.01944917600008,10.336646251000047],[119.01639548300011,10.33786652200007],[119.01107064900009,10.344128114000057],[119.00720849600009,10.344040807000056],[119.00393293700006,10.339793131000022],[119.0054707490001,10.334433798000077],[119.0033543400001,10.33138283900007],[119.00111874600009,10.331142072000034],[119.00119097900006,10.32719886600006],[118.99657166100008,10.321872800000051],[118.99948796100011,10.32104841100005],[119.00253326400002,10.317615695000029],[118.99848266700008,10.30807618600005],[118.99129648400003,10.301634092000029],[118.98477289100003,10.301394093000056],[118.97787619100006,10.305441510000037],[118.97456674500006,10.309256883000046],[118.97150500200007,10.31015095600003],[119.055288743,10.225280284000064],[119.0613520280001,10.232227755000054],[119.06620954000005,10.226487813000062]]]]}},{"type":"Feature","properties":{"shapeName":"Taytay","shapeISO":"","shapeID":"30758251B72316190206283","shapeGroup":"PHL","shapeType":"ADM3","psgc_code":"1705320000","legacy_psgc_code":"175320000","province":"Palawan"},"geometry":{"type":"MultiPolygon","coordinates":[[[[119.60296464600003,10.679929713000035],[119.5995558950001,10.676471482000068],[119.60112922700011,10.674086251000062],[119.60326193800006,10.676563671000054],[119.60296464600003,10.679929713000035]]],[[[119.58732226300003,10.682926817000066],[119.585698911,10.682258328000046],[119.58216779100007,10.675084002000062],[119.58705628000007,10.67676812600007],[119.58836193500008,10.679325473000063],[119.58732226300003,10.682926817000066]]],[[[119.62643358500009,10.722028648000048],[119.62524642400001,10.721368050000024],[119.62785610600008,10.718755890000068],[119.62730793700007,10.717374732000053],[119.62147965400004,10.715434035000044],[119.62274404100003,10.71109350300003],[119.62496780900005,10.71151924700007],[119.62721017800004,10.714923635000048],[119.62865387600004,10.71419815400003],[119.62864297400006,10.708935762000067],[119.63385613900005,10.710107687000061],[119.63657845400007,10.713686464000034],[119.63579825900001,10.719866970000055],[119.62643358500009,10.722028648000048]]],[[[119.69850003400006,10.728203948000044],[119.69456293300004,10.725039758000037],[119.69264960700002,10.718613153000035],[119.69012213200006,10.716093472000068],[119.6887271270001,10.708143894000045],[119.6902030230001,10.702321049000034],[119.68958499100006,10.697982337000042],[119.693277652,10.688214035000044],[119.69334253000011,10.683585047000065],[119.69883986000002,10.687668002000066],[119.69775931900006,10.693826942000044],[119.70278710000002,10.700496613000041],[119.70146205500009,10.702650901000027],[119.70247032700001,10.703993333000028],[119.7000035100001,10.70703663100005],[119.69703337900012,10.708183311000028],[119.6962937300001,10.710434028000066],[119.69650771600004,10.714455060000034],[119.69794645500008,10.714868453000065],[119.69659670600004,10.718237284000054],[119.69896086200004,10.71980736300003],[119.6976474390001,10.721888786000022],[119.69905278800002,10.725447118000034],[119.69850003400006,10.728203948000044]]],[[[119.62731460600003,10.732563417000051],[119.6259870990001,10.731756919000077],[119.6287486550001,10.728527808000024],[119.63057434900009,10.729226579000056],[119.634845218,10.727428144000044],[119.63473025400003,10.730247133000034],[119.62731460600003,10.732563417000051]]],[[[119.65713862000007,10.748157],[119.654625656,10.744518957000025],[119.66021083100009,10.74463558900004],[119.65713862000007,10.748157]]],[[[119.37442012600002,10.796326623000027],[119.37452977100008,10.794827603000044],[119.37653826700011,10.795454391000021],[119.37442012600002,10.796326623000027]]],[[[119.64710832000003,10.802953914000057],[119.6454758430001,10.80279458900003],[119.64456885200002,10.79702788800006],[119.64743787500004,10.79852537100004],[119.64690898100002,10.79961636400003],[119.64864839300003,10.801092078000067],[119.64710832000003,10.802953914000057]]],[[[119.62193034900008,10.814658525000027],[119.61950827600003,10.813669247000064],[119.62381970000001,10.812888943000075],[119.62193034900008,10.814658525000027]]],[[[119.35192144300004,10.823590411000055],[119.35058892800009,10.823281869000027],[119.35155646900012,10.821966233000069],[119.35192144300004,10.823590411000055]]],[[[119.32854516400005,10.829669747000025],[119.32626929600008,10.826536173000022],[119.32840922200012,10.821334336000064],[119.3299358810001,10.825212581000073],[119.333874207,10.827598267000042],[119.32854516400005,10.829669747000025]]],[[[119.23789171400006,10.836314824000056],[119.23475496000003,10.83472282100007],[119.23623421600007,10.833128075000047],[119.23575294200009,10.831067579000035],[119.23775660100011,10.834854665000023],[119.23879979700007,10.834132533000059],[119.23789171400006,10.836314824000056]]],[[[119.35006064200002,10.836119402000065],[119.3473554950001,10.835310661000051],[119.34653063500002,10.832269418000067],[119.34905273000004,10.833213645000058],[119.35104218400011,10.829344835000029],[119.35214365700006,10.830175608000047],[119.351879918,10.834605976000034],[119.35006064200002,10.836119402000065]]],[[[119.62579422400006,10.838149714000053],[119.62448398200002,10.83486137500006],[119.62542558300004,10.834014884000055],[119.62109991500006,10.83270922500003],[119.62248655500002,10.830513374000077],[119.62149708000004,10.828619289000073],[119.6237381310001,10.825529735000032],[119.63098222000008,10.824869988000046],[119.6300293700001,10.823850973000049],[119.6328096850001,10.823258231000068],[119.62384636900003,10.821207892000075],[119.61782320500004,10.824718173000065],[119.61711427600005,10.820999284000038],[119.62553673800005,10.817820159000064],[119.62851487700004,10.818444976000023],[119.6291643300001,10.813700604000076],[119.63118110300002,10.81144772700003],[119.62950222300003,10.808932775000073],[119.62718450500006,10.810107238000057],[119.62223274500002,10.808049425000036],[119.62158500800001,10.80591812800003],[119.62391495200006,10.804914006000047],[119.62635558500006,10.807118058000071],[119.62739992900003,10.804214195000043],[119.63050177200012,10.802575878000027],[119.62865942100007,10.799924175000058],[119.63213325700008,10.798097660000053],[119.63319709400002,10.799949712000057],[119.63728491400002,10.800899495000067],[119.6385474970001,10.799923829000022],[119.63915182300002,10.801989245000073],[119.64079998900002,10.80199758200007],[119.63961041300001,10.805086201000051],[119.64077910900005,10.805240549000075],[119.63976785500006,10.80629682700004],[119.64159032000009,10.808899663000034],[119.63904581500003,10.815661299000055],[119.640033861,10.817471796000063],[119.64180131900002,10.817326867000077],[119.64146762400003,10.820678101000055],[119.64119809400006,10.821839222000051],[119.63838758000009,10.821424910000076],[119.63973984000006,10.823034147000044],[119.63726541500012,10.822283101000039],[119.6404446680001,10.824378121000052],[119.63941110000007,10.826236610000024],[119.63803419100009,10.823687799000027],[119.63532453000005,10.822644911000054],[119.635252734,10.82591387900004],[119.63032843300005,10.831166365000058],[119.62990777700008,10.836033947000033],[119.62579422400006,10.838149714000053]]],[[[119.43061817000012,10.846612442000037],[119.42902141500008,10.84560091800006],[119.43009616300003,10.843502417000025],[119.42996165500006,10.84520032200004],[119.43206402900012,10.846279855000034],[119.43061817000012,10.846612442000037]]],[[[119.30357145500011,10.850168538000048],[119.30010567400006,10.848702206000041],[119.29594740800007,10.849736742000061],[119.29919972300002,10.846339156000056],[119.30312203500011,10.845769885000038],[119.30425459600008,10.844097280000028],[119.30357145500011,10.850168538000048]]],[[[119.342110595,10.850812967000024],[119.338628835,10.845568986000046],[119.34359472400001,10.849111046000075],[119.342110595,10.850812967000024]]],[[[119.3216973540001,10.861110576000044],[119.3175001950001,10.859884230000034],[119.31834989700008,10.855885897000064],[119.32723442100007,10.858466098000065],[119.3216973540001,10.861110576000044]]],[[[119.35667511800011,10.861761600000023],[119.35406698300005,10.860927317000062],[119.35428158200011,10.858938113000022],[119.35633529400002,10.858689121000054],[119.35667511800011,10.861761600000023]]],[[[119.63424981900005,10.867567380000025],[119.6281133970001,10.866445451000061],[119.62140500100008,10.857998223000038],[119.62673721300007,10.854620156000067],[119.63067682000008,10.854358061000028],[119.6333185090001,10.850795579000021],[119.63453788800007,10.852372390000028],[119.63373134500011,10.85569139200004],[119.63492254300002,10.862416393000046],[119.63387321900007,10.864598303000037],[119.63538131900009,10.866704952000077],[119.63424981900005,10.867567380000025]]],[[[119.32566251800006,10.869751540000038],[119.32473455200011,10.86950347100003],[119.32670649700003,10.86951822900005],[119.32566251800006,10.869751540000038]]],[[[119.36221747000002,10.870491423000033],[119.36111873900006,10.869170220000058],[119.35905747700008,10.87012408000004],[119.3587175670001,10.868604119000054],[119.36553804200003,10.867894245000059],[119.36221747000002,10.870491423000033]]],[[[119.31478326400008,10.870222670000032],[119.31286373600005,10.87158633100006],[119.31152835500006,10.870824782000057],[119.31433937300005,10.869347729000026],[119.31478326400008,10.870222670000032]]],[[[119.34601018800004,10.880331553000076],[119.34322802500003,10.877877090000027],[119.338881506,10.877217999000038],[119.33770522700001,10.879168797000034],[119.33200504700005,10.876426199000036],[119.32783235700003,10.86963458200006],[119.33105191000004,10.870202678000055],[119.33169359200008,10.867163332000075],[119.33401023800002,10.866598926000052],[119.3332356950001,10.863482958000077],[119.33749173400008,10.86589321300005],[119.3368546590001,10.86748633700006],[119.33823941900005,10.868968944000073],[119.34054058600009,10.867949789000022],[119.34124930700011,10.861830734000023],[119.34353541400003,10.868603476000033],[119.34317478700007,10.87466478400006],[119.34780514500005,10.875642481000057],[119.34601018800004,10.880331553000076]]],[[[119.61921468700007,10.885856143000069],[119.61725509500002,10.87815414000005],[119.61959611300006,10.880757686000038],[119.61921468700007,10.885856143000069]]],[[[119.32059208700002,10.884592895000026],[119.3191262580001,10.887524054000039],[119.321564125,10.877889953000022],[119.32311885100012,10.879069160000029],[119.32990116500002,10.876228597000022],[119.32945201100006,10.87803023500004],[119.32622012700006,10.879132582000068],[119.32603136900002,10.88205272700003],[119.32059208700002,10.884592895000026]]],[[[119.3405667620001,10.891203272000041],[119.33961050700009,10.890385781000077],[119.34103253600006,10.889418913000043],[119.3405667620001,10.891203272000041]]],[[[119.62140353300003,10.90271714100004],[119.61863458000005,10.898107701000072],[119.61989454400009,10.889809124000067],[119.62287975900006,10.895866051000041],[119.62061199200002,10.899627186000032],[119.62140353300003,10.90271714100004]]],[[[119.29556094500003,10.906516224000029],[119.29390763600009,10.905712882000046],[119.29642477300001,10.906139513000028],[119.29556094500003,10.906516224000029]]],[[[119.50285922500007,10.91365501200005],[119.50207400200009,10.915629964000061],[119.50119360200006,10.912667536000072],[119.50272835400006,10.911810930000058],[119.50285922500007,10.91365501200005]]],[[[119.2948778220001,10.926026083000068],[119.29388072200004,10.926939523000044],[119.29080719100011,10.924541428000055],[119.28977215300006,10.921896710000055],[119.2865930050001,10.92069641200004],[119.28685614200003,10.919131150000055],[119.29069133400003,10.919494263000047],[119.29406694600004,10.922864423000021],[119.2948758980001,10.921647152000048],[119.29769886000008,10.922036323000043],[119.29490185300006,10.923609122000073],[119.296299298,10.925261780000028],[119.2948778220001,10.926026083000068]]],[[[119.35376276000011,10.930592900000022],[119.35040438600004,10.930018940000025],[119.34951445500008,10.927189843000065],[119.354592969,10.927554477000058],[119.35376276000011,10.930592900000022]]],[[[119.34355746800009,10.935933430000034],[119.34222209100005,10.931340527000032],[119.34391507500004,10.93318040400004],[119.34355746800009,10.935933430000034]]],[[[119.35361904700005,10.937803759000076],[119.3522150550001,10.937000242000067],[119.35352932500007,10.935683900000072],[119.35452267500011,10.936543331000053],[119.35361904700005,10.937803759000076]]],[[[119.34019713100008,10.938911233000056],[119.3375478160001,10.935610907000068],[119.3377846940001,10.93117053800006],[119.34216555400008,10.937031215000047],[119.34237671900007,10.938235904000067],[119.34019713100008,10.938911233000056]]],[[[119.22940699300011,10.959383377000051],[119.22818409500007,10.958359185000063],[119.22942220700008,10.957460680000054],[119.230345682,10.958677856000065],[119.22940699300011,10.959383377000051]]],[[[119.71419937900009,10.963219164000066],[119.71124243400004,10.962721596000051],[119.7086408130001,10.960214740000026],[119.70583930400005,10.954265816000031],[119.70981612300011,10.949650341000051],[119.70864689400003,10.93961226500005],[119.71322401500004,10.936665722000043],[119.71591896900009,10.95503706200003],[119.7138805940001,10.958792881000022],[119.71419937900009,10.963219164000066]]],[[[119.61330631200008,10.963207125000054],[119.61145237200003,10.963865124000051],[119.61213897100004,10.954150697000046],[119.61591552100003,10.953875088000075],[119.61638089300004,10.949519949000035],[119.61813564400006,10.947338082000044],[119.615373868,10.961145410000029],[119.61330631200008,10.963207125000054]]],[[[119.52925716400011,10.973817876000055],[119.52827242800004,10.972723554000027],[119.53682177600001,10.971746475000032],[119.52925716400011,10.973817876000055]]],[[[119.57348795400003,10.98223063000006],[119.5740896740001,10.98043978000004],[119.57500160100005,10.982014366000044],[119.57348795400003,10.98223063000006]]],[[[119.63694714300004,10.990741856000056],[119.63602268500006,10.99022033700004],[119.63791463100006,10.98634580700002],[119.63694714300004,10.990741856000056]]],[[[119.69575757300004,11.007628513000043],[119.69508622,11.000137065000047],[119.69671247000008,10.995838564000053],[119.69575757300004,11.007628513000043]]],[[[119.59323850600003,11.012836200000038],[119.59544021800002,11.01539925000003],[119.59371614600002,11.017414862000066],[119.59109206000005,11.013954755000043],[119.59323850600003,11.012836200000038]]],[[[119.33482766400004,11.017412716000024],[119.33382831600011,11.015169237000066],[119.33539803500003,11.016160435000074],[119.33482766400004,11.017412716000024]]],[[[119.30640820400004,11.021852499000033],[119.30620613600001,11.018708377000053],[119.30759837200003,11.020551813000054],[119.30640820400004,11.021852499000033]]],[[[119.2915019300001,11.02299570300005],[119.29157422900005,11.018689259000041],[119.29011563800009,11.019625833000077],[119.28460285300002,11.011819237000054],[119.28127219200007,11.013756158000035],[119.2819248730001,11.015916364000077],[119.28350262600009,11.015735753000058],[119.28241155400008,11.018607776000067],[119.27818182500005,11.017990909000048],[119.27785781800003,11.019664057000057],[119.27342139100006,11.020014862000039],[119.272357112,11.021508155000049],[119.26931198700004,11.018571910000048],[119.26905272600004,11.017296412000064],[119.27337150500011,11.014610352000034],[119.27072010100005,11.011667901000067],[119.27241209200008,11.008886321000034],[119.26729198500004,11.001691616000073],[119.26973134600007,11.000471959000038],[119.27219885400007,11.001239701000031],[119.2740931080001,10.99733954800007],[119.27046483700008,10.992313943000056],[119.2673553840001,10.991438879000043],[119.26602141800004,10.986688182000023],[119.26262756800008,10.984694335000029],[119.26233931900003,10.983084409000071],[119.26390474100003,10.97893158000005],[119.26912456100001,10.97608056000007],[119.26875901200003,10.97322951600006],[119.27157124400003,10.966048401000023],[119.27028451300009,10.961294979000058],[119.27143369700002,10.958020375000046],[119.27755353700002,10.959601517000067],[119.27762504400005,10.957190565000076],[119.28244769700007,10.95669068500007],[119.28597146800007,10.951061350000032],[119.28855617900001,10.951408249000053],[119.291809467,10.948045243000024],[119.297037079,10.948963656000046],[119.29885478100005,10.952526867000074],[119.29705675800005,10.953736053000057],[119.30048093200003,10.956606944000043],[119.30059564800001,10.959223012000052],[119.29639084100006,10.960345067000048],[119.29564018200006,10.965897631000075],[119.29239741100002,10.966809435000073],[119.29772667000009,10.970387115000051],[119.29795273500008,10.974154160000069],[119.2964322790001,10.975208888000054],[119.29198856100004,10.973833433000038],[119.28783533,10.980338514000039],[119.29161115300008,10.98923678500006],[119.29605724600003,10.992225940000026],[119.30203193300008,10.993263223000042],[119.30184160400006,10.996156752000047],[119.29913273800003,10.999818912000023],[119.30106871900011,11.00368469500006],[119.30070672200009,11.004825519000065],[119.2994088160001,11.004073051000034],[119.299061273,11.00722587000007],[119.30036999800006,11.00779558000005],[119.29970274400011,11.010842772000046],[119.30212191900011,11.011755579000067],[119.30270969800006,11.013616116000037],[119.30437414800008,11.01264810300006],[119.30504676400005,11.01563820900003],[119.30241864600009,11.01519739300005],[119.2976704350001,11.020899815000064],[119.29527859400002,11.020457529000055],[119.2915019300001,11.02299570300005]]],[[[119.66532691400005,11.027172113000063],[119.66412685500006,11.025222834000033],[119.66484217400011,11.020718869000063],[119.66822410600003,11.018927700000063],[119.67136739800003,11.021800891000055],[119.66830461300003,11.022843261000048],[119.66532691400005,11.027172113000063]]],[[[119.73100162600008,11.03025790700002],[119.73044374300002,11.02770391200005],[119.7279331100001,11.027452504000053],[119.72710293700004,11.029164663000074],[119.72463444000005,11.026932264000038],[119.72551941000006,11.021509749000074],[119.7321985430001,11.01257270700006],[119.73284307300003,11.009467292000068],[119.73643688400011,11.007981175000054],[119.74504920200002,11.012957758000027],[119.74657310600003,11.017945815000076],[119.74247305200004,11.022007823000024],[119.74268859000006,11.023318277000044],[119.73395610900002,11.025174168000035],[119.73393503800003,11.027100417000042],[119.73100162600008,11.03025790700002]]],[[[119.70814201000007,11.057499886000073],[119.70573480200005,11.05530578500003],[119.70012151200001,11.055446202000041],[119.6987798340001,11.053420008000046],[119.69979423900008,11.044506211000055],[119.6984717790001,11.042937603000041],[119.69849972500003,11.031124086000034],[119.70328867700005,11.02650565600004],[119.70822958400004,11.02876903300006],[119.71135662300003,11.032600621000029],[119.71809276200008,11.034469374000025],[119.72204220700007,11.033020142000055],[119.72359502600011,11.029554060000066],[119.72392434900007,11.032919683000046],[119.72580399600008,11.033520345000056],[119.72346405300004,11.03438869100006],[119.72421324100003,11.040630475000057],[119.72574598200003,11.042336315000057],[119.72420723300002,11.04312039000007],[119.72289086600006,11.041078292000066],[119.7177853280001,11.041776881000033],[119.71418883400008,11.046311974000048],[119.71451363900007,11.054718722000075],[119.70814201000007,11.057499886000073]]],[[[119.62104003900004,11.070151202000034],[119.62023547000001,11.07108450100003],[119.61896442200009,11.06988214300003],[119.62104003900004,11.070151202000034]]],[[[119.68450696900004,11.072104945000035],[119.6825790360001,11.06941985700007],[119.68564676100004,11.066649135000034],[119.685283335,11.063978207000048],[119.67792704900012,11.06664670300006],[119.67803894200006,11.06474098600006],[119.680818165,11.064418832000058],[119.68142271200009,11.060649363000039],[119.68004426800007,11.05816948200004],[119.67407871400007,11.057735831000059],[119.6718679390001,11.055049150000059],[119.67257065400008,11.046316645000047],[119.67119249200005,11.044294764000028],[119.67072195100002,11.033298989000059],[119.6729465950001,11.03309183500005],[119.67465945100003,11.02868260200006],[119.6793062480001,11.034750916000064],[119.68125333900002,11.040970474000062],[119.6865950350001,11.046514296000055],[119.69105499300008,11.04671453800006],[119.69393769400006,11.061202679000075],[119.69671161300005,11.06443631600007],[119.69660914400004,11.067238621000058],[119.6950250650001,11.065457078000065],[119.69164705300011,11.066631055000073],[119.68733146800002,11.071989985000073],[119.68450696900004,11.072104945000035]]],[[[119.72915498400005,11.07893477600004],[119.72833756900002,11.079624458000069],[119.73008364800012,11.070655780000038],[119.72793710100007,11.068655221000029],[119.73857747300008,11.065366746000052],[119.739604385,11.066431600000044],[119.73892914100009,11.073009411000044],[119.73154008600011,11.077281195000069],[119.72995392200005,11.079642484000033],[119.72915498400005,11.07893477600004]]],[[[119.67443488600009,11.091257290000044],[119.67132254300009,11.091585010000074],[119.66998282100008,11.088585645000023],[119.67270719200008,11.088592278000021],[119.67443488600009,11.091257290000044]]],[[[119.62248666100004,10.659233707000055],[119.62257915600003,10.659313024000028],[119.62417198000003,10.660057377000044],[119.62498078400006,10.663147090000052],[119.6264917740001,10.660850203000052],[119.62964348000003,10.663119076000044],[119.63176332500007,10.659985170000027],[119.63266140500002,10.661094644000059],[119.63273786800005,10.65820351900004],[119.63533196900005,10.658216431000028],[119.63404791800008,10.656419330000062],[119.63506879300007,10.654617293000058],[119.63751426400006,10.655155335000075],[119.6386476780001,10.657580899000038],[119.64023391400008,10.654512718000035],[119.63809132600011,10.651267921000056],[119.63915488000009,10.649511443000051],[119.6413818200001,10.651009962000046],[119.64339399200003,10.659062557000027],[119.64340749200005,10.657011846000046],[119.64506632300004,10.65785300300007],[119.6454834540001,10.65608418200003],[119.64667960300005,10.656341196000028],[119.6458247060001,10.655182161000027],[119.64884448900011,10.654070038000043],[119.64654600100005,10.652081937000048],[119.64963944300007,10.650017654000067],[119.6537342370001,10.651194862000068],[119.65308519100006,10.656418939000048],[119.6568575880001,10.659849678000057],[119.6659570160001,10.657928832000039],[119.66729082800009,10.655731771000035],[119.66962298600004,10.658039850000023],[119.66482276600004,10.65951020600005],[119.66380172900006,10.664380035000022],[119.66171944700011,10.661929797000028],[119.65971842700003,10.662040515000058],[119.6592124870001,10.664354570000057],[119.65513331000011,10.661608647000037],[119.6508602240001,10.662913746000072],[119.65084654400005,10.664719207000076],[119.64849869200009,10.664174156000058],[119.64917610700002,10.673319746000061],[119.65354866900009,10.67162987100005],[119.6578369020001,10.674475250000057],[119.65158204700003,10.674411149000036],[119.64904218800007,10.677267571000073],[119.64555184800008,10.67646712800007],[119.64313902300012,10.677629142000058],[119.63994629100011,10.681445434000068],[119.639896313,10.69037821300003],[119.63610029400002,10.692059340000071],[119.63874647600005,10.687278782000021],[119.6366056810001,10.68171275800006],[119.63353524900003,10.68296930200006],[119.63219497900002,10.686572342000034],[119.62728830500009,10.690766363000023],[119.6273544070001,10.686734985000044],[119.62377020600002,10.68702496800006],[119.624876975,10.682592659000022],[119.62005236800007,10.682757734000063],[119.62316610900007,10.67918803200007],[119.62730311900009,10.678465371000073],[119.62797587000011,10.679610508000053],[119.62986668400004,10.67635500800003],[119.62800102500012,10.674831875000052],[119.62785391400007,10.67152294300007],[119.62462161400003,10.671867444000043],[119.62616545800006,10.66860857000006],[119.6220278510001,10.669890949000035],[119.61990917700007,10.67301093900005],[119.61633764900012,10.674509099000034],[119.61526546700009,10.673160525000071],[119.61744650600008,10.670247880000034],[119.61594981400003,10.668298959000026],[119.6170455140001,10.664637258000027],[119.6133285190001,10.667771995000066],[119.61347121400001,10.66317056500003],[119.6124552760001,10.664496804000066],[119.61107273700009,10.661755775000074],[119.61149742400005,10.664331938000032],[119.60932778500012,10.666419091000023],[119.60408698900005,10.667687315000023],[119.6038080620001,10.669474275000027],[119.60194665600011,10.670323974000041],[119.59798949900005,10.669762717000026],[119.59722816200008,10.66652283600007],[119.5993028470001,10.663321027000052],[119.59815854300007,10.661345202000064],[119.5910147080001,10.662765765000074],[119.58983476300011,10.664595942000062],[119.59059229900004,10.668249656000057],[119.58726470400006,10.66985518100006],[119.5835609610001,10.663382024000043],[119.57838705000006,10.659357659000023],[119.57472440000004,10.658554559000038],[119.57033973300008,10.665023451000025],[119.57193598900005,10.669057276000046],[119.57356911400007,10.668873418000032],[119.57239123000011,10.66976283300005],[119.57545114700008,10.677355846000069],[119.57357584600004,10.68064010300003],[119.57888248400002,10.68311138000007],[119.58193866900001,10.682458722000035],[119.58606345800001,10.686343664000049],[119.58512592900001,10.690717300000074],[119.58719607500007,10.691006562000041],[119.58462235400009,10.692510396000046],[119.58419363000007,10.69376266100005],[119.5861039350001,10.694430797000052],[119.58369538200009,10.696452085000033],[119.58710955900006,10.698176144000058],[119.59012718200006,10.696369051000033],[119.59141725900008,10.697961605000046],[119.58885340800009,10.700685400000054],[119.58618038300006,10.699606019000043],[119.58747204600002,10.701353684000026],[119.58607158000007,10.702923567000028],[119.591476123,10.701374103000035],[119.58962697700008,10.704256088000022],[119.59207646700008,10.704825808000066],[119.59237543000006,10.707168318000072],[119.59514733000003,10.708816202000037],[119.5950317280001,10.710629847000064],[119.59266429800005,10.712234098000067],[119.59374805400012,10.716752324000026],[119.59239009600003,10.718784181000046],[119.59456583500003,10.719562771000028],[119.596761721,10.723215695000022],[119.59947586400006,10.724071385000059],[119.60022747800008,10.723022081000067],[119.60142477600004,10.727111868000065],[119.60018855600003,10.73203221700004],[119.59815424400006,10.730753738000033],[119.5945863180001,10.734511824000037],[119.5919194060001,10.733559761000038],[119.58963012000004,10.73477769300007],[119.58870248100004,10.741641908000076],[119.58676491500012,10.744447232000027],[119.58979926600011,10.747990618000074],[119.5898847200001,10.750014088000057],[119.591330577,10.750407062000022],[119.58977307900011,10.751634229000047],[119.59232581700007,10.755207699000039],[119.5903407620001,10.756959265000035],[119.59474341400005,10.759769309000035],[119.59334411500004,10.76147153900007],[119.59586046800007,10.76589868700006],[119.59514037000008,10.771359069000027],[119.59193452200009,10.770951742000022],[119.58488844500005,10.773753523000039],[119.58313866600008,10.773006810000027],[119.58087973300007,10.777824056000043],[119.58222801700003,10.782490242000051],[119.58078642600003,10.783431223000036],[119.57790119100002,10.782042636000028],[119.57626803300002,10.784095415000024],[119.58100784200008,10.785810016000028],[119.58486563600002,10.78529500600007],[119.58503935800002,10.780071565000071],[119.58834995100005,10.781719940000073],[119.58880385200007,10.789295204000041],[119.59301662100006,10.793033384000069],[119.5953212930001,10.798108411000044],[119.593020249,10.801635540000063],[119.59356664000006,10.804243711000026],[119.59173564700006,10.804077369000026],[119.59078094900008,10.807469560000072],[119.57875000500007,10.81250417700005],[119.58411419900006,10.813908578000053],[119.59408285300003,10.811780507000037],[119.59848761100011,10.809436507000044],[119.5990679890001,10.813577401000032],[119.5955464000001,10.81940737800005],[119.59669642200004,10.821749829000055],[119.59963049400005,10.821752769000057],[119.59343925500002,10.824698559000069],[119.590971136,10.82379480800006],[119.5934369150001,10.830574557000034],[119.58954344500012,10.832496526000057],[119.58645884300006,10.836754265000025],[119.5818186790001,10.834886719000053],[119.5818774490001,10.833618848000071],[119.58143876000008,10.834595872000023],[119.57919206500003,10.833449553000037],[119.5788044200001,10.835283986000036],[119.57485904500004,10.838446942000076],[119.56859011200004,10.836223106000034],[119.56411565700012,10.83097508000003],[119.56287446500005,10.831720565000069],[119.55914849500004,10.82898362800006],[119.55754225600003,10.83014991300007],[119.55080807500008,10.826452679000056],[119.54854096300005,10.823204295000039],[119.5467076650001,10.823408304000054],[119.54075687000011,10.819571318000044],[119.54111081500002,10.81724739300006],[119.53843882600006,10.812923142000045],[119.53430227100012,10.812189991000025],[119.53304806400001,10.814700119000065],[119.53418697100005,10.816027922000046],[119.53149155400001,10.81789238400006],[119.53032010100003,10.82211869300005],[119.52810117400008,10.822180918000072],[119.52347932500004,10.826597851000031],[119.51632801200003,10.829317050000043],[119.51508972900001,10.825766066000028],[119.51058069700002,10.829199499000026],[119.51203999000006,10.83185127400003],[119.50928646700004,10.83523159300006],[119.50866957900007,10.840833111000052],[119.51414883900009,10.847196146000044],[119.51140209000005,10.850916033000033],[119.50820167300003,10.851148935000026],[119.50997659900008,10.854944853000063],[119.50910943100007,10.861186222000072],[119.5055453650001,10.860842928000068],[119.4967412520001,10.868907051000065],[119.48402676600006,10.873470380000072],[119.4831898970001,10.881074732000059],[119.48678424700006,10.882683672000041],[119.488449865,10.88146884400004],[119.492809996,10.88768261100006],[119.49268480700005,10.890779630000054],[119.49102329200002,10.889901232000057],[119.48986460700007,10.890633492000063],[119.49074686300003,10.891871712000068],[119.48967273000005,10.89121364600004],[119.491856127,10.898824174000026],[119.49102469800005,10.901235199000041],[119.49362178000001,10.903613280000059],[119.4946972570001,10.906804844000021],[119.4934554990001,10.907762384000023],[119.49243962000003,10.903091414000073],[119.49140625700011,10.908187085000066],[119.49024348400008,10.90870235400007],[119.49140901700002,10.908507519000068],[119.49173583600009,10.912134016000039],[119.49524837100012,10.914813683000034],[119.49919292700008,10.92646880600006],[119.49769552400005,10.928468],[119.4976616570001,10.932961764000027],[119.49633344000006,10.933236760000057],[119.4971603030001,10.935922241000071],[119.49495272000001,10.941910346000043],[119.49623612000005,10.948550330000046],[119.49356988200009,10.954464424000037],[119.48845659900007,10.95835749400004],[119.48751828700006,10.96145182600003],[119.49390541600008,10.964119699000037],[119.49655625700007,10.968319232000056],[119.49466996400008,10.971126996000066],[119.49198704900004,10.97148511000006],[119.49390720200006,10.978542252000068],[119.49266304500009,10.990507415000025],[119.49553847400011,10.994782776000022],[119.49905852300003,10.995269622000023],[119.50190995100002,10.999664224000071],[119.50317663400006,11.00294107700006],[119.50236624200011,11.00759914300005],[119.50532681400011,11.009915006000028],[119.508512472,11.009506682000051],[119.51019599900008,11.013602259000038],[119.51684146200012,11.015808583000023],[119.51707072600004,11.01791367900006],[119.5204793260001,11.016193878000024],[119.52159670500009,11.013297536000039],[119.5228448800001,11.01420881200005],[119.52238885200006,11.012490233000051],[119.52453873000002,11.01026889700006],[119.52635805400007,11.011787961000039],[119.52632694600004,11.015274238000075],[119.52829772300004,11.016225655000028],[119.52728468100008,11.014865348000058],[119.5305199390001,11.011800983000057],[119.5356324280001,11.01119837400006],[119.536074256,11.01383521300005],[119.53868839300003,11.013476676000039],[119.53909374300008,11.010289218000025],[119.54134288300008,11.009363029000042],[119.54013619500006,11.008883056000059],[119.54070512200008,11.006660058000023],[119.54589498400003,11.000582933000032],[119.5575459050001,11.00252241100003],[119.55896841100002,10.999628772000051],[119.56092777900005,10.99912292700003],[119.5612895060001,10.996119084000043],[119.56822621100002,11.000655430000052],[119.56695216500009,11.005727456000045],[119.56985199000007,11.007407955000076],[119.56624659600004,11.011070335000056],[119.56625284300003,11.019088424000074],[119.56447513900002,11.022287334000055],[119.56625874600002,11.024807507000048],[119.56374484500009,11.029187872000023],[119.5636512850001,11.034893495000063],[119.55875922100006,11.041510897000023],[119.55709297400006,11.056152159000021],[119.55253799600007,11.057053620000033],[119.5511210520001,11.061739486000022],[119.55561649300012,11.070593384000063],[119.55943677500011,11.074821847000067],[119.55896464800003,11.07877437600007],[119.56121209100002,11.081357500000024],[119.56126252500007,11.084274770000036],[119.55934358400009,11.084224594000034],[119.55175467800007,11.077867138000045],[119.54651511300005,11.075496677000046],[119.54266477600004,11.070014342000036],[119.53620933000002,11.068008537000026],[119.53602480000006,11.071207056000048],[119.53508636300012,11.070670307000057],[119.53363114900003,11.073522363000052],[119.53022920100011,11.074536841000054],[119.53092070100001,11.084784799000033],[119.52593879000005,11.088907026000072],[119.52730352300011,11.090305293000029],[119.52512446500009,11.091762490000065],[119.52532939600007,11.093628867000064],[119.51705913,11.094634696000071],[119.51384171200004,11.09680456500007],[119.46985120600004,11.054272763000029],[119.48362226400002,11.053720559000055],[119.44929741300007,11.012557192000031],[119.41413797000007,10.983210640000038],[119.39730122100002,10.989146951000066],[119.39858472100002,10.992885408000063],[119.40295423200007,10.996881525000049],[119.40144176100011,10.99828294300005],[119.4020207000001,11.000022108000053],[119.40370474000008,11.000059732000068],[119.40476458400008,11.003838543000029],[119.40239866500008,11.003210556000056],[119.39764636600012,11.005786801000056],[119.39518813300003,11.003224441000043],[119.39026070400007,11.006444867000027],[119.38811717100009,11.002624210000022],[119.38433389400006,10.999811047000037],[119.38140667400012,10.999603377000028],[119.37532438100004,11.00202560300005],[119.37009430500007,11.008982867000043],[119.36692381600005,11.00998701800006],[119.36320263700009,11.008790860000033],[119.36389396000004,11.005233133000047],[119.35789724800009,10.998649663000037],[119.3537234160001,11.002266820000045],[119.34832891200006,11.003277542000035],[119.34944953400009,10.996170301000063],[119.34667659100012,10.989559712000073],[119.34483031900004,10.992630466000037],[119.33821729100009,10.995258171000046],[119.3375729070001,10.999646722000023],[119.33408669500011,11.00187913800005],[119.33006705100001,11.009185686000023],[119.33236866300001,11.011380110000061],[119.33087776800005,11.01257782500005],[119.33439636300011,11.01988340400004],[119.3299206150001,11.018282396000075],[119.32913447600004,11.021407088000046],[119.33138193800005,11.022984034000046],[119.32703232600011,11.025043975000074],[119.32810097700008,11.026374536000048],[119.32311908600002,11.027629631000025],[119.32258138500003,11.032309631000032],[119.32040017600002,11.032381629000042],[119.32078034300002,11.033754532000046],[119.319386473,11.034490830000038],[119.31916041300008,11.03089088400003],[119.31674588500005,11.026880388000052],[119.313015027,11.026859710000053],[119.313760537,11.021523175000027],[119.31259127800001,11.01906735700004],[119.31151685600003,11.019784887000071],[119.31240202300012,11.018914350000045],[119.31033761700007,11.016995415000054],[119.30769941500012,11.007938471000045],[119.30311968500007,11.00836712000006],[119.30493655300006,10.998437060000072],[119.30875682100009,10.993662616000051],[119.30777795100005,10.99197097800004],[119.30931018400008,10.989159116000053],[119.30941723900003,10.98488857500007],[119.30816904300002,10.983433031000061],[119.3095671530001,10.981135981000023],[119.30821076500001,10.979379566000034],[119.31073663200004,10.967389938000053],[119.30818521100002,10.963532065000038],[119.31379225100011,10.957609612000056],[119.3128220540001,10.952077435000035],[119.31780358600008,10.95345149700006],[119.31850979800004,10.954888413000049],[119.32307459800006,10.953212980000046],[119.3229551070001,10.951003249000053],[119.3207442160001,10.95045291300005],[119.32346638000001,10.947701015000064],[119.32780879300003,10.951105443000074],[119.32924761900006,10.950669273000074],[119.32836979400008,10.952685411000061],[119.33158340200009,10.952977800000042],[119.33111306900003,10.950764210000045],[119.3324925710001,10.949894627000049],[119.32811110700004,10.948447994000048],[119.32455792400003,10.944286736000038],[119.32165708200012,10.947232539000026],[119.31861547200003,10.944248744000049],[119.31633212500003,10.946566415000063],[119.3124402310001,10.943725162000021],[119.30986060100008,10.943693862000032],[119.31391775500003,10.939602096000044],[119.31737788300006,10.94175827500004],[119.3187130660001,10.940628576000051],[119.32175197600009,10.941472263000037],[119.32233626800007,10.939939039000024],[119.31868586700011,10.937135863000037],[119.32421433600007,10.93885528800007],[119.32639429400001,10.93657567200006],[119.32611243600002,10.934008986000038],[119.32804910100003,10.93388193100003],[119.32988033600009,10.934962719000055],[119.32756713800006,10.935943355000063],[119.32981233600003,10.939343976000032],[119.32854687800011,10.941651098000023],[119.33057929400002,10.942575035000061],[119.33199099300009,10.941646859000059],[119.333247131,10.943379038000046],[119.33604037200007,10.94043712000007],[119.33771595900009,10.94520826400003],[119.34285445700004,10.943493698000054],[119.347122377,10.948373988000071],[119.35288346200002,10.948207619000073],[119.35418340100011,10.946138672000075],[119.35585512300008,10.946744155000033],[119.35631441400005,10.943958543000065],[119.3578509130001,10.943151157000045],[119.35688270100002,10.941451622000045],[119.35823985000002,10.939965407000045],[119.35954815900004,10.94045114000005],[119.3613607310001,10.937702605000027],[119.36132834500006,10.935672946000068],[119.35696672400002,10.930240715000025],[119.35602248100008,10.924004851000063],[119.35262426200006,10.92287671400004],[119.35140515600006,10.919698777000065],[119.34920383300005,10.918869416000064],[119.34889649800004,10.914916708000021],[119.34611684000004,10.91346577400003],[119.34848124300004,10.908424957000022],[119.34674867500007,10.90741332600004],[119.34469513800002,10.909625255000037],[119.34179602800009,10.910073086000068],[119.34192795800004,10.906797332000053],[119.33888487900003,10.906838997000023],[119.34117440200009,10.902389184000072],[119.33388801700005,10.893533220000052],[119.33415369900001,10.892003680000073],[119.33642918400005,10.891594380000072],[119.34783657500009,10.896006799000077],[119.34899240300001,10.893629640000029],[119.34726403200011,10.891639420000047],[119.34843016100001,10.888768869000046],[119.35331800900008,10.888243603000035],[119.35246192000011,10.886118970000041],[119.35600165900007,10.88311085500004],[119.35141160500007,10.881706993000023],[119.35460531700005,10.878571241000031],[119.35414353300007,10.877550365000047],[119.34984387300005,10.877949565000051],[119.34840228300004,10.871212761000038],[119.35210866000011,10.871526840000058],[119.35074758200005,10.875851773000022],[119.35381813600009,10.876168889000041],[119.36106993900012,10.872700155000075],[119.3639840400001,10.87406575700004],[119.36596385700011,10.869957217000035],[119.369508171,10.869015733000026],[119.37038786700009,10.86296760700003],[119.37254101400003,10.860947501000055],[119.37106532100006,10.859689568000022],[119.37215406100006,10.858369337000056],[119.375795,10.862226701000054],[119.37892369000008,10.862264864000053],[119.38068797500011,10.860291752000023],[119.38226294800006,10.863251538000043],[119.38589743300008,10.865507751000052],[119.38677199300002,10.86929660900006],[119.3895851310001,10.87094432300006],[119.3921768780001,10.87084035600003],[119.3944216640001,10.868066356000043],[119.39617982700008,10.870682521000049],[119.4030038300001,10.871765463000031],[119.40462051700001,10.870950350000044],[119.40383168900007,10.86979582500004],[119.40672984000003,10.868439537000029],[119.41305729300007,10.871931224000036],[119.41876742800002,10.865629553000076],[119.4169930160001,10.864279183000065],[119.4167883130001,10.861783957000057],[119.41482020800004,10.861259228000051],[119.41658713600009,10.85949032700006],[119.4154441610001,10.855658277000032],[119.41828536300011,10.856106098000055],[119.424999565,10.85232983000003],[119.42446883800005,10.855632165000031],[119.42542121100007,10.857507435000059],[119.42719087000012,10.857543380000038],[119.43296172300006,10.846491],[119.43885037900009,10.839564370000062],[119.44116051700007,10.838720023000064],[119.44189101600011,10.839704663000077],[119.44007477100001,10.845436531000075],[119.44256742900006,10.845280719000073],[119.44524592500011,10.84635345700002],[119.44537558400009,10.848238088000073],[119.4462472990001,10.847393005000072],[119.45116189200007,10.849720714000057],[119.45154676700008,10.848071895000032],[119.45008600400001,10.847831004000057],[119.4547193520001,10.841516281000054],[119.45049578900012,10.839233077000074],[119.44978738400005,10.837237209000023],[119.45749406900006,10.831980437000027],[119.45434797000007,10.832756911000047],[119.4520214370001,10.828658788000041],[119.45018579100008,10.827610719000063],[119.4473341580001,10.828934489000062],[119.44629224800008,10.82728596000004],[119.44342446400003,10.831080795000048],[119.44047128400007,10.827662314000065],[119.43209161400011,10.831562381000026],[119.43529271700004,10.826380523000068],[119.43541250500004,10.82367352600005],[119.4388538930001,10.822346819000074],[119.43827122800008,10.818071719000045],[119.44012635700005,10.811164552000037],[119.43903432200011,10.809167495000054],[119.4366168900001,10.809568101000025],[119.43786932500007,10.807795691000024],[119.4397964320001,10.808123426000066],[119.43821741500005,10.801661167000077],[119.4368527040001,10.799914922000028],[119.43397556500008,10.800027219000071],[119.43556518800006,10.79770065100007],[119.43785926400005,10.799001599000064],[119.44464635200006,10.785393698000064],[119.44244248200005,10.778612272000032],[119.44455615400011,10.774708426000075],[119.44458447800002,10.76977031000007],[119.4520280810001,10.758681184000068],[119.45334687700006,10.74788841000003],[119.45479191400011,10.745779654000046],[119.45616855700007,10.746538059000045],[119.46002531300007,10.73524571300004],[119.46004770600007,10.726016397000024],[119.46258399400006,10.725113948000057],[119.45827235500008,10.72162628600006],[119.45535289300005,10.721698053000068],[119.45630204200006,10.71984085300005],[119.44922455400001,10.721934988000044],[119.44413694200011,10.721057994000034],[119.44510948400011,10.724241624000058],[119.44008497400011,10.72510309100005],[119.4324818990001,10.721769805000065],[119.43362894800009,10.718339725000021],[119.4299159740001,10.718705285000055],[119.43109132000006,10.720051569000077],[119.42827373900002,10.723093952000056],[119.4293195360001,10.72554412900007],[119.42632466600003,10.735641605000069],[119.42734316200006,10.741447796000045],[119.42377867900007,10.749883080000075],[119.4172158340001,10.76000801400005],[119.41717641500009,10.76306967100004],[119.41550740900004,10.763571402000025],[119.4153969570001,10.766619737000042],[119.41280458500012,10.763425876000042],[119.41460500500011,10.759528674000023],[119.41218434000007,10.757751563000056],[119.41165198600004,10.754247484000075],[119.408305358,10.754246317000025],[119.407003916,10.75254794700004],[119.40268889800006,10.755742583000028],[119.3943014240001,10.756338628000037],[119.3965751820001,10.757342997000023],[119.39681998200001,10.760089063000066],[119.3945760360001,10.761666011000045],[119.39228105200004,10.761179759000072],[119.39327160000005,10.762720423000076],[119.39061639700003,10.763682163000055],[119.3925888770001,10.765703920000021],[119.39044536200004,10.766588392000074],[119.39360302300008,10.76666683600007],[119.39745210700005,10.760927576000029],[119.39970410700005,10.761167314000033],[119.40165585200009,10.764193634000037],[119.4029928110001,10.764973386000065],[119.40411651400007,10.763937407000071],[119.40516668400005,10.765672016000053],[119.4019140910001,10.767450652000036],[119.40371653500006,10.77224447900005],[119.40014726400011,10.77719410700007],[119.39971011000011,10.781414746000053],[119.39798036200011,10.780576998000072],[119.39695450500005,10.782255821000035],[119.39488118400004,10.778830210000024],[119.39221433300008,10.780059034000033],[119.39211020100004,10.78362729500003],[119.38958587700006,10.784771772000056],[119.39052582400006,10.790784595000048],[119.3889953690001,10.790263355000036],[119.38552625400007,10.794147355000064],[119.37776899100004,10.794468180000024],[119.37441244200011,10.791934704000028],[119.37525716000005,10.789688848000026],[119.3733760670001,10.787583771000072],[119.36856891900004,10.78865591400006],[119.36692136900001,10.790829916000064],[119.36856607300001,10.793321212000023],[119.36375110200004,10.798080927000058],[119.36501689200009,10.799652450000053],[119.363954626,10.802561239000056],[119.35979720700004,10.80426882100005],[119.3590698590001,10.80590611100007],[119.35733862100005,10.803806517000055],[119.35237574300004,10.804939898000043],[119.35599240700003,10.800396645000035],[119.35331164700006,10.797009713000023],[119.35094819200003,10.80020002200007],[119.34609476100002,10.798449938000033],[119.34447224100006,10.801789346000021],[119.34488374400007,10.80552927900004],[119.35135331800006,10.806196916000033],[119.35124588700012,10.812385705000054],[119.34983421100003,10.814599791000035],[119.34770214200012,10.814677868000047],[119.3478812940001,10.816210622000028],[119.34921793800004,10.817375115000061],[119.35221781300004,10.816898715000036],[119.35522522300005,10.814700843000026],[119.35713486100008,10.817619969000077],[119.35703655700001,10.821422965000068],[119.3523459160001,10.819767813000055],[119.34946500900003,10.822565621000024],[119.34777904600003,10.822130186000038],[119.34635008200007,10.825321488000043],[119.34706142800007,10.82686022400003],[119.34448259200008,10.827434587000027],[119.34662294200007,10.820451687000059],[119.34010796000007,10.823687370000073],[119.33796315100005,10.821676736000029],[119.33853480200003,10.819968883000058],[119.34054210900001,10.819420043000036],[119.34062523300008,10.817414202000066],[119.34293670700004,10.816337042000043],[119.34151591400007,10.815304149000042],[119.34155292000003,10.812667051000062],[119.3360294360001,10.81496409600004],[119.33245965100002,10.810002189000045],[119.33063934600011,10.814794516000063],[119.32740958200009,10.816983988000061],[119.3240625950001,10.817192555000076],[119.32258564000006,10.820183884000073],[119.32211493700004,10.822721007000041],[119.32434221500012,10.826202575000025],[119.32112197800006,10.830318901000055],[119.32321018300001,10.83165460500004],[119.32307842900002,10.834338657000046],[119.32078707000005,10.836698080000076],[119.31874114700008,10.83478062100005],[119.31860129200004,10.84042951400005],[119.3164390070001,10.84161638200004],[119.31824073900009,10.844020450000073],[119.31678948100011,10.846604997000043],[119.31500313600009,10.847390879000045],[119.31473635700002,10.83868069700003],[119.31313219800006,10.838598421000029],[119.31632051000008,10.835254889000055],[119.31665719400007,10.832899200000043],[119.31156599500002,10.829095001000042],[119.30112791800002,10.840188227000056],[119.29735603800009,10.839344349000044],[119.29300255800001,10.844778337000037],[119.29064767500006,10.844086244000039],[119.28893104200006,10.846085551000044],[119.28747348600007,10.845049562000042],[119.28607406900005,10.846933986000067],[119.28251263600009,10.847368264000067],[119.28366590200005,10.849812883000027],[119.28209561800008,10.851492586000063],[119.28756735200011,10.852319894000061],[119.28990528500003,10.854053253000075],[119.28784976300005,10.856890642000053],[119.29106156700004,10.856604252000068],[119.28984196100009,10.85869798300007],[119.28604587300003,10.859143936000066],[119.28577508800004,10.861307212000042],[119.29053722100002,10.86160310400004],[119.29060470400009,10.864018033000036],[119.29249219200005,10.863615582000023],[119.29330760500011,10.868222399000047],[119.29740066600004,10.864251983000031],[119.2986401170001,10.865398927000058],[119.3016016150001,10.864405676000047],[119.30813666800009,10.871108142000026],[119.30340049600011,10.86876280100006],[119.29928310700006,10.869999661000065],[119.30631626200011,10.873334641000042],[119.30433828000002,10.874234934000071],[119.30627651100008,10.875277468000036],[119.30560194100008,10.877773010000055],[119.30218975700006,10.878096416000062],[119.29918974400005,10.872861319000037],[119.29338059600002,10.87301104100004],[119.29331639400004,10.870189184000026],[119.2818739810001,10.86880539200007],[119.27599462900002,10.865671414000076],[119.27021294100007,10.864640327000075],[119.26894753700003,10.868918615000041],[119.26626902300006,10.870114113000056],[119.26602777200003,10.872933541000066],[119.268339706,10.87500118500003],[119.27130582100006,10.874665074000063],[119.27406392600005,10.877423161000024],[119.27372930600006,10.882522495000046],[119.27502934300003,10.884184821000076],[119.28137794000008,10.882249517000048],[119.28359368400004,10.88466532700005],[119.28675541400003,10.882120696000072],[119.29166937200011,10.88614036100006],[119.29216083200004,10.88775838500004],[119.28999083300005,10.888535899000033],[119.2948805530001,10.888290144000052],[119.29381080700011,10.891550743000039],[119.29881996600011,10.891575637000074],[119.29860532300006,10.893060090000063],[119.29155548400001,10.895701092000024],[119.28421639800001,10.890306931000055],[119.27771052100002,10.892258817000027],[119.27764231000003,10.895747133000043],[119.28143902400006,10.897408254000027],[119.27694192000001,10.901362738000046],[119.27806136600009,10.903192543000046],[119.28067716100009,10.903548446000059],[119.27893028200003,10.905165327000077],[119.27950103900002,10.907078091000074],[119.28190606900012,10.90740758000004],[119.28425411900002,10.90501732100006],[119.28640712200001,10.906318652000039],[119.29015557500009,10.904695874000026],[119.29060033500002,10.906993987000021],[119.2928772680001,10.908297579000077],[119.29177336600003,10.910256488000073],[119.29372602800004,10.911314511000057],[119.292385222,10.912875584000062],[119.28533589000006,10.911992705000046],[119.28433648200007,10.913560253000071],[119.28519607700002,10.91504795000003],[119.28271689400003,10.916841330000068],[119.28394888500009,10.920803215000035],[119.28252036600009,10.921688652000057],[119.28272286200001,10.923426369000026],[119.27898535000008,10.922486398000046],[119.27527210300002,10.924529439000025],[119.27549715600003,10.929569255000047],[119.27644932200008,10.93036618900004],[119.27818371700005,10.927972847000035],[119.27830446400003,10.93081714400006],[119.28449431500007,10.936314258000039],[119.27340893700011,10.935342798000022],[119.27307003800001,10.93851300800003],[119.26878911200004,10.939941178000026],[119.26868488900004,10.948045290000039],[119.2659387970001,10.947159573000022],[119.25982746800003,10.939479617000075],[119.26020862700011,10.936271501000022],[119.25565337700004,10.934764259000076],[119.2543942850001,10.937160446000064],[119.2507861900001,10.932513865000033],[119.25163724000004,10.92958363400004],[119.25559289700004,10.929167257000074],[119.25614087100007,10.926765180000075],[119.25360650700009,10.925062098000069],[119.26019004300008,10.918293772000027],[119.25490383400006,10.913597003000064],[119.25556988900007,10.911757306000027],[119.25175573100012,10.912811158000068],[119.24422365500004,10.909842336000054],[119.243251471,10.911630349000063],[119.24571998300007,10.916353810000032],[119.243041779,10.919037658000036],[119.2454803710001,10.921618162000073],[119.24083635600005,10.92435673700004],[119.24481853600003,10.927283389000024],[119.23735270700001,10.92838950600003],[119.2336773830001,10.93042090800003],[119.23592169300002,10.932184995000057],[119.23647475200005,10.935010616000056],[119.23959093100007,10.936057739000034],[119.24114708700006,10.934531664000076],[119.242640907,10.935124550000069],[119.24187124600007,10.937407097000062],[119.24505106900006,10.943217450000077],[119.24421483300011,10.94567140600003],[119.24102904400002,10.948328372000049],[119.24217364000003,10.95062548200002],[119.238825786,10.952231207000068],[119.23358160400005,10.949453449000032],[119.23197440500007,10.946943794000049],[119.23016117100008,10.947303946000034],[119.22935457300002,10.95191795200003],[119.23132398300004,10.956039581000027],[119.22790711700009,10.956769098000052],[119.22702292200006,10.954276828000047],[119.2226276560001,10.952718306000065],[119.22066722600005,10.95448503800003],[119.22086345600007,10.95151923800006],[119.21940709100011,10.951188235000075],[119.22109125100008,10.949384334000058],[119.2210395830001,10.94543191400004],[119.21514623600001,10.942028232000041],[119.21460891800007,10.939692490000027],[119.21690085400007,10.937525307000044],[119.227182061,10.939475353000034],[119.23236409300011,10.934428197000045],[119.23236459600002,10.93254876800006],[119.22867576400006,10.929958446000057],[119.22928195200006,10.928557012000056],[119.22688963400003,10.925722070000063],[119.22729239400007,10.923311497000043],[119.22974653800009,10.92151106700004],[119.22599670200009,10.915410395000038],[119.22439382200002,10.914764692000062],[119.22165092800003,10.916176622000023],[119.21826124300003,10.90960476500004],[119.21502289400007,10.908012661000043],[119.21381038400011,10.904750283000055],[119.21507732200007,10.906331228000056],[119.21959603500011,10.906253617000061],[119.225069845,10.910063560000026],[119.2293655530001,10.90379082800007],[119.23401772800003,10.902899088000026],[119.23441908500001,10.90156335100005],[119.23585366300006,10.903437567000026],[119.23547321500007,10.907755751000025],[119.24008944000002,10.908395254000027],[119.24182742700009,10.90726736800002],[119.24132230300006,10.905987390000064],[119.24411235700006,10.906068264000055],[119.24368477400003,10.903346912000075],[119.24704226600011,10.905045621000056],[119.24944574100005,10.90380757500003],[119.25037266900006,10.900285436000047],[119.24852980700007,10.897472402000062],[119.25174009500006,10.898872727000025],[119.25572776000001,10.896450549000065],[119.25922278500002,10.89003314100006],[119.2593735480001,10.884773388000042],[119.25830723700005,10.882851674000051],[119.2551853550001,10.884563829000058],[119.2546605120001,10.886446937000073],[119.24801977100003,10.883720379000067],[119.24722402700002,10.886170795000055],[119.24561818100005,10.88527298200006],[119.24630830600006,10.884524789000068],[119.24336382500007,10.885362891000057],[119.243240807,10.881709212000032],[119.24071888500009,10.881191217000037],[119.23919182200007,10.878706220000026],[119.24144095600002,10.875465718000044],[119.24377104500002,10.875096943000074],[119.24251836000008,10.871902324000075],[119.24058765600012,10.87094498600004],[119.22904157300002,10.876615008000044],[119.22723167700008,10.878209627000047],[119.22781361900002,10.879531615000076],[119.22580450100008,10.877595658000075],[119.22296571000004,10.878005291000022],[119.22278678200007,10.871803070000055],[119.224621264,10.872813724000025],[119.22529627000006,10.871890381000071],[119.225696631,10.874318254000059],[119.23223838600006,10.87225445000007],[119.23358230000008,10.86855677400007],[119.23845684900004,10.869190384000035],[119.23819921800009,10.866760528000043],[119.23568443400006,10.865227780000055],[119.23611390000008,10.863156075000063],[119.23867008400009,10.864619781000044],[119.2460517070001,10.864256171000022],[119.24459209300005,10.86324372300004],[119.24654183000007,10.860516519000043],[119.24494273700009,10.857287949000067],[119.23954468900001,10.858074415000033],[119.23386568100011,10.853603650000025],[119.231802893,10.854367429000035],[119.23133273600001,10.857906158000048],[119.22858091700004,10.858424754000055],[119.22397371500006,10.856286032000071],[119.22036074800008,10.85857055300005],[119.21210397100003,10.860637223000026],[119.20875815400007,10.858759863000046],[119.20873488500001,10.856001649000063],[119.2111990950001,10.85309544300003],[119.21041671900002,10.850097498000025],[119.20838365200007,10.850629886000036],[119.21250275000011,10.846482168000023],[119.21866551500011,10.84743633200003],[119.21955091900008,10.850491447000024],[119.22412172600002,10.850625108000031],[119.22257943800003,10.84929197200006],[119.22352462900005,10.845636185000046],[119.22142665900003,10.845135181000046],[119.22134515800008,10.843142047000072],[119.2244253,10.842355527000052],[119.224570717,10.844915894000053],[119.22837078300006,10.847027590000039],[119.22973688700006,10.844617495000023],[119.23189186500008,10.844319254000027],[119.22962620600003,10.84162675400006],[119.231156639,10.84102095000003],[119.24134593300005,10.845941568000057],[119.24350704200003,10.842751607000025],[119.24020559000007,10.833017032000043],[119.24452317100008,10.833481722000045],[119.2455060320001,10.834770191000075],[119.24766506000003,10.833449202000054],[119.24856606700007,10.836600619000023],[119.25202137200006,10.837914234000039],[119.25646471200002,10.834431306000056],[119.2587897620001,10.834929036000062],[119.26256148900006,10.83144317600005],[119.26525984400007,10.825360815000067],[119.260517434,10.819215933000066],[119.26007635100007,10.815685814000062],[119.26078186100005,10.814072717000045],[119.2629041130001,10.814318383000057],[119.26424900300003,10.810147671000038],[119.26224688400009,10.806108171000062],[119.26217897000004,10.797971633000031],[119.26322820900009,10.793736891000037],[119.2665281830001,10.78963654000006],[119.26532815500002,10.785903080000026],[119.26671765900005,10.780857084000047],[119.268773613,10.780525214000022],[119.26789576100009,10.777329010000074],[119.27112717300008,10.77637179800007],[119.27202949600007,10.77263950400004],[119.27400270400005,10.771846504000052],[119.27450023900008,10.764815588000033],[119.28463101700004,10.772921523000036],[119.30952580500002,10.786951871000042],[119.31154759300011,10.786494128000072],[119.31755413000008,10.78897580000006],[119.3251126560001,10.785535689000028],[119.3443386140001,10.75906053600005],[119.35006242000009,10.737718450000045],[119.37465001500004,10.71730087900005],[119.37764793000008,10.621779702000026],[119.3662634100001,10.591073292000033],[119.366077,10.587404],[119.40475431400012,10.557721480000055],[119.42515570300009,10.516197759000022],[119.444861,10.534022],[119.50470761100007,10.558198178000055],[119.53574,10.602901],[119.5693329180001,10.624754873000029],[119.57536372600009,10.618824536000034],[119.62248666100004,10.659233707000055]]],[[[119.58496897100008,11.100130372000024],[119.58083088,11.098080502000073],[119.58165998900006,11.09290397500007],[119.58066814500012,11.09074210500006],[119.57582869100008,11.084308734000047],[119.57109911600003,11.080899443000021],[119.569878431,11.074601726000026],[119.5666690270001,11.072393343000044],[119.56574892100002,11.068850755000028],[119.56020757700003,11.062664794000057],[119.55882305300008,11.05574598100003],[119.56127064200007,11.04364],[119.56549497000003,11.042398435000052],[119.57001920200003,11.043786348000026],[119.57468172900008,11.041955952000023],[119.57881614000007,11.037003079000044],[119.58935827800008,11.033047654000029],[119.59312702600005,11.028638346000037],[119.59421471300004,11.031839692000062],[119.59755532300005,11.03450491600006],[119.59873392600002,11.034066671000062],[119.59590445100002,11.024080371000025],[119.59735584300006,11.02246702900004],[119.5964177400001,11.020962336000025],[119.5973619780001,11.021187205000047],[119.59482787400009,11.019161266000026],[119.5970376030001,11.016477660000021],[119.59746994700004,11.011752303000037],[119.59849231900012,11.009972577000042],[119.60117352800012,11.01205046800004],[119.60611557800007,11.01053477000005],[119.61030706200006,11.005013420000068],[119.61247352400005,11.009323334000044],[119.61472759600008,11.00879134400003],[119.61470124000004,11.01113239600005],[119.61727332100008,11.014553172000035],[119.62084781500005,11.016356914000028],[119.62051842800008,11.02007095600004],[119.62220510400005,11.022435410000071],[119.62545902300008,11.024182531000065],[119.6276221820001,11.022036194000066],[119.62925404100008,11.023698005000028],[119.63123228500001,11.016525323000053],[119.6275717850001,11.011908113000061],[119.63177299000006,11.003108570000052],[119.63095909200001,10.997389662000046],[119.63210175000006,10.997644809000064],[119.6336530420001,10.994936990000042],[119.63329513200006,11.001857663000067],[119.63621053000008,11.01052708700007],[119.6422971510001,11.015742942000031],[119.64295500600008,11.02527168000006],[119.63897426000005,11.034062015000075],[119.63933357400003,11.037950838000029],[119.63403189300004,11.032441151000057],[119.63010244400004,11.033314545000053],[119.62517840400005,11.036800855000024],[119.62683098500008,11.041852450000022],[119.6281013680001,11.04224391400004],[119.62782051400006,11.04478143600005],[119.6225178090001,11.047086697000054],[119.62531526500004,11.051558465000028],[119.62270163900007,11.051766587000031],[119.62072800800001,11.054138941000076],[119.62054414900001,11.056973998000046],[119.62291228000004,11.057734132000064],[119.62145385800011,11.06078714900002],[119.61889871900007,11.059433322000075],[119.61790761700001,11.060179055000049],[119.61785489300007,11.069741255000054],[119.61648004200003,11.073545305000039],[119.61782481700004,11.07628849200006],[119.62306590100002,11.078812240000047],[119.62268403100006,11.082042246000071],[119.62428619400009,11.085777114000052],[119.620624614,11.088520363000043],[119.61687461300005,11.084227845000044],[119.61299391000011,11.083535683000036],[119.60987637900007,11.08756833700005],[119.60642281600008,11.08250119400003],[119.60485290300005,11.08248020700006],[119.6004704390001,11.091240286000073],[119.5976149930001,11.090622967000058],[119.5986384150001,11.085557774000051],[119.59540320600001,11.087746672000037],[119.58907778600008,11.08770357000003],[119.58681563400012,11.089578],[119.58713697300004,11.093305418000057],[119.58496897100008,11.100130372000024]]],[[[119.59953845700011,11.098858035000035],[119.59767625200004,11.101265625000053],[119.59667100600007,11.096471266000037],[119.59769511700006,11.094348315000047],[119.60024254400003,11.095127157000036],[119.60075460000007,11.099599198000021],[119.59953845700011,11.098858035000035]]],[[[119.60941485100011,11.10816544000005],[119.60668239000006,11.107830353000054],[119.6069844970001,11.105909634000056],[119.6094935970001,11.105922458000066],[119.60941485100011,11.10816544000005]]],[[[119.75201683600005,11.119838901000037],[119.74873308300005,11.118808888000046],[119.74775642500003,11.116768621000062],[119.7505576850001,11.115449234000039],[119.75201683600005,11.119838901000037]]],[[[119.70000078800001,11.123747928000057],[119.69718699400005,11.123427703000061],[119.6949361290001,11.119944370000042],[119.69795813000007,11.118020354000066],[119.70182939400001,11.120698749000042],[119.70000078800001,11.123747928000057]]],[[[119.68776960900004,11.123053654000046],[119.68665189100011,11.125858674000028],[119.68463939700007,11.122016720000033],[119.68180493200009,11.12177097500006],[119.67979435500001,11.124075847000029],[119.67559935700001,11.125418818000071],[119.67370370300011,11.123012584000037],[119.6703418940001,11.123658760000069],[119.66693430400005,11.121541241000045],[119.67044539500012,11.11167073100006],[119.67522591700003,11.112115490000065],[119.673524831,11.103703363000022],[119.67722470600006,11.100542522000069],[119.67973309000001,11.103161154000077],[119.68265145600003,11.103080756000054],[119.68456381100009,11.094507400000055],[119.68325259500011,11.091739929000028],[119.68652669700009,11.089538143000027],[119.68146711500003,11.085752971000034],[119.67997900000012,11.081167879000077],[119.67674650200001,11.080846061000045],[119.67686344200001,11.075963139000066],[119.6789910440001,11.07850907300002],[119.68101577100003,11.07847176100006],[119.68398502600007,11.082992457000046],[119.6859768600001,11.083653407000043],[119.68806348700002,11.081975873000033],[119.69196410600011,11.085146485000053],[119.69389307000006,11.084017025000037],[119.69490886800008,11.085652860000039],[119.69299092200004,11.088207458000056],[119.69336358900011,11.090825751000068],[119.69796373200006,11.093050215000062],[119.69798242500008,11.102521316000036],[119.6938997520001,11.103724655000065],[119.6909311610001,11.107971343000031],[119.69089910800005,11.115511415000071],[119.69250936500009,11.118712931000061],[119.68776960900004,11.123053654000046]]],[[[119.66035087300008,11.12794798300007],[119.65860240600011,11.127687233000074],[119.65965898600007,11.125750775000029],[119.66035087300008,11.12794798300007]]],[[[119.6569046830001,11.139400685000055],[119.65535600300007,11.139221534000058],[119.65463870700012,11.135831655000061],[119.65791809200005,11.133306197000024],[119.65886788500006,11.135013186000037],[119.6569046830001,11.139400685000055]]],[[[119.66773934900004,11.141615083000033],[119.6658279720001,11.14129284300003],[119.66557087000001,11.13874480100003],[119.6678381700001,11.13741598200005],[119.66895408000005,11.138052562000041],[119.66773934900004,11.141615083000033]]],[[[119.55702781100001,11.144116105000023],[119.55647751600009,11.145758662000048],[119.5549949220001,11.143740405000074],[119.55702781100001,11.144116105000023]]],[[[119.69684424200011,11.158238178000033],[119.69477378900001,11.15792035100003],[119.69455157900006,11.155032603000052],[119.69006453700001,11.150976698000022],[119.69010078300005,11.149221773000022],[119.69457024600001,11.151406960000031],[119.69636355800003,11.154797005000034],[119.70002715800001,11.157068813000024],[119.69684424200011,11.158238178000033]]],[[[119.65091785600009,11.167057563000071],[119.64928806400007,11.16906846300003],[119.65007541800003,11.162692912000068],[119.65247654400002,11.16051449500003],[119.65360541400003,11.162552515000073],[119.65091785600009,11.167057563000071]]],[[[119.67077805600002,11.174157158000071],[119.66735378600004,11.169908373000055],[119.66834481700005,11.167549778000023],[119.67214369200008,11.166364929000054],[119.67261763600004,11.172057321000068],[119.67077805600002,11.174157158000071]]],[[[119.67608474800011,11.190154179000046],[119.67173845400009,11.187256133000062],[119.67529127900002,11.18701438000005],[119.67786347000003,11.190129200000058],[119.67608474800011,11.190154179000046]]],[[[119.5987259740001,11.196637718000034],[119.59345116400004,11.194352213000059],[119.59116623500006,11.191827485000033],[119.59058554700005,11.18339261500006],[119.58939363600007,11.182390680000026],[119.59178815000007,11.180187438000075],[119.589763,11.174513580000053],[119.58193664600003,11.179377228000021],[119.57984564600008,11.178418907000037],[119.56995070200003,11.181093494000038],[119.56965986900002,11.179465572000026],[119.56382139900006,11.179537278000055],[119.55613454600007,11.173240365000026],[119.55701855600012,11.168539613000064],[119.55419191300007,11.161007769000037],[119.55416753000009,11.155521732000068],[119.55655554600003,11.149767122000071],[119.56096331900005,11.145025489000034],[119.56215374100009,11.138198758000044],[119.57403171100009,11.139117931000044],[119.5775058370001,11.142088091000062],[119.5793194360001,11.145912253000063],[119.58461959200008,11.147065927000028],[119.5869493460001,11.14675604100006],[119.59395120800002,11.140901961000054],[119.59634243800008,11.149242610000044],[119.5956067940001,11.161604393000061],[119.60171879400002,11.159451197000067],[119.60631623200004,11.150596773000075],[119.61175207200006,11.155911827000068],[119.61965313700011,11.159149041000035],[119.62222308100002,11.162201100000061],[119.62527642000009,11.162152394000032],[119.62782688800007,11.170187015000067],[119.63089328,11.174817103000066],[119.6272615790001,11.182345817000055],[119.62888893500008,11.184987368000066],[119.62783137800011,11.186753947000057],[119.62485026700006,11.186043200000029],[119.62408431400002,11.186982326000077],[119.62577804800003,11.189004277000038],[119.62122431700004,11.190987173000053],[119.615979347,11.190864262000048],[119.61423172900004,11.189036096000052],[119.61163660400007,11.192053789000056],[119.60471560100007,11.193201406000071],[119.60177741100006,11.196390941000061],[119.5987259740001,11.196637718000034]]]]}},{"type":"Feature","properties":{"shapeName":"Kalayaan","shapeISO":"","shapeID":"30758251B42764898301689","shapeGroup":"PHL","shapeType":"ADM3","geometry_variant":"full","psgc_code":"1705321000","legacy_psgc_code":"175321000","province":"Palawan"},"geometry":{"type":"Polygon","coordinates":[[[114.28839997700004,11.053735533000065],[114.28792835500008,11.054179890000057],[114.28748503100007,11.054457612000022],[114.28706057200009,11.054763107000042],[114.28662668000004,11.054985284000054],[114.28634370800012,11.055272263000063],[114.28596641100012,11.055503698000052],[114.2854381950001,11.055818449000071],[114.28509862700002,11.056096169000057],[114.284702465,11.056262802000049],[114.284325168,11.056262802000049],[114.28412708700012,11.056086912000069],[114.28378752000003,11.055781419000027],[114.28311781700006,11.055142660000058],[114.28283484500002,11.054864938000037],[114.28252481900006,11.054322528000057],[114.28232930400009,11.054209308000054],[114.28216591000012,11.053844501000071],[114.28195280400007,11.053765829000042],[114.28192807800008,11.05346389600004],[114.2816496050001,11.053126597000073],[114.2814636380001,11.053060894000055],[114.28125825200004,11.053090646000044],[114.28119750100007,11.053023569000061],[114.28153378600007,11.05275978900005],[114.28160752400004,11.052282769000044],[114.28179727800011,11.05180998000003],[114.27856195600009,11.051550771000052],[114.27843933400004,11.051263788000028],[114.2782035240001,11.051097152000068],[114.27803374000007,11.050967547000027],[114.277892253,11.050726852000025],[114.27790168600006,11.05063427600004],[114.28193876400007,11.05090274500003],[114.28196706200004,11.051013835000049],[114.28214627800003,11.051050865000036],[114.28248584500011,11.05098606200005],[114.28277825000009,11.050810169000044],[114.28329703400004,11.050662049000039],[114.28371206100007,11.050615761000074],[114.28401389800001,11.05068056400006],[114.28444779000006,11.05076388200007],[114.28490054600002,11.050745367000047],[114.28533443800006,11.050699079000026],[114.28578719400002,11.05073610900007],[114.28614562700011,11.050819427000022],[114.28654178900001,11.050847199000032],[114.28703227500012,11.05093051700004],[114.28743786900009,11.05098606200005],[114.28772084200011,11.051023092000037],[114.28800381500002,11.051152698000067],[114.28831508500002,11.051319333000038],[114.28844713900003,11.051448938000021],[114.28868294900008,11.051402650000057],[114.28976767900008,11.051458195000066],[114.28969221900002,11.052393202000076],[114.2887678410001,11.052309885000057],[114.28871124700004,11.052532064000047],[114.28856032800002,11.052735729000062],[114.28855089500007,11.053004195000028],[114.28839997700004,11.053735533000065]]]}},{"type":"Feature","properties":{"shapeName":"Culion","shapeISO":"","shapeID":"30758251B61571495122519","shapeGroup":"PHL","shapeType":"ADM3","psgc_code":"1705322000","legacy_psgc_code":"175322000","province":"Palawan"},"geometry":{"type":"MultiPolygon","coordinates":[[[[119.96244908500012,11.660796319000042],[119.96029707700006,11.660588638000036],[119.96148941600006,11.658406894000052],[119.96244908500012,11.660796319000042]]],[[[120.02126292000003,11.687518032000071],[120.0180922620001,11.687139055000046],[120.01714129600009,11.682792965000033],[120.02126292000003,11.687518032000071]]],[[[120.03954031800004,11.68800999900003],[120.03725994000001,11.68625978800003],[120.04096023700004,11.683253144000048],[120.04147030500008,11.67975549700003],[120.03966240600005,11.679837216000067],[120.04207616700012,11.678702246000057],[120.03777172600007,11.675817194000047],[120.038928456,11.670873253000025],[120.0418342910001,11.673667284000032],[120.04669176700008,11.67462732000007],[120.04599703500003,11.677479472000073],[120.0481985460001,11.68287678300004],[120.0470597310001,11.68522540600003],[120.0445996200001,11.685100679000072],[120.03954031800004,11.68800999900003]]],[[[119.97669994900002,11.718559768000034],[119.97225183300009,11.716825331000052],[119.97202576900008,11.714675614000043],[119.97571516500011,11.715502679000053],[119.97669994900002,11.718559768000034]]],[[[119.95258081800011,11.73575635900005],[119.95291161400007,11.738322521000043],[119.95149950600012,11.736348204000024],[119.95187853900006,11.734991763000039],[119.95258081800011,11.73575635900005]]],[[[120.10675442900003,11.731680149000056],[120.1045230740001,11.733042268000077],[120.10465331300009,11.73751317700004],[120.10049967000009,11.74152954300007],[120.10093667700005,11.736173110000038],[120.09856981200005,11.733929371000045],[120.10218297100005,11.733061491000058],[120.10350745500011,11.73012796100005],[120.10262885400005,11.72801441200005],[120.10112947000005,11.727967467000042],[120.09933286500006,11.721187653000072],[120.101807183,11.721041336000042],[120.10527665400002,11.725466106000056],[120.10675442900003,11.731680149000056]]],[[[119.93239961800009,11.747824841000067],[119.92972630500003,11.745301709000046],[119.9238772220001,11.744165203000023],[119.92748615100004,11.73932523600007],[119.92698031200007,11.735269363000043],[119.92979559100002,11.727490301000046],[119.929695637,11.723684306000052],[119.93066344800002,11.728558927000051],[119.93287149500009,11.730823118000046],[119.93186555800003,11.73429214600003],[119.93757573500011,11.737765893000073],[119.93445075200009,11.742884089000029],[119.93520254400005,11.744558251000058],[119.93239961800009,11.747824841000067]]],[[[119.96258401700004,11.75547754400003],[119.95646909200002,11.754351167000038],[119.94890309800007,11.742707057000075],[119.9530876880001,11.745026145000054],[119.95341527900007,11.74712506800006],[119.95576962700011,11.748726431000023],[119.958428432,11.747319022000056],[119.96121244200003,11.750912928000048],[119.96645860800004,11.752785133000032],[119.96591512600003,11.75490874600007],[119.96258401700004,11.75547754400003]]],[[[120.08506673600004,11.764706262000061],[120.08413035,11.765288192000071],[120.08452177400011,11.763670636000029],[120.0858141440001,11.763895602000048],[120.08506673600004,11.764706262000061]]],[[[119.96524647800004,11.768486520000067],[119.963402384,11.76799277400005],[119.96374497600004,11.766559377000021],[119.96524647800004,11.768486520000067]]],[[[120.06514873600008,11.774482416000069],[120.05658257200002,11.77054602800007],[120.05467228300006,11.766752449000023],[120.05657157900009,11.76251288700007],[120.05743380900003,11.762174394000056],[120.05867380500001,11.766515506000076],[120.06108613000004,11.766989625000065],[120.06536906300005,11.772711816000026],[120.07009431800009,11.772343915000022],[120.06875776200002,11.774386950000064],[120.06514873600008,11.774482416000069]]],[[[119.9669861650001,11.780561403000036],[119.96556890200009,11.779539494000062],[119.96797411800003,11.775926895000055],[119.97514301000001,11.77805266100006],[119.9741384780001,11.780092006000075],[119.97095275100003,11.77931578600004],[119.9669861650001,11.780561403000036]]],[[[120.08296372600012,11.781896939000035],[120.08401970400007,11.779099698000039],[120.08427689200005,11.78152883000007],[120.08296372600012,11.781896939000035]]],[[[119.97616331000006,11.78383679600006],[119.97471950200008,11.78345663500005],[119.9762641210001,11.78211669600006],[119.97732256100005,11.782875717000024],[119.97616331000006,11.78383679600006]]],[[[119.98046541100007,11.784140165000053],[119.97743498700004,11.779414928000051],[119.98088308600006,11.780615246000025],[119.98046541100007,11.784140165000053]]],[[[119.98516911600007,11.784335201000033],[119.98374936000005,11.78214796900005],[119.9853300530001,11.779527415000075],[119.99056035400008,11.77997240700006],[119.98516911600007,11.784335201000033]]],[[[119.98092854200002,11.789151348000075],[119.97920098600002,11.787851922000073],[119.97924406600009,11.78548451000006],[119.98296851100008,11.787755977000074],[119.98092854200002,11.789151348000075]]],[[[120.11494975000005,11.793848316000037],[120.11377272700008,11.790446670000051],[120.11022611200008,11.787279381000076],[120.1156048360001,11.788362995000057],[120.11641641800009,11.791884036000056],[120.11494975000005,11.793848316000037]]],[[[120.05069998200008,11.813925634000043],[120.0486710020001,11.809753344000057],[120.0523003940001,11.80750242800002],[120.05308268500005,11.811333449000074],[120.05069998200008,11.813925634000043]]],[[[120.12233497700004,11.817526540000074],[120.11843163000003,11.816313268000044],[120.12263393900002,11.814283155000055],[120.1236227710001,11.816507021000064],[120.12233497700004,11.817526540000074]]],[[[120.06469418300003,11.81844280100006],[120.0626995770001,11.821804514000064],[120.06150585400007,11.818319427000063],[120.05705623500012,11.816260217000035],[120.05958164100002,11.814469436000024],[120.06337361500005,11.81618934200003],[120.06510119600011,11.814266790000033],[120.07214163200001,11.816663652000045],[120.06935228300006,11.816942315000063],[120.06882491800002,11.81862727500004],[120.06465358300011,11.81615474800003],[120.06373852700006,11.816612789000033],[120.06469418300003,11.81844280100006]]],[[[120.0462596430001,11.823183039000071],[120.04202927900008,11.82194159200003],[120.0422660800001,11.820090202000074],[120.04602765000004,11.820938761000036],[120.0462596430001,11.823183039000071]]],[[[120.12747072800005,11.824621599000068],[120.12550854000006,11.821930617000021],[120.12809203600011,11.814473863000046],[120.12236931500001,11.812935306000043],[120.11750430600011,11.807869193000045],[120.11602171400011,11.809254992000035],[120.11471589400003,11.808264931000053],[120.11567950800008,11.805483647000074],[120.11389167300001,11.802425240000048],[120.11579309700005,11.797480762000077],[120.11731859400004,11.80189617600007],[120.11932821000005,11.799700313000073],[120.12237382500007,11.800583237000069],[120.12373521500001,11.799602664000076],[120.12500112900011,11.804184661000022],[120.12242055400009,11.806196820000025],[120.12355328700005,11.810170519000053],[120.12749290600004,11.811526583000045],[120.13226479600007,11.810350217000064],[120.13323625600003,11.811492567000073],[120.13313083900005,11.81302736200007],[120.13173166600006,11.811779587000046],[120.13036119300011,11.813627560000043],[120.13144766900007,11.816749224000034],[120.12985306100006,11.818327306000072],[120.13161162800009,11.820773699000029],[120.12747072800005,11.824621599000068]]],[[[120.0477477720001,11.82596009200006],[120.04643444100009,11.82312083100004],[120.04894512900012,11.824376252000036],[120.0477477720001,11.82596009200006]]],[[[120.05202326400001,11.826665278000064],[120.05071316100009,11.825673806000054],[120.0514180780001,11.824879082000052],[120.05398650900008,11.825482087000069],[120.05202326400001,11.826665278000064]]],[[[120.0542125400001,11.83318061600005],[120.05275294700004,11.832196836000037],[120.05334118000007,11.829838037000059],[120.0551427800001,11.827987313000051],[120.058160444,11.828277737000064],[120.0542125400001,11.83318061600005]]],[[[120.11314411100011,11.843371528000034],[120.11214575100007,11.842152402000067],[120.11503748900009,11.842504786000063],[120.11314411100011,11.843371528000034]]],[[[120.07238993100009,11.851293799000075],[120.06939789500007,11.847322018000057],[120.07032622100007,11.84479833000006],[120.07788363300006,11.836688021000043],[120.08507771500001,11.834786020000024],[120.08183425200002,11.831926901000031],[120.08038085500004,11.832854156000053],[120.07891952300008,11.831406432000051],[120.08157751400006,11.83073635900007],[120.08325228000001,11.826470138000047],[120.09541758800003,11.816417329000046],[120.09889607600007,11.818428451000045],[120.10235520800006,11.813902444000064],[120.106983076,11.811414085000024],[120.11520911900004,11.810781605000045],[120.11495574500009,11.813679973000035],[120.11074821300008,11.814949246000026],[120.11551677800003,11.818965684000034],[120.11372479600004,11.82234991200005],[120.11531749300002,11.828634343000033],[120.10886768300008,11.829140691000077],[120.10073323200004,11.824573889000021],[120.09649690000003,11.825824372000056],[120.0977432410001,11.83141261000003],[120.10087046900003,11.83438955400004],[120.09989640900005,11.838148553000053],[120.10180791500011,11.840457259000061],[120.09956720700006,11.842150454000034],[120.09996930800003,11.843966198000032],[120.10287787300001,11.845837970000048],[120.092568733,11.845331491000024],[120.09110541400003,11.848272044000055],[120.08544688600011,11.850950090000026],[120.08424678300003,11.850267924000036],[120.08598074500003,11.848627299000043],[120.08552159500005,11.846508750000055],[120.08150179200004,11.84410867300005],[120.07438879300003,11.847700552000049],[120.07238993100009,11.851293799000075]]],[[[120.07981837600005,11.868905373000075],[120.0758873420001,11.868177154000023],[120.07445186500001,11.866349661000072],[120.07962607200011,11.862024301000076],[120.08054430100003,11.859158911000065],[120.08386013100005,11.858355204000077],[120.08755879800003,11.860985803000062],[120.09208968200005,11.86071976900007],[120.08482763400002,11.865165754000031],[120.08282650100011,11.86812246200003],[120.07981837600005,11.868905373000075]]],[[[120.04717682400008,11.91553377100007],[120.04259755800001,11.915358162000075],[120.0503678020001,11.91306548800003],[120.0498586760001,11.91482452200006],[120.04717682400008,11.91553377100007]]],[[[120.04098325600012,11.916667626000049],[120.03751406000003,11.91499477800005],[120.04275125400011,11.914966707000076],[120.04098325600012,11.916667626000049]]],[[[120.02397932400004,11.929097220000074],[120.02231979200008,11.927373695000028],[120.02465382700007,11.926220982000075],[120.02561585800004,11.928630777000023],[120.02397932400004,11.929097220000074]]],[[[120.01975808500003,11.930988701000047],[120.01898304800011,11.93049061000005],[120.02178339400007,11.930793101000063],[120.01975808500003,11.930988701000047]]],[[[119.97982260100002,11.935004011000046],[119.97692713600009,11.932868136000025],[119.9749204850001,11.934186648000036],[119.97448401800011,11.930377822000025],[119.98036180600002,11.930978737000032],[119.97982260100002,11.935004011000046]]],[[[120.02395254300006,11.937084850000076],[120.02396281500012,11.934503800000073],[120.02714908300004,11.933117965000065],[120.02395254300006,11.937084850000076]]],[[[119.98958959900006,11.94167032200005],[119.98818532500002,11.940810309000028],[119.99007270200002,11.939854184000069],[119.99036587400008,11.937652964000051],[119.99425373300005,11.936830927000074],[119.99319562300002,11.940708087000075],[119.98958959900006,11.94167032200005]]],[[[119.99746428300011,11.942464862000065],[119.99578289600004,11.942254134000052],[119.99518449800007,11.940153130000056],[120.00222560500004,11.93806700600004],[120.00222557200004,11.940536436000059],[119.99746428300011,11.942464862000065]]],[[[119.96846097600007,11.948224478000043],[119.96670336200009,11.947962271000051],[119.96739180500003,11.945208774000037],[119.97488298200005,11.945411845000024],[119.96846097600007,11.948224478000043]]],[[[120.02789463800002,11.948680309000054],[120.0248719970001,11.946282291000045],[120.02788542400003,11.945378829000049],[120.02897800800008,11.942058602000031],[120.03225185200006,11.939922403000025],[120.0335039680001,11.941063975000077],[120.02917644100012,11.94482527200006],[120.02970934900009,11.946194581000043],[120.02906103700002,11.945093693000047],[120.0262590100001,11.946914002000028],[120.02789463800002,11.948680309000054]]],[[[120.01257831500004,11.949114303000044],[120.0126765330001,11.947783684000058],[120.01640015200007,11.945996586000035],[120.0180610110001,11.946978032000061],[120.01257831500004,11.949114303000044]]],[[[119.97362050200002,11.952782821000028],[119.97250247700003,11.95166413000004],[119.97427454800004,11.950362833000042],[119.97810058200002,11.95123761900004],[119.97362050200002,11.952782821000028]]],[[[119.97054580600002,11.956541322000021],[119.968451952,11.955947841000068],[119.96994834500003,11.95507744400004],[119.97054580600002,11.956541322000021]]],[[[119.94137614800002,11.957939643000032],[119.94030872400003,11.956900102000077],[119.94223809100004,11.95590868100004],[119.94137614800002,11.957939643000032]]],[[[119.93177378700011,11.961838278000073],[119.93055069200011,11.960203561000071],[119.93166842900007,11.95855923800002],[119.93277069900012,11.959513910000055],[119.93177378700011,11.961838278000073]]],[[[119.99648395600002,11.969884311000044],[119.99126857100009,11.969367727000076],[119.98685746600006,11.966345360000048],[119.98581651200004,11.96352777800007],[119.98242608800001,11.962097036000046],[119.99016800400011,11.957617596000034],[119.98100827500002,11.957915546000038],[119.97843844600004,11.956197685000063],[119.9750887350001,11.956410014000028],[119.98049938600002,11.953759325000021],[119.98814091400004,11.95254079800003],[119.98787405100006,11.951135308000062],[119.98399694600005,11.949715226000023],[119.9831712560001,11.946589365000023],[119.98550587500006,11.944842238000035],[119.98941159500009,11.945142800000042],[119.9917855000001,11.94163843800004],[119.99500793300001,11.942259035000063],[119.99380211700009,11.945976148000057],[119.9966430390001,11.94937131200004],[120.00461786700009,11.947947803000034],[120.00606570900004,11.943800044000056],[120.00875192700005,11.94221839100004],[120.0154820790001,11.943009938000046],[120.01028848800001,11.94592159900003],[120.01177506400006,11.948426358000063],[120.01123721700003,11.950778872000058],[120.01758874500001,11.951270199000021],[120.02282576900006,11.953654210000025],[120.02139637700009,11.958998802000053],[120.01976743600005,11.958878388000073],[120.01783278000005,11.955692488000068],[120.01472721500011,11.95593713900007],[120.00639710200005,11.960938422000027],[120.00131952100003,11.961117460000025],[120.00150199600012,11.96582673100005],[119.99648395600002,11.969884311000044]]],[[[119.97636563200001,11.979294548000041],[119.97565526000005,11.978608421000047],[119.9780309790001,11.977377223000076],[119.98016983100001,11.977594802000056],[119.97636563200001,11.979294548000041]]],[[[119.90267817900008,11.979596301000072],[119.90005354100003,11.978823117000047],[119.89341160700008,11.971548527000039],[119.89372625400006,11.967014597000059],[119.89014313700011,11.970190359000071],[119.89011409200009,11.97536642700004],[119.88733674500008,11.978096669000024],[119.87979201900009,11.975612969000053],[119.87690227000007,11.973017231000028],[119.87579390600001,11.968982098000026],[119.87705261600001,11.963536797000074],[119.87499760300011,11.96346410800004],[119.87423380000007,11.970000520000042],[119.872165934,11.969581947000052],[119.87070534400004,11.96257786700005],[119.87276755100004,11.957914336000044],[119.87445753400004,11.957088809000027],[119.87407215500002,11.953853902000048],[119.88083629300002,11.958632418000036],[119.88372046500001,11.957779595000034],[119.88409279200005,11.955307954000034],[119.89013255200007,11.949204190000046],[119.89002249600003,11.946824057000072],[119.89247206700009,11.947828478000076],[119.89434339700006,11.94426181600005],[119.89299277000009,11.937274109000043],[119.88677761200006,11.934416554000052],[119.890386927,11.932090668000058],[119.88925510000001,11.92897004300005],[119.89284993900003,11.930128841000055],[119.89476885200008,11.927061609000077],[119.89128543600009,11.925226666000071],[119.8909212420001,11.923624712000048],[119.88631116900001,11.922845837000068],[119.88014172400005,11.92646006800004],[119.87881352200009,11.92828359200007],[119.87937928500003,11.930477586000052],[119.87571252100008,11.931750176000037],[119.87676690600006,11.937416991000077],[119.87419810000006,11.94338825400007],[119.87114532100009,11.946101507000037],[119.8676454570001,11.945574451000027],[119.8649955200001,11.940634912000064],[119.86185344900002,11.93989337000005],[119.86098834000006,11.94151284700007],[119.85714380600007,11.94119586100004],[119.8589640240001,11.943244373000027],[119.85801476600011,11.943960072000039],[119.85935316000007,11.94856706400003],[119.85715713900004,11.950196400000038],[119.8558536920001,11.953785035000067],[119.85172247300011,11.956227376000072],[119.84735667900009,11.952670956000077],[119.84598547300004,11.947911610000062],[119.84862311600011,11.943187916000056],[119.8585947900001,11.936360745000059],[119.86051933400006,11.933283578000044],[119.86061094200011,11.929606728000067],[119.86344620900002,11.92906600200007],[119.86653043700005,11.93245130200006],[119.87153039600003,11.928077967000036],[119.87236021000001,11.922128787000076],[119.86884030700003,11.914419500000065],[119.86950196900011,11.905907257000024],[119.86843140700012,11.901274771000033],[119.87202088800007,11.89057254100004],[119.876652379,11.887247266000031],[119.87790309600007,11.880512250000038],[119.88219566400005,11.876338395000062],[119.88511815000004,11.879333777000056],[119.89133793300005,11.877425086000073],[119.89232009500006,11.873182343000053],[119.89074874500011,11.87077193600004],[119.89397206000001,11.867405886000029],[119.89388670100004,11.862084064000044],[119.90033760500012,11.860662180000077],[119.89969294500008,11.857864354000071],[119.90628638900012,11.854255081000076],[119.90985268800011,11.850164025000026],[119.91219385600004,11.85022415700007],[119.91066659900002,11.847351562000028],[119.91519531400002,11.844123608000075],[119.91293557400002,11.839232952000032],[119.90412283,11.842559321000067],[119.90057514300008,11.838010565000047],[119.90287329600005,11.834825046000049],[119.90191574300002,11.83194611700003],[119.89983096100002,11.830561561000025],[119.89480540700004,11.83235084000006],[119.89355837200003,11.829031980000025],[119.90525974200011,11.822360411000034],[119.90528384000004,11.819904067000039],[119.90300907100004,11.819259871000042],[119.90357787800008,11.815561174000038],[119.90136985800007,11.813886616000048],[119.90261838800006,11.813229320000062],[119.901681316,11.812646402000041],[119.90291919600008,11.811387600000046],[119.90643679400011,11.812712092000027],[119.91068812300011,11.80826474500003],[119.91142946200011,11.797936841000023],[119.91052918900004,11.795846899000026],[119.90763463400003,11.795121871000049],[119.90687521600012,11.792627908000043],[119.91042725000011,11.791565426000034],[119.91483059500001,11.78671220700005],[119.91968673000008,11.785050161000072],[119.91927065700008,11.78312158600005],[119.92565634200002,11.773946328000022],[119.92268355100009,11.767226926000035],[119.92504702600002,11.765271650000045],[119.92527709700005,11.762681903000043],[119.93027599700008,11.76009620000002],[119.94901294600004,11.764181458000053],[119.95290277400011,11.763432392000027],[119.95501578400001,11.76065242900006],[119.95819234400005,11.763778965000029],[119.9601790690001,11.762820428000055],[119.96291798100003,11.764470354000025],[119.95964686000002,11.765227006000032],[119.95939448000001,11.766715891000047],[119.96278259000007,11.767572087000076],[119.96318755000004,11.769940527000074],[119.959982394,11.77589265100005],[119.96235518000003,11.777679528000021],[119.962604295,11.779486810000037],[119.96028432900005,11.780843115000039],[119.9623616780001,11.785512380000057],[119.95915023200007,11.78608127900003],[119.95840146300009,11.788069256000028],[119.96103931100004,11.79185668200006],[119.96127474900004,11.796020790000057],[119.95612120200008,11.795971412000029],[119.96346413000003,11.800351703000047],[119.96823077800002,11.799842041000034],[119.96858967500009,11.795365366000055],[119.97392784100009,11.790312383000071],[119.97834833700006,11.796507562000045],[119.98020686400002,11.796402927000031],[119.98074396100003,11.79368521200007],[119.98447489600005,11.800768365000067],[119.9889558540001,11.801541556000075],[119.9875131980001,11.797960101000058],[119.99060028800011,11.796918343000073],[119.99266972400005,11.791178242000058],[119.98631041200008,11.787137285000028],[119.98556218800002,11.784764839000047],[119.9897560920001,11.785277558000075],[119.9913836290001,11.783777813000029],[120.00031130600007,11.789237795000076],[120.00340259900008,11.78705640100003],[120.00143949800008,11.785276258000067],[120.00202033000005,11.783271527000068],[119.99973301200009,11.783637355000053],[119.99877914600006,11.780616743000053],[119.99722161800003,11.780949804000045],[119.99412974000006,11.777602973000057],[119.99203171300007,11.77800508000007],[119.99238897000009,11.77545181000005],[119.9981417670001,11.775334220000047],[119.99829317900003,11.77312594500006],[119.99520373200005,11.772234266000055],[119.99515536000001,11.769710704000033],[119.98405971400007,11.770173391000071],[119.97591284700002,11.765536065000049],[119.976072025,11.76889808900006],[119.97507277000011,11.766305706000026],[119.9723498730001,11.765029790000028],[119.96982603900005,11.757074492000072],[119.96767712700012,11.756255193000072],[119.968395213,11.75345449200006],[119.97136092000005,11.752517276000049],[119.97251596100011,11.748247968000044],[119.9704230540001,11.747915327000044],[119.96787185900007,11.744386142000053],[119.9651546660001,11.746641552000028],[119.96661911400008,11.749246608000021],[119.96450045300003,11.748819594000054],[119.96115567700008,11.74631895400006],[119.96141887500005,11.745081026000037],[119.95554619000006,11.745093504000067],[119.95457899300004,11.743345326000053],[119.95650841800011,11.73768380200005],[119.95402780600011,11.734838809000053],[119.95378276500003,11.732284801000048],[119.95699469200008,11.73083966300004],[119.96047851800006,11.734278892000077],[119.96095859200011,11.731878092000045],[119.96872283800008,11.732111810000049],[119.9706733590001,11.722954880000032],[119.97729376500001,11.719651249000037],[119.97902266400001,11.716976999000053],[119.97785809600009,11.714924687000064],[119.97898034500008,11.713493434000043],[119.97702484800004,11.713710181000067],[119.97750661900011,11.712285422000036],[119.97354772500012,11.712676227000031],[119.97119552200002,11.71465416500007],[119.97102012100004,11.719473004000065],[119.96952194000005,11.720270570000025],[119.969292375,11.725081125000031],[119.96720097700006,11.728868397000042],[119.96363602500003,11.729694423000069],[119.96219927000004,11.728073038000048],[119.96138358900009,11.729088502000025],[119.96135435200006,11.726383523000038],[119.95990066500008,11.726317789000063],[119.95292982400008,11.731133373000034],[119.95059026900003,11.729092835000074],[119.94882761200006,11.723273435000067],[119.94807923700012,11.728555185000062],[119.94974229900004,11.731480151000028],[119.94779066100011,11.734040288000074],[119.94925904200011,11.736776492000047],[119.94776136100006,11.739734287000033],[119.94432908800002,11.73792366400005],[119.93871218100003,11.730450563000034],[119.93762123600004,11.72182426300003],[119.93644789900009,11.721295876000056],[119.9385711220001,11.72048464200003],[119.93962801700002,11.71358457100007],[119.93695752700012,11.711283759000025],[119.93808005800008,11.70780624200006],[119.94082987600007,11.708465227000033],[119.94238218800001,11.704314475000047],[119.94429014200011,11.703418247000059],[119.94256116200006,11.700576927000043],[119.94303286000002,11.694603288000053],[119.94012450000002,11.694297604000042],[119.94136170700006,11.69268233200006],[119.93960836500003,11.688862998000047],[119.94113852700002,11.687105269000028],[119.9398105250001,11.678119305000052],[119.94078106800009,11.677129528000023],[119.94326383200007,11.680332645000021],[119.94669408800007,11.680401540000048],[119.9531318810001,11.67166009600004],[119.95187616500004,11.670379475000061],[119.9521248310001,11.664953006000076],[119.94815690500002,11.663577554000028],[119.94656812800008,11.665855905000058],[119.94383996700003,11.665436226000054],[119.9430314110001,11.661520686000074],[119.94479461100002,11.658597482000062],[119.94598482900005,11.660618333000059],[119.9515727800001,11.661609131000034],[119.9567512110001,11.658807902000035],[119.95970055300006,11.660711883000033],[119.9603031800001,11.663060698000038],[119.96268725400012,11.66238480800007],[119.96125570700008,11.668547593000028],[119.96320194400005,11.670695284000033],[119.9649321390001,11.67018069900007],[119.96612953200008,11.671621790000074],[119.96610786000008,11.668414324000025],[119.96910018900007,11.664902532000042],[119.9687838110001,11.673134222000044],[119.96566476500004,11.68204114100007],[119.96323386000006,11.688143654000044],[119.95994176700003,11.692178259000059],[119.95857532000002,11.691348951000066],[119.95824086800008,11.695004509000057],[119.96531797000011,11.689902175000043],[119.96944420900002,11.690102984000077],[119.97100124700012,11.687836420000053],[119.96714888400004,11.687436139000056],[119.96710785100004,11.686147550000044],[119.96863513500011,11.683982331000038],[119.97047704600004,11.683998596000038],[119.97192822600005,11.67867538300004],[119.97538492300009,11.677804981000065],[119.97695840600011,11.674116520000041],[119.97901836500012,11.67494825700004],[119.98051747900001,11.673511473000076],[119.97950818900006,11.670240143000058],[119.98071536400005,11.66662658100006],[119.98356814200008,11.670564983000077],[119.98584658200002,11.66987300900007],[119.98661194200008,11.678440323000075],[119.98810872800004,11.681199095000068],[119.99093062100008,11.681133173000035],[119.99158218700006,11.676842886000031],[119.99881603900008,11.67746784600007],[120.00127975900011,11.676146407000033],[120.00547334800001,11.682729751000068],[120.0048870500001,11.688330465000035],[120.00625635300003,11.69241241800006],[120.00929469000005,11.692617978000044],[120.0146229290001,11.696801294000068],[120.01937588900012,11.696447955000053],[120.02109920100008,11.697807325000042],[120.02488218300005,11.70235185100006],[120.02483579600005,11.705378866000046],[120.0267948280001,11.708580423000058],[120.0372907840001,11.717701113000032],[120.04107797300003,11.718452613000068],[120.04574117200002,11.716583927000045],[120.04931016300009,11.718367019000027],[120.04958125700011,11.719901400000026],[120.04526572800012,11.723910400000022],[120.0469225060001,11.725506711000037],[120.04512888200009,11.726832135000052],[120.04596733400001,11.728485146000025],[120.04469115900008,11.733727885000064],[120.04892387200005,11.735388777000026],[120.05148131700003,11.732663757000068],[120.05549805800001,11.74426677300005],[120.05378987900008,11.746351376000064],[120.05148482200002,11.745441696000057],[120.05219479800007,11.747082868000064],[120.05551093800011,11.748065581000048],[120.05360003700002,11.748396657000058],[120.05304683300005,11.75170670700004],[120.0578990140001,11.756317792000061],[120.05368644200007,11.75993205900005],[120.05017386600002,11.757993570000053],[120.04754402900005,11.758788607000042],[120.04561943100009,11.757353109000064],[120.04787659600004,11.754215356000032],[120.0457986350001,11.754746839000063],[120.04334496900003,11.753271899000026],[120.034833681,11.755177154000023],[120.0347217100001,11.757589721000045],[120.03676057700011,11.760959264000064],[120.04271305300006,11.764220609000063],[120.04666287000009,11.770408645000032],[120.05095002500002,11.773959455000067],[120.05307175900009,11.780395214000066],[120.05723755600002,11.780229881000025],[120.06890360300008,11.784336819000032],[120.07373031800012,11.788258281000026],[120.0656225030001,11.789098516000024],[120.06430376600008,11.792872420000037],[120.06219986300005,11.79304773900003],[120.05984907100003,11.795988177000027],[120.0625784240001,11.798332902000027],[120.06208280900012,11.800617163000027],[120.05679165600009,11.804504173000055],[120.05472761200008,11.804474675000051],[120.0549545,11.805626712000048],[120.05452217400011,11.804054034000046],[120.0515180640001,11.803797231000033],[120.044933721,11.805108648000044],[120.0433293960001,11.808373696000046],[120.04405220000001,11.81178334200007],[120.04262297800005,11.813292259000036],[120.04019940800003,11.81299704600002],[120.03812098600008,11.808440304000044],[120.03354804900005,11.80765681400004],[120.03388113900007,11.802624095000056],[120.03342547000011,11.805551297000022],[120.03012886700003,11.806327791000058],[120.03092606200005,11.809362896000039],[120.03473649500006,11.813480298000059],[120.034498503,11.817226927000036],[120.03682698500006,11.820228987000064],[120.03191478200006,11.820922580000058],[120.02956827300011,11.825164707000056],[120.03796961700004,11.827540644000067],[120.03615453300006,11.828425545000073],[120.03507178200005,11.832389071000023],[120.03791964900006,11.835317750000058],[120.04969979300006,11.837913955000033],[120.0511790270001,11.839691964000053],[120.04312403800009,11.838365151000062],[120.03365296600009,11.84839295200004],[120.03054418600004,11.847687127000029],[120.03113075200008,11.845970647000058],[120.02732369300008,11.843357320000052],[120.02644923500009,11.840647040000022],[120.02463986600003,11.842843945000027],[120.01975240400009,11.840750771000046],[120.02183811000009,11.84173725200003],[120.02071805600008,11.841627462000076],[120.02170244000001,11.843871247000038],[120.02070496700003,11.844429758000047],[120.0247312780001,11.84577962800006],[120.02404285500006,11.847246003000066],[120.02625549100003,11.85182876400006],[120.02525314700006,11.852716522000037],[120.03421997400005,11.854176290000055],[120.03366116300003,11.855564084000036],[120.03642090400001,11.858265926000058],[120.03730909600006,11.854435392000028],[120.04793563100009,11.84606760500003],[120.05211363400008,11.845405373000062],[120.05350166100004,11.84619077900004],[120.050993317,11.848861485000043],[120.04924915100003,11.854785507000031],[120.05600889300001,11.851665051000055],[120.06223555800011,11.851490435000073],[120.06432019500005,11.852821045000042],[120.06208148000007,11.856385025000066],[120.0681699380001,11.856738696000036],[120.06711904800011,11.860464986000068],[120.07314222000002,11.859084541000072],[120.07499482300011,11.863258735000045],[120.07369661300004,11.862519697000039],[120.06864960200005,11.864774971000031],[120.06425105900007,11.863590539000029],[120.06278127000007,11.866046485000027],[120.06485731500004,11.86800663400004],[120.0633941970001,11.869968103000076],[120.05941876300005,11.868843586000025],[120.05843268600006,11.866335397000057],[120.05360497600009,11.866784477000067],[120.05682499000011,11.87046670500007],[120.0564634960001,11.87297077900007],[120.04888144800009,11.87557345700003],[120.04726666400006,11.874500774000069],[120.050548305,11.865564722000045],[120.04821396900002,11.863370558000042],[120.04213937100008,11.862426335000066],[120.04181461900009,11.864247670000054],[120.04378673000008,11.866317778000052],[120.04267193100009,11.867718110000055],[120.04459764800004,11.870718773000021],[120.04197521200001,11.872904333000065],[120.042622488,11.876372274000062],[120.02623930700008,11.881260367000039],[120.02825536600005,11.887966967000068],[120.02619328000003,11.88719231400006],[120.02608725200002,11.883741300000054],[120.02426304300002,11.88239862200004],[120.0208394660001,11.881898334000027],[120.01895419000004,11.88403009800004],[120.02070993400002,11.885568593000073],[120.02046534700003,11.888228235000042],[120.0214190260001,11.887367338000047],[120.02223622200006,11.888448357000073],[120.02245784100012,11.887220532000072],[120.02400584000009,11.889140444000077],[120.02418114400007,11.893333460000065],[120.02179753500002,11.892828088000044],[120.0224124670001,11.894176937000054],[120.02061418300002,11.893569616000036],[120.01994024900011,11.895320441000024],[120.01555689600002,11.89695600400006],[120.01109304800002,11.896462289000056],[120.01023459300006,11.897712149000029],[120.00436640400005,11.89818813200003],[120.00233497600004,11.897329747000072],[119.99900705000005,11.892291189000048],[119.99505141800012,11.893134975000066],[119.992996317,11.892048265000028],[119.99241854900004,11.89385816500004],[119.98978101500006,11.894435550000026],[119.98963910600003,11.896401279000031],[119.98752148800008,11.896882513000037],[119.98758545300007,11.902585740000063],[119.99813132300005,11.90445470800006],[120.0068523330001,11.908882479000056],[120.00774183700003,11.910534602000041],[120.00823512900001,11.909532640000066],[120.01473437000004,11.911909860000037],[120.0170579490001,11.914887470000053],[120.02303541600008,11.913163274000055],[120.02964759300005,11.914150394000046],[120.03004561000012,11.917304429000069],[120.0268078690001,11.919876419000047],[120.02412960900006,11.918908872000031],[120.02275116800001,11.919955940000023],[120.02360456500003,11.925915216000021],[120.01948968800002,11.925238919000037],[120.01739151000004,11.926713608000057],[120.01636133900001,11.931095326000047],[120.0123729390001,11.933867419000023],[120.0089752560001,11.93384646900006],[120.00564065800006,11.931801371000063],[120.00578739900004,11.928889456000036],[120.00812044300005,11.928353583000046],[120.0087246600001,11.925897321000036],[120.00572861900002,11.92398909700006],[120.0021220210001,11.924318018000065],[119.99879324400001,11.934264075000044],[119.99337095700002,11.932376572000067],[119.99211033600011,11.928855224000074],[119.99022552800011,11.92817298600005],[119.9909324350001,11.926110207000022],[119.98624352800005,11.92747504700003],[119.98571331200003,11.924734318000048],[119.9813878870001,11.922877673000073],[119.979311144,11.919903541000053],[119.98205474400004,11.913573901000063],[119.9854734160001,11.912077261000036],[119.98521835400004,11.91016206200004],[119.97795733300006,11.905749644000025],[119.97631552500002,11.902985584000021],[119.9752654670001,11.903885500000058],[119.97329588200012,11.902850289000071],[119.97112968700003,11.904387330000077],[119.9743908580001,11.906455941000047],[119.97888859500006,11.916791467000053],[119.97702392700012,11.91919901600005],[119.96974491000003,11.919679281000072],[119.96356242900004,11.915794117000075],[119.96385660100009,11.924783395000077],[119.96242035000012,11.92682088500004],[119.95985030700001,11.926544771000067],[119.959674156,11.923054481000065],[119.96102833300006,11.916604816000074],[119.96306793500003,11.915118677000066],[119.96196572600002,11.913744223000037],[119.95928170600007,11.91540408800006],[119.95851716200002,11.913784498000041],[119.96212986400008,11.906553764000023],[119.96503835700003,11.90424041700004],[119.96231508200003,11.90411752500006],[119.95931486400002,11.90085123700004],[119.95702493300007,11.904153264000058],[119.9528910360001,11.904280468000024],[119.95093416300006,11.907540706000077],[119.94462488400006,11.90965486400006],[119.94425125300006,11.912102231000063],[119.95178638100003,11.91181898900004],[119.95545112100001,11.91349475800007],[119.95218307100004,11.918342651000046],[119.95228842600011,11.921602245000031],[119.94394270700002,11.930212858000061],[119.94789575200002,11.935110851000047],[119.94434520900006,11.941736513000023],[119.95151139400002,11.940080374000047],[119.95875566600012,11.942250677000061],[119.96391589900009,11.940807248000056],[119.96629392500006,11.941979076000052],[119.96663980800008,11.944924526000023],[119.96360152000011,11.944535259000077],[119.96187442200005,11.946870734000072],[119.9607226390001,11.945578144000024],[119.95733408600006,11.946082515000057],[119.95607443000006,11.948988343000053],[119.95338940600004,11.950142879000055],[119.95302965500002,11.95274501800003],[119.95038967200003,11.951230783000028],[119.94986660000006,11.95310865700003],[119.94854725500011,11.953158269000028],[119.94150894900008,11.949627064000026],[119.935753481,11.953913576000048],[119.92998338200005,11.953012793000028],[119.92781594000007,11.954969004000077],[119.92106182000009,11.956987050000066],[119.91834096200012,11.961976729000071],[119.9159735290001,11.96184293400006],[119.91687697300006,11.963328215000047],[119.91465992300004,11.96948463900003],[119.90668110900003,11.972775290000072],[119.90741052600004,11.974905586000034],[119.90926878300002,11.97540267000005],[119.90664963000006,11.975881584000035],[119.90267817900008,11.979596301000072]]],[[[119.94345904400006,11.981617301000028],[119.94186380400004,11.980669163000073],[119.939305568,11.981565982000063],[119.93922565900004,11.979996596000035],[119.93554730500011,11.979332145000058],[119.93895668300001,11.973197043000027],[119.94129323800007,11.973036784000044],[119.94177592300002,11.970961246000059],[119.94454020700005,11.969706515000041],[119.93838880600003,11.963981414000045],[119.9370402510001,11.959368006000034],[119.93877222900005,11.957411099000069],[119.942572659,11.958633883000061],[119.94464934200005,11.957022565000045],[119.95481085200004,11.956289953000066],[119.95294706600009,11.958777440000063],[119.95605217700006,11.960129775000041],[119.95073386400009,11.964234715000032],[119.95268964800005,11.966449785000066],[119.95819440600008,11.963431255000046],[119.96351308900012,11.965104736000058],[119.97429984500002,11.964246738000043],[119.97360296800002,11.968331313000022],[119.96774835500003,11.971160183000052],[119.96414100600009,11.967877671000053],[119.96072116200003,11.969216201000052],[119.96012497600009,11.970237972000064],[119.96283301300002,11.970683490000056],[119.96422567500008,11.972952749000058],[119.95904813100003,11.97719898500003],[119.95530852000002,11.978279369000063],[119.95123614300007,11.977064682000048],[119.9507319390001,11.978301650000049],[119.94929693600011,11.976874413000075],[119.95011408800008,11.978449130000058],[119.94345904400006,11.981617301000028]]],[[[119.87214718300004,11.982463594000023],[119.86459920000004,11.980071592000058],[119.84777929300003,11.982148024000026],[119.84544051900002,11.980200999000033],[119.83830759900002,11.963196026000048],[119.83439793700006,11.95762189900006],[119.82846571800007,11.953721674000064],[119.82615078300012,11.942802566000069],[119.8239115880001,11.942490947000067],[119.82291779600007,11.940322261000063],[119.83037570300007,11.938463885000033],[119.82912814100007,11.94047781300003],[119.82962489400006,11.945033995000074],[119.8329860980001,11.94630554500003],[119.83499851300007,11.944243607000033],[119.83507227900009,11.94740702300004],[119.84119911700009,11.951744919000078],[119.84706958100003,11.964986466000028],[119.84646003900002,11.967248081000037],[119.84772620600006,11.968022370000028],[119.8467174330001,11.968054950000067],[119.85068514500006,11.969847027000071],[119.85359347600001,11.975198873000068],[119.86086993700007,11.97416806900003],[119.86231589400006,11.975924037000027],[119.86502288500003,11.975374481000074],[119.86645372900011,11.976941305000025],[119.87044531400011,11.977134376000038],[119.87180248600009,11.978778347000059],[119.8775516280001,11.979685954000047],[119.878596732,11.980979346000026],[119.87214718300004,11.982463594000023]]],[[[119.96266487900004,11.98276994300005],[119.9606681140001,11.982268489000035],[119.96442009500004,11.981153358000029],[119.96266487900004,11.98276994300005]]],[[[119.97913091200007,11.983835141000043],[119.97354753400009,11.982441723000022],[119.97725899700004,11.979222764000042],[119.98210135400006,11.980319957000063],[119.9821276560001,11.97658717400003],[119.98699765900005,11.97682465500003],[119.98741749600003,11.978634441000054],[119.98522489400011,11.980842155000062],[119.97913091200007,11.983835141000043]]],[[[119.96451076100004,11.991852041000072],[119.96517574900008,11.990145803000075],[119.96756994400005,11.990372140000034],[119.96451076100004,11.991852041000072]]],[[[119.92240134400004,11.992192489000047],[119.92141912600005,11.99120410300003],[119.92372550400012,11.990556656000024],[119.92240134400004,11.992192489000047]]],[[[119.9473727620001,11.996040480000033],[119.94460675500011,11.994902920000072],[119.94353977100002,11.992651901000045],[119.93918344200006,11.994104101000062],[119.93916820400011,11.995240500000023],[119.93474515700007,11.99292545000003],[119.93767941700003,11.990149776000067],[119.934777198,11.989552512000046],[119.93591407200006,11.98642452100006],[119.93823007600008,11.985171937000075],[119.94321209800012,11.986820049000073],[119.94615563900004,11.983589649000066],[119.95072022900001,11.983201047000023],[119.96104518000004,11.987122247000059],[119.96290625000006,11.989692620000028],[119.96102624000002,11.992496540000047],[119.95582954500003,11.993161666000049],[119.95349178100003,11.995437610000067],[119.94996879000007,11.99442726500007],[119.9473727620001,11.996040480000033]]]]}},{"type":"Feature","properties":{"shapeName":"Rizal","shapeISO":"","shapeID":"30758251B22012407080557","shapeGroup":"PHL","shapeType":"ADM3","psgc_code":"1705323000","legacy_psgc_code":"175323000","province":"Palawan"},"geometry":{"type":"Polygon","coordinates":[[[117.62265707800009,8.769912612000041],[117.68296764000002,8.806431777000057],[117.69587667500002,8.829433719000065],[117.72721839400003,8.865202502000045],[117.73194107000006,8.885340788000065],[117.7596817000001,8.918284997000058],[117.77297214200007,8.924267887000042],[117.86050454100007,8.99552976800004],[117.75869294200004,9.111721763000048],[117.75357743300003,9.10818357900007],[117.75650519200008,9.10420940900002],[117.75870132200009,9.090525984000067],[117.75738523000007,9.08852571600005],[117.75400772800003,9.087536818000046],[117.75177712800007,9.083775789000072],[117.75130083300007,9.073728735000032],[117.74632436700006,9.06779840400003],[117.74081990800005,9.071782358000064],[117.73966657900007,9.065056083000059],[117.73645735900004,9.062992182000073],[117.73275519100002,9.062967025000034],[117.72802487000001,9.064802919000044],[117.72393089700006,9.071316159000048],[117.72027803500009,9.067800590000047],[117.7171690460001,9.061141145000022],[117.71052406400008,9.060733674000062],[117.70364564200008,9.063967228000024],[117.70092092800007,9.067845889000068],[117.6992932280001,9.081912214000056],[117.696267669,9.081230191000031],[117.69465805000004,9.084658928000067],[117.692890981,9.08409017300005],[117.69345181800009,9.087662673000068],[117.68947931000002,9.088972425000065],[117.68760212600012,9.086796081000045],[117.6873835130001,9.083439155000065],[117.68888841700004,9.081628287000058],[117.68792485800009,9.08059251800006],[117.6892410700001,9.075875887000052],[117.68719699300004,9.073065171000053],[117.68027317700012,9.069915177000041],[117.67413050800008,9.069130547000043],[117.66807467100011,9.07360804700005],[117.66364135800006,9.073921781000024],[117.65916932500011,9.066039842000066],[117.6561305240001,9.064465096000049],[117.65324123900007,9.065179300000068],[117.652819926,9.061287996000033],[117.64947107100011,9.057574633000058],[117.64410310300002,9.056413048000024],[117.64372449000007,9.052009715000054],[117.64003199800004,9.04832222300007],[117.63800654600004,9.049500109000064],[117.63571503500009,9.04708049200002],[117.629846745,9.048267102000068],[117.63201280800001,9.043884314000024],[117.62986452200005,9.037239997000029],[117.63057129300012,9.035068781000064],[117.62145166200003,9.030272517000071],[117.62551903600001,9.02319076200007],[117.62406340700011,9.01890187600003],[117.62149459800003,9.016508264000038],[117.62328132200003,9.004649915000073],[117.62132791200008,8.999213247000057],[117.61619888300004,8.998022158000026],[117.6142888070001,8.993718804000025],[117.61182562400006,8.992719280000074],[117.60988959600002,8.99359232300003],[117.6016727010001,8.987681174000045],[117.6013652260001,8.984156154000061],[117.59696261900001,8.983021360000066],[117.59468196800003,8.980406473000073],[117.592172688,8.972959501000048],[117.58785854200005,8.971326310000052],[117.5848761420001,8.963701711000056],[117.57789553400005,8.958973333000074],[117.56761853800003,8.955955953000057],[117.56173515100011,8.957682891000047],[117.55502540700002,8.95742708900002],[117.55241953900008,8.955969750000065],[117.54785251900012,8.957114983000054],[117.54677561400001,8.954238072000066],[117.54770523200011,8.945419547000029],[117.54421498900001,8.941299418000028],[117.54381947600007,8.934564008000052],[117.53913582700011,8.93124729300007],[117.53020917600008,8.933044744000028],[117.53196906700009,8.928476652000029],[117.52934360000006,8.921229912000058],[117.52568563500006,8.917996021000022],[117.51687103600011,8.91596455000007],[117.51662017800004,8.910982309000076],[117.5137548240001,8.90719572200004],[117.51080068500005,8.906793305000065],[117.50998070300011,8.899946645000057],[117.50796352000009,8.895830630000034],[117.49937398500003,8.893494920000023],[117.49111160900009,8.88867189900003],[117.49534013900006,8.884054032000051],[117.49389897100002,8.884253028000046],[117.49279154600003,8.872701822000067],[117.48505632700005,8.864189851000049],[117.48118983300003,8.857615469000052],[117.47524963400008,8.855008525000073],[117.47564174700005,8.852370809000035],[117.47210840500009,8.856626810000023],[117.46727180300002,8.854971750000061],[117.4677834370001,8.852890950000074],[117.46450560900007,8.848809269000071],[117.46554531900006,8.838593295000067],[117.46062772700009,8.832614023000076],[117.46023941700003,8.828175057000067],[117.45619485700001,8.824717701000054],[117.45450755700006,8.82064036600002],[117.45623228500006,8.810923242000058],[117.45019781400003,8.811323188000074],[117.445834224,8.808694861000049],[117.44503623700007,8.806464472000073],[117.44277153000007,8.808081497000046],[117.4408120390001,8.807071172000065],[117.43797082300011,8.798587044000044],[117.43467644700002,8.802566826000032],[117.431816292,8.802382323000074],[117.42784110800005,8.796997453000074],[117.42723171700004,8.793883177000055],[117.419290423,8.785924498000043],[117.41888278800002,8.782862506000072],[117.42424253500008,8.781216275000077],[117.42174398300006,8.779173485000058],[117.42460085300002,8.777812901000061],[117.42524467600003,8.775197136000031],[117.42425872900003,8.774692905000052],[117.42678288700006,8.774432286000035],[117.42543662600008,8.771961498000053],[117.42783614100006,8.771641828000043],[117.42985544600003,8.769430378000038],[117.43190699600007,8.770284661000062],[117.43027137600006,8.767513015000077],[117.42337492400009,8.762704727000028],[117.42312485700006,8.760122326000044],[117.424656303,8.75837765700004],[117.42134930600002,8.75849346700005],[117.42093011700001,8.75677362700003],[117.41793401300004,8.758069330000069],[117.41546544100004,8.754708514000072],[117.41205912500004,8.75500773400006],[117.40937489100008,8.750946511000052],[117.40673551200007,8.752432334000048],[117.40466173000004,8.751157638000052],[117.395808342,8.751829961000055],[117.39210182000011,8.750971278000065],[117.39064286200005,8.748826540000039],[117.38656756400007,8.748288498000022],[117.37725842600003,8.750499107000053],[117.37172021800006,8.747372314000074],[117.36725373600007,8.747528578000072],[117.36772857200003,8.745185166000056],[117.36425720800003,8.742578173000027],[117.35916453700008,8.744762359000049],[117.36291671400011,8.738566386000059],[117.36121054500006,8.736917180000034],[117.35835014000008,8.737655149000034],[117.35688472900006,8.735945438000044],[117.35777084400002,8.73403791000004],[117.34894117200008,8.73153172700006],[117.34701676200007,8.728706855000041],[117.34670050900002,8.724776760000054],[117.345268669,8.723977716000036],[117.34624277900002,8.712710522000066],[117.34111833700001,8.707438576000072],[117.33852197100009,8.706964060000075],[117.32253819300001,8.695715670000027],[117.32563270900005,8.692403683000066],[117.32828122,8.694629338000027],[117.33335288800004,8.694999665000068],[117.33872280300011,8.699603317000026],[117.34204846500006,8.700255342000048],[117.34513954200008,8.698381260000076],[117.33469671000012,8.692241206000062],[117.32980945200006,8.683817881000039],[117.3320495590001,8.681895435000058],[117.3317310970001,8.676955744000054],[117.33447601400007,8.675184957000056],[117.3330453860001,8.672533298000076],[117.3302238770001,8.672071372000062],[117.32613614600007,8.673741385000028],[117.31954841600009,8.670350387000042],[117.31099023600007,8.668744437000043],[117.3100433190001,8.665857557000038],[117.30412327500005,8.661297122000065],[117.3032745910001,8.656072187000063],[117.30101666900009,8.655093117000035],[117.30102060400009,8.653467713000055],[117.29862088100003,8.65532510600002],[117.29819769000005,8.654135024000027],[117.29778399400004,8.656845229000055],[117.29527704600002,8.656080639000038],[117.28770243100007,8.645623226000055],[117.28091806200007,8.630397432000052],[117.27553798200006,8.625274877000038],[117.2786756800001,8.618671027000062],[117.27816622500006,8.614563438000062],[117.27648123800009,8.612740693000035],[117.27746634700009,8.60678299500006],[117.27401723500009,8.605624544000023],[117.27275393000002,8.606676741000058],[117.27043014600008,8.604236048000075],[117.27343014300004,8.600707029000034],[117.26998724200007,8.60140356900007],[117.2673649090001,8.599230663000071],[117.26723511500006,8.597154727000031],[117.26469095400012,8.60013501100002],[117.2619949330001,8.610034864000056],[117.26287796800011,8.611948655000049],[117.26124998600005,8.614146169000037],[117.25471656600007,8.608918336000045],[117.2536081500001,8.60572557100005],[117.25451882300001,8.601241939000033],[117.25631866900005,8.600033815000074],[117.25725959600004,8.594215723000048],[117.2605159850001,8.59263592700006],[117.26217460200007,8.588785747000031],[117.26374992500007,8.588773066000044],[117.26495685400005,8.579947187000073],[117.25818021700002,8.571510166000053],[117.25972719000004,8.570828994000067],[117.25237193300006,8.572663642000066],[117.2484367510001,8.568926481000062],[117.24689760400008,8.569216066000024],[117.24764453800003,8.564943609000068],[117.24342604300011,8.567967526000075],[117.23959785500006,8.56704675900005],[117.23763713500011,8.568133640000042],[117.23834097500003,8.563799126000049],[117.24254836800003,8.563659467000036],[117.2419524600001,8.561943461000055],[117.24353862400005,8.559093091000022],[117.24069508100001,8.556453348000048],[117.23752569200008,8.555878969000048],[117.2345007450001,8.549782849000053],[117.24104492700008,8.546132210000053],[117.24129780300007,8.542516068000054],[117.2395003040001,8.539026506000027],[117.23705737600005,8.539144324000063],[117.23275611800011,8.533893642000066],[117.22960502100011,8.532541012000024],[117.23029725600009,8.531409523000036],[117.22877369600008,8.531312178000064],[117.22866275100012,8.529507789000036],[117.226622915,8.530904062000047],[117.22607989900007,8.528188077000038],[117.22178271400003,8.526480857000024],[117.21802520900007,8.522269897000058],[117.21822726300002,8.518646401000069],[117.22108945200011,8.516292640000074],[117.22410823500002,8.516272625000056],[117.22475395400011,8.51469854100003],[117.22405021300006,8.508924010000044],[117.21425862000001,8.501528969000049],[117.21225035100008,8.496503104000055],[117.21121972700007,8.488521879000075],[117.2170226180001,8.485526427000025],[117.2232562590001,8.486821040000052],[117.22393673400006,8.488577734000046],[117.26154881600007,8.501665794000075],[117.33152593500006,8.56518348800006],[117.41905838500008,8.64883274500005],[117.47535582800003,8.669784269000047],[117.51187021600003,8.687676691000036],[117.53954220300011,8.726154689000055],[117.55593019600008,8.73585378000007],[117.62265707800009,8.769912612000041]]]}},{"type":"Feature","properties":{"shapeName":"Sofronio Española","shapeISO":"","shapeID":"30758251B15412081534640","shapeGroup":"PHL","shapeType":"ADM3","psgc_code":"1705324000","legacy_psgc_code":"175324000","province":"Palawan"},"geometry":{"type":"MultiPolygon","coordinates":[[[[118.12028797900007,9.049838025000042],[118.11646161700003,9.048349028000075],[118.117317748,9.043305317000033],[118.11906302600005,9.043217655000035],[118.11942574800003,9.044465183000057],[118.11792710800012,9.04398139600005],[118.12060170600012,9.047002125000063],[118.12028797900007,9.049838025000042]]],[[[118.13871645100005,9.070176753000055],[118.13357581700006,9.067574784000044],[118.13456184300003,9.06105461200002],[118.13611892600011,9.060204627000076],[118.141501446,9.062225029000047],[118.14368191400001,9.06601439700006],[118.13871645100005,9.070176753000055]]],[[[118.15517733600007,9.088961427000072],[118.15412169700005,9.08806604700004],[118.15614696300008,9.084993303000033],[118.15984676500011,9.08299807700007],[118.16097530800005,9.086440115000073],[118.16013194000004,9.087733408000076],[118.15517733600007,9.088961427000072]]],[[[118.12658248200012,9.096864405000076],[118.1230355570001,9.096047199000054],[118.12148923500001,9.09417601000007],[118.12257837100003,9.09070736600006],[118.12532019800005,9.089155066000046],[118.12933491100011,9.089959515000032],[118.13083040300012,9.092064070000049],[118.12968135200003,9.095987555000022],[118.12658248200012,9.096864405000076]]],[[[118.13236846500001,9.102878377000025],[118.12964256200007,9.102310555000031],[118.13419340100006,9.09956765000004],[118.1349839500001,9.102009633000023],[118.13236846500001,9.102878377000025]]],[[[118.0068213730001,8.902473903000043],[118.00593048000007,8.903983293000067],[118.00709360300004,8.90396036900006],[118.00509361500008,8.905326153000033],[118.00868310800001,8.904685380000046],[118.01176359800002,8.905889866000052],[118.01477746400008,8.904279691000056],[118.01899528500007,8.910102713000072],[118.02015641900005,8.915742014000045],[118.0245549010001,8.921566685000073],[118.02627968500008,8.935566532000053],[118.03103931300006,8.946951274000071],[118.03451538400009,8.94946065800002],[118.03849341300008,8.947195627000042],[118.04132476900008,8.947716415000059],[118.04584354100007,8.95526013600005],[118.04873135800005,8.962899633000063],[118.04663053400009,8.96335545900007],[118.04567103400007,8.968282317000046],[118.0477041690001,8.970421570000042],[118.04645716100003,8.971398755000052],[118.04768964000004,8.970930059000068],[118.04792418700004,8.969945558000063],[118.05188068000007,8.97058910100003],[118.05270940500009,8.974482377000072],[118.05624650300001,8.97776394500005],[118.05558541900007,8.98182567300006],[118.0604233470001,8.98594633600004],[118.05513465800004,8.990457344000049],[118.05586526200011,8.996408406000057],[118.05934108500003,8.996988614000031],[118.06223772400006,8.99365520300006],[118.06678445300008,8.994886486000041],[118.06748146600012,8.998360493000064],[118.06549403100007,9.002567748000047],[118.0636924160001,9.00389610700006],[118.05961697200007,9.00388855600005],[118.05898662100003,9.009545159000027],[118.0626561570001,9.010880841000073],[118.06572529400012,9.008729463000066],[118.06940918500004,9.00840282300004],[118.07031640500009,9.009585688000072],[118.07093566800006,9.008036849000064],[118.07188043700012,9.010192042000028],[118.07393662000004,9.008975314000054],[118.08089525700007,9.014370373000077],[118.08259867800007,9.020740089000071],[118.07953617200008,9.021185110000033],[118.07950836400005,9.023410596000076],[118.08356961100003,9.024268775000053],[118.08546086400008,9.03122780600006],[118.08309609600008,9.031095992000076],[118.08455997400006,9.03230355900007],[118.08364355200001,9.03359024200006],[118.07993153900009,9.034204851000027],[118.07755399100006,9.037567436000074],[118.07264620700005,9.037807757000053],[118.07381269300004,9.04155263000007],[118.06977774400002,9.044653321000055],[118.06834026500007,9.048265271000048],[118.07000972800006,9.047081002000027],[118.07781487400007,9.046755812000072],[118.08530651600006,9.049537346000022],[118.08550152300006,9.052129868000065],[118.08882994700002,9.053521629000045],[118.09557633700001,9.044827517000044],[118.10229144700008,9.051455523000072],[118.10066202200005,9.054174284000055],[118.10214332600003,9.056290882000042],[118.10116739300008,9.058832765000034],[118.10396077900009,9.063009409000074],[118.10268221100011,9.066112177000036],[118.10492317,9.069045326000037],[118.10292967400005,9.072194639000031],[118.10625529300012,9.079253874000074],[118.1058912100001,9.082358180000028],[118.1045015310001,9.08256751600004],[118.10551096900008,9.083560796000029],[118.10481073100004,9.086549690000027],[118.10624211700008,9.087365243000022],[118.10599580100006,9.09279237100003],[118.10279081800002,9.095902333000026],[118.10477571800004,9.097411966000038],[118.10444319600003,9.10274978700005],[118.10821923900005,9.10496691700007],[118.10854478400006,9.111431451000044],[118.11419388400009,9.115039744000057],[118.11444283600008,9.11822434000004],[118.11698196700002,9.12111795900006],[118.11903430300003,9.131756167000049],[118.1181300080001,9.13447407600006],[118.12251102800008,9.140980248000062],[118.12130179200005,9.142847166000024],[118.12808430700011,9.14828963900004],[118.12957703500001,9.147997394000072],[118.12670092300004,9.150485137000032],[118.12636525100004,9.153161861000058],[118.1249231170001,9.152513528000043],[118.12172656500002,9.157188079000036],[118.1181444450001,9.154050625000025],[118.11416218000011,9.155917465000073],[118.11589452100009,9.159341786000027],[118.113173845,9.15964690100003],[118.11152476500001,9.16234018800003],[118.10996822600009,9.160907264000059],[118.10795063900002,9.162010698000074],[118.10691657000007,9.165321633000076],[118.1037813690001,9.166043589000026],[118.10369816900004,9.16719217900004],[118.10017018200006,9.168423290000021],[118.09955104300002,9.167366686000037],[118.09749828500003,9.169108696000023],[118.09393088800005,9.166041220000068],[118.09081731700007,9.171069764000038],[118.08867670100005,9.171593891000043],[118.0880178540001,9.17424866500005],[118.064496125,9.189005526000074],[118.00776795800004,9.178729812000029],[117.98317069400002,9.15965392000004],[117.94918922000011,9.128814348000049],[117.92333303600003,9.092272165000054],[117.90068103500005,9.012492404000056],[117.93158765600003,8.990543080000066],[117.93711133400006,8.988056048000033],[117.94805954500009,8.993437219000043],[117.94952438200005,8.991254404000074],[117.94834181700003,8.989055387000064],[117.95429275400011,8.989999437000051],[117.96924637600011,8.988933246000045],[117.97079507100011,8.969855349000056],[117.97039069700008,8.965523107000024],[117.96710239700008,8.958125979000044],[117.97024570400004,8.95670509000007],[117.97135956500006,8.948281863000034],[117.96795685300003,8.948631850000027],[117.96914702900006,8.945776742000021],[117.96669035700006,8.944446467000034],[117.9680560060001,8.940885688000037],[117.9646532810001,8.937702555000044],[117.96920803500007,8.938170760000048],[117.97544726000001,8.941563316000043],[117.98339005500009,8.937258405000023],[117.98670821600001,8.929285420000042],[117.98780000300007,8.92879980500004],[117.99066018000008,8.931265651000047],[117.99472499500007,8.929988085000048],[117.9934107040001,8.914828617000069],[117.99851921700008,8.907169570000065],[118.00294486300004,8.903461036000067],[118.0068213730001,8.902473903000043]]]]}}]}
