{"type":"FeatureCollection","source":{"dataset":"geoBoundaries gbOpen PHL ADM3","commit":"9469f09","license":"CC BY 3.0 IGO","boundary_year":2020,"url":"https://media.githubusercontent.com/media/wmgeolab/geoBoundaries/9469f09/releaseData/gbOpen/PHL/ADM3/geoBoundaries-PHL-ADM3_simplified.geojson","upstream_sources":["NAMRIA","PSA","OCHA Philippines"],"reference":"https://ulap-nga.georisk.gov.ph/arcgis/rest/services/PSA/Municipal/MapServer/0","notice":"Approximate planning/reference boundaries, not legal, cadastral, or survey-grade."},"features":[{"type":"Feature","properties":{"shapeName":"Agno","shapeISO":"","shapeID":"30758251B32569169377099","shapeGroup":"PHL","shapeType":"ADM3","psgc_code":"0105501000","legacy_psgc_code":"015501000","province":"Pangasinan"},"geometry":{"type":"Polygon","coordinates":[[[119.87204558000008,16.13432881400007],[119.87193214600006,16.137861353000062],[119.86836529700008,16.13748363700006],[119.86311291200002,16.13936611400004],[119.85728337500007,16.135936541000035],[119.8544156480001,16.13788987500004],[119.85315628100011,16.136475688000075],[119.84755483600009,16.139923226000064],[119.84383997400005,16.153481765000038],[119.83336840000004,16.163722264000057],[119.83291011500012,16.165892274000043],[119.82895962100008,16.167495374000055],[119.82681046400012,16.16601716100007],[119.8230532980001,16.16654667800003],[119.81983980300004,16.178040749000047],[119.81510529700006,16.18215882800007],[119.8057970320001,16.18649182200005],[119.79229639900007,16.186405010000044],[119.78100944500011,16.202408207000076],[119.77800470400007,16.203821099000038],[119.763872665,16.204203751000023],[119.76405224700011,16.202141254000026],[119.75860985300005,16.19413382700003],[119.7583099310001,16.188077616000044],[119.76034125500007,16.181736012000044],[119.75865194700009,16.176756779000073],[119.75343587900011,16.170815598000047],[119.75572140400004,16.16880544000003],[119.75394440200012,16.164588758000036],[119.75550201600004,16.164197427000033],[119.75794396100002,16.166752944000052],[119.76833172500005,16.16600674500006],[119.77063006800006,16.164573430000075],[119.77193522400012,16.16122259100007],[119.76967842500005,16.158695668000064],[119.77072586300005,16.145747437000068],[119.77507204400001,16.141622580000046],[119.77629280700012,16.132166790000042],[119.77879426100003,16.133836441000028],[119.78130705,16.132976963000033],[119.77871250300007,16.13122018000007],[119.777680626,16.123372018000055],[119.7737366550001,16.116599346000044],[119.76990699500004,16.11466961900004],[119.76675974200009,16.115276042000062],[119.76645200700011,16.11798847400007],[119.76503108300005,16.117290704000027],[119.76224124300006,16.106702944000062],[119.76266474600004,16.100385886000026],[119.76797168500002,16.092354414000056],[119.76997542700008,16.08500157700007],[119.769450172,16.083871876000046],[119.76790329900007,16.085112726000034],[119.76623954200011,16.08416974900007],[119.76448690400002,16.08123927300005],[119.76513809800008,16.07045313200007],[119.75676450000003,16.05474917400005],[119.75600758400003,16.04664488700007],[119.75843988600002,16.040433971000027],[119.76551071300003,16.03952960600003],[119.77036057300006,16.035903681000036],[119.77457381600004,16.02359880700004],[119.76381137600004,16.010992010000052],[119.7598613020001,16.01226364400003],[119.75941275000002,16.008927091000032],[119.76090897000006,16.007589772000074],[119.75972804500009,16.006407197000044],[119.76111552700002,16.00575661000005],[119.76124914700006,16.003329782000037],[119.758688774,15.996528287000046],[119.76269040400007,15.992931086000056],[119.76883820300009,15.993542551000075],[119.79878534200009,16.004945708000037],[119.80798023900002,16.006358809000062],[119.81832696700008,16.015117369000052],[119.83201254700009,16.075182221000034],[119.85071008700004,16.083886908000068],[119.85334374700005,16.094362207000074],[119.85508378400004,16.093810064000024],[119.87773553400007,16.114235676000078],[119.87201774500011,16.126509419000058],[119.87204558000008,16.13432881400007]]]}},{"type":"Feature","properties":{"shapeName":"Aguilar","shapeISO":"","shapeID":"30758251B6449590233962","shapeGroup":"PHL","shapeType":"ADM3","psgc_code":"0105502000","legacy_psgc_code":"015502000","province":"Pangasinan"},"geometry":{"type":"Polygon","coordinates":[[[120.29885888400008,15.858688266000058],[120.294102124,15.862597635000043],[120.29648117200009,15.866264408000063],[120.2957916040001,15.868161713000063],[120.28734692900002,15.87406003600006],[120.28459631600003,15.87367176400005],[120.28310573300007,15.870364428000073],[120.2801784400001,15.870480029000078],[120.27968857700012,15.873085067000034],[120.281271446,15.873365389000071],[120.2847395550001,15.882164948000025],[120.28277573900004,15.882693954000047],[120.27709678000008,15.878070343000047],[120.26764541900002,15.88837363500005],[120.25966444300002,15.888384582000072],[120.25628871100002,15.893366970000045],[120.25647188800008,15.894743724000023],[120.26244944900009,15.895155633000059],[120.263736891,15.897045166000055],[120.2631532580001,15.900955768000074],[120.27020012600008,15.905324035000035],[120.26697314600005,15.912953553000023],[120.26808561900009,15.920952359000069],[120.26568724600008,15.921650298000031],[120.26060709400008,15.918202902000075],[120.25928735500008,15.91584259800004],[120.26048442600006,15.910830126000064],[120.25868670400007,15.908452902000022],[120.25436794100005,15.910851275000027],[120.24744781100003,15.90992245600006],[120.24790905100008,15.908227230000023],[120.23306269200009,15.902931257000034],[120.23206079800002,15.901163840000038],[120.22975520900002,15.902063786000042],[120.22755233900011,15.900449304000063],[120.22414387900005,15.902415388000065],[120.21445972100003,15.902268177000053],[120.21184510300009,15.898978993000071],[120.2025008490001,15.893035596000061],[120.19893142400008,15.887632112000063],[120.19105279500002,15.883366681000041],[120.19144269500009,15.880106452000064],[120.1862061060001,15.874458143000027],[120.185326787,15.871139911000057],[120.18365467300009,15.87079090800006],[120.18466489200011,15.869168759000047],[120.18351494900003,15.867155142000058],[120.18035069500002,15.866319247000035],[120.17994351900006,15.86416120000007],[120.12637772000005,15.826255600000025],[120.1332764760001,15.827747986000077],[120.14013089700006,15.827268377000053],[120.14766179100002,15.823549146000062],[120.15059775300006,15.815911991000064],[120.15352514800009,15.788376782000057],[120.15644934300008,15.778000553000027],[120.159556973,15.769265243000063],[120.17219788500006,15.746569737000073],[120.17430096100009,15.75837387200005],[120.17730215000006,15.762940124000067],[120.18614176100004,15.767297755000072],[120.19171701800008,15.765734959000042],[120.2548506920001,15.808497072000023],[120.26996205000012,15.824413302000039],[120.26716305000002,15.828702199000077],[120.2694292110001,15.831837969000048],[120.27646301100003,15.83641076400005],[120.273569769,15.840118253000071],[120.27592823900011,15.843451720000076],[120.27905430200008,15.843568727000047],[120.28570856500005,15.847541406000062],[120.28902278100009,15.846649628000023],[120.28674054200008,15.850919087000023],[120.29885888400008,15.858688266000058]]]}},{"type":"Feature","properties":{"shapeName":"Alcala","shapeISO":"","shapeID":"30758251B69557506682239","shapeGroup":"PHL","shapeType":"ADM3","psgc_code":"0105504000","legacy_psgc_code":"015504000","province":"Pangasinan"},"geometry":{"type":"Polygon","coordinates":[[[120.51559261900002,15.873918313000047],[120.50734621000004,15.869928076000065],[120.50860157400007,15.86505044300003],[120.50630600300008,15.863890114000071],[120.49771355400003,15.861923629000046],[120.49434534300008,15.85852820100007],[120.48376828500011,15.857116340000061],[120.4707186070001,15.853143809000073],[120.47023581500002,15.838164986000038],[120.47111108900003,15.83678149700006],[120.4733417000001,15.837635043000034],[120.4778009370001,15.831246713000041],[120.4828469040001,15.824598274000039],[120.4839525110001,15.819678980000049],[120.49211167100009,15.818924154000058],[120.49384496100004,15.824013034000075],[120.49616478200005,15.823973996000063],[120.50395484500007,15.81644804900003],[120.52795853500004,15.80643548200004],[120.55186967600002,15.802489812000033],[120.55896531700012,15.802922014000046],[120.56260623600008,15.813607002000026],[120.57174081200003,15.81298662000006],[120.5741227630001,15.813969975000077],[120.57348046400011,15.815873214000078],[120.57617837100008,15.816798083000037],[120.5763191210001,15.818205586000033],[120.57466477500009,15.822953426000026],[120.58036818900007,15.829906405000031],[120.5801044100001,15.84129036400003],[120.56938281300006,15.846305029000064],[120.5679535810001,15.845827237000037],[120.56460032600012,15.849530223000045],[120.55504994800003,15.867857886000024],[120.542484811,15.867198956000038],[120.52319968800009,15.85492606400004],[120.5170468230001,15.865221948000055],[120.51559261900002,15.873918313000047]]]}},{"type":"Feature","properties":{"shapeName":"Anda","shapeISO":"","shapeID":"30758251B91588425521961","shapeGroup":"PHL","shapeType":"ADM3","psgc_code":"0105505000","legacy_psgc_code":"015505000","province":"Pangasinan"},"geometry":{"type":"MultiPolygon","coordinates":[[[[120.00065243200004,16.209333052000034],[120.0026245680001,16.211073034000037],[119.99461950800003,16.21041305600005],[119.99962388800009,16.20950285300006],[120.00027435200002,16.20939546900007],[120.00035253500005,16.20938256200003],[120.00050549100001,16.209357311000076],[120.00065243200004,16.209333052000034]]],[[[119.93716828700008,16.26853804600006],[119.93611710200003,16.268200012000023],[119.93832051000004,16.267791561000024],[119.93716828700008,16.26853804600006]]],[[[119.94397508300005,16.346322376000046],[119.943047707,16.342800217000047],[119.94423736200008,16.341646920000073],[119.94298369600006,16.340225796000027],[119.94486609900002,16.340706409000063],[119.94809559700002,16.337965118000056],[119.95163153400006,16.33727308300007],[119.95073941600003,16.341954911000073],[119.94901552400006,16.341927774000055],[119.94719953700007,16.34508187600005],[119.94397508300005,16.346322376000046]]],[[[119.98987217600006,16.350072441000066],[119.97963108200008,16.347028760000057],[119.97346372200002,16.34980510400004],[119.97029413700011,16.348779815000057],[119.9651960440001,16.343398259000026],[119.96704097800011,16.33682235400005],[119.9666790230001,16.335559688000046],[119.96566715200004,16.336039093000068],[119.96568440700003,16.32870590600004],[119.96368459000007,16.32564399100005],[119.95989421000002,16.32887067100006],[119.95809244200007,16.327566036000064],[119.95881361800002,16.329505270000027],[119.95566864300008,16.330928956000037],[119.95250969100005,16.32966840200004],[119.95260655700008,16.32826996800003],[119.95144515000004,16.33285635200002],[119.943349,16.330920349000053],[119.94331311200006,16.32480916800006],[119.93802472000004,16.322795117000055],[119.939216998,16.314314207000052],[119.9346625500001,16.311613214000033],[119.93437775500001,16.308945782000023],[119.932631377,16.30951482000006],[119.92962745000011,16.306953075000024],[119.92677367600004,16.307115337000027],[119.9247640420001,16.310051981000072],[119.92368177800006,16.307817912000075],[119.9204395700001,16.307832524000048],[119.91745602300011,16.29866116000005],[119.91839545100004,16.29352567500007],[119.92142967900008,16.291146113000025],[119.9208657690001,16.28848376800005],[119.9223846540001,16.285147643000073],[119.92447855000012,16.28570569900006],[119.92610628000011,16.288678273000073],[119.93041807400004,16.290779926000027],[119.9337248280001,16.29586733700006],[119.93518729300001,16.296060710000063],[119.93509509900002,16.294553155000074],[119.93747062500006,16.294807508000076],[119.93934872800003,16.292304133000073],[119.93699372800006,16.287770524000052],[119.93762791900008,16.286214228000063],[119.94150050200005,16.284655953000026],[119.94428646900008,16.287674974000026],[119.94674602700002,16.286862058000054],[119.94696537000004,16.284237851000057],[119.94911227900002,16.28459497500006],[119.95529179100004,16.27819879900005],[119.95771621000006,16.270438323000064],[119.95673526600001,16.269085842000038],[119.95015521900007,16.268661751000025],[119.9485322160001,16.266507827000055],[119.95630109400008,16.262982136000062],[119.9610385960001,16.26373392200003],[119.96272015500006,16.260369578000052],[119.97647721700002,16.251109937000024],[119.97848028400006,16.25120175400002],[119.9771537040001,16.24966081200006],[119.9783608030001,16.250838541000064],[119.97966071100007,16.249116053000023],[119.97798950300012,16.245377312000073],[119.97994082900004,16.240810767000028],[119.98318376600002,16.240541154000027],[119.98736755300001,16.237785692000045],[119.98346249500003,16.236635422000063],[119.98923802900003,16.231741962000058],[119.98909644100002,16.224518706000026],[119.99301793100005,16.222159090000048],[119.99490581200007,16.223171774000036],[119.9963680400001,16.21885261400007],[119.9955669310001,16.223467164000056],[119.99869595300004,16.22391650900005],[120.002439406,16.228120586000045],[120.00336091000008,16.227218221000044],[120.00396106000005,16.22983223800003],[120.006037547,16.228227117000074],[120.01116608500001,16.231131377000054],[120.01252102400008,16.230296536000026],[120.0117837040001,16.23131124500003],[120.01505966500008,16.233780146000072],[120.01815540700011,16.24119911300005],[120.01684528900012,16.244053708000024],[120.01736317500001,16.246588832000043],[120.01871942900004,16.246525873000053],[120.01756438000007,16.246834396000054],[120.01935321400003,16.250613367000028],[120.01866193400008,16.25294308100007],[120.01562116900004,16.252693274000023],[120.01651547400002,16.253287667000052],[120.01358431000006,16.25644747700005],[120.00935603500011,16.25716661100006],[120.00542013900008,16.25989609900006],[120.00521873000002,16.264475669000035],[120.000242393,16.271319755000036],[119.99805004400002,16.277672291000044],[120.0017914230001,16.285702746000027],[120.00559779200012,16.288876248000065],[120.00849343800007,16.297500626000044],[120.01067081100007,16.298189725000043],[120.01126798100006,16.302723686000036],[120.02090990300007,16.313036286000056],[120.02284019100011,16.313182665000056],[120.01479385100004,16.313643085000024],[120.01334156400003,16.315260220000027],[120.01209499900006,16.313880136000023],[120.00980708800012,16.31609503900006],[120.00789725300001,16.31501320800004],[120.00936808100005,16.316091181000047],[120.00756749200002,16.315977243000077],[120.00221863800004,16.320023056000025],[120.00221259900002,16.32172456400002],[120.00088636600003,16.321106260000022],[120.0013358760001,16.32316526300002],[119.99980856900004,16.323154601000056],[120.0000857660001,16.32161757700004],[119.99845357700008,16.322725554000044],[119.99606422200009,16.32863923900004],[119.99769982400005,16.331683276000035],[119.99866359700002,16.331357500000024],[120.00004679300002,16.338852797000072],[119.99540852000007,16.341111040000044],[119.99344631400004,16.34069729500004],[119.99108339500003,16.342149909000057],[119.9910043110001,16.34428243900004],[119.98964006500012,16.343719601000032],[119.98987217600006,16.350072441000066]]],[[[119.94318057200007,16.354217823000056],[119.94244983100009,16.355369747000054],[119.94075338000005,16.352868081000054],[119.94333841100001,16.35242002700005],[119.94318057200007,16.354217823000056]]],[[[119.9907676250001,16.363259688000028],[119.98644026700003,16.360881955000025],[119.99003285100002,16.355720963000067],[119.98892854300004,16.359490962000052],[119.9907676250001,16.363259688000028]]],[[[119.96164107700008,16.366904685000065],[119.95790719400009,16.366127661000064],[119.95736183100007,16.364851948000023],[119.95646760900001,16.365803502000063],[119.95566699400001,16.36422567900007],[119.95452072400008,16.365393749000077],[119.9528627420001,16.364802360000056],[119.95235518700008,16.361249936000036],[119.95068816600008,16.360413271000027],[119.95051588100011,16.36372737800002],[119.94685318100005,16.362323297000046],[119.9454167770001,16.357303044000048],[119.94728114400004,16.35073320200007],[119.95217967400004,16.35133333400006],[119.96198056000003,16.360436049000043],[119.9612586290001,16.361511765000046],[119.96330495500001,16.361571953000066],[119.9650531740001,16.36536829800002],[119.96164107700008,16.366904685000065]]]]}},{"type":"Feature","properties":{"shapeName":"Asingan","shapeISO":"","shapeID":"30758251B38099467848426","shapeGroup":"PHL","shapeType":"ADM3","psgc_code":"0105506000","legacy_psgc_code":"015506000","province":"Pangasinan"},"geometry":{"type":"Polygon","coordinates":[[[120.70765845200003,16.022705192000046],[120.70549781300008,16.024372394000068],[120.68817173200011,16.023784154000055],[120.68062101700002,16.025868530000025],[120.67764913700012,16.032344414000022],[120.6734742860001,16.034282785000073],[120.661015313,16.035296180000046],[120.64011569700006,16.040958009000065],[120.63909014400008,16.04311059500003],[120.62880621800002,16.04768573800004],[120.62135929700003,16.045949347000033],[120.61964562800006,16.033037345000025],[120.6115112980001,16.015848669000036],[120.61152744100002,16.00938856700003],[120.62013394400003,15.990553565000027],[120.629317065,15.981513250000035],[120.63331890300003,15.973251295000068],[120.62391616000002,15.969451453000033],[120.61712067100007,15.962346979000074],[120.6158125390001,15.962461757000028],[120.60601582800007,15.946042977000047],[120.64834711600008,15.931890675000034],[120.64960851400008,15.933918126000037],[120.64772347000007,15.941307435000056],[120.65039750000005,15.94488191000005],[120.65648169700012,15.948025099000063],[120.65504001400006,15.953629855000031],[120.65774904600005,15.956824864000055],[120.66207020800005,15.958507319000034],[120.66280149300007,15.967818117000036],[120.66822395200006,15.969618767000043],[120.67583267700002,15.978233576000036],[120.69297383700007,15.988162922000072],[120.69841073600003,15.989692087000037],[120.70219133600006,15.98884761000005],[120.70686610700011,15.990999239000075],[120.70725365200008,15.994310642000073],[120.7056652660001,15.996528162000061],[120.70991394400005,16.003710111000032],[120.71762231500009,16.008568660000037],[120.7127101750001,16.012484680000057],[120.71158651500002,16.019504776000076],[120.70765845200003,16.022705192000046]]]}},{"type":"Feature","properties":{"shapeName":"Balungao","shapeISO":"","shapeID":"30758251B80051382357318","shapeGroup":"PHL","shapeType":"ADM3","psgc_code":"0105507000","legacy_psgc_code":"015507000","province":"Pangasinan"},"geometry":{"type":"Polygon","coordinates":[[[120.71586634500011,15.94144200200003],[120.71398961700004,15.938632558000052],[120.71142090100011,15.941193905000034],[120.70639773200003,15.941850212000077],[120.70525697200003,15.940252581000038],[120.70005383600005,15.940425782000034],[120.69857480100006,15.938131827000063],[120.69479011700003,15.937966129000074],[120.69386103600004,15.934582936000027],[120.68834602700008,15.940108631000044],[120.68397689200003,15.938487937000048],[120.68119357700004,15.939639997000029],[120.6801159800001,15.93756610500003],[120.6786501150001,15.937642810000057],[120.67764763500008,15.941585643000053],[120.6752316080001,15.94232024200005],[120.67488129300011,15.943769141000075],[120.66607290700006,15.940629663000038],[120.66426052300005,15.942175551000048],[120.66435486700004,15.940740670000025],[120.66269510500001,15.94153973300007],[120.66176698700008,15.94007355900004],[120.6664387730001,15.936635830000057],[120.66094116200009,15.93202627900007],[120.662811927,15.925989585000025],[120.65875619000008,15.919266151000045],[120.65951110500009,15.915826787000071],[120.65802691800002,15.912783327000056],[120.66005578900001,15.909447273000069],[120.66001871700007,15.903879036000035],[120.66271586100004,15.901180262000025],[120.66030916600005,15.898688891000063],[120.66205779000006,15.890261105000036],[120.661359704,15.87844633700007],[120.68576205400007,15.83657050000005],[120.68341023000005,15.830967275000035],[120.68334278400005,15.829779773000041],[120.6856676970001,15.831311149000044],[120.68630813700008,15.830248938000068],[120.69093991600005,15.831160646000058],[120.694258407,15.835775565000063],[120.69533658000012,15.834475552000072],[120.70244298400007,15.836108662000072],[120.70685427600006,15.839798644000041],[120.70936374300004,15.840180725000039],[120.71276173900003,15.844152067000039],[120.73089299500009,15.851010298000062],[120.73455527800002,15.855811653000046],[120.73438210200004,15.857739491000075],[120.73582530100009,15.85799942500006],[120.73617371700004,15.86112607900003],[120.72756433200004,15.868521128000054],[120.72706773700008,15.880161070000042],[120.722879981,15.882034505000036],[120.72205397700009,15.887825801000076],[120.7192453350001,15.888860954000052],[120.71818842900007,15.891344943000036],[120.72505723000006,15.89742500400007],[120.72155124200003,15.903921685000057],[120.71603329000004,15.900239382000052],[120.71357503000002,15.902404859000058],[120.71191758400005,15.926608893000036],[120.72283609600004,15.926733229000035],[120.72714735400007,15.929066680000062],[120.72414626500006,15.935179696000034],[120.71586634500011,15.94144200200003]]]}},{"type":"Feature","properties":{"shapeName":"Bani","shapeISO":"","shapeID":"30758251B65332849657156","shapeGroup":"PHL","shapeType":"ADM3","psgc_code":"0105508000","legacy_psgc_code":"015508000","province":"Pangasinan"},"geometry":{"type":"Polygon","coordinates":[[[119.87204558000008,16.13432881400007],[119.87487039000007,16.136255961000074],[119.88500036300002,16.132936138000048],[119.9023239280001,16.13403782100005],[119.90394235200006,16.138147967000066],[119.90255497700002,16.154105508000043],[119.90668587700009,16.15544297100007],[119.9100983400001,16.160374068000067],[119.91364316400006,16.15957248500007],[119.91507564800008,16.16171309400005],[119.91498560500008,16.164076472000033],[119.91276794600003,16.16454599900004],[119.91461005800011,16.165020784000035],[119.91422150800008,16.166831066000043],[119.91529557900003,16.167085926000027],[119.91332458600004,16.168424895000044],[119.91467555100007,16.169935803000044],[119.91264823400002,16.170365899000046],[119.9140902580001,16.171879587000035],[119.91164430000003,16.17204299200006],[119.91146046100005,16.17314688600004],[119.9124227640001,16.175367],[119.91559417400003,16.176010870000027],[119.9157657610001,16.183591341000067],[119.91929656700006,16.18482534000003],[119.91947274600011,16.186078445000078],[119.92391648400007,16.18516157600004],[119.92458062600008,16.192076189000034],[119.93877225500012,16.193163586000026],[119.93805801200006,16.19711016100007],[119.94060523400003,16.20078203500003],[119.94522437600006,16.200402824000037],[119.94576678500005,16.20142871400003],[119.94137121900008,16.20675264600004],[119.95004449200007,16.208809099000064],[119.94251518200008,16.215780651000046],[119.94761691700012,16.222916688000055],[119.94641839600001,16.23014617700005],[119.94095843600007,16.229855377000035],[119.93143040100006,16.234030224000037],[119.92397595400007,16.244562121000058],[119.92290806100004,16.246550754000054],[119.92146071400009,16.245796965000068],[119.91858425900011,16.247742509000034],[119.91499611200004,16.24345169700007],[119.90993555400007,16.24106252200005],[119.90526620900005,16.235411402000068],[119.89248862000011,16.236792120000075],[119.88930815200001,16.236431528000026],[119.8880983150001,16.23329605200007],[119.88203342300005,16.233493945000077],[119.88016611900002,16.23454773000003],[119.88142232700011,16.23696493400007],[119.87652643500007,16.23966225500004],[119.8744279770001,16.243537606000075],[119.86913765300005,16.247811015000025],[119.84920605000002,16.25250339300004],[119.83143869000003,16.265927737000027],[119.82279453800004,16.262220658000047],[119.81732882900008,16.26760504400005],[119.81195005100005,16.27766133800003],[119.798804259,16.284638656000027],[119.77799819300003,16.289758885000026],[119.77506894300006,16.28761677500006],[119.77501081700007,16.28257909000007],[119.77336266100008,16.277025681000055],[119.77198796300002,16.276326768000047],[119.77349678100006,16.274854488000074],[119.77297026600002,16.255949712000074],[119.7755843860001,16.254251814000042],[119.77280961100007,16.24958855400007],[119.78120971900012,16.243466669000043],[119.78358799500006,16.23892780700004],[119.77685986600011,16.233962189000067],[119.77427411700012,16.225523171000077],[119.76710434900008,16.21749978300005],[119.76332015500009,16.20862448400004],[119.763872665,16.204203751000023],[119.77800470400007,16.203821099000038],[119.78100944500011,16.202408207000076],[119.79229639900007,16.186405010000044],[119.8057970320001,16.18649182200005],[119.81510529700006,16.18215882800007],[119.81983980300004,16.178040749000047],[119.8230532980001,16.16654667800003],[119.82681046400012,16.16601716100007],[119.82895962100008,16.167495374000055],[119.83291011500012,16.165892274000043],[119.83336840000004,16.163722264000057],[119.84383997400005,16.153481765000038],[119.84755483600009,16.139923226000064],[119.85315628100011,16.136475688000075],[119.8544156480001,16.13788987500004],[119.85728337500007,16.135936541000035],[119.86311291200002,16.13936611400004],[119.86836529700008,16.13748363700006],[119.87193214600006,16.137861353000062],[119.87204558000008,16.13432881400007]]]}},{"type":"Feature","properties":{"shapeName":"Basista","shapeISO":"","shapeID":"30758251B73737472539821","shapeGroup":"PHL","shapeType":"ADM3","psgc_code":"0105509000","legacy_psgc_code":"015509000","province":"Pangasinan"},"geometry":{"type":"Polygon","coordinates":[[[120.39776872000004,15.892648292000047],[120.38632366500008,15.891284222000024],[120.3835073680001,15.893452326000045],[120.37833861600006,15.890324097000075],[120.37653926400003,15.88665691400007],[120.367187897,15.882610573000022],[120.36763134800003,15.873893399000053],[120.36504767300005,15.868442695000056],[120.3662262360001,15.861526010000034],[120.37163840300002,15.858700816000066],[120.37316059600005,15.856048602000044],[120.379626658,15.858996759000036],[120.3818658880001,15.858415174000072],[120.38485857800003,15.856404084000076],[120.38142591200005,15.854556414000058],[120.38132835800002,15.85290238600004],[120.38747844600005,15.848365565000051],[120.39496603300006,15.849675200000036],[120.39512661700007,15.845391981000034],[120.4015427380001,15.841748223000025],[120.4043541750001,15.841566144000069],[120.40571724900008,15.845043843000042],[120.40860914000007,15.845783250000068],[120.41680338600008,15.839049639000052],[120.423074444,15.844194387000073],[120.43485139800009,15.846077820000062],[120.4292168180001,15.857201064000037],[120.4188135170001,15.867459632000077],[120.40402565300008,15.888572520000025],[120.39817373700009,15.891054423000071],[120.39776872000004,15.892648292000047]]]}},{"type":"Feature","properties":{"shapeName":"Bautista","shapeISO":"","shapeID":"30758251B57565423435068","shapeGroup":"PHL","shapeType":"ADM3","psgc_code":"0105510000","legacy_psgc_code":"015510000","province":"Pangasinan"},"geometry":{"type":"Polygon","coordinates":[[[120.4778009370001,15.831246713000041],[120.48114132700005,15.819593774000055],[120.48006615300005,15.817195671000036],[120.47078179100004,15.811549351000053],[120.4687173530001,15.812253568000074],[120.46821696600011,15.818227493000052],[120.46609307200004,15.821079834000045],[120.45851869400008,15.815879589000076],[120.45787300500001,15.81218827500004],[120.46006150200003,15.79960262700007],[120.4558750760001,15.786917377000066],[120.46748287500009,15.787280271000043],[120.48019217800004,15.783924332000026],[120.54932796800006,15.772135393000042],[120.55703871300011,15.772209704000034],[120.55756651100012,15.781373302000077],[120.5612958050001,15.793118110000023],[120.57174081200003,15.81298662000006],[120.56260623600008,15.813607002000026],[120.55896531700012,15.802922014000046],[120.55186967600002,15.802489812000033],[120.52795853500004,15.80643548200004],[120.50395484500007,15.81644804900003],[120.49616478200005,15.823973996000063],[120.49384496100004,15.824013034000075],[120.49211167100009,15.818924154000058],[120.4839525110001,15.819678980000049],[120.4828469040001,15.824598274000039],[120.4778009370001,15.831246713000041]]]}},{"type":"Feature","properties":{"shapeName":"Bayambang","shapeISO":"","shapeID":"30758251B52675843458221","shapeGroup":"PHL","shapeType":"ADM3","psgc_code":"0105511000","legacy_psgc_code":"015511000","province":"Pangasinan"},"geometry":{"type":"Polygon","coordinates":[[[120.4707186070001,15.853143809000073],[120.46229203700011,15.850454119000062],[120.45770234200006,15.851883204000046],[120.44768054600002,15.849823815000036],[120.43312779500002,15.842061337000075],[120.43485139800009,15.846077820000062],[120.423074444,15.844194387000073],[120.41680338600008,15.839049639000052],[120.40860914000007,15.845783250000068],[120.40571724900008,15.845043843000042],[120.4043541750001,15.841566144000069],[120.4015427380001,15.841748223000025],[120.39512661700007,15.845391981000034],[120.39496603300006,15.849675200000036],[120.38747844600005,15.848365565000051],[120.38311884300003,15.840336412000056],[120.38324910200004,15.836284201000069],[120.38589660800005,15.83133999100005],[120.38224959600007,15.829953704000047],[120.38123556800008,15.828066450000051],[120.37806120200003,15.816234244000043],[120.37834240600012,15.80953820700006],[120.36750573100005,15.793227100000024],[120.36762558400005,15.789380541000071],[120.3650792730001,15.78447684200006],[120.37226580900006,15.775959500000056],[120.37675639600002,15.773354562000065],[120.3822325220001,15.771283266000069],[120.39148192700009,15.771841022000046],[120.39142770800004,15.764476165000076],[120.39426220300004,15.75567779100004],[120.40586084000006,15.755669368000042],[120.4067417330001,15.75335536600005],[120.4136298190001,15.751902104000067],[120.4223573700001,15.75005956800004],[120.42056025900001,15.752771336000023],[120.42469993600002,15.751572992000035],[120.42743393600006,15.753827950000073],[120.43314231600004,15.751574314000038],[120.45271039900001,15.738662435000037],[120.45749039500004,15.731376074000025],[120.46376871200005,15.727751282000042],[120.46446933000004,15.725034295000057],[120.46759425200003,15.722242866000045],[120.52367794700001,15.756471077000072],[120.54088170800003,15.759205767000026],[120.55103785800009,15.763746918000038],[120.55799385500006,15.771483971000066],[120.55703871300011,15.772209704000034],[120.54932796800006,15.772135393000042],[120.48019217800004,15.783924332000026],[120.46748287500009,15.787280271000043],[120.4558750760001,15.786917377000066],[120.46006150200003,15.79960262700007],[120.45787300500001,15.81218827500004],[120.45851869400008,15.815879589000076],[120.46609307200004,15.821079834000045],[120.46821696600011,15.818227493000052],[120.4687173530001,15.812253568000074],[120.47078179100004,15.811549351000053],[120.48006615300005,15.817195671000036],[120.48114132700005,15.819593774000055],[120.4778009370001,15.831246713000041],[120.4733417000001,15.837635043000034],[120.47111108900003,15.83678149700006],[120.47023581500002,15.838164986000038],[120.4707186070001,15.853143809000073]]]}},{"type":"Feature","properties":{"shapeName":"Binalonan","shapeISO":"","shapeID":"30758251B33945574118971","shapeGroup":"PHL","shapeType":"ADM3","psgc_code":"0105512000","legacy_psgc_code":"015512000","province":"Pangasinan"},"geometry":{"type":"Polygon","coordinates":[[[120.62880621800002,16.04768573800004],[120.62577238000006,16.056690616000026],[120.62407251000002,16.07080942700003],[120.62395384400008,16.098037125000076],[120.61446682000008,16.105759875000047],[120.61070819300005,16.108816106000063],[120.60821573900012,16.108547731000044],[120.60431834500002,16.106086687000072],[120.59422186000006,16.093972997000037],[120.58582587300009,16.09099523900005],[120.58263058600005,16.092428485000028],[120.58007936800004,16.09064296400004],[120.57941805100006,16.089070586000048],[120.56341563900003,16.08619828700006],[120.56335519000004,16.085125624000057],[120.56395168400002,16.079170909000027],[120.56156586200007,16.077200830000038],[120.56163008100009,16.065126573000043],[120.55989000300008,16.05802181300004],[120.56078547400011,16.04659042700007],[120.56825250500003,16.04461923100007],[120.56819637900003,16.036827291000066],[120.56577517900007,16.02987011400006],[120.56875789800006,16.02952182000007],[120.57269164600007,16.025372091000065],[120.57466265200003,16.025082028000043],[120.57639101000007,16.014217331000054],[120.58303999700001,16.016489127000057],[120.5843781850001,16.01077086500004],[120.59200248400009,16.00777386900006],[120.60385061800002,16.012314484000058],[120.61152744100002,16.00938856700003],[120.6115112980001,16.015848669000036],[120.61964562800006,16.033037345000025],[120.62135929700003,16.045949347000033],[120.62880621800002,16.04768573800004]]]}},{"type":"Feature","properties":{"shapeName":"Binmaley","shapeISO":"","shapeID":"30758251B32963538286638","shapeGroup":"PHL","shapeType":"ADM3","psgc_code":"0105513000","legacy_psgc_code":"015513000","province":"Pangasinan"},"geometry":{"type":"Polygon","coordinates":[[[120.31790581900009,16.008553989000063],[120.31084036200002,16.020042544000034],[120.31556891500009,16.023296189000064],[120.31592125000009,16.02615215000003],[120.31309445000011,16.02656186100006],[120.31168092000007,16.028563509000037],[120.31409028400003,16.032225581000034],[120.31209198700003,16.035482170000023],[120.30954476600004,16.03480944100005],[120.30978150700003,16.039176240000074],[120.30772391800008,16.040943146000075],[120.31844352900009,16.050839371000052],[120.31429423300006,16.051945701000022],[120.31022854600008,16.05894595500007],[120.310400221,16.061165550000055],[120.27957961800007,16.048690128000032],[120.25051828500011,16.040820065000048],[120.26423115500006,15.97215753200004],[120.267012023,15.96640668200007],[120.26854199000002,15.966592984000044],[120.26922263100005,15.964032092000025],[120.27194590800002,15.963343285000064],[120.27203965400008,15.96190290800007],[120.27506093300008,15.961070138000025],[120.28457849000006,15.962378657000045],[120.28541849900012,15.957326884000054],[120.29144504600004,15.956712479000032],[120.29139896800007,15.955703407000044],[120.29761492000011,15.95720861500007],[120.30051476000006,15.95583535000003],[120.30468683700008,15.959294613000054],[120.304029119,15.963425136000069],[120.30546992500001,15.962578578000034],[120.3116118370001,15.96557333800007],[120.31655221000005,15.965405026000042],[120.32286895100003,15.971409556000026],[120.32469135200006,15.977343104000056],[120.3252450110001,15.989908813000056],[120.3216605560001,16.001842589000034],[120.31790581900009,16.008553989000063]]]}},{"type":"Feature","properties":{"shapeName":"Bolinao","shapeISO":"","shapeID":"30758251B13808046660484","shapeGroup":"PHL","shapeType":"ADM3","psgc_code":"0105514000","legacy_psgc_code":"015514000","province":"Pangasinan"},"geometry":{"type":"MultiPolygon","coordinates":[[[[119.92428970100002,16.267502747000037],[119.9232584660001,16.267195685000047],[119.92488905400012,16.266407921000052],[119.92428970100002,16.267502747000037]]],[[[119.91582294800003,16.297963993000053],[119.9155887070001,16.29891553500005],[119.91500244300005,16.296123307000073],[119.91641212000002,16.295304765000026],[119.91582294800003,16.297963993000053]]],[[[119.92380974700006,16.313077269000075],[119.92117072100007,16.31298194200002],[119.92190827500008,16.31105881900004],[119.92380974700006,16.313077269000075]]],[[[119.91858425900011,16.247742509000034],[119.92376745500007,16.25460012900004],[119.92053350900005,16.256174978000047],[119.92002739500003,16.25863300800006],[119.91676932100006,16.261266509000052],[119.91278790900003,16.26227541700007],[119.91942215800009,16.270240582000042],[119.9220165480001,16.276073043000054],[119.91919887200004,16.28309417400004],[119.91696487100012,16.282255202000044],[119.91909119200011,16.28331344700007],[119.91649240100003,16.28633893400007],[119.91596450100008,16.293590496000036],[119.91529016100003,16.292878720000033],[119.91524016800008,16.294309285000054],[119.91285025000002,16.295201766000048],[119.914241521,16.294930842000042],[119.9132705620001,16.29968503300006],[119.915425475,16.302819509000074],[119.91372253200007,16.304080851000037],[119.91529995000008,16.303115649000063],[119.91647205200002,16.305566869000074],[119.91566639300004,16.308209520000048],[119.9170858650001,16.30799645700006],[119.91902883000012,16.310791619000042],[119.919064477,16.314449226000022],[119.9212179000001,16.31509144300003],[119.92237706200001,16.318996343000038],[119.92418749100011,16.31899074000006],[119.92311454500009,16.323605152000027],[119.92377032800005,16.324587961000077],[119.925494232,16.32322780000004],[119.92770000700011,16.328786840000078],[119.92694018500003,16.331774538000047],[119.9285901290001,16.333323505000067],[119.92851594400008,16.33630869600006],[119.92579468000008,16.342251333000036],[119.92474238600005,16.34207052000005],[119.92632993600012,16.343300158000034],[119.9270612250001,16.353167146000033],[119.93043598700001,16.364872005000052],[119.9297190750001,16.36721575000007],[119.92912058800005,16.36278732100004],[119.92714094900009,16.36103183800003],[119.92522781900004,16.36303882200002],[119.92619736100005,16.365309151000076],[119.923630709,16.367869815000063],[119.91878831800011,16.367457383000044],[119.92078858400009,16.36917818200004],[119.92103689200007,16.37183129300007],[119.92423276800002,16.37320613600002],[119.92344530100002,16.37585140500005],[119.92510563700012,16.38352063700006],[119.92006878600012,16.384891701000072],[119.91866690600011,16.382083986000055],[119.91591299400011,16.381415238000045],[119.91384370100002,16.37889578900007],[119.91002829700005,16.378431517000024],[119.90512356600004,16.38303628500006],[119.90457136400005,16.38874441100006],[119.8994586010001,16.393108897000047],[119.89627686000006,16.392468404000056],[119.89721543000007,16.394148474000076],[119.89484051600004,16.393869106000068],[119.89456795900003,16.39151980300005],[119.893381825,16.393207008000047],[119.89252932400007,16.391274964000047],[119.89134226700003,16.392523914000037],[119.89039905000004,16.389165165000065],[119.88792332700007,16.38836182600005],[119.88523505400008,16.389809127000035],[119.88298458000008,16.388191223000035],[119.88407486500012,16.389101398000037],[119.88273163100007,16.39030043400004],[119.88331908200007,16.393401805000053],[119.88166723100005,16.393469969000023],[119.87484690600002,16.384777260000078],[119.86551689200007,16.37819649000005],[119.85646095800007,16.368207323000036],[119.85568061600009,16.365192430000036],[119.85725697100008,16.36241409300004],[119.85570484200002,16.356797914000026],[119.85032315,16.359762471000067],[119.83682910800007,16.363488420000067],[119.8224202350001,16.362344102000066],[119.81553798900006,16.35907642600006],[119.79617255900007,16.34176482600003],[119.78895619100001,16.33306178500004],[119.77912552700002,16.308326781000062],[119.780896202,16.30306110400005],[119.77799819300003,16.289758885000026],[119.798804259,16.284638656000027],[119.81195005100005,16.27766133800003],[119.81732882900008,16.26760504400005],[119.82279453800004,16.262220658000047],[119.83143869000003,16.265927737000027],[119.84920605000002,16.25250339300004],[119.86913765300005,16.247811015000025],[119.8744279770001,16.243537606000075],[119.87652643500007,16.23966225500004],[119.88142232700011,16.23696493400007],[119.88016611900002,16.23454773000003],[119.88203342300005,16.233493945000077],[119.8880983150001,16.23329605200007],[119.88930815200001,16.236431528000026],[119.89248862000011,16.236792120000075],[119.90526620900005,16.235411402000068],[119.90993555400007,16.24106252200005],[119.91499611200004,16.24345169700007],[119.91858425900011,16.247742509000034]]],[[[119.96213753200004,16.408385804000034],[119.95980344200007,16.40793726800007],[119.96236848300009,16.404645609000056],[119.96518060400001,16.40684727200005],[119.96213753200004,16.408385804000034]]],[[[119.93586639800003,16.426587562000066],[119.93337455100004,16.42673102300006],[119.93311490100007,16.423866969000073],[119.92849597400004,16.422009228000036],[119.92337093100002,16.422338070000023],[119.92182216800006,16.424212020000027],[119.91787873500004,16.42519476700005],[119.91342040200004,16.42206599900004],[119.90882788300007,16.404065546000027],[119.91202890600005,16.39517004100003],[119.9110939520001,16.385426557000073],[119.91277945700006,16.384773594000023],[119.91611949500009,16.387626855000065],[119.9163279060001,16.390187624000077],[119.91838529100005,16.388692597000045],[119.9273905120001,16.389882062000027],[119.93129001700004,16.386429977000034],[119.93116348100011,16.380107707000036],[119.93250874700004,16.377648753000074],[119.93376367500002,16.377331454000057],[119.93462643700002,16.37989933600005],[119.937132173,16.38100581300006],[119.9355839640001,16.37814580400004],[119.94096322200005,16.37791449100007],[119.94512062500007,16.380131997000035],[119.94497998500003,16.378923430000043],[119.94971845400005,16.37649558000004],[119.95034535900004,16.373602292000044],[119.9545739670001,16.372812847000034],[119.9548925360001,16.371239142000036],[119.96020168200005,16.371197248000044],[119.96164050900006,16.369525645000067],[119.96439365900005,16.37272715200004],[119.960652105,16.377054069000053],[119.96276597100007,16.37721280200003],[119.96402076600009,16.380106058000024],[119.96238858400011,16.38068541800004],[119.96323759900008,16.38310283100003],[119.96157564200007,16.395403818000034],[119.95894388700003,16.396413470000027],[119.96131044300012,16.39594700400005],[119.96037137100006,16.400217620000035],[119.96252866200007,16.403538208000043],[119.95993749500008,16.40427212800006],[119.95629283900007,16.40200650500003],[119.95587832300009,16.39961945300007],[119.95569749900005,16.402599786000053],[119.95401228100002,16.402932496000062],[119.95565428600003,16.402739024000027],[119.9555742870001,16.404255032000037],[119.9538496240001,16.403206950000026],[119.95428250200007,16.405536906000066],[119.95164110600001,16.404802147000055],[119.9530902030001,16.406587700000046],[119.95195684100008,16.40927069600002],[119.94569106300003,16.410538881000036],[119.94619755000008,16.411897346000046],[119.94440042000008,16.413655147000043],[119.94302546600011,16.412076976000037],[119.94430656500003,16.41375862600006],[119.94234282000002,16.418154024000046],[119.9402730600001,16.41887636900003],[119.9395095970001,16.42181410200004],[119.93747263700004,16.42050817300003],[119.93531813000004,16.42255933200005],[119.93690452500005,16.425931323000043],[119.93586639800003,16.426587562000066]]],[[[119.92354068400005,16.443564698000046],[119.92173871900002,16.443138262000048],[119.92240406300004,16.439919236000037],[119.92487268200011,16.442647470000054],[119.92354068400005,16.443564698000046]]]]}},{"type":"Feature","properties":{"shapeName":"Bugallon","shapeISO":"","shapeID":"30758251B34847802693751","shapeGroup":"PHL","shapeType":"ADM3","psgc_code":"0105515000","legacy_psgc_code":"015515000","province":"Pangasinan"},"geometry":{"type":"Polygon","coordinates":[[[120.24744781100003,15.90992245600006],[120.24441390400011,15.920369924000056],[120.25334269900009,15.921118112000045],[120.2646359900001,15.92819154800003],[120.26827372200012,15.93439640500003],[120.26699302600002,15.93925289300006],[120.26426436100007,15.940863742000033],[120.25701398400008,15.93909812000004],[120.24041146700006,15.940801122000039],[120.24249131300007,15.95216491800005],[120.24483306400009,15.951625419000038],[120.25316589900001,15.95832636800003],[120.24917795200008,15.96339311500003],[120.24374238900009,15.964080896000041],[120.23968365100006,15.97125096700006],[120.24973165900008,15.975264865000042],[120.2511433200001,15.980151077000073],[120.24858572100004,15.984229666000033],[120.24564582200003,15.985690866000027],[120.2422315230001,15.985048735000078],[120.23856874500007,15.979155652000031],[120.23232721500005,15.976095733000022],[120.22767383500002,15.979113533000032],[120.22648458200001,15.98378083700004],[120.23490584800004,15.991641018000053],[120.22575240600008,15.994328325000026],[120.2207925030001,15.994321642000045],[120.21969619400011,15.99343463100007],[120.2191167850001,15.981234334000078],[120.21345070000007,15.977083396000069],[120.20505764800009,15.981841579000047],[120.20426356300004,15.98530770900004],[120.2066688970001,15.988697365000064],[120.21584490600003,15.992206748000058],[120.21819244300002,15.995652043000064],[120.2156617500001,15.999509380000063],[120.21138238700007,16.002882595000074],[120.20510123600002,15.998823295000022],[120.20524057900002,15.993793010000047],[120.19831172700003,15.99373134900003],[120.19284895600003,16.00108394800003],[120.18585887800009,16.00375000500003],[120.18251226000007,15.99833525300005],[120.18302459900008,15.996865663000051],[120.17802136000012,15.99233689600004],[120.17763445900005,15.989111360000038],[120.17348783000011,15.986261393000063],[120.17240127700006,15.983354574000032],[120.17353653600003,15.97650020900005],[120.17031619800002,15.971354502000054],[120.15464540700009,15.969570434000047],[120.14954048000004,15.965854102000037],[120.14607176100003,15.967966432000026],[120.14411051600007,15.963984660000051],[120.14164591500003,15.964881026000057],[120.10900159200003,15.940828474000057],[120.09347530900004,15.926843440000027],[120.09628349700006,15.925741670000036],[120.09661913700006,15.922958662000042],[120.09440901200003,15.92274377800004],[120.0963800080001,15.921643361000065],[120.094544745,15.91983556100007],[120.09542890600005,15.918586619000052],[120.09847220400002,15.918964041000038],[120.10019524100005,15.917352521000055],[120.10550790600007,15.918378353000037],[120.10938248800005,15.914399150000065],[120.10911852400011,15.897534767000025],[120.11196228200004,15.896270998000034],[120.11489489500002,15.891114887000072],[120.11689576200001,15.880535283000029],[120.11834172800002,15.835397068000077],[120.12210736200007,15.82899001900006],[120.12637772000005,15.826255600000025],[120.17994351900006,15.86416120000007],[120.18035069500002,15.866319247000035],[120.18351494900003,15.867155142000058],[120.18466489200011,15.869168759000047],[120.18365467300009,15.87079090800006],[120.185326787,15.871139911000057],[120.1862061060001,15.874458143000027],[120.19144269500009,15.880106452000064],[120.19105279500002,15.883366681000041],[120.19893142400008,15.887632112000063],[120.2025008490001,15.893035596000061],[120.21184510300009,15.898978993000071],[120.21445972100003,15.902268177000053],[120.22414387900005,15.902415388000065],[120.22755233900011,15.900449304000063],[120.22975520900002,15.902063786000042],[120.23206079800002,15.901163840000038],[120.23306269200009,15.902931257000034],[120.24790905100008,15.908227230000023],[120.24744781100003,15.90992245600006]]]}},{"type":"Feature","properties":{"shapeName":"Burgos","shapeISO":"","shapeID":"30758251B63101931380870","shapeGroup":"PHL","shapeType":"ADM3","psgc_code":"0105516000","legacy_psgc_code":"015516000","province":"Pangasinan"},"geometry":{"type":"Polygon","coordinates":[[[119.76269040400007,15.992931086000056],[119.76267050900003,15.986456821000047],[119.75094978800007,15.972983637000027],[119.749719464,15.96558922500003],[119.75698979200001,15.949031176000062],[119.75750026800006,15.945011055000066],[119.75937347500007,15.943447757000058],[119.76495069900011,15.94803603500003],[119.77106467200008,15.95022367200005],[119.77435242000001,15.955848486000036],[119.79107530100009,15.967448455000067],[119.8055346540001,15.968263553000043],[119.8156835530001,15.971388296000043],[119.81625025100004,15.975164217000042],[119.81983074800007,15.973273232000054],[119.82145515800005,15.973588569000071],[119.82213414000012,15.975588538000068],[119.82556009000007,15.975660909000055],[119.82664810000006,15.977638348000028],[119.82474913800002,15.978227205000053],[119.82363104900003,15.981991384000025],[119.82279639500007,15.980959625000025],[119.81939969300004,15.982633408000027],[119.82082616700006,15.98454565700007],[119.82446118400003,15.986338315000069],[119.83970200200008,15.986129222000045],[119.84265901800006,15.98790507800004],[119.84691291400009,16.000809832000073],[119.84992474500007,16.00216811200005],[119.858649753,16.00156992600006],[119.86158867200004,16.012232461000053],[119.85929191200012,16.014038216000074],[119.85964303900005,16.018916182000055],[119.8656484930001,16.017158063000068],[119.87856647800004,16.018100772000025],[119.88907624,16.014722250000034],[119.88837639200005,16.01277152800003],[119.89678742400008,16.01428521500003],[119.898945163,16.011553755000023],[119.90157975400007,16.01084795400004],[119.90872268600003,16.01476651300004],[119.91166262800004,16.02042125400004],[119.91180248800003,16.025049614000068],[119.91463852100003,16.026933515000053],[119.91522319100011,16.048105405000058],[119.9072167700001,16.067131850000067],[119.89831426800004,16.074560267000038],[119.89482070200006,16.073434719000034],[119.89024169700008,16.080445301000054],[119.88771700300003,16.082317957000043],[119.88570039800004,16.08193195100006],[119.881763782,16.103071254000042],[119.87773553400007,16.114235676000078],[119.85508378400004,16.093810064000024],[119.85334374700005,16.094362207000074],[119.85071008700004,16.083886908000068],[119.83201254700009,16.075182221000034],[119.81832696700008,16.015117369000052],[119.80798023900002,16.006358809000062],[119.79878534200009,16.004945708000037],[119.76883820300009,15.993542551000075],[119.76269040400007,15.992931086000056]]]}},{"type":"Feature","properties":{"shapeName":"Calasiao","shapeISO":"","shapeID":"30758251B89445927723831","shapeGroup":"PHL","shapeType":"ADM3","psgc_code":"0105517000","legacy_psgc_code":"015517000","province":"Pangasinan"},"geometry":{"type":"Polygon","coordinates":[[[120.32286895100003,15.971409556000026],[120.33437655000012,15.970586666000031],[120.35740636900005,15.963550818000044],[120.36576327800003,15.963907133000077],[120.365535238,15.961857140000063],[120.36799786100005,15.95807393900003],[120.3724405160001,15.95603959400006],[120.38364801400007,15.956416195000031],[120.38506808900001,15.961711877000027],[120.38683388400011,15.962568472000044],[120.38770165500011,15.95619918500006],[120.39087597500009,15.952272925000045],[120.39581357800012,15.952748678000034],[120.3984967340001,15.950087556000028],[120.39993229200002,15.950792334000027],[120.3993014990001,15.960995166000032],[120.39131822700006,15.974617242000022],[120.38430312600008,15.982546080000077],[120.38401294800008,15.989236971000025],[120.38165815800005,15.994552602000056],[120.38299516400002,15.995500635000042],[120.37782120200006,16.005276067000068],[120.38242495300005,16.007571976000065],[120.38272506800001,16.010583653000026],[120.3862644840001,16.012032158000068],[120.39098274500009,16.01865417700003],[120.39078338400009,16.02027447200004],[120.38642560200003,16.022028543000033],[120.38723488100004,16.023510631000022],[120.38601030000007,16.02470444900007],[120.38079828700006,16.026562872000056],[120.37977396400004,16.032402705000038],[120.38104979600007,16.034639266000056],[120.37902482100003,16.03580540400003],[120.3775007700001,16.035391806000064],[120.37556533800011,16.038934606000055],[120.3732923340001,16.039316519000067],[120.3741723060001,16.036664596000037],[120.37244394200002,16.033547791000046],[120.36752860500008,16.03601017400007],[120.36294545100009,16.03631335700004],[120.36023527300006,16.034818965000056],[120.36181966900006,16.033382696000047],[120.35947835600007,16.031662003000065],[120.35984541300002,16.028115120000052],[120.3425901600001,16.019639538000035],[120.33262432600009,16.017193981000048],[120.31790581900009,16.008553989000063],[120.3216605560001,16.001842589000034],[120.3252450110001,15.989908813000056],[120.32469135200006,15.977343104000056],[120.32286895100003,15.971409556000026]]]}},{"type":"Feature","properties":{"shapeName":"City of Alaminos","shapeISO":"","shapeID":"30758251B86620041002858","shapeGroup":"PHL","shapeType":"ADM3","psgc_code":"0105503000","legacy_psgc_code":"015503000","province":"Pangasinan"},"geometry":{"type":"MultiPolygon","coordinates":[[[[120.03984034900009,16.19482922000003],[120.0397623990001,16.19374500500004],[120.04148044600004,16.19373217900005],[120.03984034900009,16.19482922000003]]],[[[120.0308345740001,16.196005978000073],[120.02988602200003,16.194996633000073],[120.03225360300007,16.193077823000067],[120.03489411100009,16.193625922000024],[120.0308345740001,16.196005978000073]]],[[[120.04208153600007,16.196921683000028],[120.03989814200008,16.196204950000038],[120.04180662600004,16.196323306000068],[120.04296557600003,16.194664110000076],[120.0434878320001,16.19667976100004],[120.04208153600007,16.196921683000028]]],[[[120.03608500900009,16.196528381000064],[120.0356310190001,16.19800822900004],[120.03573965300006,16.192566726000052],[120.03686365400006,16.193544001000078],[120.04003989600005,16.19208076800004],[120.03755181100007,16.19427292200004],[120.03776414900005,16.19568730000003],[120.03642715700005,16.19475800400005],[120.03608500900009,16.196528381000064]]],[[[120.03219503800005,16.201682341000037],[120.02976736500011,16.199666738000076],[120.03208674000007,16.198587485000076],[120.02984887700006,16.197499167000046],[120.031325766,16.196545505000074],[120.03299739800002,16.198216923000075],[120.03394657800004,16.19626540300004],[120.03468177500008,16.200860990000024],[120.03289288700012,16.199271874000033],[120.03219503800005,16.201682341000037]]],[[[120.04180457300004,16.204999],[120.03992945400012,16.204880772000024],[120.04245790000004,16.203212879000034],[120.04180457300004,16.204999]]],[[[120.03817092500003,16.205732268000077],[120.03736703300001,16.207681145000038],[120.03644617500004,16.205719803000022],[120.04019219700001,16.201998614000047],[120.03817092500003,16.205732268000077]]],[[[119.99461950800003,16.21041305600005],[119.99457375300005,16.20893279200004],[119.99733577600011,16.208308981000073],[119.99962388800009,16.20950285300006],[119.99461950800003,16.21041305600005]]],[[[120.0388060250001,16.211447581000073],[120.03875122400007,16.21038644600003],[120.04326733300002,16.209571552000057],[120.0423223140001,16.211060124000028],[120.0388060250001,16.211447581000073]]],[[[120.0408178350001,16.213583630000073],[120.03854159000002,16.212825535000036],[120.04245282700003,16.21255670200003],[120.0408178350001,16.213583630000073]]],[[[120.04414374300006,16.215637295000022],[120.04403342600006,16.213918987000056],[120.04560950300004,16.214381514000024],[120.04414374300006,16.215637295000022]]],[[[120.03732603200001,16.213759089000064],[120.03756908500009,16.216010048000044],[120.03687977300001,16.21029342500003],[120.03732603200001,16.213759089000064]]],[[[120.04348198600007,16.216410677000056],[120.04130842300003,16.216335016000073],[120.04149780000012,16.214980311000033],[120.04348198600007,16.216410677000056]]],[[[120.04665126600003,16.222882837000043],[120.0460153680001,16.220835543000078],[120.04799034200005,16.22247979800005],[120.04665126600003,16.222882837000043]]],[[[120.04930874700005,16.22544833300003],[120.04807875900008,16.224907478000034],[120.04917910200004,16.223971935000066],[120.04930874700005,16.22544833300003]]],[[[119.9023239280001,16.13403782100005],[119.90738319200011,16.13255709400005],[119.90719521800008,16.12668074900006],[119.90936149000004,16.12714580200003],[119.91956402200003,16.12295937300007],[119.9224299220001,16.12335723900003],[119.92645039800004,16.120158350000054],[119.93428580700004,16.12049173400004],[119.94688399100005,16.115818141000034],[119.94722733000003,16.11183075400004],[119.95291019800004,16.108764608000058],[119.95518855900002,16.105783951000035],[119.9518520470001,16.09838663000005],[119.95234015800008,16.09666030300002],[119.95640269100011,16.094804947000057],[119.96073895000006,16.096445062000043],[119.96659840600012,16.088127691000068],[119.97312284500003,16.084649589000037],[119.98226014000011,16.056918728000028],[119.99611441400009,16.04849755300006],[120.0004286090001,16.049721331000057],[119.99521548200005,16.06029685200002],[120.00023357100008,16.073759451000058],[120.00724621600011,16.07577810500004],[120.01273993500001,16.087536200000045],[120.00982918300008,16.094215804000044],[120.00625822600011,16.095897974000025],[120.00573209400011,16.100440991000028],[120.0015304210001,16.103449674000046],[120.000840175,16.102435053000022],[119.99741863200006,16.102951198000028],[119.9973648140001,16.107206056000052],[119.99907898600009,16.108716960000038],[119.99929597000005,16.11145098700007],[119.99585345500009,16.115577918000042],[120.00161673600007,16.11479219000006],[120.00258103300007,16.11674767900007],[120.00456718500004,16.115223795000077],[120.01409720700008,16.11523898200005],[120.01466293700003,16.118035415000065],[120.01659262600003,16.11762840800003],[120.01635986800011,16.126351786000043],[120.02004226500003,16.128304187000026],[120.02208948300006,16.13996588400005],[120.03191350600002,16.14596794600004],[120.03781428800005,16.14636868300005],[120.03963468400002,16.14863881200006],[120.04231702400011,16.14835260500007],[120.04498572700004,16.147687881000024],[120.04766276400005,16.14158399100006],[120.05473138500008,16.141625704000035],[120.05718789000002,16.14756329100004],[120.06128015200011,16.148939288000065],[120.06549887300002,16.155353405000028],[120.07706922500006,16.155361304000053],[120.08154950900007,16.15951626100002],[120.08118502700006,16.162416800000074],[120.07350869800007,16.162547532000076],[120.06904214700012,16.16652827200005],[120.06967364000002,16.174279169000044],[120.07399772500003,16.175346853000065],[120.07256849600003,16.17877326200005],[120.07031274300004,16.178349876000027],[120.0693253290001,16.17482709500007],[120.0656765010001,16.17280710800003],[120.06342123400009,16.17390983400003],[120.06166007400009,16.172861218000037],[120.05601651000006,16.17515054200004],[120.05563884500009,16.176433449000058],[120.05317944800004,16.17624687800003],[120.05328282900007,16.17994744200007],[120.05125272500004,16.180497221000053],[120.05058088900012,16.17850167900002],[120.04745714900002,16.177583688000027],[120.0462190390001,16.18117555300006],[120.04933615000004,16.185529431000077],[120.04773358600005,16.191079495000054],[120.045362382,16.192443101000038],[120.04392239900005,16.19219258000004],[120.0443239870001,16.19089650500007],[120.04715902100008,16.190001640000048],[120.04482326200002,16.189914586000043],[120.0462734240001,16.188165087000073],[120.04374238500009,16.186501639000028],[120.04414151500009,16.18502581100006],[120.04313985500005,16.18460916600003],[120.04163682100011,16.186904248000076],[120.03864469700011,16.186686715000064],[120.03507548900006,16.183952098000077],[120.04242930800001,16.18965839400005],[120.04351906200009,16.18899394300007],[120.04207509000003,16.19196835400004],[120.04346292200012,16.194556102000035],[120.0409477720001,16.19182373500007],[120.04190669500008,16.190397494000024],[120.04033304200004,16.188556977000076],[120.03905630300005,16.19120171700007],[120.03557646600007,16.189881593000052],[120.034876273,16.191127249000033],[120.03083532800008,16.190627944000028],[120.03074328600007,16.188608309000074],[120.02948314600008,16.19176343500004],[120.03026948600007,16.184580184000026],[120.0277205000001,16.182965316000036],[120.02983081600007,16.18009668800005],[120.02847144200007,16.17840047800007],[120.02910328900009,16.174330935000057],[120.028299,16.17486410500004],[120.02717484800007,16.17276085800006],[120.02074957900004,16.17189316300005],[120.02190488400004,16.168714773000033],[120.01614355400011,16.170960705000027],[120.0141817970001,16.170255225000062],[120.01414770000008,16.171299557000054],[120.01327587300011,16.169738651000046],[120.01290182100001,16.17109321500004],[120.01151198900004,16.170466791000024],[120.01316882100002,16.172350591000054],[120.01062745200011,16.17413277000003],[120.01106275300003,16.17961428700005],[120.00676500200007,16.18399568600006],[120.00666337700011,16.187714329000073],[120.00402502600002,16.187686359000054],[120.00263430700011,16.18977785800007],[120.00336229900006,16.190862692000053],[120.00718295900003,16.18872467700004],[120.00248707000003,16.19480631400006],[120.00123188600003,16.194762957000023],[120.00124297600007,16.192886479000038],[119.9995723180001,16.195452575000047],[119.99688433200004,16.195772799000054],[119.99736731900009,16.197220180000045],[119.99507399700008,16.199631684000053],[119.99301997900011,16.199495633000026],[119.99328544200011,16.201517600000045],[119.99195491400008,16.20056162700007],[119.98961714400002,16.202501993000055],[119.98247883500005,16.20194015800007],[119.98353695800006,16.20388523500003],[119.98129391000009,16.20433498600005],[119.97890028400002,16.20948479900005],[119.97310978100006,16.212263286000052],[119.97227059500005,16.210441933000027],[119.97104903400009,16.211143191000076],[119.97235011700002,16.21532441200003],[119.9806996420001,16.221522959000026],[119.978467496,16.22213064600004],[119.979793717,16.223032526000054],[119.97820248800008,16.223849030000054],[119.97924180400003,16.22450950800004],[119.97705281200001,16.228443819000063],[119.97283449400004,16.227765497000064],[119.971443399,16.23006993000007],[119.9684432460001,16.228811205000056],[119.96743516700008,16.230742861000067],[119.96526204700001,16.230199327000037],[119.96544752900002,16.232351872000038],[119.96364764000009,16.23071850200006],[119.96269400100005,16.231791788000066],[119.96206957600009,16.22226865300007],[119.95872972200004,16.222379225000054],[119.95706762600003,16.22037734500003],[119.95593821700004,16.226402216000054],[119.95762819400011,16.22724310600006],[119.95745882500012,16.22934973400004],[119.95587052200005,16.22896869500005],[119.95399395600009,16.23681226700006],[119.95090858200001,16.23775481200005],[119.9449383540001,16.23678127900007],[119.94246446400007,16.238548953000077],[119.94186506400001,16.237055181000073],[119.9413450290001,16.23852667400007],[119.93556626400004,16.239864630000056],[119.9333172580001,16.244124038000052],[119.93025689800004,16.242691364000052],[119.93103955300012,16.24419031700006],[119.92809155500004,16.24755858700007],[119.92928024600008,16.249227965000046],[119.9279994310001,16.25198574600006],[119.92397595400007,16.244562121000058],[119.93143040100006,16.234030224000037],[119.94095843600007,16.229855377000035],[119.94641839600001,16.23014617700005],[119.94761691700012,16.222916688000055],[119.94251518200008,16.215780651000046],[119.95004449200007,16.208809099000064],[119.94137121900008,16.20675264600004],[119.94576678500005,16.20142871400003],[119.94522437600006,16.200402824000037],[119.94060523400003,16.20078203500003],[119.93805801200006,16.19711016100007],[119.93877225500012,16.193163586000026],[119.92458062600008,16.192076189000034],[119.92391648400007,16.18516157600004],[119.91947274600011,16.186078445000078],[119.91929656700006,16.18482534000003],[119.9157657610001,16.183591341000067],[119.91559417400003,16.176010870000027],[119.9124227640001,16.175367],[119.91146046100005,16.17314688600004],[119.91164430000003,16.17204299200006],[119.9140902580001,16.171879587000035],[119.91264823400002,16.170365899000046],[119.91467555100007,16.169935803000044],[119.91332458600004,16.168424895000044],[119.91529557900003,16.167085926000027],[119.91422150800008,16.166831066000043],[119.91461005800011,16.165020784000035],[119.91276794600003,16.16454599900004],[119.91498560500008,16.164076472000033],[119.91507564800008,16.16171309400005],[119.91364316400006,16.15957248500007],[119.9100983400001,16.160374068000067],[119.90668587700009,16.15544297100007],[119.90255497700002,16.154105508000043],[119.90394235200006,16.138147967000066],[119.9023239280001,16.13403782100005]]]]}},{"type":"Feature","properties":{"shapeName":"City of Urdaneta","shapeISO":"","shapeID":"30758251B48393463479416","shapeGroup":"PHL","shapeType":"ADM3","psgc_code":"0105546000","legacy_psgc_code":"015546000","province":"Pangasinan"},"geometry":{"type":"Polygon","coordinates":[[[120.61152744100002,16.00938856700003],[120.60385061800002,16.012314484000058],[120.59200248400009,16.00777386900006],[120.5843781850001,16.01077086500004],[120.58303999700001,16.016489127000057],[120.57639101000007,16.014217331000054],[120.57331484800011,16.010325562000048],[120.56479322100006,16.009215313000027],[120.56316467200008,16.005194716000062],[120.5611460770001,16.004888811000058],[120.56170032700004,16.002152264000074],[120.55634384200005,16.00008530100007],[120.55279244300004,15.994261343000062],[120.5496871680001,15.996175660000063],[120.55119860700006,16.00025921500003],[120.54570431700006,15.999493076000022],[120.54584149800007,15.996034645000066],[120.54801271200006,15.993719490000046],[120.54477869400012,15.993111213000077],[120.54389912800002,15.991004366000027],[120.53535681300002,15.990687604000072],[120.53465618100006,15.992610445000025],[120.53156393400002,15.989151587000038],[120.52943273100004,15.989127069000062],[120.52868368100008,15.991127864000077],[120.52418212000009,15.98999942100005],[120.5239571080001,15.991129687000068],[120.52255889500009,15.988920747000066],[120.51983260800012,15.988323628000046],[120.51877282400005,15.990110359000028],[120.51591125000004,15.990374160000044],[120.51905984100006,15.99185882200004],[120.51819452000007,15.993519290000052],[120.51543256600007,15.992004653000038],[120.51363096900002,15.996113969000078],[120.51125586300009,15.996889252000074],[120.50460686400004,15.995178140000064],[120.5044393280001,15.992885914000055],[120.49642158000006,15.991423884000028],[120.4956754320001,15.989502456000025],[120.49359393500004,15.989822252000067],[120.49188547500012,15.988237151000021],[120.48983783500012,15.98832919800003],[120.48858226200002,15.982135865000032],[120.48855938600002,15.966040760000055],[120.49502417800011,15.96478],[120.49681574200008,15.93978801000003],[120.5001404940001,15.936808320000068],[120.50462413800005,15.936648368000021],[120.51153253900009,15.939384353000037],[120.51686942000003,15.937960710000027],[120.52067596100005,15.934986148000064],[120.5238536920001,15.937112109000054],[120.52686162300006,15.934232390000034],[120.5343476270001,15.93535631900005],[120.54815844100006,15.934431911000047],[120.5520647410001,15.935867417000054],[120.55579288600006,15.933519105000073],[120.56022867700005,15.938352204000068],[120.58382538600006,15.933684201000062],[120.60267789200009,15.941037532000053],[120.60601582800007,15.946042977000047],[120.6158125390001,15.962461757000028],[120.61712067100007,15.962346979000074],[120.62391616000002,15.969451453000033],[120.63331890300003,15.973251295000068],[120.629317065,15.981513250000035],[120.62013394400003,15.990553565000027],[120.61152744100002,16.00938856700003]]]}},{"type":"Feature","properties":{"shapeName":"Dagupan City","shapeISO":"","shapeID":"30758251B56612448144443","shapeGroup":"PHL","shapeType":"ADM3","psgc_code":"0105518000","legacy_psgc_code":"015518000","province":"Pangasinan"},"geometry":{"type":"Polygon","coordinates":[[[120.31790581900009,16.008553989000063],[120.33262432600009,16.017193981000048],[120.3425901600001,16.019639538000035],[120.35984541300002,16.028115120000052],[120.35947835600007,16.031662003000065],[120.36181966900006,16.033382696000047],[120.36023527300006,16.034818965000056],[120.36294545100009,16.03631335700004],[120.36752860500008,16.03601017400007],[120.37244394200002,16.033547791000046],[120.3741723060001,16.036664596000037],[120.3732923340001,16.039316519000067],[120.37556533800011,16.038934606000055],[120.3775007700001,16.035391806000064],[120.37902482100003,16.03580540400003],[120.37872482500006,16.039872891000073],[120.3808390480001,16.042946826000048],[120.37942014500004,16.046041323000054],[120.3707119280001,16.048135053000067],[120.36923798700002,16.050722627000027],[120.37070132400004,16.05227740500004],[120.36623877900001,16.056596185000046],[120.36613571400005,16.061405707000063],[120.36181889600005,16.064029642000037],[120.36216835000005,16.06679927600004],[120.3607561130001,16.065580210000064],[120.35756599600006,16.067493090000028],[120.36371682800007,16.07010452800006],[120.36551868200002,16.07325117000005],[120.36826986800008,16.074051712000028],[120.37271031900002,16.079079286000024],[120.3714926020001,16.082429344000047],[120.36880392500007,16.08336576800002],[120.36815750200003,16.08578374900003],[120.36549790900006,16.087464557000033],[120.36529527800008,16.08994957300007],[120.3683182100001,16.090897424000048],[120.37206153500006,16.088465607000046],[120.37808116500003,16.092330168000046],[120.38074187100005,16.096012649000045],[120.38109069600011,16.09827227200003],[120.38614379900002,16.102927358000045],[120.38573785900007,16.105040923000047],[120.3818702960001,16.107192386000065],[120.38483288300006,16.11090385500006],[120.37651335400005,16.113400940000076],[120.37696725,16.111913799000035],[120.37180998500003,16.11062232200004],[120.3697928260001,16.104607543000043],[120.36126816400008,16.09444251700006],[120.33327329300005,16.075793825000062],[120.33177440300005,16.072927634000052],[120.33257647200003,16.067927730000065],[120.33036472600008,16.06245843000005],[120.32705979100001,16.06507073100005],[120.33056567000006,16.068355765000035],[120.32831637100003,16.069498791000058],[120.310400221,16.061165550000055],[120.31022854600008,16.05894595500007],[120.31429423300006,16.051945701000022],[120.31844352900009,16.050839371000052],[120.30772391800008,16.040943146000075],[120.30978150700003,16.039176240000074],[120.30954476600004,16.03480944100005],[120.31209198700003,16.035482170000023],[120.31409028400003,16.032225581000034],[120.31168092000007,16.028563509000037],[120.31309445000011,16.02656186100006],[120.31592125000009,16.02615215000003],[120.31556891500009,16.023296189000064],[120.31084036200002,16.020042544000034],[120.31790581900009,16.008553989000063]]]}},{"type":"Feature","properties":{"shapeName":"Dasol","shapeISO":"","shapeID":"30758251B21762929298212","shapeGroup":"PHL","shapeType":"ADM3","psgc_code":"0105519000","legacy_psgc_code":"015519000","province":"Pangasinan"},"geometry":{"type":"MultiPolygon","coordinates":[[[[119.77832336200004,15.881815353000036],[119.77719439500004,15.881463617000065],[119.77805919000002,15.880369525000049],[119.77832336200004,15.881815353000036]]],[[[119.7743820070001,15.915478350000058],[119.77108884200004,15.914652526000054],[119.7723941590001,15.91403451800005],[119.7743820070001,15.915478350000058]]],[[[119.75937347500007,15.943447757000058],[119.75966044100005,15.941876275000027],[119.760430659,15.943100259000062],[119.76213412100003,15.942329028000074],[119.76416996800003,15.938831307000044],[119.76499994100004,15.93427949100004],[119.76424945600002,15.933375604000048],[119.76286966400005,15.93458457500003],[119.76209974000005,15.932557582000072],[119.7654383790001,15.928974762000053],[119.76499475300011,15.926110053000059],[119.76844242200002,15.924061841000025],[119.77134063500012,15.915936868000074],[119.7739959590001,15.916198629000064],[119.77352878700003,15.92288983800006],[119.78425419400003,15.931645441000057],[119.79214327700004,15.929006523000055],[119.79677355500007,15.923413596000046],[119.7965450800001,15.921522480000021],[119.79848134500003,15.920718141000066],[119.79962456500004,15.922684337000078],[119.80485731500005,15.922188357000039],[119.81053568200002,15.944633805000024],[119.81081048300007,15.953714895000076],[119.81281184600005,15.956405564000022],[119.82218103600007,15.958784050000077],[119.8215018950001,15.960604748000037],[119.82549900900005,15.958465415000035],[119.83134880600005,15.957927106000056],[119.83950817200002,15.961934971000062],[119.84263728200006,15.962163388000022],[119.84260947100006,15.961022412000034],[119.84282114500002,15.962268091000055],[119.84651451600007,15.962646884000037],[119.8465658660001,15.963702027000068],[119.85496693900006,15.962246716000038],[119.85578720100011,15.96460507300003],[119.85809801300002,15.96281924300007],[119.8573472170001,15.960659003000046],[119.86017445000004,15.956450034000056],[119.86476638700003,15.955677384000069],[119.86200473600002,15.952580373000046],[119.86566803500011,15.941023880000046],[119.86930143600011,15.93661122900005],[119.87272973900008,15.927123661000053],[119.87863399800005,15.91983773100003],[119.88204629300003,15.904811533000043],[119.88441746,15.905057886000066],[119.88299293500006,15.90407571000003],[119.89159662000009,15.892164765000075],[119.89171082400003,15.885570044000076],[119.89352614200004,15.882761978000076],[119.8929473390001,15.879239291000033],[119.89399507600001,15.87949480900005],[119.90116100500006,15.885182116000067],[119.90323668200006,15.884276606000071],[119.903084551,15.886388254000053],[119.90568263800003,15.88677786900007],[119.9057650420001,15.888479005000022],[119.91042124800003,15.888864306000073],[119.91191269800004,15.890657598000075],[119.91679946600004,15.887872119000065],[119.91696868000008,15.885914544000059],[119.9209360860001,15.881920969000078],[119.92616618300008,15.884056207000071],[119.92756395600009,15.881469007000078],[119.931909689,15.881285545000026],[119.9314249030001,15.87984635500004],[119.93459389800012,15.87794234200004],[119.93432125400011,15.880874299000027],[119.936151848,15.88047559100005],[119.93731593100006,15.882580086000075],[119.9404414060001,15.881381887000032],[119.94153641900004,15.883918665000067],[119.94360781300009,15.882729495000035],[119.9441376850001,15.886117327000022],[119.95025832100009,15.885033833000023],[119.95203124900002,15.88698822200007],[119.95979827500003,15.888066464000076],[119.96307350200004,15.891398379000066],[119.96449868700006,15.890481539000064],[119.971712281,15.896383397000022],[120.01015113300002,15.918484229000057],[120.00663814400002,15.923913872000071],[120.01001684300002,15.927026879000039],[120.00821127000006,15.928091599000027],[120.00540016600007,15.927286957000035],[119.99942993500008,15.930130461000033],[120.00128736800002,15.932016213000054],[119.99925195100002,15.936475279000035],[119.99070195000002,15.93448485500005],[119.99266302400008,15.938924076000035],[119.98465221300012,15.944241120000072],[119.98253846700004,15.949188437000032],[119.98126040000011,15.949634851000042],[119.98009999800001,15.947870742000077],[119.97846535600002,15.949593770000035],[119.97484263000001,15.948214921000044],[119.96530326300001,15.949173096000038],[119.9516331960001,15.947478721000039],[119.94892398900004,15.960353102000056],[119.93743173900009,15.972086913000055],[119.93785396800001,15.984552120000046],[119.93418339300001,15.989991625000073],[119.93107117700004,15.990145515000052],[119.9297872080001,15.997494367000058],[119.92533719000005,16.001904832000037],[119.91670303400008,16.002662267000062],[119.91042817400012,16.006897629000036],[119.90508447600007,16.005750952000028],[119.90157975400007,16.01084795400004],[119.898945163,16.011553755000023],[119.89678742400008,16.01428521500003],[119.88837639200005,16.01277152800003],[119.88907624,16.014722250000034],[119.87856647800004,16.018100772000025],[119.8656484930001,16.017158063000068],[119.85964303900005,16.018916182000055],[119.85929191200012,16.014038216000074],[119.86158867200004,16.012232461000053],[119.858649753,16.00156992600006],[119.84992474500007,16.00216811200005],[119.84691291400009,16.000809832000073],[119.84265901800006,15.98790507800004],[119.83970200200008,15.986129222000045],[119.82446118400003,15.986338315000069],[119.82082616700006,15.98454565700007],[119.81939969300004,15.982633408000027],[119.82279639500007,15.980959625000025],[119.82363104900003,15.981991384000025],[119.82474913800002,15.978227205000053],[119.82664810000006,15.977638348000028],[119.82556009000007,15.975660909000055],[119.82213414000012,15.975588538000068],[119.82145515800005,15.973588569000071],[119.81983074800007,15.973273232000054],[119.81625025100004,15.975164217000042],[119.8156835530001,15.971388296000043],[119.8055346540001,15.968263553000043],[119.79107530100009,15.967448455000067],[119.77435242000001,15.955848486000036],[119.77106467200008,15.95022367200005],[119.76495069900011,15.94803603500003],[119.75937347500007,15.943447757000058]]]]}},{"type":"Feature","properties":{"shapeName":"Infanta","shapeISO":"","shapeID":"30758251B79710996393461","shapeGroup":"PHL","shapeType":"ADM3","psgc_code":"0105520000","legacy_psgc_code":"015520000","province":"Pangasinan"},"geometry":{"type":"MultiPolygon","coordinates":[[[[119.86610479,15.812580896000043],[119.86690486400005,15.814845199000047],[119.86585779000006,15.815394044000072],[119.86388672300006,15.812573862000022],[119.86610479,15.812580896000043]]],[[[120.09347530900004,15.926843440000027],[120.0698402490001,15.90405694900005],[120.06816882700002,15.907025966000049],[120.06231134600012,15.908387743000048],[120.05411410800002,15.920062790000031],[120.04447885800005,15.925297621000027],[120.04219608800008,15.928460693000034],[120.02441629400005,15.921020085000066],[120.01015113300002,15.918484229000057],[119.971712281,15.896383397000022],[119.96449868700006,15.890481539000064],[119.96307350200004,15.891398379000066],[119.95979827500003,15.888066464000076],[119.95203124900002,15.88698822200007],[119.95025832100009,15.885033833000023],[119.9441376850001,15.886117327000022],[119.94360781300009,15.882729495000035],[119.94153641900004,15.883918665000067],[119.9404414060001,15.881381887000032],[119.93731593100006,15.882580086000075],[119.936151848,15.88047559100005],[119.93432125400011,15.880874299000027],[119.93459389800012,15.87794234200004],[119.9314249030001,15.87984635500004],[119.931909689,15.881285545000026],[119.92756395600009,15.881469007000078],[119.92616618300008,15.884056207000071],[119.9209360860001,15.881920969000078],[119.91696868000008,15.885914544000059],[119.91679946600004,15.887872119000065],[119.91191269800004,15.890657598000075],[119.91042124800003,15.888864306000073],[119.9057650420001,15.888479005000022],[119.90568263800003,15.88677786900007],[119.903084551,15.886388254000053],[119.90323668200006,15.884276606000071],[119.90116100500006,15.885182116000067],[119.89399507600001,15.87949480900005],[119.89279115000011,15.877472142000045],[119.8948905420001,15.873646876000066],[119.89797520200011,15.871340538000027],[119.8995551270001,15.867458058000068],[119.90260913200007,15.868053780000025],[119.90288413100006,15.866497898000034],[119.90509925300012,15.866294983000046],[119.90611059200012,15.858600745000047],[119.90808419700011,15.859592865000025],[119.9093294380001,15.858320364000065],[119.90964605900001,15.855042336000054],[119.90635733400006,15.852925453000069],[119.91274028200007,15.845437860000061],[119.91401636500007,15.838550378000036],[119.90506764100007,15.826568044000055],[119.897138702,15.824394840000025],[119.8816365560001,15.814767561000053],[119.88318435100007,15.813173894000045],[119.886074054,15.814875937000068],[119.89141148100009,15.810836636000033],[119.90308285000003,15.806918068000073],[119.9106474140001,15.809334703000047],[119.91651850100004,15.808331327000076],[119.92171039100003,15.815327996000065],[119.92403211200008,15.816078809000032],[119.92630128300004,15.81467821700005],[119.92526734900002,15.810067650000065],[119.92661789400006,15.807085525000048],[119.93131757200001,15.808116608000034],[119.93750450000005,15.812773693000054],[119.93788713300012,15.809979888000044],[119.94145820800009,15.807847459000072],[119.94230055700007,15.804499561000057],[119.94881904800002,15.806244242000048],[119.9533084850001,15.810683536000056],[119.95822206900004,15.806261307000057],[119.96396183400009,15.809305516000052],[119.97287141600009,15.804883215000075],[119.9819645440001,15.807559754000067],[119.98568363700008,15.81524037500003],[119.98941644800004,15.818377332000068],[119.9979248630001,15.819099378000033],[120.00302885200006,15.823770464000063],[120.00387801200009,15.827791399000034],[119.99993665900001,15.835243159000072],[120.0047457500001,15.83614394500006],[120.00489066900002,15.84058931100003],[120.00706874800005,15.841775426000027],[120.01191433000008,15.840174169000022],[120.01462612600005,15.84135505200004],[120.01286630400011,15.844948288000069],[120.00627026300003,15.846610454000029],[120.00776329900009,15.848592058000065],[120.00752239000008,15.85303871800005],[120.01693769300005,15.85939763700003],[120.01838095700009,15.863630103000048],[120.01789980600006,15.870560757000078],[120.02153131900002,15.872900635000065],[120.02730735300008,15.872155202000044],[120.03471133200003,15.874044964000063],[120.03888525200011,15.873336485000038],[120.040601293,15.869440574000066],[120.0403211040001,15.864853587000027],[120.04863209500002,15.858669802000065],[120.04664999900001,15.852476306000028],[120.05071890400006,15.854675432000022],[120.05549877700003,15.848462722000022],[120.05785503000004,15.847869424000066],[120.06055518100004,15.849381383000036],[120.06075375300009,15.843099855000048],[120.0634731560001,15.842775389000053],[120.06638228400004,15.83857203100007],[120.06756340200002,15.842125460000034],[120.07253734000005,15.841330497000058],[120.07347103900008,15.836005658000033],[120.07646877200011,15.832614756000055],[120.07801198000004,15.833360982000045],[120.07718811200004,15.835891738000043],[120.08612629400011,15.835577656000055],[120.09073151000007,15.833249009000042],[120.09000947400011,15.829611735000071],[120.10131216000002,15.829722847000028],[120.1017182490001,15.824686664000069],[120.10367083100004,15.824908587000039],[120.10533566400011,15.823140587000069],[120.11269519000007,15.828933962000065],[120.11638417200004,15.826339542000028],[120.12210736200007,15.82899001900006],[120.11834172800002,15.835397068000077],[120.11689576200001,15.880535283000029],[120.11489489500002,15.891114887000072],[120.11196228200004,15.896270998000034],[120.10911852400011,15.897534767000025],[120.10938248800005,15.914399150000065],[120.10550790600007,15.918378353000037],[120.10019524100005,15.917352521000055],[120.09847220400002,15.918964041000038],[120.09542890600005,15.918586619000052],[120.094544745,15.91983556100007],[120.0963800080001,15.921643361000065],[120.09440901200003,15.92274377800004],[120.09661913700006,15.922958662000042],[120.09628349700006,15.925741670000036],[120.09347530900004,15.926843440000027]]]]}},{"type":"Feature","properties":{"shapeName":"Labrador","shapeISO":"","shapeID":"30758251B3139099704884","shapeGroup":"PHL","shapeType":"ADM3","psgc_code":"0105521000","legacy_psgc_code":"015521000","province":"Pangasinan"},"geometry":{"type":"Polygon","coordinates":[[[120.18585887800009,16.00375000500003],[120.16933841800005,16.009310738000067],[120.1628460280001,16.00836934000006],[120.15798417100007,16.01020703100005],[120.14491074000011,16.036932424000042],[120.14229608200003,16.03806653500004],[120.1390227280001,16.041225187000066],[120.13249946300004,16.043884929000058],[120.1265728940001,16.049202084000058],[120.11302402900003,16.05530494100003],[120.10988120800005,16.059877206000067],[120.11117108100007,16.06186765600006],[120.10890194100011,16.062983907000046],[120.1019021950001,16.055694128000027],[120.09807736100004,16.048785482000028],[120.09563057900004,16.04891684300003],[120.09385320600006,16.04492564000003],[120.0906404000001,16.046831182000062],[120.08942332600009,16.04540019800004],[120.08680633000006,16.046772200000078],[120.08624568500011,16.045613020000076],[120.08081208500005,16.045438009000065],[120.07594965700002,16.02405219600007],[120.0609518980001,16.01276444800004],[120.04430052500004,16.012548707000064],[120.07349287000011,15.987114],[120.08033264500011,15.978563490000056],[120.08420745,15.968918074000044],[120.08602874400003,15.95927398300006],[120.08222526800012,15.947591445000057],[120.08377739100001,15.948140936000073],[120.08343000400009,15.945865988000037],[120.08702338800003,15.945236108000074],[120.08629053000004,15.942016804000048],[120.0920196300001,15.93680906000003],[120.09154848800006,15.934473833000027],[120.09399115600002,15.933014219000029],[120.09478710600001,15.934756049000043],[120.09564160000002,15.932693039000071],[120.09225873500009,15.929674695000074],[120.09347530900004,15.926843440000027],[120.10900159200003,15.940828474000057],[120.14164591500003,15.964881026000057],[120.14411051600007,15.963984660000051],[120.14607176100003,15.967966432000026],[120.14954048000004,15.965854102000037],[120.15464540700009,15.969570434000047],[120.17031619800002,15.971354502000054],[120.17353653600003,15.97650020900005],[120.17240127700006,15.983354574000032],[120.17348783000011,15.986261393000063],[120.17763445900005,15.989111360000038],[120.17802136000012,15.99233689600004],[120.18302459900008,15.996865663000051],[120.18251226000007,15.99833525300005],[120.18585887800009,16.00375000500003]]]}},{"type":"Feature","properties":{"shapeName":"Laoac","shapeISO":"","shapeID":"30758251B62067131413205","shapeGroup":"PHL","shapeType":"ADM3","psgc_code":"0105548000","legacy_psgc_code":"015548000","province":"Pangasinan"},"geometry":{"type":"Polygon","coordinates":[[[120.56335519000004,16.085125624000057],[120.56120066800008,16.085406074000048],[120.56125805400006,16.090694022000037],[120.55027523800004,16.088949227000057],[120.55026389200009,16.086112809000042],[120.54376687100012,16.08133931900005],[120.54345757800002,16.077855019000026],[120.53732991700008,16.079792877000045],[120.53648012200006,16.076605779000033],[120.53217608000011,16.075521037000044],[120.5282673590001,16.07037481900005],[120.52104402500004,16.069520744000044],[120.52096018400005,16.065494829000045],[120.5169450200001,16.05943842000005],[120.51885376100006,16.057092684000054],[120.50893322200011,16.04408518200006],[120.50965690900011,16.035866003000024],[120.50717727400001,16.03228232300006],[120.50820674700003,16.02851890200003],[120.51112783000008,16.025384633000044],[120.50956398700009,16.024144037000042],[120.51081253600012,16.02185165700007],[120.50838360900002,16.022570293000058],[120.50784526000007,16.02136742700003],[120.51326183900005,16.02105928700007],[120.5155908590001,16.022804235000024],[120.51635224900008,16.02111892800002],[120.52409346800005,16.024667555000065],[120.53469885200002,16.026318763000063],[120.5351872650001,16.00976443600007],[120.54733340000007,16.008238687000073],[120.54729176900003,16.006330622000064],[120.5531634130001,16.00456818600003],[120.55119860700006,16.00025921500003],[120.5496871680001,15.996175660000063],[120.55279244300004,15.994261343000062],[120.55634384200005,16.00008530100007],[120.56170032700004,16.002152264000074],[120.5611460770001,16.004888811000058],[120.56316467200008,16.005194716000062],[120.56479322100006,16.009215313000027],[120.57331484800011,16.010325562000048],[120.57639101000007,16.014217331000054],[120.57466265200003,16.025082028000043],[120.57269164600007,16.025372091000065],[120.56875789800006,16.02952182000007],[120.56577517900007,16.02987011400006],[120.56819637900003,16.036827291000066],[120.56825250500003,16.04461923100007],[120.56078547400011,16.04659042700007],[120.55989000300008,16.05802181300004],[120.56163008100009,16.065126573000043],[120.56156586200007,16.077200830000038],[120.56395168400002,16.079170909000027],[120.56335519000004,16.085125624000057]]]}},{"type":"Feature","properties":{"shapeName":"Lingayen","shapeISO":"","shapeID":"30758251B53919355677172","shapeGroup":"PHL","shapeType":"ADM3","psgc_code":"0105522000","legacy_psgc_code":"015522000","province":"Pangasinan"},"geometry":{"type":"Polygon","coordinates":[[[120.25051828500011,16.040820065000048],[120.2263132920001,16.036667867000062],[120.2174429690001,16.036852472000078],[120.20600129500008,16.040305001000036],[120.20103413700008,16.04416939300006],[120.19993793200001,16.042589960000043],[120.1928849090001,16.04518498300007],[120.19295237100005,16.048838939000063],[120.19150899600004,16.04903653300005],[120.17719666300002,16.04410658100005],[120.17356797000002,16.038711079000052],[120.16870393800002,16.036592262000056],[120.14229608200003,16.03806653500004],[120.14491074000011,16.036932424000042],[120.15798417100007,16.01020703100005],[120.1628460280001,16.00836934000006],[120.16933841800005,16.009310738000067],[120.18585887800009,16.00375000500003],[120.19284895600003,16.00108394800003],[120.19831172700003,15.99373134900003],[120.20524057900002,15.993793010000047],[120.20510123600002,15.998823295000022],[120.21138238700007,16.002882595000074],[120.2156617500001,15.999509380000063],[120.21819244300002,15.995652043000064],[120.21584490600003,15.992206748000058],[120.2066688970001,15.988697365000064],[120.20426356300004,15.98530770900004],[120.20505764800009,15.981841579000047],[120.21345070000007,15.977083396000069],[120.2191167850001,15.981234334000078],[120.21969619400011,15.99343463100007],[120.2207925030001,15.994321642000045],[120.22575240600008,15.994328325000026],[120.23490584800004,15.991641018000053],[120.22648458200001,15.98378083700004],[120.22767383500002,15.979113533000032],[120.23232721500005,15.976095733000022],[120.23856874500007,15.979155652000031],[120.2422315230001,15.985048735000078],[120.24564582200003,15.985690866000027],[120.24858572100004,15.984229666000033],[120.2511433200001,15.980151077000073],[120.24973165900008,15.975264865000042],[120.23968365100006,15.97125096700006],[120.24374238900009,15.964080896000041],[120.24917795200008,15.96339311500003],[120.25316589900001,15.95832636800003],[120.24483306400009,15.951625419000038],[120.24249131300007,15.95216491800005],[120.24041146700006,15.940801122000039],[120.25701398400008,15.93909812000004],[120.26426436100007,15.940863742000033],[120.26699302600002,15.93925289300006],[120.26827372200012,15.93439640500003],[120.28376123100008,15.939520798000046],[120.28328097200006,15.944233963000045],[120.28079352100008,15.945241589000034],[120.28571352200004,15.952430950000064],[120.29062042500004,15.952920173000052],[120.29139896800007,15.955703407000044],[120.29144504600004,15.956712479000032],[120.28541849900012,15.957326884000054],[120.28457849000006,15.962378657000045],[120.27506093300008,15.961070138000025],[120.27203965400008,15.96190290800007],[120.27194590800002,15.963343285000064],[120.26922263100005,15.964032092000025],[120.26854199000002,15.966592984000044],[120.267012023,15.96640668200007],[120.26423115500006,15.97215753200004],[120.25051828500011,16.040820065000048]]]}},{"type":"Feature","properties":{"shapeName":"Mabini","shapeISO":"","shapeID":"30758251B17069015122962","shapeGroup":"PHL","shapeType":"ADM3","psgc_code":"0105523000","legacy_psgc_code":"015523000","province":"Pangasinan"},"geometry":{"type":"Polygon","coordinates":[[[119.87773553400007,16.114235676000078],[119.881763782,16.103071254000042],[119.88570039800004,16.08193195100006],[119.88771700300003,16.082317957000043],[119.89024169700008,16.080445301000054],[119.89482070200006,16.073434719000034],[119.89831426800004,16.074560267000038],[119.9072167700001,16.067131850000067],[119.91522319100011,16.048105405000058],[119.91463852100003,16.026933515000053],[119.91180248800003,16.025049614000068],[119.91166262800004,16.02042125400004],[119.90872268600003,16.01476651300004],[119.90157975400007,16.01084795400004],[119.90508447600007,16.005750952000028],[119.91042817400012,16.006897629000036],[119.91670303400008,16.002662267000062],[119.92533719000005,16.001904832000037],[119.9297872080001,15.997494367000058],[119.93107117700004,15.990145515000052],[119.93418339300001,15.989991625000073],[119.93785396800001,15.984552120000046],[119.93743173900009,15.972086913000055],[119.94892398900004,15.960353102000056],[119.9516331960001,15.947478721000039],[119.96530326300001,15.949173096000038],[119.97484263000001,15.948214921000044],[119.97846535600002,15.949593770000035],[119.98009999800001,15.947870742000077],[119.98126040000011,15.949634851000042],[119.98253846700004,15.949188437000032],[119.98465221300012,15.944241120000072],[119.99266302400008,15.938924076000035],[119.99070195000002,15.93448485500005],[119.99925195100002,15.936475279000035],[120.00128736800002,15.932016213000054],[119.99942993500008,15.930130461000033],[120.00540016600007,15.927286957000035],[120.00821127000006,15.928091599000027],[120.01001684300002,15.927026879000039],[120.00663814400002,15.923913872000071],[120.01015113300002,15.918484229000057],[120.02441629400005,15.921020085000066],[120.04219608800008,15.928460693000034],[120.04447885800005,15.925297621000027],[120.05411410800002,15.920062790000031],[120.06231134600012,15.908387743000048],[120.06816882700002,15.907025966000049],[120.0698402490001,15.90405694900005],[120.09347530900004,15.926843440000027],[120.09225873500009,15.929674695000074],[120.09564160000002,15.932693039000071],[120.09478710600001,15.934756049000043],[120.09399115600002,15.933014219000029],[120.09154848800006,15.934473833000027],[120.0920196300001,15.93680906000003],[120.08629053000004,15.942016804000048],[120.08702338800003,15.945236108000074],[120.08343000400009,15.945865988000037],[120.08377739100001,15.948140936000073],[120.08222526800012,15.947591445000057],[120.08602874400003,15.95927398300006],[120.08420745,15.968918074000044],[120.08033264500011,15.978563490000056],[120.07349287000011,15.987114],[120.04430052500004,16.012548707000064],[120.03768472200011,16.02341627000004],[120.02262677600004,16.038766199000065],[120.00810358000001,16.038174364000042],[119.99611441400009,16.04849755300006],[119.98226014000011,16.056918728000028],[119.97312284500003,16.084649589000037],[119.96659840600012,16.088127691000068],[119.96073895000006,16.096445062000043],[119.95640269100011,16.094804947000057],[119.95234015800008,16.09666030300002],[119.9518520470001,16.09838663000005],[119.95518855900002,16.105783951000035],[119.95291019800004,16.108764608000058],[119.94722733000003,16.11183075400004],[119.94688399100005,16.115818141000034],[119.93428580700004,16.12049173400004],[119.92645039800004,16.120158350000054],[119.9224299220001,16.12335723900003],[119.91956402200003,16.12295937300007],[119.90936149000004,16.12714580200003],[119.90719521800008,16.12668074900006],[119.90738319200011,16.13255709400005],[119.9023239280001,16.13403782100005],[119.88500036300002,16.132936138000048],[119.87487039000007,16.136255961000074],[119.87204558000008,16.13432881400007],[119.87201774500011,16.126509419000058],[119.87773553400007,16.114235676000078]]]}},{"type":"Feature","properties":{"shapeName":"Malasiqui","shapeISO":"","shapeID":"30758251B61747456024255","shapeGroup":"PHL","shapeType":"ADM3","psgc_code":"0105524000","legacy_psgc_code":"015524000","province":"Pangasinan"},"geometry":{"type":"Polygon","coordinates":[[[120.51559261900002,15.873918313000047],[120.5215412440001,15.874906236000072],[120.52501955500009,15.87222549300003],[120.52633207600002,15.872866935000047],[120.52292051200004,15.883521355000028],[120.52438857400011,15.888867137000034],[120.5232436120001,15.892425579000076],[120.51870709800005,15.895590851000065],[120.52066105900008,15.901295879000031],[120.51750747000006,15.90774970800004],[120.50866083400001,15.915562375000036],[120.5001404940001,15.936808320000068],[120.49681574200008,15.93978801000003],[120.49502417800011,15.96478],[120.48855938600002,15.966040760000055],[120.48208214800002,15.964365242000042],[120.47015795300001,15.96536975500004],[120.46824310000011,15.964140402000055],[120.46647581600007,15.966198682000027],[120.45350771400001,15.969158815000071],[120.43388237300007,15.959015659000045],[120.4302893790001,15.960881106000045],[120.42765184100006,15.96040847100005],[120.42536769500009,15.954090351000048],[120.42203831400002,15.952297660000056],[120.40904462300011,15.94995132200006],[120.40474880300007,15.953482569000073],[120.40326519300004,15.95293018700005],[120.40269492800007,15.94906289100004],[120.3984967340001,15.950087556000028],[120.39581357800012,15.952748678000034],[120.39087597500009,15.952272925000045],[120.38580229100012,15.940322165000055],[120.38650694000012,15.93542399200004],[120.38859597100009,15.933428415000037],[120.3907097980001,15.920637830000032],[120.39005972100006,15.91588196400005],[120.39665242400008,15.904680659000064],[120.39776872000004,15.892648292000047],[120.39817373700009,15.891054423000071],[120.40402565300008,15.888572520000025],[120.4188135170001,15.867459632000077],[120.4292168180001,15.857201064000037],[120.43485139800009,15.846077820000062],[120.43312779500002,15.842061337000075],[120.44768054600002,15.849823815000036],[120.45770234200006,15.851883204000046],[120.46229203700011,15.850454119000062],[120.4707186070001,15.853143809000073],[120.48376828500011,15.857116340000061],[120.49434534300008,15.85852820100007],[120.49771355400003,15.861923629000046],[120.50630600300008,15.863890114000071],[120.50860157400007,15.86505044300003],[120.50734621000004,15.869928076000065],[120.51559261900002,15.873918313000047]]]}},{"type":"Feature","properties":{"shapeName":"Manaoag","shapeISO":"","shapeID":"30758251B26137399272056","shapeGroup":"PHL","shapeType":"ADM3","psgc_code":"0105525000","legacy_psgc_code":"015525000","province":"Pangasinan"},"geometry":{"type":"Polygon","coordinates":[[[120.55119860700006,16.00025921500003],[120.5531634130001,16.00456818600003],[120.54729176900003,16.006330622000064],[120.54733340000007,16.008238687000073],[120.5351872650001,16.00976443600007],[120.53469885200002,16.026318763000063],[120.52409346800005,16.024667555000065],[120.51635224900008,16.02111892800002],[120.5155908590001,16.022804235000024],[120.51326183900005,16.02105928700007],[120.50784526000007,16.02136742700003],[120.50838360900002,16.022570293000058],[120.51081253600012,16.02185165700007],[120.50956398700009,16.024144037000042],[120.51112783000008,16.025384633000044],[120.50820674700003,16.02851890200003],[120.50717727400001,16.03228232300006],[120.50965690900011,16.035866003000024],[120.50893322200011,16.04408518200006],[120.51885376100006,16.057092684000054],[120.5169450200001,16.05943842000005],[120.52096018400005,16.065494829000045],[120.52104402500004,16.069520744000044],[120.5282673590001,16.07037481900005],[120.53217608000011,16.075521037000044],[120.52153054900009,16.076622513000075],[120.5157216660001,16.074742397000023],[120.49259795000012,16.077079377000075],[120.4684377530001,16.059727431000056],[120.46404110200001,16.060136105000026],[120.45981031800011,16.05376804800005],[120.45901148900009,16.04941998700002],[120.45775060400001,16.050651678000065],[120.4556730170001,16.044759200000044],[120.45835123200004,16.038641403000042],[120.46223761700003,16.039065290000053],[120.46540389300003,16.03656944100004],[120.46938708800008,16.03709892300003],[120.46944466000002,16.03207214200006],[120.47196882700007,16.03017144300003],[120.47403642400002,16.024641304000056],[120.48135431700007,16.01518442500003],[120.48007282700007,16.00177541000005],[120.4874242840001,15.994865606000076],[120.48416610000004,15.98973245700006],[120.490609403,15.99078458200006],[120.49188547500012,15.988237151000021],[120.49359393500004,15.989822252000067],[120.4956754320001,15.989502456000025],[120.49642158000006,15.991423884000028],[120.5044393280001,15.992885914000055],[120.50460686400004,15.995178140000064],[120.51125586300009,15.996889252000074],[120.51363096900002,15.996113969000078],[120.51543256600007,15.992004653000038],[120.51819452000007,15.993519290000052],[120.51905984100006,15.99185882200004],[120.51591125000004,15.990374160000044],[120.51877282400005,15.990110359000028],[120.51983260800012,15.988323628000046],[120.52255889500009,15.988920747000066],[120.5239571080001,15.991129687000068],[120.52418212000009,15.98999942100005],[120.52868368100008,15.991127864000077],[120.52943273100004,15.989127069000062],[120.53156393400002,15.989151587000038],[120.53465618100006,15.992610445000025],[120.53535681300002,15.990687604000072],[120.54389912800002,15.991004366000027],[120.54477869400012,15.993111213000077],[120.54801271200006,15.993719490000046],[120.54584149800007,15.996034645000066],[120.54570431700006,15.999493076000022],[120.55119860700006,16.00025921500003]]]}},{"type":"Feature","properties":{"shapeName":"Mangaldan","shapeISO":"","shapeID":"30758251B9198007825029","shapeGroup":"PHL","shapeType":"ADM3","psgc_code":"0105526000","legacy_psgc_code":"015526000","province":"Pangasinan"},"geometry":{"type":"Polygon","coordinates":[[[120.38601030000007,16.02470444900007],[120.39172076000011,16.028596476000075],[120.39933562500005,16.023209776000044],[120.41911892300004,16.02802259400005],[120.4331874290001,16.03456129700004],[120.44031180000002,16.041168090000042],[120.44468196500009,16.043098753000038],[120.44310123500009,16.049573546000033],[120.42648540400012,16.052436974000045],[120.4306302660001,16.06044196700003],[120.43041517100005,16.068273581000028],[120.42168675300002,16.07557116600003],[120.42274101900011,16.08349525600005],[120.41971194300004,16.09543101500003],[120.42299953300005,16.097485216000052],[120.42090481700006,16.100023339000074],[120.41876624200006,16.099832968000044],[120.41885141700004,16.10141009700004],[120.41612338200002,16.103656767000075],[120.40990606000003,16.100481297000044],[120.4066542270001,16.099925662000032],[120.40398333200005,16.101417600000048],[120.3999153100001,16.098747744000036],[120.39471700100012,16.097931800000026],[120.39254995600004,16.094242449000035],[120.38900777000003,16.095002002000058],[120.39067801700003,16.094010139000034],[120.38711954000007,16.09411766000005],[120.38198846300008,16.090468200000032],[120.38253983000004,16.095058434000066],[120.38074187100005,16.096012649000045],[120.37808116500003,16.092330168000046],[120.37206153500006,16.088465607000046],[120.3683182100001,16.090897424000048],[120.36529527800008,16.08994957300007],[120.36549790900006,16.087464557000033],[120.36815750200003,16.08578374900003],[120.36880392500007,16.08336576800002],[120.3714926020001,16.082429344000047],[120.37271031900002,16.079079286000024],[120.36826986800008,16.074051712000028],[120.36551868200002,16.07325117000005],[120.36371682800007,16.07010452800006],[120.35756599600006,16.067493090000028],[120.3607561130001,16.065580210000064],[120.36216835000005,16.06679927600004],[120.36181889600005,16.064029642000037],[120.36613571400005,16.061405707000063],[120.36623877900001,16.056596185000046],[120.37070132400004,16.05227740500004],[120.36923798700002,16.050722627000027],[120.3707119280001,16.048135053000067],[120.37942014500004,16.046041323000054],[120.3808390480001,16.042946826000048],[120.37872482500006,16.039872891000073],[120.37902482100003,16.03580540400003],[120.38104979600007,16.034639266000056],[120.37977396400004,16.032402705000038],[120.38079828700006,16.026562872000056],[120.38601030000007,16.02470444900007]]]}},{"type":"Feature","properties":{"shapeName":"Mangatarem","shapeISO":"","shapeID":"30758251B89325271734359","shapeGroup":"PHL","shapeType":"ADM3","psgc_code":"0105527000","legacy_psgc_code":"015527000","province":"Pangasinan"},"geometry":{"type":"Polygon","coordinates":[[[120.17219788500006,15.746569737000073],[120.1777761410001,15.735479338000061],[120.18635825800004,15.725367191000032],[120.20263549600008,15.697763308000049],[120.21245195000006,15.687199554000074],[120.215071996,15.681738971000073],[120.25285678300008,15.617769571000053],[120.26539332200002,15.639273167000056],[120.27051507800002,15.64246505400007],[120.27767442100003,15.644296911000026],[120.28368711500002,15.643883823000067],[120.2857298020001,15.642330410000056],[120.28706041900011,15.642985860000067],[120.28871381400006,15.640647440000066],[120.29575561200011,15.644584838000071],[120.29843151000011,15.644996438000078],[120.30268576600008,15.643235383000047],[120.31116236500009,15.644613677000052],[120.31439872700003,15.647246697000071],[120.3165434010001,15.651022047000026],[120.31590463200007,15.657227592000027],[120.32310839000002,15.663454366000053],[120.32744614700005,15.671447116000024],[120.3278619250001,15.680753150000044],[120.33523703900005,15.685060476000046],[120.3356580300001,15.689831691000052],[120.34322218200009,15.696081793000076],[120.34291411400011,15.698439808000046],[120.344746729,15.700261099000045],[120.34299911500011,15.701118464000047],[120.35060505800004,15.701460162000046],[120.35009905600009,15.704306805000044],[120.35839257500004,15.711756747000038],[120.35809177400006,15.714116456000056],[120.35631880900007,15.714581285000065],[120.35762592900005,15.717084760000034],[120.35633347700002,15.718694257000038],[120.35675655800003,15.72205402700007],[120.35873602800007,15.723365453000042],[120.35808421900003,15.729847599000038],[120.36130374200002,15.731531419000078],[120.36005956600002,15.733280028000024],[120.36621851500001,15.737352556000076],[120.37181188700004,15.73688296000006],[120.37362224600008,15.73952627400007],[120.37326310900005,15.74288127400007],[120.37634129500009,15.744897113000036],[120.37629341400009,15.74690473000004],[120.37859424500004,15.74830558900004],[120.38341285500007,15.745251145000054],[120.38531501300008,15.750394017000076],[120.39426220300004,15.75567779100004],[120.39142770800004,15.764476165000076],[120.39148192700009,15.771841022000046],[120.3822325220001,15.771283266000069],[120.37675639600002,15.773354562000065],[120.37226580900006,15.775959500000056],[120.3650792730001,15.78447684200006],[120.3581728480001,15.792370769000058],[120.35449308400007,15.793696369000031],[120.351795562,15.793783936000068],[120.3480415250001,15.789180129000044],[120.34537136100005,15.78901759300004],[120.33778918100006,15.79295866800004],[120.32757739200008,15.806748051000056],[120.32768908900005,15.81672614100006],[120.32397799600005,15.821401318000028],[120.32094895000012,15.819357315000047],[120.31625321000001,15.820531603000063],[120.31338415500011,15.825116170000058],[120.31613747300003,15.829746980000039],[120.31007245300009,15.83362199800007],[120.30377578800005,15.834072365000054],[120.2979868750001,15.83075821600005],[120.2948256730001,15.831232249000038],[120.29207794500007,15.834269475000042],[120.29099332300007,15.836948079000024],[120.29267886200012,15.842659037000033],[120.30168825600003,15.852322813000058],[120.29885888400008,15.858688266000058],[120.28674054200008,15.850919087000023],[120.28902278100009,15.846649628000023],[120.28570856500005,15.847541406000062],[120.27905430200008,15.843568727000047],[120.27592823900011,15.843451720000076],[120.273569769,15.840118253000071],[120.27646301100003,15.83641076400005],[120.2694292110001,15.831837969000048],[120.26716305000002,15.828702199000077],[120.26996205000012,15.824413302000039],[120.2548506920001,15.808497072000023],[120.19171701800008,15.765734959000042],[120.18614176100004,15.767297755000072],[120.17730215000006,15.762940124000067],[120.17430096100009,15.75837387200005],[120.17219788500006,15.746569737000073]]]}},{"type":"Feature","properties":{"shapeName":"Mapandan","shapeISO":"","shapeID":"30758251B77092864318867","shapeGroup":"PHL","shapeType":"ADM3","psgc_code":"0105528000","legacy_psgc_code":"015528000","province":"Pangasinan"},"geometry":{"type":"Polygon","coordinates":[[[120.4556730170001,16.044759200000044],[120.44468196500009,16.043098753000038],[120.44031180000002,16.041168090000042],[120.4331874290001,16.03456129700004],[120.41911892300004,16.02802259400005],[120.42337966200012,16.02365069500007],[120.4409647120001,16.01167608700007],[120.460363486,16.001500931000066],[120.46819399700007,16.003338212000074],[120.46821202000001,16.001795575000074],[120.46940542300001,16.001783860000046],[120.46821664200002,16.000058645000024],[120.47085071900005,15.997498996000047],[120.4715089880001,15.992873859000042],[120.47269901000004,15.993785929000069],[120.47535747400002,15.990825147000066],[120.47974308300002,15.992575603000034],[120.47942513400005,15.990364526000064],[120.48281536400009,15.992668672000036],[120.48416610000004,15.98973245700006],[120.4874242840001,15.994865606000076],[120.48007282700007,16.00177541000005],[120.48135431700007,16.01518442500003],[120.47403642400002,16.024641304000056],[120.47196882700007,16.03017144300003],[120.46944466000002,16.03207214200006],[120.46938708800008,16.03709892300003],[120.46540389300003,16.03656944100004],[120.46223761700003,16.039065290000053],[120.45835123200004,16.038641403000042],[120.4556730170001,16.044759200000044]]]}},{"type":"Feature","properties":{"shapeName":"Natividad","shapeISO":"","shapeID":"30758251B92137156068706","shapeGroup":"PHL","shapeType":"ADM3","psgc_code":"0105529000","legacy_psgc_code":"015529000","province":"Pangasinan"},"geometry":{"type":"Polygon","coordinates":[[[120.87224196200009,16.10342196700003],[120.80388802100003,16.07343189200003],[120.79052561900005,16.064730664000024],[120.788027123,16.059165412000027],[120.78950683900007,16.05636709500004],[120.78481080600011,16.052526374000024],[120.76922648700008,16.047346454000035],[120.76802061500007,16.03253697200006],[120.76937340600011,16.03215836800007],[120.77194015900011,16.021020303000057],[120.775036666,16.01863858400003],[120.77938296600007,16.011263503000066],[120.777913194,16.00803761800006],[120.78109684000003,16.00728376400002],[120.79109190300005,16.007652003000032],[120.80085281400011,16.012084582000057],[120.80286406200003,16.01178388200003],[120.80610990500008,16.00789853400005],[120.81997938900008,16.008820599000046],[120.90565262200005,16.028259399000035],[120.8961103580001,16.04252056300004],[120.88410313000009,16.067832821000025],[120.87446505100002,16.093515548000028],[120.87224196200009,16.10342196700003]]]}},{"type":"Feature","properties":{"shapeName":"Pozorrubio","shapeISO":"","shapeID":"30758251B62104294817864","shapeGroup":"PHL","shapeType":"ADM3","psgc_code":"0105530000","legacy_psgc_code":"015530000","province":"Pangasinan"},"geometry":{"type":"Polygon","coordinates":[[[120.58007936800004,16.09064296400004],[120.57949009000004,16.097681969000064],[120.58173749800005,16.10062086800002],[120.58133572200006,16.103647616000046],[120.57507980800005,16.109812831000056],[120.57338491500002,16.12319711200007],[120.56804185200008,16.128746334000027],[120.56807746800007,16.132632057000023],[120.5610553790001,16.147608717000026],[120.5608416550001,16.153457784000068],[120.5412031190001,16.151996163000035],[120.52912955400006,16.148157049000076],[120.51613869900007,16.146035878000077],[120.5023603730001,16.146080652000023],[120.4925080800001,16.140555708000022],[120.48220236700001,16.138808690000076],[120.48379141700002,16.124219078000067],[120.48238993500001,16.119354696000073],[120.48296612100012,16.11440907100007],[120.48901200900002,16.09587893300005],[120.48610806800002,16.091677205000053],[120.48372927500009,16.08321446900004],[120.49259795000012,16.077079377000075],[120.5157216660001,16.074742397000023],[120.52153054900009,16.076622513000075],[120.53217608000011,16.075521037000044],[120.53648012200006,16.076605779000033],[120.53732991700008,16.079792877000045],[120.54345757800002,16.077855019000026],[120.54376687100012,16.08133931900005],[120.55026389200009,16.086112809000042],[120.55027523800004,16.088949227000057],[120.56125805400006,16.090694022000037],[120.56120066800008,16.085406074000048],[120.56335519000004,16.085125624000057],[120.56341563900003,16.08619828700006],[120.57941805100006,16.089070586000048],[120.58007936800004,16.09064296400004]]]}},{"type":"Feature","properties":{"shapeName":"Rosales","shapeISO":"","shapeID":"30758251B40151767762503","shapeGroup":"PHL","shapeType":"ADM3","psgc_code":"0105531000","legacy_psgc_code":"015531000","province":"Pangasinan"},"geometry":{"type":"Polygon","coordinates":[[[120.66094116200009,15.93202627900007],[120.65600229800009,15.930639109000026],[120.64750167200009,15.925561926000057],[120.64666549800006,15.923637628000051],[120.64378027300006,15.924807119000036],[120.6406468560001,15.922983865000049],[120.64026642400006,15.929107085000055],[120.63004225000009,15.926215231000072],[120.62846269300007,15.921396791000063],[120.62984324800004,15.916978354000037],[120.62287772800005,15.910646672000041],[120.62088275500003,15.905604975000074],[120.6134901800001,15.903048222000052],[120.61451730700003,15.89842731300007],[120.61338363700008,15.895453030000056],[120.60658923100004,15.891896526000039],[120.60201265700005,15.887491225000076],[120.59468024700004,15.886688183000047],[120.59584903300004,15.884060245000057],[120.59458501300003,15.88314469900007],[120.59837882600004,15.873760342000026],[120.59550417800006,15.867232744000034],[120.59151764500007,15.86521990600005],[120.5900943040001,15.862431135000065],[120.60363091200009,15.860894016000032],[120.61138623700003,15.83726073300005],[120.6150636640001,15.815561238000043],[120.63669356500009,15.820552531000033],[120.63747821000004,15.822039306000022],[120.64786096000012,15.82527271500004],[120.65560010800004,15.824608328000068],[120.66024841300009,15.827735432000054],[120.66574844500008,15.82766027100007],[120.66732336900009,15.825578866000058],[120.67288015100007,15.83142680700007],[120.67653390200007,15.831410832000074],[120.67840304300012,15.83294618900004],[120.68010674800007,15.832614327000044],[120.68006986400007,15.830136940000045],[120.68341023000005,15.830967275000035],[120.68576205400007,15.83657050000005],[120.661359704,15.87844633700007],[120.66205779000006,15.890261105000036],[120.66030916600005,15.898688891000063],[120.66271586100004,15.901180262000025],[120.66001871700007,15.903879036000035],[120.66005578900001,15.909447273000069],[120.65802691800002,15.912783327000056],[120.65951110500009,15.915826787000071],[120.65875619000008,15.919266151000045],[120.662811927,15.925989585000025],[120.66094116200009,15.93202627900007]]]}},{"type":"Feature","properties":{"shapeName":"San Carlos City","shapeISO":"","shapeID":"30758251B59743133476894","shapeGroup":"PHL","shapeType":"ADM3","psgc_code":"0105532000","legacy_psgc_code":"015532000","province":"Pangasinan"},"geometry":{"type":"Polygon","coordinates":[[[120.29885888400008,15.858688266000058],[120.30168825600003,15.852322813000058],[120.29267886200012,15.842659037000033],[120.29099332300007,15.836948079000024],[120.29207794500007,15.834269475000042],[120.2948256730001,15.831232249000038],[120.2979868750001,15.83075821600005],[120.30377578800005,15.834072365000054],[120.31007245300009,15.83362199800007],[120.31290708400002,15.839998678000029],[120.31418471400002,15.839995903000045],[120.31655207900008,15.843799296000043],[120.31864445800011,15.843620283000064],[120.32786123000005,15.849144394000064],[120.33158529200011,15.848557658000061],[120.33153922600002,15.845997854000075],[120.33903532800002,15.839226475000032],[120.3446471960001,15.840685499000074],[120.35103499900003,15.844715938000036],[120.35327839800004,15.847961370000064],[120.3526363740001,15.852114758000027],[120.34911995000004,15.855127383000024],[120.35657253900001,15.856989127000077],[120.36370203800004,15.86190530400006],[120.3662262360001,15.861526010000034],[120.36504767300005,15.868442695000056],[120.36763134800003,15.873893399000053],[120.367187897,15.882610573000022],[120.37653926400003,15.88665691400007],[120.37833861600006,15.890324097000075],[120.3835073680001,15.893452326000045],[120.38632366500008,15.891284222000024],[120.39776872000004,15.892648292000047],[120.39665242400008,15.904680659000064],[120.39005972100006,15.91588196400005],[120.3907097980001,15.920637830000032],[120.38859597100009,15.933428415000037],[120.38650694000012,15.93542399200004],[120.38580229100012,15.940322165000055],[120.39087597500009,15.952272925000045],[120.38770165500011,15.95619918500006],[120.38683388400011,15.962568472000044],[120.38506808900001,15.961711877000027],[120.38364801400007,15.956416195000031],[120.3724405160001,15.95603959400006],[120.36799786100005,15.95807393900003],[120.365535238,15.961857140000063],[120.36576327800003,15.963907133000077],[120.35740636900005,15.963550818000044],[120.33437655000012,15.970586666000031],[120.32286895100003,15.971409556000026],[120.31655221000005,15.965405026000042],[120.3116118370001,15.96557333800007],[120.30546992500001,15.962578578000034],[120.304029119,15.963425136000069],[120.30468683700008,15.959294613000054],[120.30051476000006,15.95583535000003],[120.29761492000011,15.95720861500007],[120.29139896800007,15.955703407000044],[120.29062042500004,15.952920173000052],[120.28571352200004,15.952430950000064],[120.28079352100008,15.945241589000034],[120.28328097200006,15.944233963000045],[120.28376123100008,15.939520798000046],[120.26827372200012,15.93439640500003],[120.2646359900001,15.92819154800003],[120.25334269900009,15.921118112000045],[120.24441390400011,15.920369924000056],[120.24744781100003,15.90992245600006],[120.25436794100005,15.910851275000027],[120.25868670400007,15.908452902000022],[120.26048442600006,15.910830126000064],[120.25928735500008,15.91584259800004],[120.26060709400008,15.918202902000075],[120.26568724600008,15.921650298000031],[120.26808561900009,15.920952359000069],[120.26697314600005,15.912953553000023],[120.27020012600008,15.905324035000035],[120.2631532580001,15.900955768000074],[120.263736891,15.897045166000055],[120.26244944900009,15.895155633000059],[120.25647188800008,15.894743724000023],[120.25628871100002,15.893366970000045],[120.25966444300002,15.888384582000072],[120.26764541900002,15.88837363500005],[120.27709678000008,15.878070343000047],[120.28277573900004,15.882693954000047],[120.2847395550001,15.882164948000025],[120.281271446,15.873365389000071],[120.27968857700012,15.873085067000034],[120.2801784400001,15.870480029000078],[120.28310573300007,15.870364428000073],[120.28459631600003,15.87367176400005],[120.28734692900002,15.87406003600006],[120.2957916040001,15.868161713000063],[120.29648117200009,15.866264408000063],[120.294102124,15.862597635000043],[120.29885888400008,15.858688266000058]]]}},{"type":"Feature","properties":{"shapeName":"San Fabian","shapeISO":"","shapeID":"30758251B29498113350047","shapeGroup":"PHL","shapeType":"ADM3","psgc_code":"0105533000","legacy_psgc_code":"015533000","province":"Pangasinan"},"geometry":{"type":"Polygon","coordinates":[[[120.38074187100005,16.096012649000045],[120.38253983000004,16.095058434000066],[120.38198846300008,16.090468200000032],[120.38711954000007,16.09411766000005],[120.39067801700003,16.094010139000034],[120.38900777000003,16.095002002000058],[120.39254995600004,16.094242449000035],[120.39471700100012,16.097931800000026],[120.3999153100001,16.098747744000036],[120.40398333200005,16.101417600000048],[120.4066542270001,16.099925662000032],[120.40990606000003,16.100481297000044],[120.41612338200002,16.103656767000075],[120.41885141700004,16.10141009700004],[120.41876624200006,16.099832968000044],[120.42090481700006,16.100023339000074],[120.42299953300005,16.097485216000052],[120.43543996900007,16.100798187000066],[120.44378283200001,16.09883478300003],[120.44612350300008,16.093963864000045],[120.45034501000009,16.09917131900005],[120.45480769700009,16.099328529000047],[120.45818926600009,16.105366828000058],[120.45790668400002,16.110891713000058],[120.46231960400007,16.121545880000042],[120.47004434400003,16.12834280900006],[120.46895159100006,16.138393893000057],[120.47551381200003,16.14136662900006],[120.47799540000005,16.143737834000035],[120.47986345800007,16.150989328000037],[120.47725452800012,16.15687228400003],[120.47625472900006,16.16485830700003],[120.47213608700008,16.167505839000057],[120.46876443500003,16.182085795000035],[120.46702249400005,16.18384007900005],[120.46954010700006,16.187216028000023],[120.46854554200002,16.19110457100004],[120.463996199,16.19247733000003],[120.46246841600009,16.195108850000054],[120.46260046600003,16.205320964000066],[120.43131934000007,16.20281398700007],[120.42701355800011,16.20130000300003],[120.41726211800005,16.204736093000065],[120.42157865900003,16.180317889000037],[120.42550804100006,16.17189230500003],[120.42313200600006,16.162379255000076],[120.417681001,16.153481339000052],[120.4045486340001,16.138621088000036],[120.40455525200002,16.136460320000026],[120.40291118900006,16.136900999000034],[120.39494572800004,16.128527277000046],[120.37651335400005,16.113400940000076],[120.38483288300006,16.11090385500006],[120.3818702960001,16.107192386000065],[120.38573785900007,16.105040923000047],[120.38614379900002,16.102927358000045],[120.38109069600011,16.09827227200003],[120.38074187100005,16.096012649000045]]]}},{"type":"Feature","properties":{"shapeName":"San Jacinto","shapeISO":"","shapeID":"30758251B64973235851330","shapeGroup":"PHL","shapeType":"ADM3","psgc_code":"0105534000","legacy_psgc_code":"015534000","province":"Pangasinan"},"geometry":{"type":"Polygon","coordinates":[[[120.49259795000012,16.077079377000075],[120.48372927500009,16.08321446900004],[120.48610806800002,16.091677205000053],[120.48901200900002,16.09587893300005],[120.48296612100012,16.11440907100007],[120.48238993500001,16.119354696000073],[120.48379141700002,16.124219078000067],[120.48220236700001,16.138808690000076],[120.47551381200003,16.14136662900006],[120.46895159100006,16.138393893000057],[120.47004434400003,16.12834280900006],[120.46231960400007,16.121545880000042],[120.45790668400002,16.110891713000058],[120.45818926600009,16.105366828000058],[120.45480769700009,16.099328529000047],[120.45034501000009,16.09917131900005],[120.44612350300008,16.093963864000045],[120.44378283200001,16.09883478300003],[120.43543996900007,16.100798187000066],[120.42299953300005,16.097485216000052],[120.41971194300004,16.09543101500003],[120.42274101900011,16.08349525600005],[120.42168675300002,16.07557116600003],[120.43041517100005,16.068273581000028],[120.4306302660001,16.06044196700003],[120.42648540400012,16.052436974000045],[120.44310123500009,16.049573546000033],[120.44468196500009,16.043098753000038],[120.4556730170001,16.044759200000044],[120.45775060400001,16.050651678000065],[120.45901148900009,16.04941998700002],[120.45981031800011,16.05376804800005],[120.46404110200001,16.060136105000026],[120.4684377530001,16.059727431000056],[120.49259795000012,16.077079377000075]]]}},{"type":"Feature","properties":{"shapeName":"San Manuel","shapeISO":"","shapeID":"30758251B7008952403937","shapeGroup":"PHL","shapeType":"ADM3","psgc_code":"0105535000","legacy_psgc_code":"015535000","province":"Pangasinan"},"geometry":{"type":"Polygon","coordinates":[[[120.70765845200003,16.022705192000046],[120.71062651400007,16.027128050000044],[120.71406296400005,16.027811583000073],[120.71329229900005,16.030794023000055],[120.71532506800008,16.037918191000074],[120.71652541100002,16.04072747200007],[120.71899920100009,16.041594200000077],[120.71974673700004,16.04464179300004],[120.7218949060001,16.04756808700006],[120.7190231080001,16.053700810000066],[120.7208845340001,16.05741951500005],[120.71903543700012,16.06007578200007],[120.72114270600002,16.063081311000076],[120.72032968300005,16.068864033000068],[120.71432319500002,16.073820393000062],[120.71457230300007,16.080338393000034],[120.70984967200002,16.085836218000054],[120.70442506200004,16.10305095800004],[120.70047211400004,16.106074637000063],[120.69543049600009,16.116025541000056],[120.68369891200007,16.132202713000027],[120.69143243500002,16.136112957000023],[120.71715609900002,16.192864986000075],[120.69775323600004,16.191001208000046],[120.68196558300008,16.183926918000054],[120.63237185700007,16.183949238000025],[120.63005201800001,16.18246047100007],[120.63027393700008,16.18047651300003],[120.628418151,16.18062420900003],[120.62720486300009,16.179809214000045],[120.62661965200004,16.17418225700004],[120.64402369700008,16.152310148000026],[120.64030013700005,16.127785811000024],[120.64236933200004,16.12260297800003],[120.63904482500004,16.121746505000033],[120.63755469800003,16.11813638800004],[120.61446682000008,16.105759875000047],[120.62395384400008,16.098037125000076],[120.62407251000002,16.07080942700003],[120.62577238000006,16.056690616000026],[120.62880621800002,16.04768573800004],[120.63909014400008,16.04311059500003],[120.64011569700006,16.040958009000065],[120.661015313,16.035296180000046],[120.6734742860001,16.034282785000073],[120.67764913700012,16.032344414000022],[120.68062101700002,16.025868530000025],[120.68817173200011,16.023784154000055],[120.70549781300008,16.024372394000068],[120.70765845200003,16.022705192000046]]]}},{"type":"Feature","properties":{"shapeName":"San Nicolas","shapeISO":"","shapeID":"30758251B87828725798091","shapeGroup":"PHL","shapeType":"ADM3","psgc_code":"0105536000","legacy_psgc_code":"015536000","province":"Pangasinan"},"geometry":{"type":"Polygon","coordinates":[[[120.87044651800011,16.118870179000055],[120.8578886040001,16.13026056500007],[120.84150888600004,16.168612326000073],[120.80119503800006,16.187660433000076],[120.76896590800004,16.198033657000053],[120.71715609900002,16.192864986000075],[120.69143243500002,16.136112957000023],[120.68369891200007,16.132202713000027],[120.69543049600009,16.116025541000056],[120.70047211400004,16.106074637000063],[120.70442506200004,16.10305095800004],[120.70984967200002,16.085836218000054],[120.71457230300007,16.080338393000034],[120.71432319500002,16.073820393000062],[120.72032968300005,16.068864033000068],[120.72114270600002,16.063081311000076],[120.71903543700012,16.06007578200007],[120.7208845340001,16.05741951500005],[120.7190231080001,16.053700810000066],[120.7218949060001,16.04756808700006],[120.71974673700004,16.04464179300004],[120.72541238800011,16.044421128000067],[120.7275923200001,16.047337239000058],[120.74332639400006,16.043797409000035],[120.74694560900002,16.041782201000046],[120.7486831440001,16.043553502000066],[120.75041806900003,16.04200432300007],[120.75598183800003,16.04119266500004],[120.75933809500009,16.04199712600007],[120.76250592600002,16.04557899100007],[120.76922648700008,16.047346454000035],[120.78481080600011,16.052526374000024],[120.78950683900007,16.05636709500004],[120.788027123,16.059165412000027],[120.79052561900005,16.064730664000024],[120.80388802100003,16.07343189200003],[120.87224196200009,16.10342196700003],[120.87044651800011,16.118870179000055]]]}},{"type":"Feature","properties":{"shapeName":"San Quintin","shapeISO":"","shapeID":"30758251B3543778984064","shapeGroup":"PHL","shapeType":"ADM3","psgc_code":"0105537000","legacy_psgc_code":"015537000","province":"Pangasinan"},"geometry":{"type":"Polygon","coordinates":[[[120.72414626500006,15.935179696000034],[120.74538451100011,15.943970406000062],[120.74902434300009,15.945982986000047],[120.75196064500005,15.949861042000066],[120.7577601800001,15.946652352000058],[120.76026327400007,15.948453397000037],[120.76220345600007,15.954297290000056],[120.76641390900011,15.954155112000024],[120.76764797400006,15.951426021000032],[120.76969304500005,15.953566841000054],[120.77189844500003,15.95292839700005],[120.77375338900003,15.954702730000065],[120.77269430700005,15.956005469000047],[120.78065698800003,15.958380306000038],[120.78241409800012,15.956329357000072],[120.78812811600005,15.957555596000077],[120.79460613800006,15.954143095000063],[120.7998602990001,15.95629807000006],[120.80327830100009,15.939457022000056],[120.80928318400004,15.942701202000023],[120.81829519900009,15.94323511600004],[120.82028045800007,15.944169401000067],[120.82006548200002,15.963037777000068],[120.82866033100004,15.967218138000078],[120.83487680600001,15.96521204100003],[120.85262563000003,15.971358598000052],[120.91158343200004,15.995395694000024],[120.90446626000005,16.010058813000057],[120.90565262200005,16.028259399000035],[120.81997938900008,16.008820599000046],[120.80610990500008,16.00789853400005],[120.80286406200003,16.01178388200003],[120.80085281400011,16.012084582000057],[120.79109190300005,16.007652003000032],[120.78109684000003,16.00728376400002],[120.77968290700005,16.000510607000024],[120.77707004800004,15.999141762000022],[120.76913470500006,15.973071679000043],[120.75703659700002,15.97654876100006],[120.75254400400001,15.970096345000059],[120.75294842100004,15.963523978000069],[120.74679867300006,15.960329975000036],[120.7423591700001,15.96031494400006],[120.73894118700002,15.958464842000069],[120.73670427000002,15.959740354000076],[120.73409882900012,15.956725884000036],[120.73424477100002,15.954595539000024],[120.73125185200001,15.95321847200006],[120.72891837700001,15.955615377000072],[120.72827825900004,15.951832786000068],[120.72621378200006,15.950597131000052],[120.72618070200008,15.948370410000052],[120.72243648400001,15.942809061000048],[120.71581999500006,15.942391978000046],[120.71586634500011,15.94144200200003],[120.72414626500006,15.935179696000034]]]}},{"type":"Feature","properties":{"shapeName":"Santa Barbara","shapeISO":"","shapeID":"30758251B59559004486187","shapeGroup":"PHL","shapeType":"ADM3","psgc_code":"0105538000","legacy_psgc_code":"015538000","province":"Pangasinan"},"geometry":{"type":"Polygon","coordinates":[[[120.3984967340001,15.950087556000028],[120.40269492800007,15.94906289100004],[120.40326519300004,15.95293018700005],[120.40474880300007,15.953482569000073],[120.40904462300011,15.94995132200006],[120.42203831400002,15.952297660000056],[120.42536769500009,15.954090351000048],[120.42765184100006,15.96040847100005],[120.4302893790001,15.960881106000045],[120.43388237300007,15.959015659000045],[120.45350771400001,15.969158815000071],[120.46647581600007,15.966198682000027],[120.46824310000011,15.964140402000055],[120.47015795300001,15.96536975500004],[120.48208214800002,15.964365242000042],[120.48855938600002,15.966040760000055],[120.48858226200002,15.982135865000032],[120.48983783500012,15.98832919800003],[120.49188547500012,15.988237151000021],[120.490609403,15.99078458200006],[120.48416610000004,15.98973245700006],[120.48281536400009,15.992668672000036],[120.47942513400005,15.990364526000064],[120.47974308300002,15.992575603000034],[120.47535747400002,15.990825147000066],[120.47269901000004,15.993785929000069],[120.4715089880001,15.992873859000042],[120.47085071900005,15.997498996000047],[120.46821664200002,16.000058645000024],[120.46940542300001,16.001783860000046],[120.46821202000001,16.001795575000074],[120.46819399700007,16.003338212000074],[120.460363486,16.001500931000066],[120.4409647120001,16.01167608700007],[120.42337966200012,16.02365069500007],[120.41911892300004,16.02802259400005],[120.39933562500005,16.023209776000044],[120.39172076000011,16.028596476000075],[120.38601030000007,16.02470444900007],[120.38723488100004,16.023510631000022],[120.38642560200003,16.022028543000033],[120.39078338400009,16.02027447200004],[120.39098274500009,16.01865417700003],[120.3862644840001,16.012032158000068],[120.38272506800001,16.010583653000026],[120.38242495300005,16.007571976000065],[120.37782120200006,16.005276067000068],[120.38299516400002,15.995500635000042],[120.38165815800005,15.994552602000056],[120.38401294800008,15.989236971000025],[120.38430312600008,15.982546080000077],[120.39131822700006,15.974617242000022],[120.3993014990001,15.960995166000032],[120.39993229200002,15.950792334000027],[120.3984967340001,15.950087556000028]]]}},{"type":"Feature","properties":{"shapeName":"Santa Maria","shapeISO":"","shapeID":"30758251B42080069624714","shapeGroup":"PHL","shapeType":"ADM3","psgc_code":"0105539000","legacy_psgc_code":"015539000","province":"Pangasinan"},"geometry":{"type":"Polygon","coordinates":[[[120.64834711600008,15.931890675000034],[120.64026642400006,15.929107085000055],[120.6406468560001,15.922983865000049],[120.64378027300006,15.924807119000036],[120.64666549800006,15.923637628000051],[120.64750167200009,15.925561926000057],[120.65600229800009,15.930639109000026],[120.66094116200009,15.93202627900007],[120.6664387730001,15.936635830000057],[120.66176698700008,15.94007355900004],[120.66269510500001,15.94153973300007],[120.66435486700004,15.940740670000025],[120.66426052300005,15.942175551000048],[120.66607290700006,15.940629663000038],[120.67488129300011,15.943769141000075],[120.6752316080001,15.94232024200005],[120.67764763500008,15.941585643000053],[120.6786501150001,15.937642810000057],[120.6801159800001,15.93756610500003],[120.68119357700004,15.939639997000029],[120.68397689200003,15.938487937000048],[120.68834602700008,15.940108631000044],[120.69386103600004,15.934582936000027],[120.69479011700003,15.937966129000074],[120.69857480100006,15.938131827000063],[120.70005383600005,15.940425782000034],[120.70525697200003,15.940252581000038],[120.70639773200003,15.941850212000077],[120.71142090100011,15.941193905000034],[120.71398961700004,15.938632558000052],[120.71586634500011,15.94144200200003],[120.71581999500006,15.942391978000046],[120.72243648400001,15.942809061000048],[120.72618070200008,15.948370410000052],[120.72621378200006,15.950597131000052],[120.72827825900004,15.951832786000068],[120.72891837700001,15.955615377000072],[120.73125185200001,15.95321847200006],[120.73424477100002,15.954595539000024],[120.73409882900012,15.956725884000036],[120.73670427000002,15.959740354000076],[120.73894118700002,15.958464842000069],[120.7423591700001,15.96031494400006],[120.74679867300006,15.960329975000036],[120.75294842100004,15.963523978000069],[120.75254400400001,15.970096345000059],[120.75703659700002,15.97654876100006],[120.7506264210001,15.983864493000056],[120.74315366300004,15.986878653000076],[120.71389418500007,15.99096207100007],[120.7056652660001,15.996528162000061],[120.70725365200008,15.994310642000073],[120.70686610700011,15.990999239000075],[120.70219133600006,15.98884761000005],[120.69841073600003,15.989692087000037],[120.69297383700007,15.988162922000072],[120.67583267700002,15.978233576000036],[120.66822395200006,15.969618767000043],[120.66280149300007,15.967818117000036],[120.66207020800005,15.958507319000034],[120.65774904600005,15.956824864000055],[120.65504001400006,15.953629855000031],[120.65648169700012,15.948025099000063],[120.65039750000005,15.94488191000005],[120.64772347000007,15.941307435000056],[120.64960851400008,15.933918126000037],[120.64834711600008,15.931890675000034]]]}},{"type":"Feature","properties":{"shapeName":"Santo Tomas","shapeISO":"","shapeID":"30758251B13733933289542","shapeGroup":"PHL","shapeType":"ADM3","psgc_code":"0105540000","legacy_psgc_code":"015540000","province":"Pangasinan"},"geometry":{"type":"Polygon","coordinates":[[[120.5801044100001,15.84129036400003],[120.5900943040001,15.862431135000065],[120.59151764500007,15.86521990600005],[120.59550417800006,15.867232744000034],[120.59837882600004,15.873760342000026],[120.59458501300003,15.88314469900007],[120.59584903300004,15.884060245000057],[120.59468024700004,15.886688183000047],[120.58748603300012,15.886870948000023],[120.58027643900004,15.882639657000027],[120.57151963900003,15.87361803500005],[120.55504994800003,15.867857886000024],[120.56460032600012,15.849530223000045],[120.5679535810001,15.845827237000037],[120.56938281300006,15.846305029000064],[120.5801044100001,15.84129036400003]]]}},{"type":"Feature","properties":{"shapeName":"Sison","shapeISO":"","shapeID":"30758251B50482796535590","shapeGroup":"PHL","shapeType":"ADM3","psgc_code":"0105541000","legacy_psgc_code":"015541000","province":"Pangasinan"},"geometry":{"type":"Polygon","coordinates":[[[120.61446682000008,16.105759875000047],[120.63755469800003,16.11813638800004],[120.63904482500004,16.121746505000033],[120.64236933200004,16.12260297800003],[120.64030013700005,16.127785811000024],[120.64402369700008,16.152310148000026],[120.62661965200004,16.17418225700004],[120.62720486300009,16.179809214000045],[120.628418151,16.18062420900003],[120.55802100200003,16.218416174000026],[120.54275362300007,16.222234379000042],[120.52020294500005,16.233441361000075],[120.51182322200009,16.23220132700004],[120.51144659700003,16.22657106500003],[120.50685203000012,16.223551162000035],[120.50570878100007,16.21906444900003],[120.5076717180001,16.21449145200006],[120.5066795030001,16.206713226000034],[120.46437273600009,16.204386854000063],[120.46260046600003,16.205320964000066],[120.46246841600009,16.195108850000054],[120.463996199,16.19247733000003],[120.46854554200002,16.19110457100004],[120.46954010700006,16.187216028000023],[120.46702249400005,16.18384007900005],[120.46876443500003,16.182085795000035],[120.47213608700008,16.167505839000057],[120.47625472900006,16.16485830700003],[120.47725452800012,16.15687228400003],[120.47986345800007,16.150989328000037],[120.47799540000005,16.143737834000035],[120.47551381200003,16.14136662900006],[120.48220236700001,16.138808690000076],[120.4925080800001,16.140555708000022],[120.5023603730001,16.146080652000023],[120.51613869900007,16.146035878000077],[120.52912955400006,16.148157049000076],[120.5412031190001,16.151996163000035],[120.5608416550001,16.153457784000068],[120.5610553790001,16.147608717000026],[120.56807746800007,16.132632057000023],[120.56804185200008,16.128746334000027],[120.57338491500002,16.12319711200007],[120.57507980800005,16.109812831000056],[120.58133572200006,16.103647616000046],[120.58173749800005,16.10062086800002],[120.57949009000004,16.097681969000064],[120.58007936800004,16.09064296400004],[120.58263058600005,16.092428485000028],[120.58582587300009,16.09099523900005],[120.59422186000006,16.093972997000037],[120.60431834500002,16.106086687000072],[120.60821573900012,16.108547731000044],[120.61070819300005,16.108816106000063],[120.61446682000008,16.105759875000047]]]}},{"type":"Feature","properties":{"shapeName":"Sual","shapeISO":"","shapeID":"30758251B22367435141107","shapeGroup":"PHL","shapeType":"ADM3","psgc_code":"0105542000","legacy_psgc_code":"015542000","province":"Pangasinan"},"geometry":{"type":"MultiPolygon","coordinates":[[[[120.11673750500006,16.12250672500005],[120.11273339900004,16.12106082500003],[120.11279019400001,16.118059867000056],[120.10970902000008,16.119219333000046],[120.10933984700011,16.117473311000026],[120.11149808900007,16.115877323000063],[120.10891387900006,16.11249433300003],[120.11064615200007,16.10847013700004],[120.11406810100004,16.109247700000026],[120.1162121430001,16.107760779000046],[120.11988967400009,16.111375751000026],[120.12535627300008,16.11102107800002],[120.12282885800005,16.11389937200005],[120.12376598900005,16.118469091000065],[120.11673750500006,16.12250672500005]]],[[[119.99611441400009,16.04849755300006],[120.00810358000001,16.038174364000042],[120.02262677600004,16.038766199000065],[120.03768472200011,16.02341627000004],[120.04430052500004,16.012548707000064],[120.0609518980001,16.01276444800004],[120.07594965700002,16.02405219600007],[120.08081208500005,16.045438009000065],[120.08624568500011,16.045613020000076],[120.08680633000006,16.046772200000078],[120.08942332600009,16.04540019800004],[120.0906404000001,16.046831182000062],[120.09385320600006,16.04492564000003],[120.09563057900004,16.04891684300003],[120.09807736100004,16.048785482000028],[120.1019021950001,16.055694128000027],[120.10890194100011,16.062983907000046],[120.10753701600004,16.063824597000064],[120.10395841400009,16.061659358000043],[120.09881594300009,16.064497794000033],[120.09940883600007,16.065281380000044],[120.09746595600006,16.064731933000076],[120.0987556880001,16.067525619000037],[120.09744239800011,16.06785420800003],[120.09925725700009,16.06894055400005],[120.09637100500004,16.06821603800006],[120.09605934300009,16.069855073000042],[120.09892276300002,16.073851800000057],[120.09635172900005,16.076717923000047],[120.09892996600001,16.081238373000076],[120.10523322100005,16.084262571000068],[120.11020735300008,16.079883339000048],[120.10918234600001,16.076054793000026],[120.11068389700006,16.073989617000052],[120.11291302500001,16.073985435000054],[120.11287107200008,16.078175026000054],[120.11416587500003,16.07889543600004],[120.10971645400002,16.08330245800005],[120.11073449700007,16.084685928000056],[120.1093269270001,16.083881056000052],[120.10625576400003,16.086334050000062],[120.10560773500004,16.08871824600004],[120.10694727700002,16.09086189100003],[120.10506227600001,16.092451683000036],[120.1035483060001,16.09305306600004],[120.10056332500005,16.090824789000067],[120.095599063,16.094449077000036],[120.09465500200008,16.093673610000053],[120.09467726100002,16.095559250000065],[120.09346352500006,16.095128902000056],[120.09494101200005,16.095984577000024],[120.0935048980001,16.095811724000043],[120.09320601200011,16.102983261000077],[120.08851234400004,16.10823466000005],[120.08843217900005,16.116267828000048],[120.0919817250001,16.12095817200003],[120.09379547600008,16.120426347000034],[120.09332104000009,16.124434165000025],[120.09550922800008,16.122943208000038],[120.09799356000008,16.123644187000025],[120.09822501600001,16.121996894000063],[120.1011019990001,16.12096813900007],[120.10491138200007,16.12342340200007],[120.10347503300011,16.126243850000037],[120.10529618500004,16.124861760000044],[120.10251628500009,16.127403059000073],[120.10183304000009,16.13060391500005],[120.0985105960001,16.133172820000027],[120.09857012500004,16.135692765000044],[120.09235147100003,16.135986568000078],[120.08915016700007,16.139307091000035],[120.09004687200002,16.14023973700006],[120.08640994200005,16.14641124800005],[120.093001178,16.142162493000058],[120.09654406800007,16.14577803900005],[120.09680927700003,16.141444259000025],[120.10280152000007,16.140986527000052],[120.10561157900008,16.135076078000054],[120.10766163100004,16.138746108000078],[120.10676378000005,16.14102797000004],[120.11088231500003,16.144105575000026],[120.10989850800001,16.144515770000055],[120.11089780000009,16.14551906300005],[120.10300308600006,16.14621066600006],[120.10194907800008,16.150543670000047],[120.0999820940001,16.15160133200004],[120.10081699500006,16.153271879000044],[120.09792185800006,16.154024596000056],[120.09397371600005,16.157766319000075],[120.09223258300005,16.156969496000045],[120.092071583,16.159061485000052],[120.08664059300008,16.163302386000055],[120.08766437400004,16.168284248000077],[120.08597956800008,16.169015616000024],[120.0851724580001,16.166320578000068],[120.0809347280001,16.164518315000066],[120.08118502700006,16.162416800000074],[120.08154950900007,16.15951626100002],[120.07706922500006,16.155361304000053],[120.06549887300002,16.155353405000028],[120.06128015200011,16.148939288000065],[120.05718789000002,16.14756329100004],[120.05473138500008,16.141625704000035],[120.04766276400005,16.14158399100006],[120.04498572700004,16.147687881000024],[120.04231702400011,16.14835260500007],[120.03963468400002,16.14863881200006],[120.03781428800005,16.14636868300005],[120.03191350600002,16.14596794600004],[120.02208948300006,16.13996588400005],[120.02004226500003,16.128304187000026],[120.01635986800011,16.126351786000043],[120.01659262600003,16.11762840800003],[120.01466293700003,16.118035415000065],[120.01409720700008,16.11523898200005],[120.00456718500004,16.115223795000077],[120.00258103300007,16.11674767900007],[120.00161673600007,16.11479219000006],[119.99585345500009,16.115577918000042],[119.99929597000005,16.11145098700007],[119.99907898600009,16.108716960000038],[119.9973648140001,16.107206056000052],[119.99741863200006,16.102951198000028],[120.000840175,16.102435053000022],[120.0015304210001,16.103449674000046],[120.00573209400011,16.100440991000028],[120.00625822600011,16.095897974000025],[120.00982918300008,16.094215804000044],[120.01273993500001,16.087536200000045],[120.00724621600011,16.07577810500004],[120.00023357100008,16.073759451000058],[119.99521548200005,16.06029685200002],[120.0004286090001,16.049721331000057],[119.99611441400009,16.04849755300006]]]]}},{"type":"Feature","properties":{"shapeName":"Tayug","shapeISO":"","shapeID":"30758251B80378729545073","shapeGroup":"PHL","shapeType":"ADM3","psgc_code":"0105543000","legacy_psgc_code":"015543000","province":"Pangasinan"},"geometry":{"type":"Polygon","coordinates":[[[120.7056652660001,15.996528162000061],[120.71389418500007,15.99096207100007],[120.74315366300004,15.986878653000076],[120.7506264210001,15.983864493000056],[120.75703659700002,15.97654876100006],[120.76913470500006,15.973071679000043],[120.77707004800004,15.999141762000022],[120.77968290700005,16.000510607000024],[120.78109684000003,16.00728376400002],[120.777913194,16.00803761800006],[120.77938296600007,16.011263503000066],[120.775036666,16.01863858400003],[120.77194015900011,16.021020303000057],[120.76937340600011,16.03215836800007],[120.76802061500007,16.03253697200006],[120.76922648700008,16.047346454000035],[120.76250592600002,16.04557899100007],[120.75933809500009,16.04199712600007],[120.75598183800003,16.04119266500004],[120.75041806900003,16.04200432300007],[120.7486831440001,16.043553502000066],[120.74694560900002,16.041782201000046],[120.74332639400006,16.043797409000035],[120.7275923200001,16.047337239000058],[120.72541238800011,16.044421128000067],[120.71974673700004,16.04464179300004],[120.71899920100009,16.041594200000077],[120.71652541100002,16.04072747200007],[120.71532506800008,16.037918191000074],[120.71329229900005,16.030794023000055],[120.71406296400005,16.027811583000073],[120.71062651400007,16.027128050000044],[120.70765845200003,16.022705192000046],[120.71158651500002,16.019504776000076],[120.7127101750001,16.012484680000057],[120.71762231500009,16.008568660000037],[120.70991394400005,16.003710111000032],[120.7056652660001,15.996528162000061]]]}},{"type":"Feature","properties":{"shapeName":"Umingan","shapeISO":"","shapeID":"30758251B58003851100875","shapeGroup":"PHL","shapeType":"ADM3","psgc_code":"0105544000","legacy_psgc_code":"015544000","province":"Pangasinan"},"geometry":{"type":"Polygon","coordinates":[[[120.73089299500009,15.851010298000062],[120.74735183200005,15.851278652000076],[120.74819762800007,15.843805037000038],[120.77531821200012,15.83405560600005],[120.79019697800004,15.827182218000075],[120.79053204000002,15.821754222000038],[120.80326871900002,15.818083070000057],[120.81905751900001,15.793215701000065],[120.82279776400003,15.799801707000029],[120.82804039700011,15.803677994000054],[120.8341734390001,15.814385438000045],[120.83818823500008,15.818142753000075],[120.84294985300005,15.818641999000022],[120.839224725,15.831207415000051],[120.8486395860001,15.839963623000074],[120.85665144300003,15.83645787200004],[120.86388160100012,15.85449365200003],[120.86853179800005,15.855670437000072],[120.86888311400003,15.862496454000052],[120.872612623,15.86806527300007],[120.86762309800008,15.874870117000057],[120.8675198090001,15.88470273400003],[120.87078471100006,15.886319118000074],[120.87049599300008,15.889550390000068],[120.87367889000006,15.895883467000033],[120.87758007700006,15.899472120000041],[120.88557413800004,15.89978241700004],[120.8868871630001,15.902380723000022],[120.88838714300005,15.902569776000064],[120.88796017800007,15.903693437000072],[120.89524674800009,15.90605682000006],[120.90151585000001,15.912567670000044],[120.90514758900008,15.923211619000028],[120.91295342100011,15.948177083000076],[120.92052940700012,15.966318216000047],[120.91842620400007,15.983790363000026],[120.91158343200004,15.995395694000024],[120.85262563000003,15.971358598000052],[120.83487680600001,15.96521204100003],[120.82866033100004,15.967218138000078],[120.82006548200002,15.963037777000068],[120.82028045800007,15.944169401000067],[120.81829519900009,15.94323511600004],[120.80928318400004,15.942701202000023],[120.80327830100009,15.939457022000056],[120.7998602990001,15.95629807000006],[120.79460613800006,15.954143095000063],[120.78812811600005,15.957555596000077],[120.78241409800012,15.956329357000072],[120.78065698800003,15.958380306000038],[120.77269430700005,15.956005469000047],[120.77375338900003,15.954702730000065],[120.77189844500003,15.95292839700005],[120.76969304500005,15.953566841000054],[120.76764797400006,15.951426021000032],[120.76641390900011,15.954155112000024],[120.76220345600007,15.954297290000056],[120.76026327400007,15.948453397000037],[120.7577601800001,15.946652352000058],[120.75196064500005,15.949861042000066],[120.74902434300009,15.945982986000047],[120.74538451100011,15.943970406000062],[120.72414626500006,15.935179696000034],[120.72714735400007,15.929066680000062],[120.72283609600004,15.926733229000035],[120.71191758400005,15.926608893000036],[120.71357503000002,15.902404859000058],[120.71603329000004,15.900239382000052],[120.72155124200003,15.903921685000057],[120.72505723000006,15.89742500400007],[120.71818842900007,15.891344943000036],[120.7192453350001,15.888860954000052],[120.72205397700009,15.887825801000076],[120.722879981,15.882034505000036],[120.72706773700008,15.880161070000042],[120.72756433200004,15.868521128000054],[120.73617371700004,15.86112607900003],[120.73582530100009,15.85799942500006],[120.73438210200004,15.857739491000075],[120.73455527800002,15.855811653000046],[120.73089299500009,15.851010298000062]]]}},{"type":"Feature","properties":{"shapeName":"Urbiztondo","shapeISO":"","shapeID":"30758251B10992261066615","shapeGroup":"PHL","shapeType":"ADM3","psgc_code":"0105545000","legacy_psgc_code":"015545000","province":"Pangasinan"},"geometry":{"type":"Polygon","coordinates":[[[120.3662262360001,15.861526010000034],[120.36370203800004,15.86190530400006],[120.35657253900001,15.856989127000077],[120.34911995000004,15.855127383000024],[120.3526363740001,15.852114758000027],[120.35327839800004,15.847961370000064],[120.35103499900003,15.844715938000036],[120.3446471960001,15.840685499000074],[120.33903532800002,15.839226475000032],[120.33153922600002,15.845997854000075],[120.33158529200011,15.848557658000061],[120.32786123000005,15.849144394000064],[120.31864445800011,15.843620283000064],[120.31655207900008,15.843799296000043],[120.31418471400002,15.839995903000045],[120.31290708400002,15.839998678000029],[120.31007245300009,15.83362199800007],[120.31613747300003,15.829746980000039],[120.31338415500011,15.825116170000058],[120.31625321000001,15.820531603000063],[120.32094895000012,15.819357315000047],[120.32397799600005,15.821401318000028],[120.32768908900005,15.81672614100006],[120.32757739200008,15.806748051000056],[120.33778918100006,15.79295866800004],[120.34537136100005,15.78901759300004],[120.3480415250001,15.789180129000044],[120.351795562,15.793783936000068],[120.35449308400007,15.793696369000031],[120.3581728480001,15.792370769000058],[120.3650792730001,15.78447684200006],[120.36762558400005,15.789380541000071],[120.36750573100005,15.793227100000024],[120.37834240600012,15.80953820700006],[120.37806120200003,15.816234244000043],[120.38123556800008,15.828066450000051],[120.38224959600007,15.829953704000047],[120.38589660800005,15.83133999100005],[120.38324910200004,15.836284201000069],[120.38311884300003,15.840336412000056],[120.38747844600005,15.848365565000051],[120.38132835800002,15.85290238600004],[120.38142591200005,15.854556414000058],[120.38485857800003,15.856404084000076],[120.3818658880001,15.858415174000072],[120.379626658,15.858996759000036],[120.37316059600005,15.856048602000044],[120.37163840300002,15.858700816000066],[120.3662262360001,15.861526010000034]]]}},{"type":"Feature","properties":{"shapeName":"Villasis","shapeISO":"","shapeID":"30758251B82671579098228","shapeGroup":"PHL","shapeType":"ADM3","psgc_code":"0105547000","legacy_psgc_code":"015547000","province":"Pangasinan"},"geometry":{"type":"Polygon","coordinates":[[[120.55504994800003,15.867857886000024],[120.57151963900003,15.87361803500005],[120.58027643900004,15.882639657000027],[120.58748603300012,15.886870948000023],[120.59468024700004,15.886688183000047],[120.60201265700005,15.887491225000076],[120.60658923100004,15.891896526000039],[120.61338363700008,15.895453030000056],[120.61451730700003,15.89842731300007],[120.6134901800001,15.903048222000052],[120.62088275500003,15.905604975000074],[120.62287772800005,15.910646672000041],[120.62984324800004,15.916978354000037],[120.62846269300007,15.921396791000063],[120.63004225000009,15.926215231000072],[120.64026642400006,15.929107085000055],[120.64834711600008,15.931890675000034],[120.60601582800007,15.946042977000047],[120.60267789200009,15.941037532000053],[120.58382538600006,15.933684201000062],[120.56022867700005,15.938352204000068],[120.55579288600006,15.933519105000073],[120.5520647410001,15.935867417000054],[120.54815844100006,15.934431911000047],[120.5343476270001,15.93535631900005],[120.52686162300006,15.934232390000034],[120.5238536920001,15.937112109000054],[120.52067596100005,15.934986148000064],[120.51686942000003,15.937960710000027],[120.51153253900009,15.939384353000037],[120.50462413800005,15.936648368000021],[120.5001404940001,15.936808320000068],[120.50866083400001,15.915562375000036],[120.51750747000006,15.90774970800004],[120.52066105900008,15.901295879000031],[120.51870709800005,15.895590851000065],[120.5232436120001,15.892425579000076],[120.52438857400011,15.888867137000034],[120.52292051200004,15.883521355000028],[120.52633207600002,15.872866935000047],[120.52501955500009,15.87222549300003],[120.5215412440001,15.874906236000072],[120.51559261900002,15.873918313000047],[120.5170468230001,15.865221948000055],[120.52319968800009,15.85492606400004],[120.542484811,15.867198956000038],[120.55504994800003,15.867857886000024]]]}}]}
