{"type":"FeatureCollection","source":{"dataset":"geoBoundaries gbOpen PHL ADM3","commit":"9469f09","license":"CC BY 3.0 IGO","boundary_year":2020,"url":"https://media.githubusercontent.com/media/wmgeolab/geoBoundaries/9469f09/releaseData/gbOpen/PHL/ADM3/geoBoundaries-PHL-ADM3_simplified.geojson","upstream_sources":["NAMRIA","PSA","OCHA Philippines"],"reference":"https://ulap-nga.georisk.gov.ph/arcgis/rest/services/PSA/Municipal/MapServer/0","psgc_reference":"https://psa.gov.ph/classification/psgc/provinces/0400000000","area_notes":"Noveleta uses government polygon spherical area; Cavinti uses government exterior-ring area including interior water. Other references use munarea_sqkm. See CALABARZON_BOUNDARY_SOURCES.md.","notice":"Approximate planning/reference boundaries, not legal, cadastral, or survey-grade."},"features":[{"type":"Feature","properties":{"shapeName":"Agdangan","shapeISO":"","shapeID":"30758251B21979375590034","shapeGroup":"PHL","shapeType":"ADM3","psgc_code":"0405601000","legacy_psgc_code":"045601000","province":"Quezon"},"geometry":{"type":"MultiPolygon","coordinates":[[[[121.94898570500004,13.851297208000062],[121.94890565800006,13.851504222000074],[121.94873607400007,13.851527278000049],[121.94889023600001,13.851020687000073],[121.94898570500004,13.851297208000062]]],[[[121.9486850940001,13.851599521000026],[121.95178926800008,13.85741820000004],[121.94183804300008,13.88104951300005],[121.94167107500004,13.886329171000057],[121.9462631020001,13.891302821000068],[121.94466112000009,13.894095649000064],[121.94442516000004,13.900621226000055],[121.94833117700011,13.903889991000028],[121.9487582050001,13.90857068400004],[121.94201369900009,13.917526572000043],[121.93371160600009,13.925126224000053],[121.9197626890001,13.92348381000005],[121.90709214500009,13.909323221000022],[121.90883282000004,13.907005328000025],[121.90738977300009,13.905436015000078],[121.90945513300005,13.904669396000031],[121.90858028700006,13.903776512000036],[121.90971668600002,13.901269219000028],[121.91113267500009,13.901548809000076],[121.90980687600006,13.900078706000045],[121.90793993500006,13.900655924000034],[121.90688999300005,13.898759561000077],[121.90989586300009,13.897279226000023],[121.9093082500001,13.895861043000025],[121.91093548800006,13.894550213000059],[121.90992976400003,13.89377049500007],[121.91129144600006,13.892708270000071],[121.90940995200003,13.892730871000026],[121.91047217700009,13.890233512000066],[121.90907405100006,13.891080350000038],[121.90838351200011,13.888809276000075],[121.90709138000011,13.889395286000024],[121.90817604300003,13.886060311000051],[121.90659818600011,13.88658444300006],[121.90739530400003,13.884640785000045],[121.90544618700005,13.884149411000067],[121.90653267000005,13.879978190000031],[121.90249021600005,13.88026656900007],[121.89987417500004,13.883471220000047],[121.89708061600004,13.883583336000072],[121.89612763000002,13.881770793000044],[121.8942310000001,13.882658379000077],[121.89270809000004,13.880799121000052],[121.891857877,13.881527875000074],[121.89165233100005,13.878865119000068],[121.89015745000006,13.877968190000047],[121.88952212600009,13.879388327000072],[121.88925801200003,13.877095243000042],[121.88881026100012,13.87823701700006],[121.88758510100001,13.877602662000072],[121.89124089100005,13.867844423000065],[121.89015892500004,13.862321067000039],[121.89903988900005,13.859709748000057],[121.90429633600002,13.85597903100006],[121.90407147600001,13.854428248000033],[121.9212991920001,13.85506543200006],[121.92203127300002,13.852830998000059],[121.9304345700001,13.850208289000022],[121.94447655400006,13.85241503900005],[121.9486850940001,13.851599521000026]]]]}},{"type":"Feature","properties":{"shapeName":"Alabat","shapeISO":"","shapeID":"30758251B17731917702935","shapeGroup":"PHL","shapeType":"ADM3","psgc_code":"0405602000","legacy_psgc_code":"045602000","province":"Quezon"},"geometry":{"type":"Polygon","coordinates":[[[122.06424122700002,14.127041314000053],[122.05828893000012,14.131725135000067],[122.04845764000004,14.134319505000065],[122.04423837500008,14.140520753000033],[122.03105414200002,14.149536381000075],[122.02417362900007,14.151558086000023],[122.02257477300009,14.153846540000075],[122.02140456000006,14.153037161000043],[122.01004819200011,14.166203615000029],[122.00862956100002,14.171342007000021],[122.00235485200005,14.172486735000064],[121.99585373200011,14.17962962300004],[121.9900202870001,14.182077832000061],[121.98732315400002,14.184869560000038],[121.9831228600001,14.181268816000056],[121.98846058800007,14.170066106000036],[122.00183765000008,14.150117718000047],[122.00350862900007,14.146893917000057],[122.00308161400005,14.14442907800003],[121.99429156800011,14.135986676000073],[121.98997357700011,14.136713655000051],[121.97461881800007,14.122781505000034],[121.98529217600003,14.111868205000064],[121.99142226800006,14.109360218000063],[121.99498957900005,14.105274313000052],[121.99640800500003,14.105407636000052],[121.99672912300002,14.108623648000048],[121.9988112850001,14.109058072000039],[122.00228350900011,14.108073034000029],[122.00881706200005,14.10213789900007],[122.00936168800001,14.102919479000036],[122.01003723000008,14.100398248000033],[122.00660087000006,14.098497902000076],[122.01006638700005,14.100336017000075],[122.01107988400008,14.098658337000074],[122.0108821560001,14.10007286800004],[122.01184250000006,14.09726988500006],[122.01059590300008,14.096233177000045],[122.0117675350001,14.095049239000048],[122.01502459400001,14.097836303000065],[122.01720671400005,14.097674128000051],[122.02160622400004,14.094901707000076],[122.02836880500001,14.09530903600006],[122.03408401500008,14.090255772000035],[122.0378927050001,14.09015308000005],[122.03961116100004,14.088424261000057],[122.03881326600003,14.086528868000073],[122.04533440000012,14.082791426000028],[122.04663618400002,14.077039974000058],[122.04971213400006,14.076101363000078],[122.05068223700005,14.074360695000053],[122.05322652300003,14.074327612000047],[122.05677781000009,14.064154596000037],[122.061711607,14.064314031000038],[122.06293815100003,14.062002562000032],[122.06794612200008,14.061649651000039],[122.07199061800009,14.058168710000075],[122.07307308100008,14.060472656000059],[122.07315443200002,14.060598890000051],[122.0745719460001,14.06402203600004],[122.07777792000002,14.06666651100005],[122.07772358200009,14.071484528000042],[122.06844926000008,14.096402800000021],[122.07356128100002,14.100487505000046],[122.0582414270001,14.122024201000045],[122.06424122700002,14.127041314000053]]]}},{"type":"Feature","properties":{"shapeName":"Atimonan","shapeISO":"","shapeID":"30758251B55496023241087","shapeGroup":"PHL","shapeType":"ADM3","psgc_code":"0405603000","legacy_psgc_code":"045603000","province":"Quezon"},"geometry":{"type":"Polygon","coordinates":[[[121.94201369900009,13.917526572000043],[121.96645819900004,13.90992949300005],[121.971913201,13.911074387000042],[121.97566718100006,13.908232550000037],[121.98479219900003,13.912393226000063],[121.99066618300003,13.91058730900005],[121.99503119000008,13.912264175000075],[121.99846418100003,13.91133721500006],[122.00062860000003,13.908088495000072],[122.0038435560001,13.909939530000031],[122.00224690300001,13.911514534000048],[122.0048989710001,13.913444049000077],[122.00539613,13.917773972000077],[122.00620346900007,13.91368770300005],[122.00967361100004,13.912618333000069],[122.00891584500005,13.91084077000005],[122.01388530600002,13.909771951000039],[122.01697824400003,13.910727278000024],[122.01857749400006,13.909381375000066],[122.01959615700002,13.910331424000049],[122.02283375800005,13.902470691000076],[122.02960651,13.897467604000042],[122.03222335700002,13.898593842000025],[122.03391271400005,13.895513249000032],[122.03573457000005,13.898030723000034],[122.03470770600006,13.900780068000074],[122.0379207960001,13.901376312000025],[122.03815266900006,13.902966295000056],[122.04754694700011,13.90737899900006],[122.0399468920001,13.91420942800005],[122.03493148500002,13.913931872000035],[122.03044132800005,13.916594794000048],[122.02667474500004,13.914536764000047],[122.02349062400003,13.915701686000034],[122.02189856300004,13.911624458000063],[122.01999585600004,13.914963902000068],[122.0140547520001,13.915391040000031],[122.00986103100001,13.917759716000035],[122.00913994300004,13.919471230000056],[122.0111882220001,13.920634532000065],[122.00245586800008,13.929888929000072],[121.99913720100005,13.930186922000075],[121.99991957800012,13.932969625000055],[121.99467045600011,13.935914568000044],[121.99419850100003,13.941397386000062],[122.00283326100009,13.942577927000059],[122.00312028600001,13.94407900300007],[122.00060498900007,13.947068885000022],[122.00245586800008,13.947970596000062],[122.00421183000003,13.951814729000034],[122.00250332600001,13.955184279000036],[122.00017786300009,13.95561140500007],[121.99851681700011,13.953285941000047],[121.99737781500005,13.95475715300006],[121.99528964300009,13.953618150000068],[121.9909331560001,13.95699881400003],[121.99177190800003,13.960633407000046],[121.98774375100004,13.962255587000072],[121.98850308600004,13.964818343000047],[121.98537082900009,13.964723426000035],[121.98503862000007,13.967808225000056],[121.98356740800011,13.965909887000066],[121.98223857100004,13.966574305000051],[121.9843629290001,13.968554957000038],[121.98422313700007,13.970279059000063],[121.985854044,13.969486904000064],[121.98659960200007,13.971024617000069],[121.9849220970001,13.973727263000058],[121.98599383600003,13.973307887000033],[121.9867393940001,13.975125184000035],[121.98837030100003,13.974612613000033],[121.98927759500009,13.977468980000026],[121.96006139500003,13.982684014000029],[121.95914064200008,13.984210572000052],[121.94620206200011,13.988165566000077],[121.94379554300008,13.991368420000072],[121.93571784100004,13.994228939000038],[121.92882372200006,13.99996561000006],[121.93035457300005,14.002268680000043],[121.92861925600005,14.000742732000049],[121.91988988300011,14.005178794000074],[121.91900313200006,14.002749015000063],[121.91785178900011,14.003223993000063],[121.91820447500004,14.00530763200004],[121.91670650900005,14.00695274800006],[121.90825286300003,14.010513917000026],[121.91164063300005,14.015271693000045],[121.90813037400005,14.010588971000061],[121.90703741000004,14.011267864000047],[121.89927479300002,14.018735305000064],[121.89728092700011,14.024659005000046],[121.8863963550001,14.035623007000027],[121.88321557000006,14.041682187000049],[121.87264333200005,14.048599524000053],[121.86929477800004,14.05334034200007],[121.8595171290001,14.059248528000069],[121.85755748100007,14.062743179000051],[121.846971144,14.070940262000022],[121.8466806030001,14.072705909000035],[121.83228877500005,14.078139540000052],[121.82567703100005,14.060358534000045],[121.82161800600011,14.055774854000049],[121.80612397300001,14.048523415000034],[121.74190521000003,14.056684970000049],[121.74018860000001,14.055376050000064],[121.75732713900004,14.038619725000046],[121.7659020960001,14.03259806400007],[121.79233931700003,14.00830643200004],[121.81970356200009,13.988250443000027],[121.82553452700006,13.985316676000025],[121.83288084800006,13.97570943900007],[121.83886593900002,13.971434374000069],[121.84261849600011,13.970389358000034],[121.8502661120001,13.978986989000077],[121.86204629000008,13.971339373000035],[121.85724871800005,13.965639286000055],[121.85715371600008,13.962694241000065],[121.85534868900004,13.961981731000037],[121.85382866600003,13.956994155000075],[121.85577619500009,13.956614149000075],[121.85800872900006,13.94511897500007],[121.86161878400003,13.941508920000047],[121.86570384600009,13.94122391600007],[121.86532384000009,13.937803864000045],[121.86361381400002,13.93823137000004],[121.86214129200005,13.934193809000021],[121.87140393200002,13.922366130000057],[121.87705651800002,13.923126141000068],[121.87819653500003,13.92740120600007],[121.879431554,13.92683119700007],[121.88275660400006,13.929016231000048],[121.89111673100001,13.92792371400003],[121.89396677400009,13.92977624200006],[121.89648431300009,13.928541223000025],[121.90028437,13.929538739000066],[121.90793198600011,13.922936138000068],[121.9197626890001,13.92348381000005],[121.93371160600009,13.925126224000053],[121.94201369900009,13.917526572000043]]]}},{"type":"Feature","properties":{"shapeName":"Buenavista","shapeISO":"","shapeID":"30758251B56825818240160","shapeGroup":"PHL","shapeType":"ADM3","psgc_code":"0405605000","legacy_psgc_code":"045605000","province":"Quezon"},"geometry":{"type":"Polygon","coordinates":[[[122.50998404600011,13.768092543000023],[122.50919574500006,13.769022130000053],[122.50945548700008,13.768227022000076],[122.50911612800007,13.767600874000038],[122.5048130780001,13.767163696000068],[122.5035633650001,13.765172962000065],[122.49986360600008,13.765708862000054],[122.49750987000004,13.764334895000047],[122.49505014700003,13.766136626000048],[122.48816683000007,13.766596164000077],[122.4849500570001,13.772171877000062],[122.4805934210001,13.774815230000058],[122.4776244200001,13.781554700000072],[122.46131659000002,13.790845870000055],[122.45805502000007,13.79000902000007],[122.45502949000002,13.791060450000032],[122.44320631000005,13.801875110000026],[122.42886710500011,13.799994971000046],[122.39459851600009,13.816908215000069],[122.39408512400007,13.79358064400003],[122.39010984200002,13.793089868000038],[122.37613875800002,13.780650758000036],[122.36897294500011,13.775393232000056],[122.36659732200008,13.775159564000035],[122.36831088600002,13.769356813000059],[122.36624682000001,13.767020135000053],[122.3637543640001,13.76760430400003],[122.36410486500006,13.760827938000034],[122.35997673400004,13.75167594800007],[122.36569418400006,13.738764766000031],[122.3682881420001,13.73596475200003],[122.36459273300011,13.718106762000048],[122.38506753600007,13.693386408000038],[122.38880133300006,13.686605158000077],[122.39412792700011,13.670674783000038],[122.4003048730001,13.660564538000074],[122.40793742000005,13.667633564000027],[122.41133695400003,13.67371982700007],[122.4227966740001,13.672184554000069],[122.4230289940001,13.677705993000075],[122.41741691700008,13.68224517300007],[122.41499266700009,13.688576389000048],[122.42255212200007,13.69266762500007],[122.42484804600008,13.691107650000049],[122.425251591,13.692676977000076],[122.43474440800003,13.696917803000076],[122.43966568400003,13.696350080000059],[122.44026022300011,13.693280946000073],[122.44116929400002,13.696484504000068],[122.44321967600001,13.696764749000067],[122.44232256300006,13.69045729800007],[122.44484208400002,13.693830652000031],[122.45347031800009,13.693294562000062],[122.45377129700012,13.688778153000044],[122.45618108200006,13.687467233000064],[122.45530093100001,13.683232880000048],[122.45737410800007,13.684266235000052],[122.45747336900001,13.682600857000068],[122.45879456600005,13.682555481000065],[122.45364458400002,13.676723517000028],[122.456191138,13.676521140000034],[122.45758329700004,13.674858262000043],[122.45901235500003,13.674913226000058],[122.46067903500011,13.67816107300007],[122.46335564200001,13.678368662000025],[122.46409698900004,13.676769167000032],[122.46935964900001,13.675597507000077],[122.47143165400007,13.670452130000058],[122.47561389300006,13.67181043200003],[122.47794098200006,13.669837150000035],[122.47785028800001,13.667179820000058],[122.48625760800007,13.67078036600003],[122.48913032400003,13.675693264000074],[122.489994195,13.672149843000057],[122.49295988400002,13.669828081000048],[122.49648844700005,13.671611749000022],[122.50120651200007,13.67107356300005],[122.497133888,13.673049074000062],[122.49503949300004,13.67913365100003],[122.48755052500007,13.686912784000071],[122.48097114900008,13.697219199000074],[122.47973441500005,13.708758217000025],[122.48250485400001,13.721586926000043],[122.4861748620001,13.727347383000051],[122.48504866500002,13.729253441000026],[122.48731690500006,13.729592982000042],[122.49000143800004,13.732850839000037],[122.49670793100006,13.734563759000025],[122.49930919700012,13.732643996000036],[122.5087654560001,13.730613816000073],[122.51068107800006,13.730728764000048],[122.51355216700006,13.733577096000033],[122.5183272910001,13.73432417500004],[122.51992317200006,13.733764885000028],[122.52026599500005,13.731796062000058],[122.52343616300004,13.731784066000046],[122.52219677300002,13.743092410000031],[122.51260927700002,13.755678527000043],[122.512621179,13.765699003000066],[122.50998404600011,13.768092543000023]]]}},{"type":"Feature","properties":{"shapeName":"Burdeos","shapeISO":"","shapeID":"30758251B95926954005559","shapeGroup":"PHL","shapeType":"ADM3","psgc_code":"0405606000","legacy_psgc_code":"045606000","province":"Quezon"},"geometry":{"type":"MultiPolygon","coordinates":[[[[122.02540292700007,14.807040639000036],[122.0204364550001,14.805104018000065],[122.02065077600002,14.804135467000037],[122.02439872000002,14.800443674000064],[122.02952197200011,14.80093989900007],[122.02540292700007,14.807040639000036]]],[[[122.00421374300004,14.844785878000039],[121.99917507000009,14.84164418100005],[121.99759464400006,14.833564465000052],[122.00029342000005,14.834236989000033],[121.99929821100011,14.835828564000053],[122.00514631400006,14.836461266000072],[122.00613438000005,14.841692926000064],[122.00421374300004,14.844785878000039]]],[[[122.02330063200009,14.878453083000068],[122.01988192400006,14.87927307900003],[122.01848001100007,14.87441638100006],[122.01646013700008,14.872462627000061],[122.01424345400005,14.874757011000042],[122.0132125670001,14.872107842000048],[122.01967185500007,14.86035318200004],[122.02444725200007,14.855643068000063],[122.02248820800003,14.851370830000064],[122.02475787000003,14.845631652000066],[122.03666818800002,14.848777421000023],[122.03730995600006,14.845236879000026],[122.04082002000007,14.841551612000046],[122.04381354000009,14.840636150000023],[122.04652670200005,14.841860463000046],[122.04651707500011,14.846584369000027],[122.0494716820001,14.84787366200004],[122.04980569500003,14.85056752500003],[122.05931023100004,14.850247800000034],[122.06202992200008,14.853942716000063],[122.06266647200005,14.850450402000035],[122.06674980700006,14.848249299000031],[122.06876677900004,14.843998992000024],[122.072041,14.843303513000023],[122.07737488600003,14.838970793000044],[122.07995341000003,14.838456749000045],[122.08406836600011,14.841586820000032],[122.08403923100002,14.844095837000054],[122.07425261600008,14.850292855000077],[122.07374284200012,14.852246421000075],[122.06567616900008,14.859798202000036],[122.06322906600008,14.863304086000028],[122.06397967700002,14.865750454000022],[122.06279965100009,14.867986400000063],[122.05522232600003,14.870404471000029],[122.05163530700008,14.869561606000048],[122.04471864900006,14.87390016300003],[122.03362515300012,14.876311711000028],[122.02888281000003,14.874930564000067],[122.0274868360001,14.872907080000061],[122.02826057000004,14.869220836000068],[122.02665291100004,14.867743975000053],[122.02624828300009,14.874348424000061],[122.02483920400005,14.877929145000053],[122.02330063200009,14.878453083000068]]],[[[122.00750491800011,14.883998524000049],[122.00110361300005,14.883302435000076],[121.9950268560001,14.880498728000077],[121.9984343210001,14.878613830000063],[122.00103437400003,14.881474188000027],[122.00337386300009,14.88172479900004],[122.01340955600006,14.87907019100004],[122.01167807700006,14.883299467000029],[122.00750491800011,14.883998524000049]]],[[[122.1602135930001,14.884362530000033],[122.15710446800006,14.881710099000031],[122.16047153900001,14.874636442000053],[122.16303804800009,14.875521393000042],[122.16503891200011,14.882212196000069],[122.1602135930001,14.884362530000033]]],[[[122.11171115600007,14.894676229000027],[122.10850083800005,14.891911961000062],[122.11260128100002,14.892005378000022],[122.11171115600007,14.894676229000027]]],[[[122.11731987600001,14.903037372000028],[122.11366993800004,14.901346968000041],[122.11240260600005,14.897206968000035],[122.11612056400008,14.894728086000043],[122.12102291000008,14.897139499000048],[122.11709747500004,14.90126562100005],[122.11731987600001,14.903037372000028]]],[[[122.02044351300003,14.905140373000052],[122.0192291940001,14.90357236400007],[122.01027552200003,14.903220605000058],[122.00538581500007,14.90108088200003],[122.00473572100009,14.897930692000045],[122.00702027300008,14.892541322000056],[122.01092917800008,14.892008260000068],[122.01576279000005,14.893643334000046],[122.02309376500011,14.902506846000051],[122.02311053400001,14.904034791000072],[122.02044351300003,14.905140373000052]]],[[[122.04005905600002,14.915661119000049],[122.02810093000005,14.914055996000059],[122.03509639600009,14.909922376000054],[122.03788868400011,14.90988720100006],[122.04005905600002,14.915661119000049]]],[[[122.14725139300003,14.91703908900007],[122.14375235600005,14.915618877000043],[122.14067406900006,14.912078866000058],[122.14346531600006,14.906754523000075],[122.14055379800004,14.897754187000032],[122.14245856500008,14.895510757000068],[122.15019172100006,14.892891826000039],[122.15666539200004,14.90572277700005],[122.15348552300009,14.911633198000061],[122.15368150300003,14.91468846400005],[122.14725139300003,14.91703908900007]]],[[[122.18546641500006,14.917683637000039],[122.1869704830001,14.912936486000035],[122.18768167600001,14.914762675000077],[122.18546641500006,14.917683637000039]]],[[[122.18462713800011,14.923361274000058],[122.18277392100003,14.921601318000057],[122.18391180800006,14.920385901000031],[122.18462713800011,14.923361274000058]]],[[[122.17565574900004,14.933028609000075],[122.17240621300004,14.932796084000074],[122.17163397500008,14.930876656000066],[122.17340287900004,14.93023228900006],[122.17630704300007,14.924778626000034],[122.18098556900009,14.924197843000059],[122.18109523900011,14.925900339000066],[122.18400194900005,14.92483265800007],[122.18026355000006,14.931440954000038],[122.17565574900004,14.933028609000075]]],[[[122.052557836,14.933514939000077],[122.04607094700009,14.930289231000074],[122.044492063,14.92645989600004],[122.05356365900002,14.929189067000038],[122.05423106400008,14.930739973000072],[122.0527331080001,14.93180979400006],[122.05408713800011,14.933293967000054],[122.052557836,14.933514939000077]]],[[[122.06150143900004,14.949742829000058],[122.06028973600007,14.948489048000056],[122.06313069200007,14.946640933000026],[122.06394488300009,14.949001949000035],[122.06150143900004,14.949742829000058]]],[[[122.15657698300004,14.950721828000042],[122.15124696600003,14.950471435000054],[122.1530348330001,14.949374170000056],[122.15264909400003,14.948074459000054],[122.1465817620001,14.940180455000075],[122.14965820700002,14.936032083000043],[122.14944254300008,14.933729002000064],[122.14514895600007,14.929944629000033],[122.14578266100011,14.92854320400005],[122.13984827700006,14.927136888000064],[122.13846385800002,14.925183263000065],[122.14315441200006,14.925871794000045],[122.14697928300006,14.922048765000056],[122.14898056400011,14.922107674000074],[122.15373891600007,14.928633534000028],[122.15481939000006,14.935230083000022],[122.15516446100003,14.934365766000042],[122.1592505960001,14.938110210000048],[122.16089045400008,14.938052751000043],[122.16117662500005,14.945156231000055],[122.16265444300006,14.946715449000067],[122.16016120100005,14.949661376000051],[122.15657698300004,14.950721828000042]]],[[[122.03144323100003,15.017406481000023],[122.02700317500012,15.017126277000045],[122.02808298800005,15.015044038000042],[122.02960239400011,15.015067117000058],[122.0326225880001,15.015748182000038],[122.03144323100003,15.017406481000023]]],[[[122.02334991200007,14.785022371000025],[122.0221366290001,14.784735999000077],[122.02582187500002,14.789996386000041],[122.02149083000006,14.795080897000048],[122.02303611500008,14.799340361000077],[122.01967358700006,14.805169501000023],[122.02318661800007,14.807216580000045],[122.02328579800007,14.809397940000053],[122.01858516700008,14.818305954000039],[122.01702055400006,14.819000835000054],[122.01447809400008,14.816875653000068],[122.0119751630001,14.817009603000031],[122.01403139700005,14.818329943000037],[122.01236399600009,14.821231879000038],[122.00741026500009,14.821530708000068],[122.00934466700005,14.823532994000061],[122.00530418000005,14.827823973000022],[122.00732723200008,14.82669609900006],[122.01017946700006,14.828548648000037],[122.00976815400008,14.832723912000063],[122.00820916600003,14.833715065000035],[122.00838017900003,14.83188571200003],[122.00589684900001,14.833740092000028],[122.00137970600008,14.831132599000057],[121.99581594300003,14.830976508000049],[121.98748195000007,14.836232725000059],[121.9859979150001,14.841637486000025],[121.9835698490001,14.842941231000054],[121.98103990800007,14.84148502000005],[121.9836176440001,14.844231856000022],[121.98317955300001,14.846434449000071],[121.98009764400001,14.848534791000077],[121.97677173300008,14.854928679000068],[121.97879422000005,14.856036996000057],[121.97846712500007,14.858674094000037],[121.98011458000008,14.859777339000061],[121.97200923500009,14.859125792000043],[121.97355338400007,14.862185820000036],[121.96826421500009,14.866686040000047],[121.9670195760001,14.873987051000029],[121.97132033600008,14.878942430000052],[121.9754724500001,14.878005711000071],[121.97649608000006,14.88348217400005],[121.97574916000008,14.88499749400006],[121.97539391200007,14.88304585800006],[121.97175874000004,14.880213218000051],[121.97354877700002,14.885136561000024],[121.96993374700003,14.884291003000044],[121.96747662700011,14.887478939000061],[121.96753616900003,14.891940799000054],[121.96542696600011,14.895961361000047],[121.96672553400003,14.896664961000056],[121.969234088,14.89472280800004],[121.96947788400007,14.896547696000027],[121.96571292700003,14.901377453000066],[121.96747044200004,14.903466010000045],[121.96984478000002,14.902411097000027],[121.96979662900003,14.904361226000049],[121.96756053700005,14.904658678000033],[121.96733893500004,14.906652561000044],[121.96844360700004,14.908933668000032],[121.9715122120001,14.910313109000072],[121.97742337900002,14.909729095000046],[121.97688103200005,14.904288821000023],[121.9794187650001,14.900598609000042],[121.9814827670001,14.90303420400005],[121.98518570600004,14.903145134000056],[121.98374430000001,14.905251924000027],[121.98660725600007,14.91065700400003],[121.98796033700012,14.910059768000053],[121.9918366170001,14.913770660000068],[121.99789097300004,14.91390956400005],[122.001204733,14.91608100600007],[122.01532596700008,14.918319182000062],[122.02116312100009,14.92107413900004],[122.01727073900008,14.923834957000054],[122.01789987100005,14.929797869000026],[122.01460984300002,14.937082992000057],[122.01457478900011,14.942132375000028],[122.01105283700008,14.948343223000052],[122.01154044800012,14.951570916000037],[122.01942744400003,14.963835834000065],[122.01919169300004,14.967738950000069],[122.01632276100008,14.968382672000075],[122.01361148800004,14.96608431900006],[122.01355107300003,14.963666755000077],[122.01134928700003,14.962612471000057],[122.00886949100004,14.963629279000031],[122.0013694380001,14.959155078000038],[121.99776298600011,14.951666298000077],[121.99123662500006,14.957875984000054],[121.99145151700009,14.960626812000044],[121.99944761300003,14.969041963000052],[122.00207464900006,14.974922235000065],[121.9961621110001,14.974845311000024],[121.99889033200009,14.976140289000057],[122.00195424500009,14.98091460300003],[122.00474037100003,14.981391231000032],[122.00672391400008,14.985719781000057],[122.01150536700004,14.989225043000033],[122.02200715600009,14.992906444000027],[122.02561924400004,14.991595668000059],[122.02904488800004,14.992832374000045],[122.03121225600012,14.991962071000046],[122.03143402800004,14.98818897800004],[122.03431056300008,14.98288926500004],[122.04399862000002,14.978904357000033],[122.0415542940001,14.973049523000043],[122.04702827500012,14.96785281800004],[122.05249831300011,14.95881709200006],[122.05286549100003,14.953689876000055],[122.05424607000009,14.951895722000074],[122.05557759700002,14.952337027000056],[122.0557641040001,14.97233536400006],[122.04770878600004,14.997284612000044],[122.04786400800003,15.00378612000003],[122.04995865400008,15.005375977000028],[122.03554341800009,15.012890467000034],[122.03404780500011,15.010175806000063],[122.03065762500012,15.00907311800006],[122.02829429000008,15.009401712000056],[122.02776049500005,15.012137335000034],[122.02646448100006,15.011735904000034],[122.02285876600001,15.006419588000028],[122.01987695800005,15.006176409000034],[122.01370457900009,15.009510374000058],[122.01312619900011,15.008251339000026],[122.0117242990001,15.00903992900004],[122.01149796200002,15.007475630000044],[122.0069906220001,15.006867644000067],[122.01018310300003,15.010287059000063],[122.0098456500001,15.01235157900004],[122.01604310800008,15.01498700600007],[122.01796520300002,15.02089889900003],[122.02123713300011,15.023646119000034],[122.02104997300012,15.027864829000066],[122.00387746400008,15.039651423000066],[122.00410615100009,15.041596386000037],[122.00262056100007,15.040642364000064],[121.99733358700007,15.04449680600004],[121.9916594010001,15.045875780000074],[121.98909881200007,15.045057449000069],[121.9866068020001,15.042153319000022],[121.98020052100003,15.040099702000077],[121.97877700600009,15.038813104000042],[121.97940248300006,15.037632184000074],[121.97764326100003,15.037985616000071],[121.97728904100006,15.040693084000054],[121.97521111900005,15.042271218000053],[121.97313377400008,15.040588821000028],[121.97359616200004,15.038629094000044],[121.97126526900001,15.038525093000032],[121.97008795900001,15.036735793000048],[121.97032715300008,15.04343843600003],[121.97316211800012,15.042843443000038],[121.97515577100012,15.045193784000048],[121.97427384000002,15.05049779500007],[121.96728233500005,15.054337503000056],[121.94979389200012,15.05784112200007],[121.94311177000009,15.054304640000055],[121.94281490300011,15.051570255000058],[121.94471268300003,15.049198622000063],[121.94364665100011,15.043391821000057],[121.94665304000011,15.043452866000052],[121.94363235300011,15.038692544000071],[121.94495267100001,15.036260947000073],[121.94252697000002,15.035786486000063],[121.9414829970001,15.033176930000025],[121.94495267100001,15.031634905000033],[121.9424348550001,15.029321847000062],[121.94142158700004,15.030389415000059],[121.93801332400005,15.026949453000043],[121.93954857800009,15.025081175000025],[121.9405004350001,15.01654026400007],[121.93816684900003,15.015413313000067],[121.93902659100002,15.012744195000039],[121.93773697800009,15.010371617000033],[121.94183210300002,14.991032042000029],[121.93945001300006,14.96874675600003],[121.93406678300005,14.958749328000067],[121.92253128900006,14.944445316000042],[121.91945515700002,14.932756015000052],[121.92279794400008,14.913350337000054],[121.9199094390001,14.904371056000059],[121.91546835400004,14.86957714500005],[121.91605549100007,14.839830833000065],[121.92288985500011,14.835046778000049],[121.92510382700004,14.82848720000004],[121.94153589700011,14.809635108000066],[121.96072369700005,14.781479783000066],[121.97428869200007,14.782433639000033],[121.99198066300005,14.780223670000055],[122.01608072300007,14.783306784000047],[122.0177103310001,14.784561280000048],[122.02183105300003,14.783512036000047],[122.02334991200007,14.785022371000025]]]]}},{"type":"Feature","properties":{"shapeName":"Calauag","shapeISO":"","shapeID":"30758251B23417388477170","shapeGroup":"PHL","shapeType":"ADM3","psgc_code":"0405607000","legacy_psgc_code":"045607000","province":"Quezon"},"geometry":{"type":"MultiPolygon","coordinates":[[[[122.14939992600011,14.17704419100005],[122.14778100500007,14.176641180000047],[122.14705423900011,14.173193380000043],[122.15059960200006,14.16916625600004],[122.14844580500005,14.174373948000039],[122.14939992600011,14.17704419100005]]],[[[122.30786651100004,14.10203033700003],[122.30554655700007,14.102405958000077],[122.30744615800006,14.107776504000071],[122.30663285800006,14.11348178000003],[122.30548788400006,14.114542377000078],[122.30368210800009,14.112913718000073],[122.30766468400009,14.116946803000076],[122.30850770300003,14.123330004000024],[122.31207263600004,14.130771915000025],[122.3117271650001,14.135829314000034],[122.30910494800003,14.13854537800006],[122.30901167800005,14.142115554000043],[122.3072685410001,14.137560918000077],[122.30427355800009,14.137635227000033],[122.30251563400009,14.135704882000027],[122.29681243100003,14.133851008000022],[122.29447934300003,14.128108388000044],[122.29147307400001,14.126508225000066],[122.2899672850001,14.121535117000064],[122.28808612800003,14.120310193000023],[122.27798136700005,14.120158039000046],[122.2675543150001,14.12383923300007],[122.26708180900005,14.135413177000032],[122.2710491250001,14.14374043600003],[122.26571931800004,14.150345943000048],[122.27377584900012,14.162103],[122.26608068500002,14.170794614000044],[122.26509378300011,14.16987062800007],[122.26429791400005,14.171601658000043],[122.26029019100008,14.170454266000036],[122.25926530700008,14.172867032000056],[122.26447262900001,14.177220956000042],[122.26258083100004,14.181410860000028],[122.26331792200006,14.184580689000029],[122.26598391100003,14.187343712000029],[122.26515905800011,14.19039143200007],[122.26638447900007,14.191206846000057],[122.26466886000003,14.191176135000035],[122.26464521100002,14.195670895000035],[122.27146040100001,14.206994475000045],[122.2690686630001,14.211121502000026],[122.27083833100005,14.213431035000042],[122.26892801000008,14.21724419900005],[122.26963887500006,14.223845396000058],[122.27608845800012,14.226447473000064],[122.27472930800002,14.22823538800003],[122.27297043100009,14.227824103000046],[122.27238547000002,14.230243785000027],[122.27650314200002,14.231904669000073],[122.27715698000009,14.234632820000058],[122.27500465500009,14.240076801000043],[122.27560519300005,14.24304819200006],[122.27323900600004,14.245691399000066],[122.26269793000006,14.24451276800005],[122.25510089500006,14.241410697000049],[122.25030371500009,14.242292741000028],[122.24807506200011,14.236203036000063],[122.25411196200002,14.22610230600003],[122.25106582600006,14.225224781000065],[122.25196606000009,14.22122489700007],[122.24668573400004,14.219857008000076],[122.2456717010001,14.217679826000051],[122.24902848600004,14.214125715000023],[122.24829134100003,14.208076438000035],[122.249668455,14.204481446000045],[122.25121312100009,14.204742004000025],[122.24948586200003,14.199363996000045],[122.24250073900009,14.196493166000039],[122.24532010700011,14.185958476000053],[122.24172566300001,14.185730505000038],[122.23608512800001,14.189439142000026],[122.23340709500008,14.19416506500005],[122.23173097500012,14.193867021000074],[122.23019542000009,14.190356433000034],[122.22492982000006,14.18961620600004],[122.22101685200005,14.186917920000042],[122.218818886,14.187415514000065],[122.21768339200003,14.190034002000061],[122.21485987900007,14.190045466000072],[122.21447120800008,14.187544872000046],[122.20832913600009,14.183806355000058],[122.20744895900009,14.179812986000059],[122.20409317500003,14.179188602000067],[122.20435426900008,14.17672735900004],[122.19850396100003,14.176988700000038],[122.1902098060001,14.170241802000078],[122.19016196600012,14.167418561000034],[122.1886611010001,14.166635988000053],[122.19075433600005,14.162893069000063],[122.1873368140001,14.163511458000073],[122.18662625700006,14.165404046000049],[122.18410077200008,14.164687560000061],[122.1826479990001,14.161953895000067],[122.18814583200003,14.148437325000032],[122.19018945200003,14.148037544000033],[122.19127765100006,14.14585581700004],[122.18944113500004,14.144696662000058],[122.18927097200003,14.138553563000073],[122.18518398000003,14.139942183000073],[122.18012776300009,14.13797909300007],[122.17616582100004,14.140516238000032],[122.17613138200011,14.143846783000072],[122.17353709500003,14.144418447000078],[122.1712646090001,14.149644268000031],[122.16905776100009,14.149771552000061],[122.17003758200008,14.157589328000029],[122.16572366600008,14.159448563000069],[122.16312468600006,14.156136006000054],[122.16629041400006,14.15468338900007],[122.16618953800003,14.15103335200007],[122.16390684100008,14.148287690000075],[122.16518745700012,14.145714286000043],[122.16395073700005,14.143668497000021],[122.1649359910001,14.143697909000025],[122.16460668500008,14.14070551900005],[122.16863392500011,14.130839395000066],[122.17702960600002,14.121296175000055],[122.17930576200001,14.116396708000025],[122.18171422400007,14.115098872000033],[122.18156043800002,14.112989560000074],[122.18689725000002,14.110096789000067],[122.18791728400004,14.104622457000062],[122.1911023450001,14.104773070000022],[122.1902142350001,14.09912],[122.19306020400006,14.097520391000046],[122.19140843500008,14.095530418000067],[122.19273721600007,14.09280417900004],[122.20570323000004,14.082589254000027],[122.20864427900005,14.081912901000067],[122.21133420800004,14.084400611000035],[122.21375421700009,14.083917332000055],[122.21835107600009,14.079389713000069],[122.22778256400011,14.077238390000048],[122.23963205500002,14.065276677000043],[122.2423730370001,14.06532196300003],[122.24418822700011,14.06266508300007],[122.248651848,14.06114055200004],[122.24867784600008,14.05945583700003],[122.25453700300011,14.05304482400004],[122.25671883200005,14.054532644000062],[122.26019909500008,14.054168722000043],[122.262714103,14.050561265000056],[122.26542165800004,14.050813938000033],[122.26878534200011,14.048494941000058],[122.26879765100011,14.04669775800005],[122.27239040200004,14.04359045600006],[122.27256730700003,14.039559772000075],[122.27531207100003,14.038511735000043],[122.27601503800008,14.035615629000063],[122.27869559300007,14.036317261000022],[122.28004476000001,14.039933499000028],[122.2788621730001,14.04359236700003],[122.28252385100006,14.041176134000068],[122.28162070100007,14.037213931000053],[122.28390170900002,14.040542595000034],[122.2852491330001,14.03849182700003],[122.28834459400002,14.038644696000063],[122.28849313500007,14.029628474000049],[122.2854179950001,14.022708915000067],[122.29001362800011,14.016900387000021],[122.2924574760001,14.016853492000052],[122.29361646200005,14.01534816800006],[122.29596855300008,14.015946470000074],[122.29964387300004,14.01328419600003],[122.30559850100008,14.01298262000006],[122.30794166700002,14.011269473000027],[122.31170638300011,14.018774650000069],[122.31136708000008,14.021618296000042],[122.31494289900002,14.02270584300004],[122.31586938200007,14.021292851000055],[122.31747314600011,14.02369017600006],[122.31846991600003,14.02163878500005],[122.32287661400005,14.021720877000064],[122.32364825400009,14.019724014000076],[122.32065980000004,14.017198440000072],[122.31882593900002,14.012016328000072],[122.31540181900004,14.01236156300007],[122.30950282300012,14.005578021000076],[122.31274166800006,14.003441316000021],[122.31685745300001,13.99722317800007],[122.316642494,13.99307797800003],[122.31383356300012,13.995350980000069],[122.31454552800005,13.99648004900007],[122.31299917900003,13.996298978000027],[122.30824243300003,14.000827249000054],[122.30504097200003,14.000086774000067],[122.30191525500004,14.001278980000052],[122.299123398,13.994834813000068],[122.2967434950001,13.994491982000056],[122.29545759000007,13.991685296000071],[122.293408999,13.991588786000023],[122.29805508400011,13.986381297000037],[122.30098018800004,13.978877394000051],[122.30671995500006,13.972230956000033],[122.30147858500004,13.963168083000028],[122.30205983500002,13.960455999000033],[122.2988423060001,13.959299013000077],[122.28996744400001,13.961043651000068],[122.28729569400002,13.959418306000032],[122.28644775300006,13.960587222000072],[122.28671102200008,13.959202332000075],[122.28295730400009,13.95783362700007],[122.27969181700007,13.959707140000035],[122.27826783300009,13.958889830000032],[122.27821823900001,13.961011165000059],[122.27532087800012,13.962688135000064],[122.26923819100011,13.960505405000049],[122.27120155600005,13.966101652000077],[122.26543738900011,13.969767218000072],[122.25463723000007,13.970602231000044],[122.24983560100009,13.969290365000063],[122.24767655900007,13.971960783000043],[122.242709912,13.973586674000046],[122.23528298400004,13.97252495500004],[122.23385205200009,13.974348365000026],[122.23521201500012,13.974781242000063],[122.234386287,13.976066041000024],[122.2321968230001,13.976261646000069],[122.2319882910001,13.978013229000055],[122.23008832200003,13.978908370000056],[122.21713005700008,13.978433744000029],[122.21375226700002,13.980956985000034],[122.21105856200006,13.980999737000047],[122.21018483300008,13.982904045000055],[122.20601436200002,13.983388282000021],[122.2045573480001,13.985235995000039],[122.20556851000003,13.987723932000051],[122.1951398540001,13.99651622500005],[122.18267001100003,13.995050856000034],[122.18112155400001,13.990537539000059],[122.18276956400007,13.984435279000024],[122.18547461800006,13.987169618000053],[122.18508048700005,13.988662715000032],[122.1870283400001,13.988549375000048],[122.18800366700009,13.990599559000032],[122.19111495800007,13.988846611000042],[122.19438341600005,13.991092760000072],[122.20057448300008,13.98959295000003],[122.20467944100005,13.983354331000044],[122.21522239100011,13.976928687000054],[122.21541336900009,13.973352918000046],[122.22016635600005,13.971850988000028],[122.22417235700004,13.972691910000037],[122.22554532000004,13.966797285000041],[122.227918842,13.967181861000029],[122.23085525400006,13.964664937000066],[122.23276625200003,13.96522425300003],[122.2332323490001,13.963546304000033],[122.23763276300008,13.963592832000074],[122.24254152100002,13.960665320000032],[122.24301465400004,13.958447507000074],[122.24638572900005,13.95770823600003],[122.24632658700011,13.954307591000031],[122.2494315240001,13.951734929000054],[122.25561934100006,13.95017116300005],[122.26045325100006,13.946824610000021],[122.2619744110001,13.938982182000075],[122.26464489300008,13.931308773000069],[122.26694353500011,13.930429880000077],[122.2668759280001,13.928063630000054],[122.27601349100007,13.923410966000063],[122.27693734500008,13.924188948000051],[122.27577037200001,13.927884363000032],[122.279660282,13.926911885000038],[122.28369606400008,13.919083441000055],[122.28704875500011,13.915535396000053],[122.28939292700011,13.915264914000034],[122.28939292700011,13.911388014000067],[122.29833185100006,13.909310042000072],[122.30085611000004,13.904914860000076],[122.30165475000001,13.907781596000063],[122.30652341500002,13.912109298000075],[122.31344902100011,13.909570931000076],[122.31564785600006,13.907372096000074],[122.31576358400002,13.90309015500003],[122.31773067400002,13.90019665400007],[122.3202646960001,13.898192129000051],[122.32554727200011,13.897593464000067],[122.32599807400004,13.895790254000076],[122.3278914440001,13.895700094000063],[122.3290635300001,13.89912619100005],[122.33077657900003,13.899486833000026],[122.33266994900009,13.89786394500004],[122.34592353700009,13.897683624000024],[122.34745626400002,13.90291293100006],[122.34520225300002,13.903273573000035],[122.3460136970001,13.907060312000056],[122.35674279200009,13.91418298900004],[122.35872632200005,13.913191224000059],[122.35854600100004,13.910756891000062],[122.36278354300009,13.907511114000044],[122.36350482700004,13.904625980000048],[122.36890391800011,13.90287272300003],[122.36978922000003,13.898504235000075],[122.3736929590001,13.898855710000078],[122.37351263800008,13.90264245000003],[122.3772993770001,13.901109722000058],[122.38631542400003,13.907420954000031],[122.3882087930001,13.906970152000042],[122.39046151100001,13.903254024000034],[122.39220582500002,13.914257084000042],[122.36356508400002,13.95192479900004],[122.35478417800005,13.965951937000057],[122.34554429500008,13.983544847000076],[122.34200692200011,13.999632844000075],[122.3420730470001,14.006002907000038],[122.35322745200006,14.010249066000029],[122.35274076000007,14.026472570000067],[122.35522658000002,14.03136468200006],[122.35523462100002,14.03801025100006],[122.35872746000007,14.045398240000054],[122.3646946770001,14.04864750400003],[122.38376856000002,14.066641330000039],[122.36204661600004,14.062866015000054],[122.33480811900006,14.063880917000063],[122.3306340470001,14.062419944000055],[122.33069755500003,14.06123261700003],[122.32748204300003,14.061644110000032],[122.32601061900004,14.063707013000055],[122.32227217400009,14.061767544000077],[122.32124896100004,14.063153919000058],[122.31844335700009,14.063105837000023],[122.31892860900007,14.065686688000028],[122.31599246200005,14.064222993000044],[122.31553783700008,14.065465491000054],[122.31442906400002,14.063740041000074],[122.31394126500004,14.066553534000036],[122.31096885900001,14.067683894000027],[122.31004304400005,14.066145720000065],[122.30906001200003,14.068605125000033],[122.30724355200005,14.068046479000031],[122.30659007000008,14.069350973000041],[122.30379789200003,14.067382637000037],[122.30242594700007,14.071055361000049],[122.29985962300009,14.070317696000075],[122.29864779700006,14.072115583000027],[122.30227789000003,14.081819792000033],[122.3022753460001,14.088747471000033],[122.3075546120001,14.092883793000055],[122.30786651100004,14.10203033700003]]]]}},{"type":"Feature","properties":{"shapeName":"Candelaria","shapeISO":"","shapeID":"30758251B8297430856104","shapeGroup":"PHL","shapeType":"ADM3","psgc_code":"0405608000","legacy_psgc_code":"045608000","province":"Quezon"},"geometry":{"type":"Polygon","coordinates":[[[121.47859448800011,14.064792674000046],[121.44859950600005,14.064706856000043],[121.45133635800005,14.062431828000058],[121.45464942300009,14.055594383000027],[121.4542036680001,14.05171464600005],[121.456749865,14.039752918000033],[121.45542954600012,14.035157255000058],[121.457502384,14.030383681000046],[121.45482222500004,14.027605748000042],[121.45216537500005,14.027779021000072],[121.45127588200012,14.024058850000074],[121.44837417500003,14.021530207000069],[121.44685065800002,14.02120330300005],[121.44553487600001,14.02369789000005],[121.44300124200004,14.021507823000036],[121.44174579100002,14.014878249000049],[121.43951698700005,14.011449854000034],[121.44339132900006,14.011389033000057],[121.4394186620001,13.992536888000075],[121.41314500500005,13.978281295000045],[121.40066449000005,13.973196815000051],[121.39421338800003,13.960696743000028],[121.39507959200012,13.953578449000076],[121.38853645800009,13.944834950000029],[121.38721799100006,13.940968816000066],[121.38330747600003,13.939475652000056],[121.37966211600008,13.930908384000077],[121.37657236300004,13.930249454000034],[121.37497253000004,13.927408084000035],[121.37658902800001,13.924325073000034],[121.37483921100011,13.922683578000033],[121.37533915900008,13.921125407000034],[121.372589446,13.920583797000063],[121.37095628300006,13.917059165000069],[121.37385918900009,13.91201836700003],[121.37370599600001,13.909468291000053],[121.37114792900002,13.906993549000049],[121.369948055,13.901719100000037],[121.37814151000009,13.894101945000045],[121.3780350290001,13.888469310000062],[121.38004844200009,13.883103646000052],[121.39304880200007,13.86315892400006],[121.39636026500011,13.855445344000032],[121.39811067200003,13.845612200000062],[121.39843480400009,13.843615126000032],[121.40701075000004,13.839331241000025],[121.4094639440001,13.840060569000059],[121.40889403400001,13.843356831000051],[121.41038544500009,13.846072469000035],[121.41249446000006,13.842026618000034],[121.41748513700009,13.843874380000045],[121.4201441990001,13.840539084000056],[121.42720971500012,13.838078787000029],[121.42636320600002,13.850469845000077],[121.44432219500004,13.850455741000076],[121.44161425200002,13.859514170000068],[121.44398598700002,13.88701401700007],[121.449761437,13.886619130000042],[121.45581955600005,13.896684933000074],[121.4548055140001,13.903763226000024],[121.45871955900009,13.91156569800006],[121.45993066900007,13.921758857000043],[121.457715817,13.922010615000033],[121.45742169300001,13.923301237000032],[121.46045894400004,13.92701657200007],[121.46148482400008,13.946709783000074],[121.4657637040001,13.957912150000027],[121.46659983500001,13.964619563000042],[121.4666342270001,13.968167645000051],[121.46362801400005,13.97574674200007],[121.46117655100011,13.97574596000004],[121.46047173300008,13.97707781400004],[121.45870467500004,13.976259008000056],[121.45779145400002,13.977986001000033],[121.46133657300004,13.980620096000052],[121.46154938600012,13.981561279000061],[121.4590096180001,13.980526140000052],[121.4602344870001,13.986854808000032],[121.4689071790001,13.99467082800004],[121.46682290700005,14.001665505000062],[121.46839052700011,14.001771485000063],[121.47200810200002,14.008287361000043],[121.46803496400003,14.015688295000075],[121.47071903200003,14.01875612300006],[121.47590429200011,14.033170829000028],[121.47439888200006,14.038031180000075],[121.47884427000008,14.053502026000046],[121.47868212900005,14.06108342400006],[121.47859448800011,14.064792674000046]]]}},{"type":"Feature","properties":{"shapeName":"Catanauan","shapeISO":"","shapeID":"30758251B26905221956095","shapeGroup":"PHL","shapeType":"ADM3","psgc_code":"0405610000","legacy_psgc_code":"045610000","province":"Quezon"},"geometry":{"type":"Polygon","coordinates":[[[122.36459273300011,13.718106762000048],[122.30087028300011,13.729351789000077],[122.28797473000009,13.714733354000032],[122.27938466600006,13.701394648000075],[122.27167368000005,13.700230120000072],[122.27019310000003,13.694651130000068],[122.26843357000007,13.69508028000007],[122.26766109000005,13.693621160000077],[122.26588396000011,13.696138160000032],[122.25428374000012,13.688078210000072],[122.24818750000009,13.685463140000024],[122.24425077,13.679287430000045],[122.2399377800001,13.677055840000037],[122.23774910000009,13.672614100000033],[122.24015236000002,13.671798710000076],[122.23976612000001,13.668730260000075],[122.2350668900001,13.66752863000005],[122.23588228000006,13.663516040000047],[122.23779202000003,13.662443160000066],[122.23330245300008,13.65981425800004],[122.23389042100007,13.65462059500004],[122.23636941100006,13.65332066600007],[122.23422540900003,13.652621724000028],[122.23692638300008,13.648769960000038],[122.23884138000005,13.648434971000029],[122.23608733600008,13.640650496000035],[122.23330233100012,13.639396594000061],[122.23174633700012,13.640263547000075],[122.22832030300003,13.633993976000056],[122.22694731400009,13.635551882000073],[122.22530514700009,13.634742457000073],[122.22153833400012,13.638125745000025],[122.21998133200009,13.637498795000056],[122.21989031800001,13.635243943000035],[122.21649228800004,13.636656647000052],[122.21578408900007,13.632534928000041],[122.21152073000007,13.634871985000075],[122.21078420200001,13.633441422000033],[122.21244138800012,13.632336632000033],[122.2088579010001,13.630254526000044],[122.20799389800004,13.631614269000067],[122.20565684000007,13.63049531400003],[122.20402798200007,13.632577419000029],[122.20117263200007,13.63311783100005],[122.19877336500008,13.633441525000023],[122.19790546900003,13.630335499000068],[122.19993405000002,13.616251667000029],[122.20279284800006,13.612769695000054],[122.20398074700006,13.60773114500006],[122.20993408000004,13.601021378000041],[122.21284330800006,13.605977169000028],[122.217570883,13.607889950000072],[122.2222624850001,13.604173546000027],[122.22458573600011,13.604423160000067],[122.22406195700012,13.602984883000033],[122.2257167790001,13.600727737000057],[122.22840279500008,13.600740006000024],[122.22793533300012,13.599287812000057],[122.23047829000006,13.599618707000047],[122.23868457600008,13.596722236000062],[122.25432558500006,13.604864969000062],[122.25872844600008,13.604851113000052],[122.2611602290001,13.606828751000023],[122.26718864000009,13.606513561000043],[122.2776210400001,13.598900651000065],[122.27816140000004,13.593082125000024],[122.27633620300003,13.58900976600006],[122.26193088500008,13.583522153000047],[122.26157914100008,13.581013356000028],[122.26687586000003,13.579421994000029],[122.2681954300001,13.580924681000056],[122.26790668300009,13.579948633000072],[122.28025184600006,13.574426499000026],[122.28329061500006,13.57507019700006],[122.28412007700001,13.577293412000074],[122.28263329000004,13.581448099000056],[122.28181833600001,13.580803202000027],[122.28269379700009,13.586567501000047],[122.28951051000001,13.591353171000037],[122.3023504250001,13.593030202000023],[122.32175913100002,13.590393050000046],[122.33132288800005,13.583423061000076],[122.33596894000004,13.578703337000036],[122.33823192000011,13.573905616000047],[122.33311393300005,13.568988088000026],[122.33182589000012,13.569441485000027],[122.3327198290001,13.56775650000003],[122.329342687,13.564561196000056],[122.33255830300004,13.559174807000034],[122.33621849500003,13.558252100000061],[122.3428657930001,13.552884223000035],[122.35415702400007,13.546702779000043],[122.35874203500009,13.548280299000055],[122.36623832200007,13.548256811000044],[122.36625918000004,13.553420698000025],[122.36890280900002,13.553857114000039],[122.3664829380001,13.555692613000076],[122.36860718700007,13.556329202000029],[122.3707982410001,13.56035477200004],[122.36975076500005,13.56287620300003],[122.37189559600006,13.56453693800006],[122.3775702260001,13.564341925000065],[122.37949854600004,13.566674354000043],[122.37799648400005,13.568185328000027],[122.38364122200005,13.570931792000067],[122.38143536200005,13.572103045000063],[122.38334840900006,13.572649630000058],[122.38282134500002,13.57391848800006],[122.37965896100002,13.575694889000033],[122.38143536200005,13.577256560000023],[122.38096686100005,13.581219300000043],[122.38241140600007,13.581961093000075],[122.37576615900002,13.587324367000065],[122.37588096000002,13.59051007100004],[122.37377629100001,13.59199290600003],[122.3790475300001,13.596058743000071],[122.3772872610001,13.599464480000051],[122.3781673950001,13.600574215000051],[122.38072169800012,13.598708713000065],[122.38343863400007,13.601129082000057],[122.3859068370001,13.598660879000022],[122.3903697080001,13.617022661000021],[122.39655014000004,13.619143397000073],[122.39665112800003,13.63843200100007],[122.40372301600007,13.651040740000042],[122.40658230600002,13.654656423000063],[122.4003048730001,13.660564538000074],[122.39412792700011,13.670674783000038],[122.38880133300006,13.686605158000077],[122.38506753600007,13.693386408000038],[122.36459273300011,13.718106762000048]]]}},{"type":"Feature","properties":{"shapeName":"Dolores","shapeISO":"","shapeID":"30758251B18917837863618","shapeGroup":"PHL","shapeType":"ADM3","psgc_code":"0405615000","legacy_psgc_code":"045615000","province":"Quezon"},"geometry":{"type":"Polygon","coordinates":[[[121.44859950600005,14.064706856000043],[121.44194549300005,14.062047067000037],[121.43924250000009,14.062935025000058],[121.43090350800003,14.063428043000044],[121.42626845500001,14.054322658000046],[121.42674944100008,14.052048802000058],[121.4245544260001,14.049506979000057],[121.42471641400005,14.047622099000023],[121.41228137000007,14.039267712000026],[121.40637835300004,14.035973959000046],[121.40470035900012,14.03675591900003],[121.39274855000008,14.033691928000053],[121.38026001100002,14.024155951000068],[121.37133529100004,14.022642026000028],[121.35937068700002,14.01721103500006],[121.35080923700002,14.012048831000072],[121.34607926500007,14.005886997000061],[121.34016482200002,14.003546805000042],[121.34455920700009,14.001385881000033],[121.34702787600008,13.997748523000041],[121.34675700100001,13.992754582000032],[121.34944853000002,13.987899814000059],[121.35268040900007,13.988253770000028],[121.35543533200007,13.985211862000028],[121.36041415200009,13.985486766000065],[121.3650569780001,13.981821377000074],[121.36758739200002,13.982958410000037],[121.37528701600002,13.982047700000066],[121.38336400600008,13.97744487500006],[121.39003424500004,13.975578943000073],[121.39314466700012,13.973822469000027],[121.3929239690001,13.972240156000055],[121.39581597100005,13.973529724000059],[121.40066449000005,13.973196815000051],[121.41314500500005,13.978281295000045],[121.4394186620001,13.992536888000075],[121.44339132900006,14.011389033000057],[121.43951698700005,14.011449854000034],[121.44174579100002,14.014878249000049],[121.44300124200004,14.021507823000036],[121.44553487600001,14.02369789000005],[121.44685065800002,14.02120330300005],[121.44837417500003,14.021530207000069],[121.45127588200012,14.024058850000074],[121.45216537500005,14.027779021000072],[121.45482222500004,14.027605748000042],[121.457502384,14.030383681000046],[121.45542954600012,14.035157255000058],[121.456749865,14.039752918000033],[121.4542036680001,14.05171464600005],[121.45464942300009,14.055594383000027],[121.45133635800005,14.062431828000058],[121.44859950600005,14.064706856000043]]]}},{"type":"Feature","properties":{"shapeName":"General Luna","shapeISO":"","shapeID":"30758251B37823444097828","shapeGroup":"PHL","shapeType":"ADM3","psgc_code":"0405616000","legacy_psgc_code":"045616000","province":"Quezon"},"geometry":{"type":"Polygon","coordinates":[[[122.30087028300011,13.729351789000077],[122.27495242000009,13.74842049700004],[122.26080283400006,13.749207011000067],[122.25524630500001,13.744663639000066],[122.25334257000009,13.745690660000037],[122.25109391800004,13.74462350300007],[122.24617737500012,13.745195194000075],[122.24539969400007,13.742843123000057],[122.23943157000008,13.74165583100006],[122.23968485900002,13.74008860500004],[122.24196446100007,13.739360399000077],[122.23693034100006,13.736542558000053],[122.2337800580001,13.732695731000035],[122.22570647000009,13.731650913000067],[122.22203482200007,13.734648843000059],[122.22187547300007,13.731460947000073],[122.21937424400005,13.729592940000032],[122.21786675100009,13.730552636000027],[122.21863020700005,13.726442657000064],[122.21505249900008,13.72886473400007],[122.2120921830001,13.72726584700007],[122.21293120300004,13.721218571000065],[122.20845115300006,13.723007425000048],[122.20638779700005,13.720983570000044],[122.20672804600008,13.722753591000071],[122.20313208300001,13.723039086000028],[122.20350945900009,13.721958878000066],[122.201602148,13.723071477000076],[122.19942773100001,13.719967956000062],[122.1950110030001,13.719160597000041],[122.19566099800011,13.716467433000048],[122.1907742950001,13.715030168000055],[122.19194710500005,13.719011300000034],[122.18882125200003,13.720917790000044],[122.18671578600004,13.718242424000039],[122.18032023800004,13.718495713000038],[122.17998538900008,13.720522928000037],[122.177947861,13.721276911000075],[122.17972613800009,13.72183319100003],[122.17906962300003,13.725065398000027],[122.17663171600009,13.722991594000064],[122.17420964000007,13.725350348000063],[122.17053694800006,13.725888588000032],[122.1637035650001,13.721589840000036],[122.16246084700003,13.716656302000047],[122.15952433000007,13.718354304000059],[122.15780545200005,13.715051360000075],[122.15305796300004,13.714943190000042],[122.15479746200003,13.712249622000058],[122.15371336100009,13.709390867000025],[122.15523344700011,13.705390217000058],[122.15675843000008,13.705650714000058],[122.16132752600004,13.700388868000061],[122.16455958100005,13.69874216900007],[122.1642534560001,13.695907821000048],[122.16850037200004,13.688636820000056],[122.16768812500004,13.689386419000073],[122.1705164760001,13.685335567000038],[122.17301966700006,13.684827609000024],[122.17185659400002,13.677987735000045],[122.17390228300007,13.669701184000076],[122.18116884500012,13.669253758000025],[122.17928041100004,13.66756859700007],[122.18229996600007,13.662198383000032],[122.1866225010001,13.660307446000047],[122.18828803100007,13.655730996000045],[122.19616914000005,13.647706546000052],[122.19768820400009,13.640567438000062],[122.20260131300006,13.637542367000037],[122.2026999950001,13.634589497000036],[122.20117263200007,13.63311783100005],[122.20402798200007,13.632577419000029],[122.20565684000007,13.63049531400003],[122.20799389800004,13.631614269000067],[122.2088579010001,13.630254526000044],[122.21244138800012,13.632336632000033],[122.21078420200001,13.633441422000033],[122.21152073000007,13.634871985000075],[122.21578408900007,13.632534928000041],[122.21649228800004,13.636656647000052],[122.21989031800001,13.635243943000035],[122.21998133200009,13.637498795000056],[122.22153833400012,13.638125745000025],[122.22530514700009,13.634742457000073],[122.22694731400009,13.635551882000073],[122.22832030300003,13.633993976000056],[122.23174633700012,13.640263547000075],[122.23330233100012,13.639396594000061],[122.23608733600008,13.640650496000035],[122.23884138000005,13.648434971000029],[122.23692638300008,13.648769960000038],[122.23422540900003,13.652621724000028],[122.23636941100006,13.65332066600007],[122.23389042100007,13.65462059500004],[122.23330245300008,13.65981425800004],[122.23779202000003,13.662443160000066],[122.23588228000006,13.663516040000047],[122.2350668900001,13.66752863000005],[122.23976612000001,13.668730260000075],[122.24015236000002,13.671798710000076],[122.23774910000009,13.672614100000033],[122.2399377800001,13.677055840000037],[122.24425077,13.679287430000045],[122.24818750000009,13.685463140000024],[122.25428374000012,13.688078210000072],[122.26588396000011,13.696138160000032],[122.26766109000005,13.693621160000077],[122.26843357000007,13.69508028000007],[122.27019310000003,13.694651130000068],[122.27167368000005,13.700230120000072],[122.27938466600006,13.701394648000075],[122.28797473000009,13.714733354000032],[122.30087028300011,13.729351789000077]]]}},{"type":"Feature","properties":{"shapeName":"General Nakar","shapeISO":"","shapeID":"30758251B80195971051308","shapeGroup":"PHL","shapeType":"ADM3","psgc_code":"0405617000","legacy_psgc_code":"045617000","province":"Quezon"},"geometry":{"type":"MultiPolygon","coordinates":[[[[121.65736611800003,14.779130096000074],[121.65417397300007,14.778503105000027],[121.65690898500009,14.77865343700006],[121.65736611800003,14.779130096000074]]],[[[121.34785653300003,14.996370968000065],[121.33820501800005,14.947222596000074],[121.34032747600008,14.910309698000049],[121.34011224500011,14.886441354000056],[121.336945807,14.879966409000076],[121.33555014700005,14.848280439000064],[121.3318304610001,14.848530398000037],[121.33315947800008,14.840470453000023],[121.33035662500004,14.834802543000023],[121.33198919000006,14.819628624000075],[121.33499960100005,14.814183425000067],[121.33550040000011,14.800851961000035],[121.32897826900012,14.788200564000022],[121.32918079400008,14.784632316000057],[121.33356343800006,14.77658083700004],[121.33437876000005,14.768529387000058],[121.33743604100005,14.764555217000066],[121.33850203600002,14.756433253000068],[121.34179742100002,14.747120400000028],[121.33590737000009,14.739279192000026],[121.33427652600005,14.73112584300003],[121.33743612900003,14.727966391000052],[121.35387583300007,14.722557836000021],[121.36271785000008,14.708406480000065],[121.37652719800008,14.699695709000025],[121.38062866200005,14.695232352000062],[121.38834906400007,14.69462919600005],[121.39389810300008,14.691010257000073],[121.39836146000005,14.691975308000053],[121.40480679900008,14.690213882000023],[121.4028506300001,14.686078448000046],[121.40735105100009,14.684536561000073],[121.40729878800005,14.68051116600003],[121.40502712700004,14.678158624000048],[121.408089388,14.676785648000077],[121.41086405800002,14.668896700000062],[121.41002857700005,14.666828045000045],[121.40675808700007,14.66755528300007],[121.40772022500005,14.664874927000028],[121.40420229200004,14.660925983000027],[121.40609669900005,14.657769814000062],[121.40284518400006,14.656630550000045],[121.40281711400007,14.649795466000057],[121.40422212100009,14.647574570000074],[121.40305409100006,14.645571817000075],[121.40474971100002,14.644270508000034],[121.40486651800006,14.63926604900007],[121.41071023800009,14.636143292000042],[121.41244222900002,14.632790595000074],[121.41627425700005,14.632162233000031],[121.41579713500005,14.627965106000033],[121.44173702300009,14.622482465000076],[121.43953569400003,14.603987708000034],[121.44115214300007,14.604785113000048],[121.44398614700003,14.602748851000058],[121.4453221340001,14.598793670000077],[121.4483865740001,14.598416774000043],[121.44905395400008,14.595552739000027],[121.45105053500004,14.595215478000057],[121.45200518700005,14.595771359000025],[121.4577716760001,14.598586687000022],[121.45689093600004,14.605046935000075],[121.461876587,14.604007715000023],[121.46558894200007,14.605837749000045],[121.46517064900002,14.611170991000051],[121.46679153600007,14.61483105900004],[121.47149733800006,14.615510786000073],[121.47646457400003,14.610543551000035],[121.4775103070001,14.61284416500007],[121.4813795230001,14.613942186000031],[121.48305269700006,14.619798295000066],[121.48577160400009,14.620634882000047],[121.49460805500007,14.617915974000027],[121.4964380890001,14.62136689600004],[121.49769297000012,14.633079114000054],[121.49962757700007,14.633079114000054],[121.502451059,14.628948466000054],[121.50516996600004,14.630569353000055],[121.50522225300006,14.634072561000039],[121.50177133200009,14.637784916000044],[121.5011961780001,14.640556111000024],[121.50496082000006,14.646621367000023],[121.50318307200007,14.652582050000035],[121.5074182940001,14.654098364000049],[121.50850319500012,14.662289326000064],[121.51415208900005,14.665763699000024],[121.51446794100002,14.671485481000047],[121.51913283300007,14.673064742000065],[121.51950942600001,14.674789780000026],[121.51585283100007,14.67686711500005],[121.51846468500003,14.682236601000056],[121.52095505700004,14.68411956600005],[121.52447802300003,14.681228304000058],[121.52589935700007,14.681556304000026],[121.52604513500012,14.68475127000005],[121.52344543000004,14.687083716000075],[121.52727209900002,14.691335572000071],[121.53922588700004,14.695259427000053],[121.55196252500002,14.686612087000071],[121.55076450100012,14.69429033700004],[121.55207143700011,14.695324995000021],[121.56192791400008,14.692820034000022],[121.56225464800002,14.695052716000077],[121.56007642100008,14.698919069000056],[121.56160118000003,14.699626993000038],[121.57336292900004,14.697482446000038],[121.57736856800011,14.702240741000026],[121.57996093400004,14.703224052000053],[121.5830300560001,14.702419525000039],[121.58520526000007,14.699648376000027],[121.58895972000005,14.700303916000053],[121.59080715300001,14.703581620000023],[121.5907899120001,14.708095143000037],[121.60072965600011,14.712788988000057],[121.6040371570001,14.725095275000058],[121.6092516860001,14.731948655000053],[121.60802999600003,14.741126226000063],[121.61074155100005,14.748009403000026],[121.61805858000002,14.752763301000073],[121.628939048,14.747918713000047],[121.633863055,14.749665941000046],[121.63576912200006,14.754034012000034],[121.63632505900011,14.761022926000066],[121.63926357900004,14.764914480000073],[121.64466410300008,14.767138225000053],[121.64744378500006,14.77102977900006],[121.65509275700003,14.776835620000043],[121.65163046500004,14.774697141000047],[121.64951122900004,14.775525569000024],[121.65109605300006,14.779461921000063],[121.65579838100007,14.780785623000043],[121.64832426100008,14.780295726000077],[121.64264500800004,14.781844848000048],[121.63364511300006,14.786194267000042],[121.62416668500009,14.792952607000075],[121.62443727100003,14.800224497000045],[121.60990492400003,14.816162630000065],[121.60167831600006,14.828407954000056],[121.60207291800009,14.834449496000047],[121.6043005470001,14.836346633000062],[121.60680703100002,14.847509440000067],[121.60831648300007,14.85010957000003],[121.61360805100003,14.852944953000076],[121.60623748100011,14.861671949000026],[121.5904707630001,14.875023700000042],[121.5816605760001,14.890369400000054],[121.57901705300003,14.908883267000022],[121.57264950400008,14.928405905000034],[121.57296743800009,14.947826298000052],[121.565833526,14.960195467000062],[121.56605282400005,14.967940803000033],[121.55978513700006,14.973973002000037],[121.54846262900003,14.990863452000042],[121.54672372300001,15.004013966000059],[121.54328807800005,15.007260064000036],[121.54391060400008,15.01029205900005],[121.54090610600008,15.011052188000065],[121.54164046900007,15.013469215000043],[121.53929478200007,15.012303216000078],[121.5363170710001,15.014562859000023],[121.53782252000008,15.020485180000037],[121.53595769300011,15.021639411000024],[121.53503684500004,15.025851204000048],[121.5323254870001,15.02532591000005],[121.52900348900005,15.02765793900005],[121.5263588580001,15.031610337000075],[121.52748324900006,15.035085707000064],[121.51764788000003,15.038620440000045],[121.51569733100007,15.041273184000033],[121.51614636500005,15.042967217000069],[121.51274183200007,15.044411119000074],[121.51262329700012,15.048340414000052],[121.50959129300008,15.049575552000022],[121.50607427000011,15.055111064000073],[121.50686316000008,15.058214614000065],[121.50566044700008,15.059106029000077],[121.50419902200008,15.068669374000024],[121.49972819400011,15.072824396000044],[121.50028317700003,15.075109886000064],[121.4982241350001,15.077301756000054],[121.49924988300006,15.082214123000028],[121.50338020000004,15.087745827000049],[121.497591198,15.090483508000034],[121.49670916000002,15.09297435700006],[121.49790234000011,15.098061643000051],[121.49579537600005,15.099783677000062],[121.494525554,15.103707074000056],[121.49646174100008,15.10602893400005],[121.49383480300003,15.115275764000046],[121.49648963200002,15.11837857200004],[121.49295859600011,15.127875277000044],[121.49461551500008,15.129644829000028],[121.49334148100002,15.130004833000044],[121.49503484700006,15.136282644000062],[121.49026079400005,15.140376728000035],[121.4878061180001,15.148366532000068],[121.48716471500006,15.157990109000025],[121.48204338100004,15.161962625000058],[121.48077723200004,15.180726719000063],[121.4765038910001,15.183320366000032],[121.47691737200012,15.186950225000032],[121.47324005000007,15.18808514400007],[121.47301473300001,15.18970732200006],[121.4681822120001,15.191732984000055],[121.46554308700001,15.19464098900005],[121.462755678,15.20113282400007],[121.45631668900012,15.20205910900006],[121.44799711500002,15.196360250000055],[121.44427553800006,15.204797134000046],[121.44104990900007,15.205777874000034],[121.43769370400003,15.209459939000055],[121.42967564300011,15.20959937300006],[121.42866417300002,15.207011501000068],[121.42738200800011,15.207256526000037],[121.4273950920001,15.20829150700007],[121.42339443000003,15.209215322000034],[121.4171205020001,15.216888696000069],[121.40834958200003,15.212885503000052],[121.40232335200005,15.20370125200003],[121.40222658300002,15.195523378000075],[121.40809682500003,15.18293699800006],[121.40275078500008,15.17710587700003],[121.4018443550001,15.172192895000023],[121.39794012900006,15.169906703000038],[121.39542450600004,15.170763480000062],[121.39226904800012,15.175169433000065],[121.38716772500004,15.170807438000054],[121.38387927400004,15.170734266000068],[121.38046702200006,15.168480773000056],[121.3812996580001,15.165403214000037],[121.38451915200005,15.162719722000077],[121.38323214700006,15.15706294000006],[121.38466816800008,15.15559758300003],[121.3897489090001,15.16221370900007],[121.39494846500008,15.16340654000004],[121.40227884300009,15.15293177500007],[121.40368132100002,15.153421932000072],[121.40067456700001,15.148064543000032],[121.39660814800004,15.146318106000024],[121.4012929590001,15.138443451000057],[121.40114846000006,15.133166671000026],[121.39881286400009,15.126646649000065],[121.400191887,15.121904250000057],[121.393121199,15.11603431900005],[121.39345401700007,15.11373035400004],[121.3966472730001,15.110763430000077],[121.396309212,15.108832834000054],[121.39451077900003,15.10424088700006],[121.3890850680001,15.104733028000055],[121.39000597600011,15.098699292000049],[121.38544713400006,15.099809418000063],[121.3833723240001,15.097651264000035],[121.37400455200009,15.095887405000042],[121.37049916600006,15.08713595100005],[121.37214811100012,15.084962215000076],[121.37483460800001,15.084983070000021],[121.37653594100004,15.083235552000076],[121.37647404400002,15.08051352900003],[121.370023091,15.070885085000043],[121.36776308900005,15.070569596000041],[121.364066223,15.073642600000028],[121.36168856300003,15.073877483000047],[121.36238985700004,15.068140967000033],[121.358579039,15.066623157000038],[121.35890395100012,15.061478987000044],[121.35454050100009,15.054408307000074],[121.35449085200003,15.050235264000037],[121.35168533300009,15.046570484000029],[121.35125472800007,15.042947064000032],[121.34476914000004,15.040210904000048],[121.34441440800003,15.036950705000038],[121.34565046000012,15.035625591000041],[121.35137018900002,15.035906006000062],[121.35288146000005,15.034782517000053],[121.35207181600003,15.031742732000055],[121.35633009800006,15.02750039600005],[121.3548048020001,15.021957028000031],[121.35708473000011,15.016958019000072],[121.35710532600001,15.011749193000071],[121.35365701400008,15.007897333000074],[121.35338362700008,15.001538499000048],[121.34785653300003,14.996370968000065]]]]}},{"type":"Feature","properties":{"shapeName":"Guinayangan","shapeISO":"","shapeID":"30758251B18842789953948","shapeGroup":"PHL","shapeType":"ADM3","psgc_code":"0405618000","legacy_psgc_code":"045618000","province":"Quezon"},"geometry":{"type":"Polygon","coordinates":[[[122.50998404600011,13.768092543000023],[122.50942535100012,13.769060416000059],[122.50878770800011,13.769405257000074],[122.51072498400003,13.775983395000026],[122.50979354300011,13.77685195500004],[122.51445577400011,13.786023081000053],[122.51276153900005,13.78777584900007],[122.51220014100011,13.795044476000044],[122.51229422900008,13.799796013000048],[122.51382272600006,13.800198032000026],[122.51382332800006,13.801897376000056],[122.50974664500006,13.804780962000052],[122.50983998800007,13.809699495000075],[122.51444274900007,13.813511994000066],[122.52016699400008,13.809665085000063],[122.52108773900011,13.813578006000057],[122.52434646800009,13.816693014000066],[122.52098832800004,13.817793831000074],[122.5142559410001,13.816935848000071],[122.5093924570001,13.819671097000025],[122.50600521800004,13.824159003000034],[122.50555755100004,13.827471867000042],[122.5068161480001,13.82910352600004],[122.5051547920001,13.83128059300003],[122.50872895100008,13.832872285000064],[122.50826946500001,13.83561437800006],[122.50685171100008,13.836642595000058],[122.50425975900009,13.834923920000051],[122.50197489600009,13.835895278000066],[122.50143427100011,13.841000984000061],[122.49818890100005,13.845304601000066],[122.49478263800006,13.844851575000064],[122.48558057100001,13.848358887000074],[122.4840459510001,13.855374547000054],[122.48493916600012,13.858628834000058],[122.4803950910001,13.858086039000057],[122.47570815300003,13.862192587000038],[122.46805381200011,13.878031221000072],[122.458363716,13.888496726000028],[122.45515339000008,13.894463844000029],[122.45513534800011,13.897801746000027],[122.45630812400009,13.898536707000062],[122.45190915800003,13.90008528900006],[122.45130026800007,13.90575625300005],[122.44479653500002,13.910477004000029],[122.43718025300007,13.920368970000027],[122.42265986200005,13.931205497000064],[122.42353394600002,13.93581325100007],[122.41951121000011,13.942703761000075],[122.42148935400007,13.943531610000036],[122.41843741600007,13.954437382000037],[122.414174967,13.962553123000077],[122.40442380700006,13.974283495000066],[122.40127278900002,13.974994485000025],[122.39775358800011,13.978553409000028],[122.39330948600002,13.974790188000043],[122.39001003300007,13.975545691000036],[122.37383901100009,13.985960584000054],[122.37212140800011,13.989488876000053],[122.37222250100001,13.991221507000034],[122.37507117500002,13.992151119000027],[122.3752643790001,13.99936096600004],[122.37327091100008,14.000538859000073],[122.3744051110001,14.005938380000032],[122.37294515000008,14.004653129000076],[122.37261903400008,14.007018275000064],[122.36990736300004,14.009677450000027],[122.37555662300008,14.01207805100006],[122.37605296600009,14.01642570200005],[122.38026705100003,14.020754289000024],[122.37688868700002,14.02104868400005],[122.37736020500006,14.02317110000007],[122.37388260900002,14.022612868000067],[122.37330591000011,14.02445381800004],[122.37606695000011,14.024953414000038],[122.37718730100005,14.026752282000075],[122.37293366900008,14.030487502000028],[122.37890017500001,14.038951764000046],[122.37668060700003,14.040764635000073],[122.3767968200001,14.042991910000069],[122.37813963700012,14.042898913000045],[122.37764587600009,14.044066765000025],[122.38017414900003,14.045523885000023],[122.38181497300002,14.048827183000071],[122.38269800400008,14.046757563000028],[122.38587290300006,14.046989440000061],[122.38591520300008,14.044750240000042],[122.38842719800004,14.046173776000046],[122.38702182100008,14.047375506000037],[122.38752915000009,14.049133724000058],[122.39021189100004,14.047260233000031],[122.39156544600007,14.050030454000023],[122.3928954920001,14.048783038000067],[122.39580615800003,14.049650402000054],[122.3950187800001,14.047569506000059],[122.39656701700005,14.047163345000058],[122.39953161500011,14.048817580000048],[122.40145423700005,14.045320574000073],[122.39988377300006,14.04169786400007],[122.40255722600011,14.042984836000073],[122.4036105890001,14.040382566000062],[122.40793679700005,14.040281633000063],[122.41091132100007,14.036969071000044],[122.41261634600005,14.037911790000067],[122.41270851400009,14.039943372000039],[122.41400152500012,14.038785546000042],[122.41778482000007,14.040046142000051],[122.42324666700006,14.036682239000072],[122.42416652500003,14.03830583000007],[122.42737125200006,14.038637210000047],[122.42863267900009,14.041873630000055],[122.42720450200011,14.044190445000027],[122.42986488300005,14.047781013000076],[122.42806106100011,14.04923874900004],[122.4307989350001,14.052348292000033],[122.43739293600004,14.050909402000059],[122.43716957100003,14.056932295000024],[122.44230109800003,14.054321784000024],[122.44163378100006,14.058474011000044],[122.43907611800012,14.061680401000046],[122.43680593900001,14.060932777000062],[122.43609411700004,14.062082278000048],[122.43867889100011,14.065955935000034],[122.43773044400007,14.06768104300005],[122.43948927800011,14.068274582000072],[122.43934846900004,14.071375902000057],[122.43537285100001,14.075899598000035],[122.43058295700007,14.104613483000037],[122.42633569600002,14.107850184000029],[122.422666821,14.107956369000021],[122.42165551000005,14.105818252000063],[122.42286297500004,14.104418982000027],[122.42066412800011,14.103787657000055],[122.41831607100005,14.097196182000062],[122.41593515500006,14.09792737400005],[122.41235194,14.09587288800003],[122.41048716500006,14.096958850000021],[122.41099926400011,14.094646055000055],[122.40773143700005,14.093538311000032],[122.40846578100002,14.090570177000075],[122.39616586800003,14.084713977000035],[122.38376856000002,14.066641330000039],[122.3646946770001,14.04864750400003],[122.35872746000007,14.045398240000054],[122.35523462100002,14.03801025100006],[122.35522658000002,14.03136468200006],[122.35274076000007,14.026472570000067],[122.35322745200006,14.010249066000029],[122.3420730470001,14.006002907000038],[122.34200692200011,13.999632844000075],[122.34554429500008,13.983544847000076],[122.35478417800005,13.965951937000057],[122.36356508400002,13.95192479900004],[122.39220582500002,13.914257084000042],[122.39046151100001,13.903254024000034],[122.39931081700001,13.862356607000038],[122.39459851600009,13.816908215000069],[122.42886710500011,13.799994971000046],[122.44320631000005,13.801875110000026],[122.45502949000002,13.791060450000032],[122.45805502000007,13.79000902000007],[122.46131659000002,13.790845870000055],[122.4776244200001,13.781554700000072],[122.4805934210001,13.774815230000058],[122.4849500570001,13.772171877000062],[122.48816683000007,13.766596164000077],[122.49505014700003,13.766136626000048],[122.49750987000004,13.764334895000047],[122.49986360600008,13.765708862000054],[122.5035633650001,13.765172962000065],[122.5048130780001,13.767163696000068],[122.50911612800007,13.767600874000038],[122.50945548700008,13.768227022000076],[122.50919574500006,13.769022130000053],[122.50998404600011,13.768092543000023]]]}},{"type":"Feature","properties":{"shapeName":"Gumaca","shapeISO":"","shapeID":"30758251B73056824701687","shapeGroup":"PHL","shapeType":"ADM3","psgc_code":"0405619000","legacy_psgc_code":"045619000","province":"Quezon"},"geometry":{"type":"Polygon","coordinates":[[[122.02960651,13.897467604000042],[122.03106399400008,13.893459521000068],[122.03202460900002,13.894387011000049],[122.03421083600006,13.892664530000047],[122.03503895200004,13.893890142000032],[122.0346745810001,13.890412054000024],[122.03633081300006,13.891372668000031],[122.03593331800005,13.889053943000022],[122.04358511100008,13.88315775600006],[122.041630757,13.877890937000075],[122.04023952200009,13.87832155700005],[122.0425629560001,13.874469843000043],[122.0403915710001,13.87079471100003],[122.041730131,13.866131687000063],[122.0427569950001,13.866727930000025],[122.04252512200003,13.865303571000027],[122.04848755900002,13.862653599000055],[122.05696746900003,13.85105997200003],[122.05981618900012,13.849701861000028],[122.0602755860001,13.84668283600007],[122.05758139200009,13.840444039000033],[122.06190666700002,13.838519483000027],[122.05771449500003,13.833723892000023],[122.059041911,13.828704793000043],[122.06194636400005,13.82755127300004],[122.06551858700004,13.825152137000032],[122.06652929800009,13.821965698000042],[122.073067046,13.826758976000065],[122.07146476900004,13.829242888000067],[122.07266839300007,13.830638172000022],[122.06717656400008,13.834306558000037],[122.06979019100004,13.837971477000053],[122.06841767200001,13.840132465000067],[122.07106050200002,13.840395288000025],[122.06697214600001,13.845315916000061],[122.06719116500005,13.846951259000036],[122.064927968,13.847593715000073],[122.06470959800004,13.849548266000056],[122.06919984700005,13.849919640000053],[122.07091448900007,13.846425613000065],[122.07212639500005,13.848776417000067],[122.07808371300007,13.849126848000026],[122.079923473,13.851068817000055],[122.08084335300009,13.849929918000043],[122.086187418,13.850455564000072],[122.0891514760001,13.849886114000071],[122.0891514760001,13.848411386000066],[122.09133853800006,13.848654905000046],[122.0936541000001,13.849829465000028],[122.09452663000002,13.853520941000056],[122.11110471200004,13.858353418000036],[122.11241350800003,13.860769657000048],[122.11848527500001,13.860620265000023],[122.1201779920001,13.857834407000041],[122.11956186300006,13.856396773000029],[122.1135593350001,13.855220358000054],[122.11242009000011,13.853131741000027],[122.11301756800003,13.848285757000042],[122.11496398200006,13.846540696000034],[122.12239641600002,13.847703041000045],[122.12419888200009,13.843852397000035],[122.12187298900005,13.843132861000072],[122.1248087560001,13.83851480100003],[122.12259868500007,13.836304730000052],[122.12352229600003,13.834952298000076],[122.1323955680001,13.835941882000043],[122.13375695000002,13.829794820000075],[122.14147549000006,13.822411868000074],[122.141542608,13.817277361000038],[122.1402002530001,13.815599418000033],[122.14144193100003,13.809927968000068],[122.13687792500002,13.809189673000049],[122.13533421700004,13.806437846000051],[122.13808604400003,13.79905489400005],[122.14358969900002,13.79579968400003],[122.14589235100004,13.790698330000055],[122.14798572200004,13.79178364300003],[122.1485165690001,13.79658887200003],[122.1539649450001,13.800955676000058],[122.15780635800002,13.799959195000042],[122.1638783630001,13.801941413000065],[122.16835046200003,13.80698005000005],[122.17214386800003,13.807342898000059],[122.17504664900002,13.810311650000074],[122.17682790000003,13.808299496000075],[122.17956575000005,13.808002621000071],[122.17969769500007,13.810542553000062],[122.18184179400009,13.80895921900003],[122.18655881200004,13.809486997000022],[122.19600707100005,13.807625871000027],[122.20030968200001,13.832632499000056],[122.20420731400009,13.845526304000032],[122.20768020500009,13.87039668500006],[122.2047674580001,13.872637260000033],[122.20532760200001,13.878313383000034],[122.203049684,13.87756652400003],[122.20204142500006,13.879620385000067],[122.20178002500006,13.877305124000031],[122.20039833700002,13.87771589600004],[122.19939007800008,13.880516614000044],[122.19673873200009,13.88242110300007],[122.1964773310001,13.884885735000069],[122.1930044400001,13.885109793000026],[122.19192149600008,13.88805988300004],[122.1934152120001,13.894744265000043],[122.206264,13.893087595000054],[122.20619963800004,13.897372327000028],[122.20744201800005,13.898921462000033],[122.20891580200009,13.898137362000057],[122.20923410400007,13.90059407700005],[122.21095074700008,13.899261766000052],[122.2093718000001,13.901302996000027],[122.21109738400003,13.902187853000044],[122.21073244900003,13.902402981000023],[122.2085577360001,13.902770277000059],[122.20458284400002,13.90503622400007],[122.20491437600003,13.907855220000044],[122.20240675500008,13.909991013000024],[122.20015451600011,13.910225750000052],[122.1979810360001,13.908413343000063],[122.19510279300005,13.909479271000066],[122.18935977800004,13.915509963000034],[122.18615085800002,13.91363631400003],[122.18312594400004,13.916581477000022],[122.17999901300004,13.91475440000005],[122.17558976600003,13.915106305000052],[122.17381867300003,13.913377728000057],[122.16916555300008,13.913349032000042],[122.167272765,13.915142127000024],[122.1654668110001,13.91417539300005],[122.1652927,13.915470500000026],[122.16335385000002,13.914823098000056],[122.16010157500011,13.916384564000055],[122.156980513,13.919734332000075],[122.1528096400001,13.920283880000056],[122.14942631500003,13.919839394000064],[122.14339177500005,13.916544788000067],[122.1426923030001,13.913843146000033],[122.1388358050001,13.912695023000026],[122.135502341,13.91371605300003],[122.13478326800009,13.916225452000049],[122.127586672,13.914853634000053],[122.12578293600006,13.916494955000076],[122.12591181300002,13.919796752000025],[122.1184035770001,13.92376537000007],[122.11383272000012,13.923612701000025],[122.11191195200001,13.92645956900003],[122.10596413300004,13.922304860000054],[122.10316781400002,13.922565570000074],[122.10325179100005,13.923973035000074],[122.09833875600009,13.922604766000063],[122.09973297500005,13.924199672000043],[122.0984844620001,13.924500998000042],[122.09698012800004,13.929840196000043],[122.09002032,13.93393616700007],[122.08004168500008,13.93727526500004],[122.05846180200001,13.93976605100005],[122.04254858700006,13.946682105000036],[122.03559664200009,13.947653486000036],[122.02650609400007,13.953961507000031],[122.02942481100001,13.944503669000028],[122.02715975300009,13.943931444000043],[122.02785735300006,13.942172499000037],[122.03157721100001,13.940088095000021],[122.03388608900002,13.936785118000046],[122.03500846000009,13.937266134000026],[122.03122446600003,13.929441605000022],[122.03318059900005,13.928479573000061],[122.03513673100008,13.924342835000061],[122.03876361000005,13.922151791000033],[122.0399468920001,13.91420942800005],[122.04754694700011,13.90737899900006],[122.03815266900006,13.902966295000056],[122.0379207960001,13.901376312000025],[122.03470770600006,13.900780068000074],[122.03573457000005,13.898030723000034],[122.03391271400005,13.895513249000032],[122.03222335700002,13.898593842000025],[122.02960651,13.897467604000042]]]}},{"type":"Feature","properties":{"shapeName":"Infanta","shapeISO":"","shapeID":"30758251B63604482475035","shapeGroup":"PHL","shapeType":"ADM3","psgc_code":"0405620000","legacy_psgc_code":"045620000","province":"Quezon"},"geometry":{"type":"MultiPolygon","coordinates":[[[[121.45200518700005,14.595771359000025],[121.48067421200005,14.556779521000067],[121.4808172170001,14.54722273300007],[121.4862675490001,14.540874504000044],[121.53808107800012,14.626556439000069],[121.55226145300003,14.644142807000037],[121.55926447800005,14.658260650000045],[121.57847197500007,14.675578310000049],[121.5864573240001,14.689266854000039],[121.58956427700002,14.69215164800005],[121.604139325,14.688270266000075],[121.61090631700006,14.689100002000032],[121.61287635300005,14.688571849000027],[121.61186134700006,14.687556920000077],[121.61291516100005,14.684431908000022],[121.61695465900004,14.682293436000066],[121.61991873200009,14.68267710400005],[121.61980403900009,14.685947707000025],[121.62180099700004,14.683538629000054],[121.623792621,14.68499401500003],[121.62945669500004,14.684444515000052],[121.63173923200009,14.685501245000069],[121.63288050100005,14.681992901000058],[121.6354589230001,14.684529053000063],[121.63761465300001,14.68275374600006],[121.6388827290001,14.684148630000038],[121.64157609100005,14.683822191000047],[121.6438727100001,14.681742665000058],[121.65039693800009,14.685673197000028],[121.65513584200005,14.686266261000071],[121.6591560810001,14.683677999000054],[121.66272967000009,14.686475919000031],[121.66292885300004,14.688808148000078],[121.67163012700007,14.691604229000063],[121.6700182410001,14.694701028000054],[121.66911889800008,14.691768851000063],[121.66568220200008,14.689919230000044],[121.66848896600004,14.69179076000006],[121.66766726700007,14.695152585000073],[121.67134080800008,14.696105115000023],[121.6717655860001,14.693813849000037],[121.67361264800002,14.693014637000033],[121.67652889100009,14.695261349000077],[121.68172957900003,14.694813671000077],[121.68944514000009,14.697000734000028],[121.69090620600002,14.699429888000054],[121.68947333300002,14.69777037800003],[121.688126871,14.700090987000067],[121.68167367300009,14.69786571000003],[121.67954563700005,14.701473062000048],[121.67827958600003,14.700970850000033],[121.67910277400006,14.69625250200005],[121.67797773100006,14.698515857000075],[121.67644908500006,14.698626576000038],[121.67919227900006,14.702202490000047],[121.68157979600005,14.698824996000042],[121.68289149700001,14.698887666000076],[121.68464245000007,14.70045409900007],[121.68501290100005,14.703923616000054],[121.68645800900003,14.703723564000029],[121.68663247800009,14.701177691000055],[121.69101392100004,14.700760624000054],[121.69327360600005,14.700941889000035],[121.69449208100002,14.704021921000049],[121.69716123300009,14.704199059000075],[121.69751939000002,14.700976011000023],[121.6951876600001,14.702970108000045],[121.69363457800011,14.700244483000063],[121.6916799820001,14.699922523000055],[121.69235522000008,14.698802044000047],[121.69891995000012,14.701072921000048],[121.70195966500012,14.703307162000044],[121.70409142800008,14.702014918000032],[121.70166106200008,14.70169668400007],[121.71413064100011,14.698613507000061],[121.71793484300008,14.693016807000049],[121.72284223200006,14.690792121000072],[121.7296792080001,14.69110205800007],[121.73403705300007,14.693309700000043],[121.73453133900011,14.694870344000037],[121.72068882400004,14.71455217700003],[121.71039459000008,14.725729475000037],[121.6774056370001,14.752004167000052],[121.66176793500006,14.768889216000048],[121.6622260150001,14.766923184000063],[121.65991178700006,14.765560293000021],[121.65904858800002,14.766567193000071],[121.6615923060001,14.769313499000077],[121.65917499400007,14.775087855000038],[121.65691929800005,14.77635187900006],[121.65574329900005,14.774238259000072],[121.65509275700003,14.776835620000043],[121.64744378500006,14.77102977900006],[121.64466410300008,14.767138225000053],[121.63926357900004,14.764914480000073],[121.63632505900011,14.761022926000066],[121.63576912200006,14.754034012000034],[121.633863055,14.749665941000046],[121.628939048,14.747918713000047],[121.61805858000002,14.752763301000073],[121.61074155100005,14.748009403000026],[121.60802999600003,14.741126226000063],[121.6092516860001,14.731948655000053],[121.6040371570001,14.725095275000058],[121.60072965600011,14.712788988000057],[121.5907899120001,14.708095143000037],[121.59080715300001,14.703581620000023],[121.58895972000005,14.700303916000053],[121.58520526000007,14.699648376000027],[121.5830300560001,14.702419525000039],[121.57996093400004,14.703224052000053],[121.57736856800011,14.702240741000026],[121.57336292900004,14.697482446000038],[121.56160118000003,14.699626993000038],[121.56007642100008,14.698919069000056],[121.56225464800002,14.695052716000077],[121.56192791400008,14.692820034000022],[121.55207143700011,14.695324995000021],[121.55076450100012,14.69429033700004],[121.55196252500002,14.686612087000071],[121.53922588700004,14.695259427000053],[121.52727209900002,14.691335572000071],[121.52344543000004,14.687083716000075],[121.52604513500012,14.68475127000005],[121.52589935700007,14.681556304000026],[121.52447802300003,14.681228304000058],[121.52095505700004,14.68411956600005],[121.51846468500003,14.682236601000056],[121.51585283100007,14.67686711500005],[121.51950942600001,14.674789780000026],[121.51913283300007,14.673064742000065],[121.51446794100002,14.671485481000047],[121.51415208900005,14.665763699000024],[121.50850319500012,14.662289326000064],[121.5074182940001,14.654098364000049],[121.50318307200007,14.652582050000035],[121.50496082000006,14.646621367000023],[121.5011961780001,14.640556111000024],[121.50177133200009,14.637784916000044],[121.50522225300006,14.634072561000039],[121.50516996600004,14.630569353000055],[121.502451059,14.628948466000054],[121.49962757700007,14.633079114000054],[121.49769297000012,14.633079114000054],[121.4964380890001,14.62136689600004],[121.49460805500007,14.617915974000027],[121.48577160400009,14.620634882000047],[121.48305269700006,14.619798295000066],[121.4813795230001,14.613942186000031],[121.4775103070001,14.61284416500007],[121.47646457400003,14.610543551000035],[121.47149733800006,14.615510786000073],[121.46679153600007,14.61483105900004],[121.46517064900002,14.611170991000051],[121.46558894200007,14.605837749000045],[121.461876587,14.604007715000023],[121.45689093600004,14.605046935000075],[121.4577716760001,14.598586687000022],[121.45200518700005,14.595771359000025]]],[[[121.65690898500009,14.77865343700006],[121.65823430000012,14.777114882000035],[121.65736611800003,14.779130096000074],[121.65690898500009,14.77865343700006]]]]}},{"type":"Feature","properties":{"shapeName":"Jomalig","shapeISO":"","shapeID":"30758251B10642262444602","shapeGroup":"PHL","shapeType":"ADM3","psgc_code":"0405621000","legacy_psgc_code":"045621000","province":"Quezon"},"geometry":{"type":"Polygon","coordinates":[[[122.40357791800011,14.733756071000073],[122.38174497300008,14.72964905300006],[122.37799262900012,14.722444615000029],[122.37261794400001,14.719160858000066],[122.37261343500006,14.717525128000034],[122.36001315100009,14.712290087000042],[122.34099062100006,14.710394283000028],[122.33695083300006,14.712293802000033],[122.33369786700007,14.711425330000054],[122.33174523200012,14.70852244300005],[122.3272408250001,14.70638163700005],[122.32483057800005,14.70095471600007],[122.31378562900011,14.694873721000022],[122.314726747,14.692086353000036],[122.31203806400003,14.69193380400003],[122.309663999,14.689086417000055],[122.30658647900009,14.676466754000046],[122.31355555800008,14.677643212000078],[122.32118950100005,14.67473966700004],[122.3269897020001,14.674687308000046],[122.33557403400005,14.679396342000075],[122.35017878000008,14.681508049000058],[122.36807623400011,14.681588563000048],[122.37509856000008,14.679604488000052],[122.38627217300007,14.68129090800005],[122.38707179000005,14.680441200000075],[122.39461457700008,14.68338916600004],[122.42118011800005,14.687132906000045],[122.43442653300008,14.695382851000033],[122.43616814500001,14.695244497000033],[122.43851297200001,14.701742978000027],[122.43444916600004,14.709688177000032],[122.42955647800011,14.713420409000037],[122.41466097400007,14.720233501000052],[122.41149720400006,14.728425536000032],[122.40771129500001,14.732332169000074],[122.40357791800011,14.733756071000073]]]}},{"type":"Feature","properties":{"shapeName":"Lopez","shapeISO":"","shapeID":"30758251B20509029806435","shapeGroup":"PHL","shapeType":"ADM3","psgc_code":"0405622000","legacy_psgc_code":"045622000","province":"Quezon"},"geometry":{"type":"MultiPolygon","coordinates":[[[[122.21634691400004,13.945071260000077],[122.21438972500005,13.943989209000051],[122.21631936800009,13.942856150000068],[122.21634691400004,13.945071260000077]]],[[[122.39459851600009,13.816908215000069],[122.39931081700001,13.862356607000038],[122.39046151100001,13.903254024000034],[122.3882087930001,13.906970152000042],[122.38631542400003,13.907420954000031],[122.3772993770001,13.901109722000058],[122.37351263800008,13.90264245000003],[122.3736929590001,13.898855710000078],[122.36978922000003,13.898504235000075],[122.36890391800011,13.90287272300003],[122.36350482700004,13.904625980000048],[122.36278354300009,13.907511114000044],[122.35854600100004,13.910756891000062],[122.35872632200005,13.913191224000059],[122.35674279200009,13.91418298900004],[122.3460136970001,13.907060312000056],[122.34520225300002,13.903273573000035],[122.34745626400002,13.90291293100006],[122.34592353700009,13.897683624000024],[122.33266994900009,13.89786394500004],[122.33077657900003,13.899486833000026],[122.3290635300001,13.89912619100005],[122.3278914440001,13.895700094000063],[122.32599807400004,13.895790254000076],[122.32554727200011,13.897593464000067],[122.3202646960001,13.898192129000051],[122.31773067400002,13.90019665400007],[122.31576358400002,13.90309015500003],[122.31564785600006,13.907372096000074],[122.31344902100011,13.909570931000076],[122.30652341500002,13.912109298000075],[122.30165475000001,13.907781596000063],[122.30085611000004,13.904914860000076],[122.29833185100006,13.909310042000072],[122.28939292700011,13.911388014000067],[122.28939292700011,13.915264914000034],[122.28704875500011,13.915535396000053],[122.28369606400008,13.919083441000055],[122.279660282,13.926911885000038],[122.27577037200001,13.927884363000032],[122.27693734500008,13.924188948000051],[122.27601349100007,13.923410966000063],[122.2668759280001,13.928063630000054],[122.26694353500011,13.930429880000077],[122.26464489300008,13.931308773000069],[122.2619744110001,13.938982182000075],[122.26045325100006,13.946824610000021],[122.25561934100006,13.95017116300005],[122.2494315240001,13.951734929000054],[122.24632658700011,13.954307591000031],[122.24638572900005,13.95770823600003],[122.24301465400004,13.958447507000074],[122.24254152100002,13.960665320000032],[122.23763276300008,13.963592832000074],[122.2332323490001,13.963546304000033],[122.23276625200003,13.96522425300003],[122.23085525400006,13.964664937000066],[122.227918842,13.967181861000029],[122.22554532000004,13.966797285000041],[122.22417235700004,13.972691910000037],[122.22016635600005,13.971850988000028],[122.21541336900009,13.973352918000046],[122.21522239100011,13.976928687000054],[122.20467944100005,13.983354331000044],[122.20057448300008,13.98959295000003],[122.19438341600005,13.991092760000072],[122.19111495800007,13.988846611000042],[122.18800366700009,13.990599559000032],[122.1870283400001,13.988549375000048],[122.18508048700005,13.988662715000032],[122.18547461800006,13.987169618000053],[122.18276956400007,13.984435279000024],[122.18384348900008,13.981762718000027],[122.18680098800007,13.982588100000044],[122.18989594800007,13.981090685000026],[122.19131563400003,13.971957264000025],[122.19380545800004,13.967222227000036],[122.19970225000009,13.959976955000059],[122.20294037200006,13.96038068300004],[122.20675541600008,13.956987427000058],[122.20845965500007,13.952776628000038],[122.21126807900009,13.953398294000067],[122.2137392190001,13.949796842000069],[122.22073576800005,13.94861111800003],[122.22211241800005,13.942598517000022],[122.22567315700007,13.94256727800007],[122.23017034500003,13.945778671000028],[122.23360613900002,13.944423056000062],[122.2362330520001,13.946425107000039],[122.23936903700007,13.945892007000054],[122.237616924,13.942506531000049],[122.2399935310001,13.944118764000052],[122.2431865740001,13.943716714000061],[122.24460703700004,13.937914578000061],[122.24844095200001,13.933083058000022],[122.2439302680001,13.923123305000047],[122.24391070000001,13.921469995000052],[122.246120732,13.920724054000061],[122.24561782700005,13.918420837000042],[122.24435627600008,13.919876760000022],[122.24505845600004,13.918257634000042],[122.24238697700002,13.915122574000065],[122.24384374300007,13.911886605000063],[122.2405609650001,13.909804965000035],[122.24191665800004,13.907896339000047],[122.23958947200003,13.906400633000032],[122.23578035000003,13.907083038000053],[122.23430675800012,13.905714597000042],[122.23505438400002,13.901859068000022],[122.23682463600005,13.900978743000053],[122.23493093700006,13.896139339000058],[122.23141412900009,13.894815571000038],[122.22825191100003,13.89685352600003],[122.22910206100005,13.898408552000035],[122.22850306700002,13.897383304000073],[122.2244218730001,13.897935957000072],[122.22067826400007,13.90115819600004],[122.21109738400003,13.902187853000044],[122.2093718000001,13.901302996000027],[122.21095074700008,13.899261766000052],[122.20923410400007,13.90059407700005],[122.20891580200009,13.898137362000057],[122.20744201800005,13.898921462000033],[122.20619963800004,13.897372327000028],[122.206264,13.893087595000054],[122.1934152120001,13.894744265000043],[122.19192149600008,13.88805988300004],[122.1930044400001,13.885109793000026],[122.1964773310001,13.884885735000069],[122.19673873200009,13.88242110300007],[122.19939007800008,13.880516614000044],[122.20039833700002,13.87771589600004],[122.20178002500006,13.877305124000031],[122.20204142500006,13.879620385000067],[122.203049684,13.87756652400003],[122.20532760200001,13.878313383000034],[122.2047674580001,13.872637260000033],[122.20768020500009,13.87039668500006],[122.20420731400009,13.845526304000032],[122.20030968200001,13.832632499000056],[122.19600707100005,13.807625871000027],[122.27495242000009,13.74842049700004],[122.30087028300011,13.729351789000077],[122.36459273300011,13.718106762000048],[122.3682881420001,13.73596475200003],[122.36569418400006,13.738764766000031],[122.35997673400004,13.75167594800007],[122.36410486500006,13.760827938000034],[122.3637543640001,13.76760430400003],[122.36624682000001,13.767020135000053],[122.36831088600002,13.769356813000059],[122.36659732200008,13.775159564000035],[122.36897294500011,13.775393232000056],[122.37613875800002,13.780650758000036],[122.39010984200002,13.793089868000038],[122.39408512400007,13.79358064400003],[122.39459851600009,13.816908215000069]]]]}},{"type":"Feature","properties":{"shapeName":"Lucban","shapeISO":"","shapeID":"30758251B44778470140505","shapeGroup":"PHL","shapeType":"ADM3","psgc_code":"0405623000","legacy_psgc_code":"045623000","province":"Quezon"},"geometry":{"type":"Polygon","coordinates":[[[121.65765618400007,14.101296310000066],[121.66367928500006,14.100355200000024],[121.6713963840001,14.102049198000032],[121.67516082200007,14.10562541400003],[121.6756206230001,14.113407382000048],[121.67340834200002,14.114015405000032],[121.67309038100007,14.120494946000065],[121.66574972600006,14.123130053000068],[121.65445641100007,14.124259384000027],[121.64514172400004,14.120246111000029],[121.64174952000008,14.11852489000006],[121.63839307,14.119196120000026],[121.63331758200002,14.124929119000058],[121.62405397500004,14.129377225000042],[121.62165278500004,14.129298498000026],[121.61751958900004,14.134455152000044],[121.61401621400012,14.135426125000038],[121.6131692460001,14.138024096000038],[121.60775927500003,14.139488804000052],[121.60859719600012,14.14110051800003],[121.6071817730001,14.144311112000025],[121.608976944,14.146520553000073],[121.60559373700005,14.149627580000072],[121.60804483600009,14.151284661000034],[121.6076347290001,14.159124298000052],[121.598515356,14.158885637000026],[121.59554110700003,14.161058379000053],[121.59066469700008,14.16078265300007],[121.58861644700005,14.15995547600005],[121.58734810700003,14.162011603000053],[121.58255047600005,14.16104262400006],[121.58022782100011,14.16320345500003],[121.58006872700003,14.160956249000037],[121.57581295700004,14.159325534000061],[121.57088103600006,14.15839085500005],[121.57016511200004,14.160757382000043],[121.5678184730001,14.162129569000058],[121.56491500300001,14.15960394900003],[121.56405987200003,14.161234664000062],[121.56133538400002,14.161115344000052],[121.55847168800005,14.16316368200006],[121.55632391600011,14.162308550000034],[121.55477274800012,14.164635303000068],[121.551391996,14.165311453000072],[121.5511334680001,14.167598433000023],[121.54813925100007,14.169304915000055],[121.54839169700006,14.171403681000072],[121.54330813000001,14.172656011000072],[121.54371610400005,14.174902572000065],[121.53474375000008,14.17494365400006],[121.53103813500002,14.173053872000025],[121.53058623000004,14.171484532000022],[121.5254233600001,14.170303899000032],[121.5283188410001,14.164312880000068],[121.53436409500011,14.163282697000056],[121.53533726,14.157077596000022],[121.53312133200006,14.159175054000059],[121.5314727010001,14.158913367000025],[121.52896930300005,14.155091058000039],[121.52862030800009,14.149675799000022],[121.52570335200005,14.145438421000051],[121.5146534810001,14.149341407000065],[121.51319233200002,14.148907012000052],[121.51313967800002,14.143128233000027],[121.5162796730001,14.139604846000054],[121.51547942600007,14.137953542000048],[121.51728315900004,14.135114567000073],[121.51586806000012,14.128346004000036],[121.51776661400004,14.125744738000037],[121.51515174200006,14.109498573000053],[121.50499363200004,14.090666848000069],[121.49208853200003,14.07325804800007],[121.48622751800008,14.07038226800006],[121.48737778300006,14.068562180000072],[121.49191249700004,14.067316409000057],[121.5060186400001,14.057448725000029],[121.51223407000009,14.058858155000053],[121.520486935,14.056508894000046],[121.52721787100006,14.061032169000043],[121.55214758200009,14.062137561000043],[121.55225870800007,14.064841625000042],[121.55439479400002,14.065434297000024],[121.55775738300008,14.063247458000035],[121.56402456100011,14.063280726000073],[121.56470754500003,14.06172078800006],[121.5740846010001,14.065766526000061],[121.57869721200007,14.065260501000068],[121.58231723500012,14.06232166500007],[121.5879808200001,14.063041777000024],[121.59362345700004,14.071558559000039],[121.59249005000004,14.074022231000072],[121.59878048300004,14.076286223000068],[121.60089159000006,14.075347360000023],[121.60201552700005,14.083858715000076],[121.60837052900001,14.084746620000033],[121.61030151700004,14.083057718000077],[121.61778555700005,14.090410199000075],[121.62208792000001,14.091362330000038],[121.62754504000009,14.095633750000047],[121.638117469,14.09626628500007],[121.64172159700001,14.099419476000037],[121.65332708000005,14.099037647000046],[121.65765618400007,14.101296310000066]]]}},{"type":"Feature","properties":{"shapeName":"Macalelon","shapeISO":"","shapeID":"30758251B15464702074966","shapeGroup":"PHL","shapeType":"ADM3","psgc_code":"0405625000","legacy_psgc_code":"045625000","province":"Quezon"},"geometry":{"type":"Polygon","coordinates":[[[122.27495242000009,13.74842049700004],[122.19600707100005,13.807625871000027],[122.18655881200004,13.809486997000022],[122.18184179400009,13.80895921900003],[122.17969769500007,13.810542553000062],[122.17956575000005,13.808002621000071],[122.17682790000003,13.808299496000075],[122.17504664900002,13.810311650000074],[122.17214386800003,13.807342898000059],[122.16835046200003,13.80698005000005],[122.1638783630001,13.801941413000065],[122.15780635800002,13.799959195000042],[122.1539649450001,13.800955676000058],[122.1485165690001,13.79658887200003],[122.14798572200004,13.79178364300003],[122.14589235100004,13.790698330000055],[122.1386127500001,13.790426196000055],[122.13556726000002,13.781081252000035],[122.13086721900004,13.77364476400004],[122.12168918200007,13.766125308000028],[122.11679706400002,13.758666577000042],[122.1188601,13.755728563000048],[122.1234565850001,13.754294221000066],[122.13295800700007,13.745300500000042],[122.13214416900007,13.74186039400007],[122.129190289,13.740318622000075],[122.13740632300005,13.726200214000073],[122.13702361600008,13.724283511000067],[122.13908607700012,13.721784523000053],[122.13771419700004,13.720277255000042],[122.14192591800008,13.71808610100004],[122.14283269700002,13.715391264000061],[122.14160840700004,13.714575796000076],[122.14593002300012,13.71312924800003],[122.14538554400008,13.714402163000045],[122.1503795860001,13.72029092400004],[122.14916324100011,13.716206506000049],[122.15305796300004,13.714943190000042],[122.15780545200005,13.715051360000075],[122.15952433000007,13.718354304000059],[122.16246084700003,13.716656302000047],[122.1637035650001,13.721589840000036],[122.17053694800006,13.725888588000032],[122.17420964000007,13.725350348000063],[122.17663171600009,13.722991594000064],[122.17906962300003,13.725065398000027],[122.17972613800009,13.72183319100003],[122.177947861,13.721276911000075],[122.17998538900008,13.720522928000037],[122.18032023800004,13.718495713000038],[122.18671578600004,13.718242424000039],[122.18882125200003,13.720917790000044],[122.19194710500005,13.719011300000034],[122.1907742950001,13.715030168000055],[122.19566099800011,13.716467433000048],[122.1950110030001,13.719160597000041],[122.19942773100001,13.719967956000062],[122.201602148,13.723071477000076],[122.20350945900009,13.721958878000066],[122.20313208300001,13.723039086000028],[122.20672804600008,13.722753591000071],[122.20638779700005,13.720983570000044],[122.20845115300006,13.723007425000048],[122.21293120300004,13.721218571000065],[122.2120921830001,13.72726584700007],[122.21505249900008,13.72886473400007],[122.21863020700005,13.726442657000064],[122.21786675100009,13.730552636000027],[122.21937424400005,13.729592940000032],[122.22187547300007,13.731460947000073],[122.22203482200007,13.734648843000059],[122.22570647000009,13.731650913000067],[122.2337800580001,13.732695731000035],[122.23693034100006,13.736542558000053],[122.24196446100007,13.739360399000077],[122.23968485900002,13.74008860500004],[122.23943157000008,13.74165583100006],[122.24539969400007,13.742843123000057],[122.24617737500012,13.745195194000075],[122.25109391800004,13.74462350300007],[122.25334257000009,13.745690660000037],[122.25524630500001,13.744663639000066],[122.26080283400006,13.749207011000067],[122.27495242000009,13.74842049700004]]]}},{"type":"Feature","properties":{"shapeName":"Mauban","shapeISO":"","shapeID":"30758251B43842848901261","shapeGroup":"PHL","shapeType":"ADM3","psgc_code":"0405627000","legacy_psgc_code":"045627000","province":"Quezon"},"geometry":{"type":"MultiPolygon","coordinates":[[[[121.82630932500001,14.306325829000059],[121.82230683300008,14.303629382000054],[121.81564850000007,14.303462875000037],[121.8138860030001,14.299998490000064],[121.80564006700001,14.295511030000057],[121.80393840500005,14.29268184700004],[121.808009405,14.288725490000047],[121.8060537240001,14.28307434800007],[121.80702942300002,14.271505028000036],[121.8111890780001,14.268857217000061],[121.8165145270001,14.268028481000044],[121.82029548500009,14.259471376000022],[121.81711553800005,14.25064210000005],[121.82079319000002,14.248830264000048],[121.82405016700011,14.250264801000071],[121.83200270500004,14.260109820000025],[121.83178804800002,14.26821848700007],[121.83972212900005,14.274850428000036],[121.83906354300007,14.280167358000028],[121.84193740100011,14.283500041000025],[121.8434430430001,14.283114617000024],[121.84861313300007,14.286852149000026],[121.84839443900012,14.292467092000038],[121.85011290900002,14.293713550000064],[121.85145168600002,14.298514331000035],[121.85098571600008,14.29994094500006],[121.84118172700005,14.298256124000034],[121.83723661300007,14.299114545000066],[121.83222318500009,14.302744412000038],[121.82872810000003,14.302496193000025],[121.82780326200009,14.305752057000063],[121.82630932500001,14.306325829000059]]],[[[121.83228877500005,14.078139540000052],[121.82367124200005,14.082310928000027],[121.81927697000003,14.088108087000023],[121.81169350900007,14.092078234000041],[121.80544630400004,14.099413178000077],[121.77846369000008,14.117738817000031],[121.77079467500005,14.12379274400007],[121.77056228800006,14.12559142400005],[121.7691068360001,14.123910528000067],[121.76794192900002,14.126761737000038],[121.75918778100004,14.134355036000045],[121.745843981,14.149709913000038],[121.738616,14.16088411100003],[121.73516881000012,14.169799509000029],[121.73367120900002,14.169394839000063],[121.73352196400003,14.17210788500006],[121.729639012,14.177372757000057],[121.73138669800005,14.177894955000056],[121.73343114200009,14.175177424000026],[121.73138294900002,14.183961059000069],[121.7338640370001,14.191214333000062],[121.73524063700006,14.191581171000053],[121.73734136700011,14.189382756000043],[121.73571107200007,14.192766178000056],[121.73979032700004,14.195208284000046],[121.74552843700008,14.195753140000022],[121.74751673700007,14.19864504900005],[121.7465075880001,14.201467996000076],[121.74937323100005,14.206063358000051],[121.75390661300003,14.204293986000039],[121.75240975200006,14.220012960000076],[121.75463530600007,14.225620633000062],[121.75925861400003,14.226168255000061],[121.75823053700003,14.230570514000021],[121.76130176900006,14.230593493000072],[121.76170684100009,14.228713950000042],[121.76164797000001,14.230907653000031],[121.75785002700002,14.231506911000054],[121.75968065400002,14.233838773000059],[121.75827330000004,14.247258758000044],[121.74349221800003,14.260179052000069],[121.73993699900007,14.260713097000064],[121.73502471300003,14.264313552000033],[121.72858719400006,14.27405833000006],[121.72928163400002,14.284695465000027],[121.73417211000003,14.290650090000042],[121.7324724660001,14.291707429000041],[121.73461826100004,14.297661761000029],[121.73343025300005,14.302586979000068],[121.73437085800003,14.305967015000022],[121.7316088550001,14.307512418000044],[121.73306638300005,14.309373165000068],[121.73140413100009,14.310175940000022],[121.73053066300008,14.316319316000033],[121.72847939500002,14.319279557000073],[121.72766815900002,14.326294499000028],[121.7240162810001,14.329203565000057],[121.72016539200001,14.337391068000045],[121.71630668400007,14.338350897000055],[121.7161241980001,14.339963803000046],[121.71756254400009,14.340380904000028],[121.71462193900004,14.341524739000022],[121.71256580800002,14.345269489000032],[121.70293769700004,14.352503910000053],[121.69812112400007,14.359669411000027],[121.69214724000005,14.364150377000044],[121.68028565600002,14.381214862000036],[121.67143899900009,14.38845873400004],[121.66815519500005,14.388895341000023],[121.66308985800003,14.392190880000044],[121.66133837300004,14.395025480000072],[121.6584051430001,14.402070739000067],[121.6592490060001,14.404837748000034],[121.65754125800004,14.406141361000039],[121.65918751800007,14.42315787800004],[121.65394168400007,14.430676910000045],[121.65213712100001,14.442300119000038],[121.64509589900001,14.440751224000053],[121.63815007300002,14.436977351000053],[121.634259627,14.432892955000057],[121.62968766800009,14.430724455000075],[121.62883080000006,14.42796590000006],[121.62684069400007,14.428769794000061],[121.62161442500008,14.421862151000028],[121.61858051800004,14.420621418000053],[121.61479022500009,14.422460872000045],[121.61209907600005,14.419872433000023],[121.59814709800003,14.414351769000064],[121.59813579200011,14.411072955000066],[121.59612330000004,14.40882306900005],[121.59878249400003,14.395479325000053],[121.62574545700011,14.392501353000057],[121.62854524500005,14.359426459000076],[121.6275000490001,14.328186472000027],[121.62929992200009,14.308289740000077],[121.63451880200012,14.289790898000035],[121.63412066400008,14.267710321000038],[121.63840262300005,14.261715681000055],[121.63823360300012,14.258509888000049],[121.6395685970001,14.257672934000027],[121.63870157200006,14.25354920500007],[121.64166057800003,14.254856103000066],[121.6419185520001,14.250815362000026],[121.63958953000008,14.247045618000072],[121.64032951500008,14.244657768000025],[121.64245851700002,14.24528671400003],[121.6440025060001,14.243659810000054],[121.6480674500001,14.235209330000032],[121.65032538700007,14.225399948000074],[121.64574822700001,14.199271658000043],[121.65270620900003,14.197102757000039],[121.65473523100002,14.195425886000066],[121.65455153200003,14.192258469000024],[121.65929346900009,14.191831157000024],[121.66362115800007,14.186569705000068],[121.66648241900009,14.184988481000062],[121.66788795100001,14.186168124000062],[121.66871815000002,14.184355130000029],[121.67164872,14.183922769000048],[121.67477041300003,14.179352051000023],[121.67757356700008,14.182255086000055],[121.68267810000009,14.181562622000058],[121.68165088100011,14.179352051000023],[121.68324358200005,14.17459593500007],[121.68101380100006,14.17064272400006],[121.6833709980001,14.162241923000067],[121.680458928,14.156936534000067],[121.67924492500003,14.156408576000047],[121.67864308000003,14.15775205500006],[121.67728492700007,14.156425586000069],[121.67332495500011,14.160572342000023],[121.66951793500004,14.156942599000047],[121.670136909,14.152813861000027],[121.66289588300003,14.147877223000023],[121.65872184400007,14.141110684000068],[121.65994283000009,14.139019812000072],[121.6493838020001,14.133286244000033],[121.64694977900001,14.129372511000042],[121.64758675300004,14.125130781000053],[121.64514172400004,14.120246111000029],[121.65445641100007,14.124259384000027],[121.66574972600006,14.123130053000068],[121.67309038100007,14.120494946000065],[121.67340834200002,14.114015405000032],[121.6756206230001,14.113407382000048],[121.67516082200007,14.10562541400003],[121.6713963840001,14.102049198000032],[121.66367928500006,14.100355200000024],[121.65765618400007,14.101296310000066],[121.65695429000004,14.092905520000045],[121.65937901000007,14.090759750000075],[121.66270494000003,14.090309140000045],[121.66442156000005,14.085330960000022],[121.67443529000002,14.096266612000022],[121.68428355900005,14.098058313000024],[121.69048654900007,14.09715333400004],[121.69288052700006,14.093319037000072],[121.69395477300009,14.094916634000072],[121.69678821000002,14.094615],[121.69551431000002,14.092647950000071],[121.69717951700011,14.093754124000043],[121.70068502000004,14.092111590000059],[121.70334578000006,14.092690940000068],[121.7093753800001,14.08955812000005],[121.70971870000005,14.08790588000005],[121.71877251600006,14.095071302000065],[121.72255109000002,14.093940605000057],[121.72721017300012,14.089552925000078],[121.7297974810001,14.090591526000026],[121.73948844200004,14.085493799000062],[121.74191099200004,14.086188810000067],[121.74673031700002,14.07938901600005],[121.74598177200005,14.076898667000023],[121.75068895600009,14.072004334000042],[121.7490479170001,14.071255790000066],[121.74959494300003,14.069989028000066],[121.75258912000004,14.069125323000037],[121.75166783500003,14.06685089900003],[121.7540430250001,14.065195458000062],[121.75329448100001,14.062964220000026],[121.7544892730001,14.060963303000051],[121.74709797000003,14.06082630000003],[121.74310684000011,14.058980940000026],[121.74190521000003,14.056684970000049],[121.80612397300001,14.048523415000034],[121.82161800600011,14.055774854000049],[121.82567703100005,14.060358534000045],[121.83228877500005,14.078139540000052]]]]}},{"type":"Feature","properties":{"shapeName":"Mulanay","shapeISO":"","shapeID":"30758251B87111150812734","shapeGroup":"PHL","shapeType":"ADM3","psgc_code":"0405628000","legacy_psgc_code":"045628000","province":"Quezon"},"geometry":{"type":"Polygon","coordinates":[[[122.36623832200007,13.548256811000044],[122.36673280800005,13.546542241000054],[122.36941574500008,13.54650853000004],[122.38265268500004,13.534422880000022],[122.39747068100007,13.52542817400007],[122.40185701500002,13.524247646000049],[122.4036766480001,13.520586809000065],[122.40203175400006,13.519371782000064],[122.40363420800008,13.518190772000025],[122.402367034,13.513476259000072],[122.4050302920001,13.51262956200003],[122.407128209,13.508313534000024],[122.40458228600005,13.502900847000035],[122.41114030800009,13.493242572000042],[122.41329320800003,13.483941080000022],[122.41974766300007,13.476239805000034],[122.42855203800002,13.470047150000028],[122.4318075760001,13.462388031000046],[122.43387306600005,13.462575141000059],[122.43629588500005,13.45849196000006],[122.44504665700003,13.452173324000057],[122.44669312700012,13.453889167000057],[122.4486884370001,13.451262125000028],[122.44762735100005,13.449433107000061],[122.45019420300002,13.444172035000065],[122.47277408000002,13.420041322000031],[122.48777855900005,13.410557565000033],[122.48640884300005,13.41039229200004],[122.48932742600005,13.407284921000041],[122.49032907800006,13.40301835200006],[122.4939751600001,13.404672150000067],[122.4933528900001,13.41025114000007],[122.49803066000004,13.412353990000042],[122.50345945000004,13.412139420000074],[122.50303030000009,13.414864540000053],[122.50623207600006,13.419348763000073],[122.50922371700005,13.42018130200006],[122.5173748520001,13.427702454000041],[122.53469744800009,13.436178813000026],[122.54807468400008,13.43836725500006],[122.55510235600002,13.446350444000075],[122.54881443900001,13.471594582000023],[122.548505384,13.478067734000035],[122.54443709000009,13.486454679000076],[122.54174575700006,13.487017981000065],[122.54265329900011,13.492431942000053],[122.54068174100007,13.491430516000037],[122.53756399800011,13.493848877000062],[122.53916680100008,13.494496163000065],[122.53605366500005,13.49686954300006],[122.5365160120001,13.500969019000024],[122.53448168600005,13.500599141000066],[122.53380357700007,13.505869896000036],[122.53072126500001,13.505222610000033],[122.52964245600003,13.507133644000021],[122.52434087800009,13.507935045000067],[122.522460668,13.512681806000046],[122.51670201000002,13.518679903000077],[122.51186147500005,13.52763993800005],[122.5099291780001,13.535954943000036],[122.49468453500003,13.55469331200004],[122.50032533400008,13.563145323000072],[122.49249803700002,13.567904173000045],[122.47985676700011,13.579296015000068],[122.47607173600011,13.587858270000027],[122.47173548700005,13.592892729000027],[122.46582753200005,13.595027594000044],[122.45688004400006,13.610660451000058],[122.45706182200001,13.619628137000063],[122.45348686600005,13.62395040000007],[122.44803354300007,13.635341785000037],[122.43926783200004,13.644753815000058],[122.41486926400012,13.651681555000039],[122.40372301600007,13.651040740000042],[122.39665112800003,13.63843200100007],[122.39655014000004,13.619143397000073],[122.3903697080001,13.617022661000021],[122.3859068370001,13.598660879000022],[122.38343863400007,13.601129082000057],[122.38072169800012,13.598708713000065],[122.3781673950001,13.600574215000051],[122.3772872610001,13.599464480000051],[122.3790475300001,13.596058743000071],[122.37377629100001,13.59199290600003],[122.37588096000002,13.59051007100004],[122.37576615900002,13.587324367000065],[122.38241140600007,13.581961093000075],[122.38096686100005,13.581219300000043],[122.38143536200005,13.577256560000023],[122.37965896100002,13.575694889000033],[122.38282134500002,13.57391848800006],[122.38334840900006,13.572649630000058],[122.38143536200005,13.572103045000063],[122.38364122200005,13.570931792000067],[122.37799648400005,13.568185328000027],[122.37949854600004,13.566674354000043],[122.3775702260001,13.564341925000065],[122.37189559600006,13.56453693800006],[122.36975076500005,13.56287620300003],[122.3707982410001,13.56035477200004],[122.36860718700007,13.556329202000029],[122.3664829380001,13.555692613000076],[122.36890280900002,13.553857114000039],[122.36625918000004,13.553420698000025],[122.36623832200007,13.548256811000044]]]}},{"type":"Feature","properties":{"shapeName":"Padre Burgos","shapeISO":"","shapeID":"30758251B51252146080167","shapeGroup":"PHL","shapeType":"ADM3","psgc_code":"0405629000","legacy_psgc_code":"045629000","province":"Quezon"},"geometry":{"type":"MultiPolygon","coordinates":[[[[121.78489754200007,13.909502893000024],[121.7892785680001,13.906875813000056],[121.79052045500009,13.90122702900004],[121.7848297700001,13.892296025000064],[121.78382334500009,13.880688382000073],[121.7807688480001,13.879283004000058],[121.79220595600009,13.880078441000023],[121.80128927500004,13.894763166000075],[121.80216299500012,13.898940806000041],[121.79805429800001,13.904314906000025],[121.79872365000006,13.905836043000022],[121.79382249000003,13.91123611300003],[121.7853478400001,13.910605631000067],[121.78489754200007,13.909502893000024]]],[[[121.9197626890001,13.92348381000005],[121.90793198600011,13.922936138000068],[121.90028437,13.929538739000066],[121.89648431300009,13.928541223000025],[121.89396677400009,13.92977624200006],[121.89111673100001,13.92792371400003],[121.88275660400006,13.929016231000048],[121.879431554,13.92683119700007],[121.87819653500003,13.92740120600007],[121.87705651800002,13.923126141000068],[121.87140393200002,13.922366130000057],[121.86214129200005,13.934193809000021],[121.86361381400002,13.93823137000004],[121.86532384000009,13.937803864000045],[121.86570384600009,13.94122391600007],[121.86161878400003,13.941508920000047],[121.85800872900006,13.94511897500007],[121.85577619500009,13.956614149000075],[121.85382866600003,13.956994155000075],[121.85534868900004,13.961981731000037],[121.85715371600008,13.962694241000065],[121.85724871800005,13.965639286000055],[121.86204629000008,13.971339373000035],[121.8502661120001,13.978986989000077],[121.84261849600011,13.970389358000034],[121.83886593900002,13.971434374000069],[121.83288084800006,13.97570943900007],[121.82553452700006,13.985316676000025],[121.81970356200009,13.988250443000027],[121.81425938400002,13.976838825000073],[121.80017177900004,13.973334684000065],[121.80145059400002,13.953415633000077],[121.79960523300008,13.945714519000035],[121.80129589900002,13.945650508000028],[121.802495195,13.947769864000065],[121.81380755400005,13.943651114000033],[121.81843728800004,13.939529230000062],[121.81721069500009,13.939455346000045],[121.81733304400007,13.933733739000047],[121.81576249700004,13.933273217000021],[121.81788796100011,13.931101574000024],[121.81799816000012,13.92740494900005],[121.81224870200003,13.921755952000069],[121.81072301000006,13.918987594000043],[121.81267190000005,13.91680642800003],[121.80960736100008,13.915400022000028],[121.80962687100009,13.913554781000073],[121.81466925600012,13.912342654000042],[121.81609405100005,13.907595580000077],[121.82160294300002,13.905595869000024],[121.82232227600002,13.904208675000064],[121.8208830530001,13.902552078000042],[121.82242017600004,13.899615112000049],[121.82593946800012,13.90135340300003],[121.82892529500009,13.899353743000063],[121.8240960500001,13.895967703000053],[121.82271255,13.893235762000074],[121.82569838000006,13.89174317000004],[121.83016840900007,13.900207529000056],[121.83350106700004,13.902558572000032],[121.83689703900006,13.90255834900006],[121.84332114300003,13.895434787000056],[121.843448254,13.890845568000032],[121.84449839400008,13.89083593600003],[121.84574516200007,13.893560667000031],[121.84447915700002,13.900603326000066],[121.84922399600009,13.902283897000075],[121.85052911000002,13.900321091000023],[121.84960623200004,13.898129909000033],[121.85485545900008,13.895299442000066],[121.85692545100005,13.889834964000045],[121.8552464820001,13.885247608000043],[121.85877027800007,13.888048126000058],[121.86254623900004,13.888333309000075],[121.86361654500001,13.890886518000059],[121.87010622800005,13.894517396000026],[121.87032458800002,13.897299609000072],[121.87434240000005,13.892919500000062],[121.8756712820001,13.89382785600003],[121.87877705400001,13.88980562100005],[121.88178254900004,13.888583716000028],[121.88228605800009,13.890716558000065],[121.88344372200004,13.890486180000039],[121.88494690000005,13.885063856000045],[121.8835534860001,13.882666992000054],[121.88567419700007,13.882549629000039],[121.88663432600003,13.879022207000048],[121.88881026100012,13.87823701700006],[121.88925801200003,13.877095243000042],[121.88952212600009,13.879388327000072],[121.89015745000006,13.877968190000047],[121.89165233100005,13.878865119000068],[121.891857877,13.881527875000074],[121.89270809000004,13.880799121000052],[121.8942310000001,13.882658379000077],[121.89612763000002,13.881770793000044],[121.89708061600004,13.883583336000072],[121.89987417500004,13.883471220000047],[121.90249021600005,13.88026656900007],[121.90653267000005,13.879978190000031],[121.90544618700005,13.884149411000067],[121.90739530400003,13.884640785000045],[121.90659818600011,13.88658444300006],[121.90817604300003,13.886060311000051],[121.90709138000011,13.889395286000024],[121.90838351200011,13.888809276000075],[121.90907405100006,13.891080350000038],[121.91047217700009,13.890233512000066],[121.90940995200003,13.892730871000026],[121.91129144600006,13.892708270000071],[121.90992976400003,13.89377049500007],[121.91093548800006,13.894550213000059],[121.9093082500001,13.895861043000025],[121.90989586300009,13.897279226000023],[121.90688999300005,13.898759561000077],[121.90793993500006,13.900655924000034],[121.90980687600006,13.900078706000045],[121.91113267500009,13.901548809000076],[121.90971668600002,13.901269219000028],[121.90858028700006,13.903776512000036],[121.90945513300005,13.904669396000031],[121.90738977300009,13.905436015000078],[121.90883282000004,13.907005328000025],[121.90709214500009,13.909323221000022],[121.9197626890001,13.92348381000005]]]]}},{"type":"Feature","properties":{"shapeName":"Pagbilao","shapeISO":"","shapeID":"30758251B2518509658018","shapeGroup":"PHL","shapeType":"ADM3","psgc_code":"0405630000","legacy_psgc_code":"045630000","province":"Quezon"},"geometry":{"type":"MultiPolygon","coordinates":[[[[121.77860353100004,13.901742472000024],[121.77780185800009,13.900795057000039],[121.7789924440001,13.900008230000026],[121.77860353100004,13.901742472000024]]],[[[121.7853478400001,13.910605631000067],[121.78537463600003,13.913057259000027],[121.7888491220001,13.917030311000076],[121.78768288300012,13.918078508000065],[121.789641361,13.91912966700005],[121.78898139500006,13.921163948000071],[121.7913618020001,13.922140797000054],[121.79132581600004,13.926058081000065],[121.78804303100003,13.930126375000043],[121.79105760300001,13.932040241000038],[121.78851330400005,13.935534971000038],[121.78878885100005,13.937967783000033],[121.79036437000002,13.93877900900003],[121.78508167500001,13.937036712000065],[121.78061922400002,13.937367120000033],[121.76516420200005,13.940809568000077],[121.76311167300003,13.940076582000074],[121.75559100500004,13.943297913000038],[121.75443008700006,13.941588774000024],[121.7533521360001,13.942914034000069],[121.74989974300001,13.942490090000035],[121.74917435100008,13.940927462000047],[121.74727853500008,13.94221049400005],[121.74782218500002,13.93894556600003],[121.74615868400008,13.938349109000058],[121.74642134500004,13.936339560000022],[121.74765310700002,13.936984886000062],[121.74744079100003,13.935588976000076],[121.74864136700012,13.936705326000038],[121.75423632400009,13.934391789000074],[121.75324095000008,13.931828321000069],[121.7545694260001,13.92828144300006],[121.75099559300008,13.925650090000033],[121.75314433100004,13.923599986000056],[121.74880526000004,13.919921844000044],[121.74209187400004,13.921016210000062],[121.73827430500012,13.919129775000044],[121.73870072700004,13.917717539000023],[121.74383713800012,13.915328411000075],[121.7445051950001,13.913098279000053],[121.74237726700005,13.912187105000044],[121.74431348900009,13.912479399000063],[121.74690484400003,13.910303528000043],[121.74598632100003,13.908271598000056],[121.74256065000009,13.909647957000061],[121.74426469000002,13.907325799000034],[121.74232716800009,13.906118500000048],[121.74388075900004,13.906130770000061],[121.74497602600002,13.904079859000035],[121.73958628300011,13.902228579000052],[121.74382917900004,13.903284717000076],[121.74221427500004,13.900527263000072],[121.73866841300003,13.90011841300003],[121.74183015100004,13.89186150100005],[121.74538732400003,13.888114056000063],[121.74838999000008,13.888136756000051],[121.75007521000009,13.884571872000038],[121.75475332400003,13.88365643800006],[121.75639678200002,13.885306846000049],[121.75476216000004,13.891542977000029],[121.75809860800007,13.887994853000066],[121.76033962800011,13.892544526000052],[121.77003884500004,13.895060860000058],[121.77047307200007,13.896490534000066],[121.77279530400006,13.896909571000037],[121.77172732100007,13.898580554000034],[121.77355838100004,13.90210178500007],[121.77532766500008,13.901384999000072],[121.77751309400003,13.903071508000039],[121.779553544,13.908030568000072],[121.78489754200007,13.909502893000024],[121.7853478400001,13.910605631000067]]],[[[121.71664467800008,13.951679553000076],[121.71641381300003,13.945397735000029],[121.71872094000003,13.945003830000076],[121.72028074800005,13.948719954000069],[121.71664467800008,13.951679553000076]]],[[[121.74018860000001,14.055376050000064],[121.73842907000005,14.056384560000026],[121.72658023400004,14.050374146000024],[121.72046920000003,14.044169583000041],[121.71544921600002,14.046142485000075],[121.70803322400002,14.046516504000067],[121.70079483000006,14.042732370000067],[121.69154146000005,14.035125120000032],[121.68533675000003,14.027357700000039],[121.65723708400003,14.018140638000034],[121.65290305200006,14.012342039000032],[121.65303303600001,14.009900196000046],[121.65019807700003,14.00821232900006],[121.64817618300003,14.008811087000026],[121.6491220480001,14.006884648000039],[121.64504355000008,14.005530934000035],[121.64614561200005,13.999491286000023],[121.63956693700004,13.99220242000007],[121.63451588900011,13.983814993000067],[121.64049515500005,13.981286543000067],[121.64082409100001,13.972874986000022],[121.64221062600006,13.973521277000032],[121.64496946100007,13.970634322000024],[121.64971841600004,13.971351790000028],[121.64990063000005,13.968997242000057],[121.65292469200006,13.96739604000004],[121.65016345900005,13.964043762000074],[121.65048266600002,13.958192390000022],[121.64863254000011,13.957495381000058],[121.65044918800004,13.955109519000075],[121.6525429830001,13.955405382000038],[121.65200837800012,13.950065967000057],[121.68228484200006,13.930492301000072],[121.68965565300005,13.927660600000024],[121.68994272100008,13.925658328000054],[121.69273459800002,13.926163827000039],[121.69218227300007,13.923115556000027],[121.69014515100002,13.920492428000045],[121.6953116410001,13.918421900000055],[121.70094093000012,13.920046438000043],[121.70229041400012,13.922424478000039],[121.70399509300012,13.920923858000037],[121.70283649500004,13.922274495000067],[121.70396920200005,13.923601531000031],[121.7082573560001,13.922280815000022],[121.70362053200006,13.925329430000033],[121.70297032400003,13.927731101000063],[121.70412762800004,13.929015494000055],[121.70163488800006,13.927959456000053],[121.69833042500011,13.931282644000078],[121.69826388500007,13.93426835400004],[121.70025659500004,13.935811870000066],[121.69760199900009,13.938218190000043],[121.69702693600004,13.94579415100003],[121.69410237000011,13.94550251100003],[121.68863893600007,13.949935603000029],[121.69279604700012,13.953096482000035],[121.69244534400002,13.955550490000064],[121.69524388200011,13.956865180000023],[121.69459277700003,13.959671405000051],[121.69598114700011,13.962270599000021],[121.70044389300006,13.963649674000067],[121.7004686030001,13.96483691800006],[121.70236135800008,13.96432307300006],[121.70623031800005,13.958950008000045],[121.70598482100002,13.96183383400006],[121.70848346900004,13.963967341000057],[121.70867758300005,13.96763850900004],[121.71380014400006,13.970787488000042],[121.72585424100009,13.968419993000055],[121.72887040100011,13.966650282000046],[121.73335498800009,13.968382786000063],[121.73872398500009,13.96563969600004],[121.73987715100009,13.967291867000029],[121.74179170200011,13.965307178000046],[121.75039688700008,13.968875400000059],[121.75604835100012,13.965093050000064],[121.75703244600004,13.962725742000032],[121.76217088200008,13.961606322000023],[121.77103858700002,13.946464372000037],[121.78152281200005,13.942188293000072],[121.78419483300002,13.939236727000036],[121.78724231000001,13.941076148000036],[121.7880146440001,13.93946685800006],[121.78770791700003,13.944122504000063],[121.7856397380001,13.94543933400007],[121.78856904200006,13.945651329000043],[121.78979886200011,13.949376235000045],[121.79137797100009,13.948024709000038],[121.79750960500007,13.947891252000034],[121.79938839500005,13.94627147400007],[121.79957053800001,13.945750343000043],[121.79960523300008,13.945714519000035],[121.80145059400002,13.953415633000077],[121.80017177900004,13.973334684000065],[121.81425938400002,13.976838825000073],[121.81970356200009,13.988250443000027],[121.79233931700003,14.00830643200004],[121.7659020960001,14.03259806400007],[121.75732713900004,14.038619725000046],[121.74018860000001,14.055376050000064]]]]}},{"type":"Feature","properties":{"shapeName":"Panukulan","shapeISO":"","shapeID":"30758251B73840124509325","shapeGroup":"PHL","shapeType":"ADM3","psgc_code":"0405631000","legacy_psgc_code":"045631000","province":"Quezon"},"geometry":{"type":"Polygon","coordinates":[[[121.94665304000011,15.043452866000052],[121.93611060700005,15.039918005000061],[121.93601099700004,15.043898942000055],[121.9381534360001,15.044431512000074],[121.9379013360001,15.046448995000048],[121.94005351400006,15.048062513000048],[121.93864675100008,15.052296205000061],[121.9361966460001,15.053201490000049],[121.93774477700003,15.054736517000038],[121.93411123700002,15.056367054000077],[121.93501659700007,15.058934363000049],[121.93156122200003,15.056389934000038],[121.93225156800008,15.053669306000074],[121.93000955100001,15.053800567000053],[121.92930693000005,15.052001892000021],[121.92537897400007,15.050293372000056],[121.92590192300008,15.04931302700004],[121.91617320000012,15.045972161000066],[121.91251345800003,15.046222103000048],[121.91131545300004,15.043671966000034],[121.91003328500005,15.044508826000026],[121.91066623300003,15.042810434000046],[121.9100295400001,15.043804316000035],[121.90404997300004,15.039674642000023],[121.9033938230001,15.04052099100005],[121.900566894,15.037246436000032],[121.90182370000002,15.035190872000044],[121.89683076900008,15.037640992000036],[121.89287262500011,15.036251808000031],[121.89021726800001,15.032162123000035],[121.89027050200002,15.030858786000067],[121.89201581000009,15.03100207600005],[121.89128437500005,15.027703362000068],[121.89007351300006,15.02918849100007],[121.88893588000008,15.027091580000047],[121.88829253500012,15.029177537000066],[121.88481993700009,15.028404267000042],[121.88399695800001,15.032294086000036],[121.88167165800007,15.032643069000073],[121.88033692800002,15.036788732000048],[121.88088274600011,15.031403513000043],[121.87936358400009,15.031380072000047],[121.87941957200007,15.033522417000029],[121.87780679900004,15.034807619000048],[121.87170404900007,15.03012459000007],[121.86705527700008,15.029930102000037],[121.86591152500012,15.028134502000057],[121.8667033910001,15.021653461000028],[121.86507473800009,15.021396544000027],[121.86336524400008,15.02677802900007],[121.8638084700001,15.031428423000023],[121.86072093000007,15.027622974000053],[121.85819484600006,15.027555622000023],[121.85945073800008,15.029841309000062],[121.85627031100012,15.039699840000026],[121.84563423000009,15.040879905000054],[121.83693888200003,15.03924087200005],[121.83490191400006,15.033868675000065],[121.83155078900006,15.030122494000068],[121.83147764800003,15.027082212000039],[121.82950746800009,15.025648232000037],[121.82978482500005,15.022749302000022],[121.82746952000002,15.02236940000006],[121.82996586800004,15.022122788000047],[121.82999204400005,15.020757251000077],[121.83267299500005,15.019854156000065],[121.83181660600007,15.019178436000061],[121.8338650500001,15.019055388000027],[121.83230953500004,15.018243616000063],[121.83438838500001,15.016565847000038],[121.8346040990001,15.01410770900003],[121.83196688500004,15.010761996000042],[121.83569345600006,15.008153525000068],[121.83565639300002,15.005991818000041],[121.83429712300006,15.005902370000058],[121.83020471100008,15.011415687000067],[121.82862201600005,15.011247667000077],[121.82896503300003,15.012868508000054],[121.82762870900001,15.013350022000054],[121.82671566600004,15.011142603000053],[121.82774594500006,15.009682466000072],[121.82876736600008,15.010535082000047],[121.82914729400011,15.006168740000078],[121.83344756300005,15.003793786000074],[121.83501106100005,14.999167494000062],[121.83341235700004,14.99908681200003],[121.83260273500002,14.997297719000073],[121.83656187100007,14.996612127000049],[121.83737927700008,14.99457721500005],[121.83616456200002,14.99197123700003],[121.84008007700004,14.988778210000078],[121.83803181100006,14.988242554000067],[121.83875498400005,14.985102164000068],[121.8355050560001,14.983889126000065],[121.83530455400012,14.981590098000027],[121.83188358000007,14.98286716900003],[121.83336926000004,14.986224390000075],[121.83695890600006,14.988675711000042],[121.83413633100008,14.990229570000054],[121.83491220400003,14.995057272000054],[121.83336962200008,14.994492648000062],[121.83062378000011,14.996912727000051],[121.83042312600003,14.993351829000062],[121.82801993100009,14.994959619000042],[121.82721130300001,14.991368187000035],[121.82648033800001,14.993558875000076],[121.82562276600004,14.991690461000076],[121.82462366200002,14.99452556500006],[121.82575763000011,14.996927281000069],[121.8315001310001,14.999372076000043],[121.83179324900004,15.003261629000065],[121.82190802000002,15.00438844200005],[121.82005420900009,15.002520101000073],[121.81908939900006,14.994823944000075],[121.81321250400003,14.98167223400003],[121.81440661300007,14.977432240000041],[121.81807212800004,14.973979514000064],[121.817967167,14.97111310300005],[121.8160613330001,14.966511767000043],[121.81397596700003,14.967892307000056],[121.81598663600005,14.966368201000023],[121.81489542600002,14.966649104000055],[121.81461038200007,14.964782038000067],[121.80967529100008,14.960908712000048],[121.81072017400004,14.95973742800004],[121.80987307100008,14.951548498000022],[121.80575355100007,14.946582584000055],[121.80624381500002,14.944756373000075],[121.80146723700011,14.936296556000059],[121.80194424800004,14.933416928000042],[121.80560048400002,14.925955513000076],[121.8095359990001,14.923617191000062],[121.8141717530001,14.924078012000052],[121.8152313710001,14.925818588000027],[121.81465274100003,14.931885804000046],[121.82076794600005,14.937222634000022],[121.82301972700009,14.937030611000068],[121.8221719610001,14.935558823000065],[121.82553627800007,14.93344703300005],[121.82626465600003,14.929402743000026],[121.83076161100007,14.928449711000042],[121.83195384100009,14.930433359000062],[121.83092183100007,14.938758822000068],[121.83320619200003,14.94680981600004],[121.83117766400005,14.948917920000042],[121.82683949700004,14.94784568800003],[121.82381045500006,14.95240499700003],[121.8233257070001,14.956326748000038],[121.83048359300005,14.952800840000066],[121.83348215,14.953108806000046],[121.83426071400004,14.955574247000072],[121.83899330400004,14.944427017000066],[121.83766589800007,14.939364702000034],[121.8361476980001,14.939981192000062],[121.83455262000007,14.937022768000077],[121.8344884280001,14.932074964000037],[121.8419173210001,14.925589674000037],[121.85086771400006,14.921859654000059],[121.85465799500003,14.922056147000035],[121.8508486830001,14.918689559000029],[121.85048947000007,14.91689543700005],[121.8525453210001,14.914614982000046],[121.84922703000007,14.912852047000058],[121.84981799500008,14.909876182000062],[121.85221424000008,14.90629189200007],[121.85384931400006,14.906333054000072],[121.85747637300005,14.896950651000054],[121.86601260900011,14.886091838000027],[121.9199094390001,14.904371056000059],[121.92279794400008,14.913350337000054],[121.91945515700002,14.932756015000052],[121.92253128900006,14.944445316000042],[121.93406678300005,14.958749328000067],[121.93945001300006,14.96874675600003],[121.94183210300002,14.991032042000029],[121.93773697800009,15.010371617000033],[121.93902659100002,15.012744195000039],[121.93816684900003,15.015413313000067],[121.9405004350001,15.01654026400007],[121.93954857800009,15.025081175000025],[121.93801332400005,15.026949453000043],[121.94142158700004,15.030389415000059],[121.9424348550001,15.029321847000062],[121.94495267100001,15.031634905000033],[121.9414829970001,15.033176930000025],[121.94252697000002,15.035786486000063],[121.94495267100001,15.036260947000073],[121.94363235300011,15.038692544000071],[121.94665304000011,15.043452866000052]]]}},{"type":"Feature","properties":{"shapeName":"Patnanungan","shapeISO":"","shapeID":"30758251B27789677173568","shapeGroup":"PHL","shapeType":"ADM3","psgc_code":"0405632000","legacy_psgc_code":"045632000","province":"Quezon"},"geometry":{"type":"MultiPolygon","coordinates":[[[[122.26262706800003,14.805629474000057],[122.26233028500008,14.803410479000036],[122.26426170900004,14.802348079000069],[122.26448138300009,14.804868929000065],[122.26262706800003,14.805629474000057]]],[[[122.24659558700012,14.825657397000043],[122.24693407600012,14.819982246000052],[122.24849667900003,14.819819288000076],[122.24930118900011,14.814278759000047],[122.25320009600011,14.805592710000042],[122.2584446090001,14.80902655400007],[122.24659558700012,14.825657397000043]]],[[[122.15065159100004,14.84268933800007],[122.14891570500004,14.842515156000047],[122.14738100900001,14.83997258900007],[122.1517496570001,14.840310723000073],[122.15065159100004,14.84268933800007]]],[[[122.21271132600009,14.844220552000024],[122.20998569500011,14.843087136000065],[122.21156224700007,14.842604265000034],[122.21271132600009,14.844220552000024]]],[[[122.18363433200011,14.845124357000032],[122.18160345900003,14.843909798000027],[122.17999423800006,14.83983157800003],[122.17529812600003,14.837648899000044],[122.1725348870001,14.840296716000068],[122.1663621560001,14.838856664000048],[122.16697214400006,14.836182853000025],[122.16495909600008,14.836455758000056],[122.1652819630001,14.833984868000073],[122.15844506100007,14.838304485000037],[122.15460946100006,14.835951199000021],[122.14812892300006,14.835738613000046],[122.14858137400006,14.830588704000036],[122.14736577100007,14.82925507400006],[122.14392279900005,14.829982142000063],[122.14249194600006,14.828665197000078],[122.13738006900007,14.828237302000048],[122.1331594400001,14.828476545000058],[122.12897930400004,14.832610241000054],[122.13125098400008,14.834926221000046],[122.12946356500004,14.835745409000026],[122.12707792300012,14.837770350000028],[122.1274743780001,14.840337919000035],[122.12566516400011,14.840219985000033],[122.12486503600007,14.841816816000062],[122.12293281900008,14.840786779000041],[122.12341131300002,14.836039678000077],[122.11792463800009,14.835237024000037],[122.11829081100007,14.839681233000022],[122.117145703,14.840170196000031],[122.11080900700006,14.838349168000036],[122.1100216750001,14.836991754000053],[122.10589844000003,14.83738684900004],[122.10590722000006,14.834815727000034],[122.10466546700002,14.837280656000075],[122.10051499400004,14.83791498000005],[122.10051415500004,14.839436829000022],[122.09361976900004,14.842219216000046],[122.09412698400001,14.838380877000077],[122.09669066200001,14.835560860000044],[122.09622456500006,14.832457644000044],[122.10104039400005,14.829088460000037],[122.1059460250001,14.818907552000042],[122.10409306800011,14.812495894000051],[122.10645963400009,14.808665908000023],[122.10570450400007,14.807099415000039],[122.1145409510001,14.799614671000029],[122.12515640100003,14.796562151000046],[122.12991316300008,14.798234368000067],[122.13896362100002,14.797411423000028],[122.15029668200009,14.792371887000058],[122.15154553900004,14.790325404000043],[122.15285344600011,14.790753923000068],[122.15720944100008,14.78566863900005],[122.16135986100005,14.784510716000057],[122.1617484840001,14.783255100000076],[122.16370619100007,14.783729679000032],[122.1682610800001,14.778584581000075],[122.18365712200011,14.767175305000023],[122.18490657400002,14.767251436000038],[122.18411735900008,14.768426789000046],[122.1870075490001,14.767382504000068],[122.188418436,14.76494374300006],[122.18925351900009,14.765758537000067],[122.19131889700009,14.763746084000047],[122.19291067200004,14.765649550000035],[122.19464889500011,14.76553731000007],[122.20015460900004,14.761601923000057],[122.20058551400007,14.759909720000053],[122.21035062100009,14.754149064000046],[122.22928445800005,14.750925411000026],[122.23727355300002,14.744294170000046],[122.24160200100005,14.737967944000047],[122.24322418500003,14.731571392000035],[122.24214602000006,14.723145526000053],[122.24328875300012,14.720741975000067],[122.2547811390001,14.724811264000039],[122.25817107700004,14.727059488000066],[122.25858682700004,14.729869810000025],[122.25947774700012,14.759209523000038],[122.25758526400011,14.76480513100006],[122.25278195800001,14.769366795000053],[122.25192990200003,14.77202053800005],[122.25039858100001,14.77198704400007],[122.25133056900006,14.773209971000028],[122.25321383100004,14.772457853000049],[122.25895054600005,14.779051439000057],[122.26101334100008,14.783238122000057],[122.25939985800005,14.787822652000045],[122.25706787100012,14.791536619000055],[122.24818682700004,14.788350508000065],[122.25134038400006,14.791705076000028],[122.2494859300001,14.793213628000046],[122.24749840600009,14.78964708500007],[122.24643299800005,14.792755971000076],[122.24314457100002,14.793317793000028],[122.24294077200011,14.794542983000042],[122.23800854600006,14.791821053000035],[122.23884646600004,14.790439711000033],[122.23758720700005,14.790860978000069],[122.23757384900011,14.788392894000026],[122.23203777700007,14.785672269000031],[122.23290615700012,14.78741810400004],[122.22850491400004,14.790722912000035],[122.21971862700002,14.792402128000049],[122.21389599500003,14.797518022000077],[122.2107152530001,14.796674247000055],[122.20698456000002,14.799951220000025],[122.20575286700011,14.799126762000071],[122.2018905320001,14.800509478000038],[122.19761714200001,14.806261568000025],[122.19578826400004,14.804906035000045],[122.19443771100009,14.806633357000067],[122.19196403300009,14.805842168000027],[122.18977263600004,14.809478132000038],[122.19033109800012,14.811444247000054],[122.19617804200004,14.814153472000044],[122.20000426600006,14.813060224000026],[122.20116767800005,14.816388908000022],[122.19985592900002,14.819475921000048],[122.20239298900003,14.818580420000046],[122.20339077800008,14.825233652000065],[122.21012498200002,14.832913939000036],[122.21237731600002,14.833184971000037],[122.21289719600009,14.834640376000038],[122.21118270600005,14.835391023000057],[122.21285654500002,14.835921790000043],[122.21207363600001,14.838605049000023],[122.21391153400009,14.841074301000049],[122.21357839000007,14.84224828400005],[122.20982700500008,14.842599648000032],[122.20639482700005,14.839760623000075],[122.20333564000009,14.83951342000006],[122.20151096900008,14.837458398000024],[122.2019485190001,14.833904522000068],[122.19833323500006,14.830205412000055],[122.19608780800002,14.830184312000029],[122.19287328900009,14.83188202100007],[122.19600779900009,14.836221015000035],[122.19506425600002,14.839143983000042],[122.1913224220001,14.84139280900007],[122.18963373100007,14.83762089000004],[122.18761321800002,14.837144918000035],[122.18801911100002,14.839309714000024],[122.18363433200011,14.845124357000032]]],[[[122.18869314000005,14.846259513000064],[122.18706775200008,14.845794007000052],[122.18828024800007,14.843795802000045],[122.18938293600002,14.844724001000031],[122.18869314000005,14.846259513000064]]],[[[122.14015798900004,14.84631758100005],[122.13625194800011,14.844859749000022],[122.13353959400001,14.845985840000026],[122.132257191,14.843682064000063],[122.13091099100006,14.845488905000025],[122.12852521000002,14.841871708000042],[122.12951427200005,14.84062936500004],[122.12865877600007,14.838102872000036],[122.12952085800009,14.835941012000035],[122.13369837400012,14.835332291000043],[122.13466794700003,14.837862655000038],[122.14029636300006,14.839380560000052],[122.14177291100009,14.844427843000062],[122.14015798900004,14.84631758100005]]],[[[122.19391439900005,14.848249476000035],[122.19348012900002,14.847061196000027],[122.19526794500007,14.846927275000041],[122.19391439900005,14.848249476000035]]],[[[122.21000550300005,14.851182067000025],[122.2074646860001,14.847960228000034],[122.21311254200009,14.847603321000065],[122.21000550300005,14.851182067000025]]],[[[122.20935626700009,14.869037043000048],[122.204972644,14.866460505000077],[122.20530977600004,14.865304987000059],[122.21168956500003,14.86589206800005],[122.20935626700009,14.869037043000048]]]]}},{"type":"Feature","properties":{"shapeName":"Perez","shapeISO":"","shapeID":"30758251B86160385363219","shapeGroup":"PHL","shapeType":"ADM3","psgc_code":"0405633000","legacy_psgc_code":"045633000","province":"Quezon"},"geometry":{"type":"MultiPolygon","coordinates":[[[[121.98732315400002,14.184869560000038],[121.96936320400005,14.200791113000037],[121.9649801810001,14.20240896100006],[121.9644611110001,14.204993810000076],[121.95983982700011,14.207381395000027],[121.95838572200012,14.210193726000057],[121.95599202000005,14.210258601000078],[121.95499827300011,14.213959559000045],[121.94579957300004,14.220808774000034],[121.93464770900005,14.233331036000038],[121.92888247600001,14.235675481000044],[121.92631200900007,14.23083706600005],[121.92454566200001,14.222197093000034],[121.9170956050001,14.207197949000033],[121.91750620200003,14.203240623000056],[121.91354023300005,14.196019116000059],[121.91283270400004,14.191275464000057],[121.91424407700003,14.188045463000037],[121.91731143600009,14.187816870000063],[121.9182677870001,14.189426172000026],[121.91543871300007,14.193672967000055],[121.91854185400007,14.195432349000043],[121.91977795100001,14.193255833000023],[121.92200489900006,14.193666562000033],[121.92642382800011,14.191190359000075],[121.93313742600003,14.181225254000026],[121.93746323700009,14.170626174000063],[121.94272864800007,14.164458765000063],[121.94478070200012,14.158581695000066],[121.94643764500006,14.158775632000072],[121.9492126340001,14.156122467000046],[121.94991262700012,14.15109155600004],[121.95348698400005,14.150865434000025],[121.95718955300003,14.143794938000042],[121.96136099000012,14.141319138000028],[121.96135837000008,14.138906070000075],[121.96620679400007,14.130978454000058],[121.97124728900008,14.126019305000057],[121.97415534800007,14.125919843000077],[121.97461881800007,14.122781505000034],[121.98997357700011,14.136713655000051],[121.99429156800011,14.135986676000073],[122.00308161400005,14.14442907800003],[122.00350862900007,14.146893917000057],[122.00183765000008,14.150117718000047],[121.98846058800007,14.170066106000036],[121.9831228600001,14.181268816000056],[121.98732315400002,14.184869560000038]]],[[[121.90119870400008,14.243383123000058],[121.89988826600006,14.242492994000031],[121.90271512800007,14.242515327000035],[121.90119870400008,14.243383123000058]]]]}},{"type":"Feature","properties":{"shapeName":"Pitogo","shapeISO":"","shapeID":"30758251B36558005022993","shapeGroup":"PHL","shapeType":"ADM3","psgc_code":"0405634000","legacy_psgc_code":"045634000","province":"Quezon"},"geometry":{"type":"Polygon","coordinates":[[[122.06194636400005,13.82755127300004],[122.05794381800001,13.826485880000064],[122.05766366700004,13.820280268000033],[122.05536431300004,13.817912198000045],[122.05025557500005,13.82086815200006],[122.0516485490001,13.82594296700006],[122.04926663300012,13.826514627000051],[122.04936191000002,13.828515436000032],[122.04403759600007,13.823403023000026],[122.04198227600011,13.827662987000053],[122.0326145460001,13.823535676000063],[122.03159061200006,13.822382809000032],[122.03499173600005,13.809670653000069],[122.03271032500004,13.808096012000021],[122.029103297,13.810167818000025],[122.02819058500006,13.806748809000055],[122.02451709900004,13.79892828900006],[122.02298726100003,13.798248561000037],[122.02805819200012,13.793591344000049],[122.04091273000006,13.789668908000067],[122.0417551160001,13.787137375000043],[122.04358939100007,13.788008132000073],[122.04699483500008,13.785039442000027],[122.0476319710001,13.781607588000043],[122.05319946400004,13.780747043000076],[122.05425425100009,13.778906741000071],[122.05337078600007,13.775653606000049],[122.06192334700006,13.77462225000005],[122.06761809300008,13.780426676000047],[122.06972318700002,13.780666249000035],[122.07089165700006,13.77861841300006],[122.07411321500001,13.780336533000025],[122.07177922300002,13.78517110200005],[122.07273513300004,13.784721347000072],[122.07341232300007,13.78790957700005],[122.07510062200004,13.788419888000021],[122.0758965770001,13.78508712300004],[122.0792591070001,13.785003666000023],[122.07657370700008,13.792026468000074],[122.078617957,13.79086783400004],[122.07911828500005,13.792201816000045],[122.08071942400011,13.790022793000048],[122.08270249000009,13.789822940000022],[122.0821677570001,13.787597041000026],[122.08449742800008,13.784635182000045],[122.09065712000006,13.779775087000075],[122.09327954000003,13.78414575100004],[122.09861132600008,13.785267875000045],[122.1002283150001,13.779438886000037],[122.1042807550001,13.778844609000032],[122.10077934800006,13.775578144000065],[122.10137815300004,13.770157063000056],[122.10952715400003,13.763695583000072],[122.11303505700005,13.763489027000048],[122.1127841340001,13.762028950000058],[122.11679706400002,13.758666577000042],[122.12168918200007,13.766125308000028],[122.13086721900004,13.77364476400004],[122.13556726000002,13.781081252000035],[122.1386127500001,13.790426196000055],[122.14589235100004,13.790698330000055],[122.14358969900002,13.79579968400003],[122.13808604400003,13.79905489400005],[122.13533421700004,13.806437846000051],[122.13687792500002,13.809189673000049],[122.14144193100003,13.809927968000068],[122.1402002530001,13.815599418000033],[122.141542608,13.817277361000038],[122.14147549000006,13.822411868000074],[122.13375695000002,13.829794820000075],[122.1323955680001,13.835941882000043],[122.12352229600003,13.834952298000076],[122.12259868500007,13.836304730000052],[122.1248087560001,13.83851480100003],[122.12187298900005,13.843132861000072],[122.12419888200009,13.843852397000035],[122.12239641600002,13.847703041000045],[122.11496398200006,13.846540696000034],[122.11301756800003,13.848285757000042],[122.11242009000011,13.853131741000027],[122.1135593350001,13.855220358000054],[122.11956186300006,13.856396773000029],[122.1201779920001,13.857834407000041],[122.11848527500001,13.860620265000023],[122.11241350800003,13.860769657000048],[122.11110471200004,13.858353418000036],[122.09452663000002,13.853520941000056],[122.0936541000001,13.849829465000028],[122.09133853800006,13.848654905000046],[122.0891514760001,13.848411386000066],[122.0891514760001,13.849886114000071],[122.086187418,13.850455564000072],[122.08084335300009,13.849929918000043],[122.079923473,13.851068817000055],[122.07808371300007,13.849126848000026],[122.07212639500005,13.848776417000067],[122.07091448900007,13.846425613000065],[122.06919984700005,13.849919640000053],[122.06470959800004,13.849548266000056],[122.064927968,13.847593715000073],[122.06719116500005,13.846951259000036],[122.06697214600001,13.845315916000061],[122.07106050200002,13.840395288000025],[122.06841767200001,13.840132465000067],[122.06979019100004,13.837971477000053],[122.06717656400008,13.834306558000037],[122.07266839300007,13.830638172000022],[122.07146476900004,13.829242888000067],[122.073067046,13.826758976000065],[122.06652929800009,13.821965698000042],[122.06551858700004,13.825152137000032],[122.06194636400005,13.82755127300004]]]}},{"type":"Feature","properties":{"shapeName":"Plaridel","shapeISO":"","shapeID":"30758251B71605506872700","shapeGroup":"PHL","shapeType":"ADM3","psgc_code":"0405635000","legacy_psgc_code":"045635000","province":"Quezon"},"geometry":{"type":"Polygon","coordinates":[[[122.0399468920001,13.91420942800005],[122.03876361000005,13.922151791000033],[122.03513673100008,13.924342835000061],[122.03318059900005,13.928479573000061],[122.03122446600003,13.929441605000022],[122.03500846000009,13.937266134000026],[122.03388608900002,13.936785118000046],[122.03157721100001,13.940088095000021],[122.02785735300006,13.942172499000037],[122.02715975300009,13.943931444000043],[122.02942481100001,13.944503669000028],[122.02650609400007,13.953961507000031],[122.0211713430001,13.956342019000033],[122.02136496900005,13.957514738000043],[122.0209629740001,13.956438744000025],[122.01793035500009,13.957141902000046],[122.00654492100011,13.96195020600004],[121.9996952790001,13.96716406400003],[121.99699324000005,13.972364903000027],[121.98927759500009,13.977468980000026],[121.98837030100003,13.974612613000033],[121.9867393940001,13.975125184000035],[121.98599383600003,13.973307887000033],[121.9849220970001,13.973727263000058],[121.98659960200007,13.971024617000069],[121.985854044,13.969486904000064],[121.98422313700007,13.970279059000063],[121.9843629290001,13.968554957000038],[121.98223857100004,13.966574305000051],[121.98356740800011,13.965909887000066],[121.98503862000007,13.967808225000056],[121.98537082900009,13.964723426000035],[121.98850308600004,13.964818343000047],[121.98774375100004,13.962255587000072],[121.99177190800003,13.960633407000046],[121.9909331560001,13.95699881400003],[121.99528964300009,13.953618150000068],[121.99737781500005,13.95475715300006],[121.99851681700011,13.953285941000047],[122.00017786300009,13.95561140500007],[122.00250332600001,13.955184279000036],[122.00421183000003,13.951814729000034],[122.00245586800008,13.947970596000062],[122.00060498900007,13.947068885000022],[122.00312028600001,13.94407900300007],[122.00283326100009,13.942577927000059],[121.99419850100003,13.941397386000062],[121.99467045600011,13.935914568000044],[121.99991957800012,13.932969625000055],[121.99913720100005,13.930186922000075],[122.00245586800008,13.929888929000072],[122.0111882220001,13.920634532000065],[122.00913994300004,13.919471230000056],[122.00986103100001,13.917759716000035],[122.0140547520001,13.915391040000031],[122.01999585600004,13.914963902000068],[122.02189856300004,13.911624458000063],[122.02349062400003,13.915701686000034],[122.02667474500004,13.914536764000047],[122.03044132800005,13.916594794000048],[122.03493148500002,13.913931872000035],[122.0399468920001,13.91420942800005]]]}},{"type":"Feature","properties":{"shapeName":"Polillo","shapeISO":"","shapeID":"30758251B72190087571376","shapeGroup":"PHL","shapeType":"ADM3","psgc_code":"0405636000","legacy_psgc_code":"045636000","province":"Quezon"},"geometry":{"type":"MultiPolygon","coordinates":[[[[122.04386387800002,14.439530713000067],[122.04323845600004,14.438456537000036],[122.04503775,14.438197080000066],[122.04386387800002,14.439530713000067]]],[[[122.04706478700007,14.440335465000032],[122.04569043700008,14.439505849000057],[122.04701058500007,14.438379262000069],[122.04706478700007,14.440335465000032]]],[[[122.03143319300011,14.445382017000043],[122.02838880000002,14.444182985000054],[122.02659820400004,14.43813127900006],[122.033742415,14.420400768000036],[122.033560168,14.394004495000047],[122.03455783600009,14.40000453500005],[122.0373299690001,14.401345373000026],[122.03731417800009,14.409172978000072],[122.0401298060001,14.416192581000075],[122.0459397080001,14.423994328000049],[122.04154891500002,14.426931801000023],[122.04072173000009,14.431455185000061],[122.04195668300008,14.434551014000021],[122.04028663200006,14.435537163000049],[122.03945428800012,14.439865655000062],[122.03539854300004,14.440868196000054],[122.03320613100004,14.442839439000068],[122.03337448400009,14.444577880000054],[122.03143319300011,14.445382017000043]]],[[[121.9199094390001,14.904371056000059],[121.86601260900011,14.886091838000027],[121.87265664400002,14.877055336000069],[121.87285707600006,14.868496698000058],[121.87584511600005,14.862041524000063],[121.87546207900004,14.852650905000075],[121.87796799900002,14.848294707000036],[121.87681756000006,14.845613288000038],[121.87890409500005,14.83996313700004],[121.87847340200005,14.83549124800004],[121.88512942300008,14.827595424000037],[121.88833504700006,14.818345814000054],[121.89356827800009,14.812157331000037],[121.90352829100004,14.805929883000033],[121.90539013600005,14.803089572000033],[121.9089421540001,14.803218809000043],[121.909026949,14.799189383000055],[121.9120789430001,14.796126048000076],[121.91203665100011,14.792740218000063],[121.91462708600011,14.786799847000054],[121.916682691,14.785273883000059],[121.91402831100004,14.778363700000057],[121.91934480500004,14.773870522000038],[121.9180386920001,14.768411943000046],[121.92045604300006,14.765441709000072],[121.92126429200005,14.760072394000076],[121.92695461500011,14.756201084000054],[121.92911687300011,14.749272245000043],[121.93113198900005,14.748242740000023],[121.9311288990001,14.740323829000033],[121.93652686100006,14.729236910000054],[121.93644043800009,14.722318653000059],[121.93774884900006,14.720442281000032],[121.935016786,14.714661141000022],[121.93787047300009,14.711513782000054],[121.93494533300009,14.706656619000057],[121.92666718600003,14.705204954000067],[121.91814201200009,14.70630465000005],[121.91415106400007,14.710106026000062],[121.91444825600001,14.719825685000046],[121.90732077000007,14.724670261000028],[121.90454877200011,14.722663706000048],[121.90578915200001,14.715217807000045],[121.90324063300011,14.706294076000063],[121.90295306300004,14.678998224000054],[121.91248938700005,14.644604571000059],[121.91659065200008,14.638357765000023],[121.92968647700002,14.632189851000021],[121.9326667900001,14.627883394000037],[121.9392382850001,14.626554099000032],[121.94856083600007,14.627987499000028],[121.95367724000005,14.631694673000027],[121.9593005380001,14.639576268000042],[121.9665102560001,14.642520164000075],[121.97473399700004,14.641782077000073],[121.98261852900009,14.650140114000067],[121.98466259500003,14.65446829800004],[121.98752222600001,14.654994166000051],[121.98924745600004,14.658212379000076],[121.99343869100005,14.660100582000041],[121.99693579000007,14.664628623000056],[122.00402764800003,14.667445889000078],[122.00673967700004,14.674332843000059],[122.01091268000005,14.67508487400005],[122.01329699200005,14.681290258000047],[122.0202307730001,14.691485968000052],[122.02194076500007,14.702814669000077],[122.02829551900004,14.704597532000037],[122.03391933500006,14.712329296000064],[122.03617376600005,14.712946127000066],[122.03568254400011,14.718813412000031],[122.02789565300009,14.729507287000047],[122.03081859400004,14.738871623000023],[122.02654730900008,14.750250741000059],[122.02764569300007,14.761482470000033],[122.02562301900002,14.760997002000067],[122.02130639300003,14.764396933000057],[122.02483442700009,14.772614071000078],[122.02363789500009,14.777653238000028],[122.02549867700009,14.786771427000076],[122.02334991200007,14.785022371000025],[122.02183105300003,14.783512036000047],[122.0177103310001,14.784561280000048],[122.01608072300007,14.783306784000047],[121.99198066300005,14.780223670000055],[121.97428869200007,14.782433639000033],[121.96072369700005,14.781479783000066],[121.94153589700011,14.809635108000066],[121.92510382700004,14.82848720000004],[121.92288985500011,14.835046778000049],[121.91605549100007,14.839830833000065],[121.91546835400004,14.86957714500005],[121.9199094390001,14.904371056000059]]]]}},{"type":"Feature","properties":{"shapeName":"Quezon","shapeISO":"","shapeID":"30758251B89004108151749","shapeGroup":"PHL","shapeType":"ADM3","psgc_code":"0405637000","legacy_psgc_code":"045637000","province":"Quezon"},"geometry":{"type":"MultiPolygon","coordinates":[[[[122.07199061800009,14.058168710000075],[122.07356253500006,14.058185216000027],[122.07307308100008,14.060472656000059],[122.07199061800009,14.058168710000075]]],[[[122.07315443200002,14.060598890000051],[122.07514069400008,14.055577688000028],[122.08135649100007,14.056031510000025],[122.08552738600008,14.051833937000026],[122.09081775600009,14.051529794000032],[122.092766933,14.046065347000024],[122.09465032300011,14.046165896000048],[122.09495103600011,14.044322865000026],[122.09735626500003,14.044671705000042],[122.10445542600007,14.039376408000066],[122.10662492600011,14.036780595000039],[122.10743679300003,14.032215061000045],[122.11200679700005,14.02988281100005],[122.1126718490001,14.02737492700004],[122.11977763400012,14.027498224000055],[122.12656593500003,14.019580163000057],[122.13334175500006,14.020244214000058],[122.13662084500004,14.017762527000059],[122.136892783,14.015999216000068],[122.13997435500005,14.015276776000064],[122.14038983000012,14.012760335000053],[122.14642047600012,14.008666098000049],[122.14938651300008,14.007982670000047],[122.15107057600005,14.009301416000028],[122.15251844900001,14.00825493900004],[122.15373404400009,14.010243141000046],[122.15358312800004,14.00853816600005],[122.15615104400001,14.00762689000004],[122.15582940900003,14.005351831000041],[122.15871064300006,14.00131202600005],[122.16316585400011,14.000772899000026],[122.16381244500008,14.00263628700003],[122.16619787700006,14.002861340000038],[122.16672359100005,14.000200937000045],[122.16888266,14.001327993000075],[122.17091646400002,14.00020848400004],[122.18080137100003,14.004746994000072],[122.18512206000003,14.004016836000062],[122.18895480100002,14.00831230700004],[122.18977306500005,14.010583388000043],[122.18792329500002,14.01384261100003],[122.18670978600005,14.02293196900007],[122.17994977300009,14.030585861000077],[122.17873911600009,14.034947364000061],[122.17441471100005,14.038404306000075],[122.17125490800004,14.045838481000033],[122.16713295900001,14.047103595000067],[122.15048112900001,14.064518172000021],[122.1393889200001,14.067521443000032],[122.1345774460001,14.074237233000076],[122.13334765500008,14.08000110100005],[122.12924324300002,14.085919099000023],[122.12489074100006,14.088899275000074],[122.11791337500006,14.090833306000036],[122.11314030200003,14.09510332700006],[122.0992704570001,14.100830595000048],[122.08430561500006,14.110152640000024],[122.07957993200012,14.114565317000029],[122.07568616200001,14.114598207000029],[122.07148024300011,14.118573985000069],[122.07246702200007,14.120852712000044],[122.06424122700002,14.127041314000053],[122.0582414270001,14.122024201000045],[122.07356128100002,14.100487505000046],[122.06844926000008,14.096402800000021],[122.07772358200009,14.071484528000042],[122.07777792000002,14.06666651100005],[122.0745719460001,14.06402203600004],[122.07315443200002,14.060598890000051]]]]}},{"type":"Feature","properties":{"shapeName":"Real","shapeISO":"","shapeID":"30758251B78685665231141","shapeGroup":"PHL","shapeType":"ADM3","psgc_code":"0405638000","legacy_psgc_code":"045638000","province":"Quezon"},"geometry":{"type":"MultiPolygon","coordinates":[[[[121.62180099700004,14.683538629000054],[121.6210748520001,14.680432599000028],[121.61630873100012,14.67673848100003],[121.62011707200008,14.676175828000055],[121.6209886480001,14.677192627000068],[121.62065607200009,14.674096187000032],[121.62557713700005,14.678094767000061],[121.6238138440001,14.672648258000038],[121.62748784400003,14.672689711000032],[121.6282403570001,14.674297121000052],[121.62851404300011,14.672338399000068],[121.62973829000009,14.67255368800005],[121.628652299,14.671115322000048],[121.63030420200005,14.670602732000077],[121.62828897700001,14.670335296000076],[121.63743510600011,14.666968516000054],[121.63273486700007,14.663470468000071],[121.6325599160001,14.66472810700003],[121.63050401200007,14.664264589000027],[121.62988801000006,14.66667764400006],[121.62750674900008,14.666684359000044],[121.62751608100007,14.663060403000031],[121.62588279600004,14.662741564000044],[121.62845212500008,14.660986838000042],[121.62584847700009,14.658804403000033],[121.62322552300009,14.659016139000073],[121.62159558100007,14.66122024300006],[121.6231589780001,14.663750323000045],[121.61982896900008,14.663865587000032],[121.62082096900008,14.65897332700007],[121.62524427300002,14.65747417700004],[121.63414383000008,14.662402102000044],[121.6591560810001,14.683677999000054],[121.65513584200005,14.686266261000071],[121.65039693800009,14.685673197000028],[121.6438727100001,14.681742665000058],[121.64157609100005,14.683822191000047],[121.6388827290001,14.684148630000038],[121.63761465300001,14.68275374600006],[121.6354589230001,14.684529053000063],[121.63288050100005,14.681992901000058],[121.63173923200009,14.685501245000069],[121.62945669500004,14.684444515000052],[121.623792621,14.68499401500003],[121.62180099700004,14.683538629000054]]],[[[121.63451880200012,14.289790898000035],[121.62929992200009,14.308289740000077],[121.6275000490001,14.328186472000027],[121.62854524500005,14.359426459000076],[121.62574545700011,14.392501353000057],[121.59878249400003,14.395479325000053],[121.59612330000004,14.40882306900005],[121.59813579200011,14.411072955000066],[121.59814709800003,14.414351769000064],[121.61209907600005,14.419872433000023],[121.61479022500009,14.422460872000045],[121.61858051800004,14.420621418000053],[121.62161442500008,14.421862151000028],[121.62684069400007,14.428769794000061],[121.62883080000006,14.42796590000006],[121.62968766800009,14.430724455000075],[121.634259627,14.432892955000057],[121.63815007300002,14.436977351000053],[121.64509589900001,14.440751224000053],[121.65213712100001,14.442300119000038],[121.64859973000011,14.449018813000066],[121.65046319500004,14.453792639000028],[121.64946759400004,14.459188883000024],[121.64474512100003,14.463847162000036],[121.64212251000004,14.470832375000043],[121.6434944660001,14.48134194000005],[121.64154764000011,14.488747149000062],[121.63751935900007,14.490021286000058],[121.635259775,14.492417515000056],[121.63295367800004,14.504175778000047],[121.63202194300004,14.503408326000056],[121.6293565960001,14.505902882000044],[121.6284968440001,14.512198455000032],[121.62486823800009,14.516682824000043],[121.6264093630001,14.519332684000062],[121.62368415600008,14.522979594000049],[121.62417407100008,14.528295539000055],[121.62848439400011,14.536169735000044],[121.62583210200012,14.545958857000073],[121.62674975700008,14.549738476000073],[121.6249270400001,14.555119297000033],[121.62474520800004,14.566209253000068],[121.62328969600003,14.565807411000037],[121.62323459900006,14.567175191000047],[121.6251026540001,14.567561511000065],[121.62170838100008,14.569232943000031],[121.61950486300009,14.574426157000062],[121.61779704300011,14.587297636000073],[121.618600592,14.590005640000072],[121.61596228700012,14.592678890000059],[121.61592931900009,14.594895575000066],[121.61092805100009,14.596802784000033],[121.60862035700006,14.599256251000043],[121.60808969700008,14.604320345000076],[121.61257267200006,14.611765709000053],[121.60865349900007,14.615960802000075],[121.60715487900006,14.625003052000068],[121.6068116450001,14.63454538800005],[121.60959983000009,14.641094062000036],[121.60621009500005,14.644363378000037],[121.60377247200006,14.65211548800005],[121.60734588000003,14.659835517000033],[121.60697733600011,14.664455345000022],[121.61411566600009,14.670446558000037],[121.61098488700009,14.671681411000066],[121.61136086400006,14.676018161000059],[121.61991873200009,14.68267710400005],[121.61695465900004,14.682293436000066],[121.61291516100005,14.684431908000022],[121.61186134700006,14.687556920000077],[121.61287635300005,14.688571849000027],[121.61090631700006,14.689100002000032],[121.604139325,14.688270266000075],[121.58956427700002,14.69215164800005],[121.5864573240001,14.689266854000039],[121.57847197500007,14.675578310000049],[121.55926447800005,14.658260650000045],[121.55226145300003,14.644142807000037],[121.53808107800012,14.626556439000069],[121.4862675490001,14.540874504000044],[121.4811586080001,14.535665168000037],[121.52956397300011,14.53286397200003],[121.53165591000004,14.518426139000042],[121.53463026500003,14.509421780000025],[121.55047443400008,14.492387305000022],[121.54437078300009,14.489368226000067],[121.54464625600008,14.487830772000052],[121.54223738700011,14.48660103700007],[121.54221779400007,14.484217028000046],[121.53860424200002,14.482395892000056],[121.53841432000002,14.480419619000031],[121.53359262200001,14.480666494000047],[121.53249305100007,14.474566307000032],[121.5277398930001,14.474406853000062],[121.52409879000004,14.469167303000063],[121.55265448800003,14.425036912000053],[121.560608537,14.412860440000031],[121.57002646300009,14.398442990000035],[121.58534580100002,14.357021670000051],[121.59369341600006,14.33445456100003],[121.60825957700001,14.29685296200006],[121.6240100980001,14.292617072000041],[121.63451880200012,14.289790898000035]]]]}},{"type":"Feature","properties":{"shapeName":"Sampaloc","shapeISO":"","shapeID":"30758251B60406679280817","shapeGroup":"PHL","shapeType":"ADM3","psgc_code":"0405639000","legacy_psgc_code":"045639000","province":"Quezon"},"geometry":{"type":"Polygon","coordinates":[[[121.5899512520001,14.199159350000059],[121.60319213900004,14.190359066000042],[121.60877174200004,14.189993190000052],[121.60379966000005,14.18321246100004],[121.59954664500003,14.180008919000045],[121.59643541700007,14.172475636000058],[121.59065341000007,14.167147933000024],[121.59066469700008,14.16078265300007],[121.59554110700003,14.161058379000053],[121.598515356,14.158885637000026],[121.6076347290001,14.159124298000052],[121.60804483600009,14.151284661000034],[121.60559373700005,14.149627580000072],[121.608976944,14.146520553000073],[121.6071817730001,14.144311112000025],[121.60859719600012,14.14110051800003],[121.60775927500003,14.139488804000052],[121.6131692460001,14.138024096000038],[121.61401621400012,14.135426125000038],[121.61751958900004,14.134455152000044],[121.62165278500004,14.129298498000026],[121.62405397500004,14.129377225000042],[121.63331758200002,14.124929119000058],[121.63839307,14.119196120000026],[121.64174952000008,14.11852489000006],[121.64514172400004,14.120246111000029],[121.64758675300004,14.125130781000053],[121.64694977900001,14.129372511000042],[121.6493838020001,14.133286244000033],[121.65994283000009,14.139019812000072],[121.65872184400007,14.141110684000068],[121.66289588300003,14.147877223000023],[121.670136909,14.152813861000027],[121.66951793500004,14.156942599000047],[121.67332495500011,14.160572342000023],[121.67728492700007,14.156425586000069],[121.67864308000003,14.15775205500006],[121.67924492500003,14.156408576000047],[121.680458928,14.156936534000067],[121.6833709980001,14.162241923000067],[121.68101380100006,14.17064272400006],[121.68324358200005,14.17459593500007],[121.68165088100011,14.179352051000023],[121.68267810000009,14.181562622000058],[121.67757356700008,14.182255086000055],[121.67477041300003,14.179352051000023],[121.67164872,14.183922769000048],[121.66871815000002,14.184355130000029],[121.66788795100001,14.186168124000062],[121.66648241900009,14.184988481000062],[121.66362115800007,14.186569705000068],[121.65929346900009,14.191831157000024],[121.65455153200003,14.192258469000024],[121.65473523100002,14.195425886000066],[121.65270620900003,14.197102757000039],[121.64574822700001,14.199271658000043],[121.65032538700007,14.225399948000074],[121.6480674500001,14.235209330000032],[121.6440025060001,14.243659810000054],[121.64245851700002,14.24528671400003],[121.64032951500008,14.244657768000025],[121.63958953000008,14.247045618000072],[121.6419185520001,14.250815362000026],[121.64166057800003,14.254856103000066],[121.63870157200006,14.25354920500007],[121.6395685970001,14.257672934000027],[121.63823360300012,14.258509888000049],[121.63840262300005,14.261715681000055],[121.63412066400008,14.267710321000038],[121.63096461200007,14.260948127000063],[121.6178985460001,14.249101967000058],[121.61794271500003,14.234942428000068],[121.61114569800009,14.22274420900004],[121.6030135520001,14.215158252000037],[121.59911430000011,14.21492766800003],[121.5899512520001,14.199159350000059]]]}},{"type":"Feature","properties":{"shapeName":"San Andres","shapeISO":"","shapeID":"30758251B69966193362953","shapeGroup":"PHL","shapeType":"ADM3","psgc_code":"0405640000","legacy_psgc_code":"045640000","province":"Quezon"},"geometry":{"type":"MultiPolygon","coordinates":[[[[122.7216452990001,13.36484783900005],[122.718017,13.364023082000074],[122.71556691400008,13.359572752000076],[122.71316912100008,13.344623257000023],[122.71381848800002,13.33455876100004],[122.7126024590001,13.327274429000056],[122.71379585400007,13.325428225000053],[122.71919811700002,13.323537565000038],[122.72421022300011,13.324627023000062],[122.72540942900002,13.331003800000076],[122.72219911600007,13.336684640000044],[122.72374192000007,13.344763835000037],[122.72256913800004,13.35521697300004],[122.72423559600009,13.360044036000033],[122.7216452990001,13.36484783900005]]],[[[122.6495392920001,13.444670402000042],[122.64694588000009,13.442093439000075],[122.64553008300004,13.445176310000022],[122.64337705800006,13.443811551000067],[122.64263585300012,13.441358515000047],[122.64365043100008,13.44075259300007],[122.64152369700003,13.440584658000034],[122.64142914500007,13.442839700000036],[122.63027070100009,13.435759700000062],[122.61990970900001,13.434219228000075],[122.586728676,13.422256203000074],[122.58328856500009,13.402830503000075],[122.58235749800008,13.39112128000005],[122.58377648100009,13.388469446000045],[122.58350944800009,13.382781823000073],[122.58189143200002,13.379817027000058],[122.58360041700007,13.377495171000021],[122.58458537000001,13.369745677000026],[122.58901033100005,13.363872039000057],[122.58990231000007,13.360399263000033],[122.5931143030001,13.359718290000046],[122.5942662650001,13.353547691000074],[122.5923361990001,13.341772479000042],[122.59653208800012,13.32359165500003],[122.596792047,13.316646112000058],[122.6011860320001,13.31474021400004],[122.6041920030001,13.310358486000041],[122.60915099700003,13.310213468000029],[122.60819002800008,13.315439128000037],[122.6119820350001,13.317300984000042],[122.6219420320001,13.31823147800003],[122.62229310200007,13.313451903000043],[122.62733347300002,13.312062666000031],[122.624675367,13.309153796000032],[122.62885310700005,13.307448596000029],[122.62807573700002,13.303707186000054],[122.63093947000004,13.302197583000066],[122.63105983700007,13.300512444000049],[122.63364772900002,13.300341924000065],[122.63781543800008,13.291810908000059],[122.6401625960001,13.291515006000054],[122.64024879200008,13.280980226000054],[122.6413167710001,13.277480452000077],[122.64550474000009,13.273008724000022],[122.64413169600004,13.265083256000025],[122.65017366300003,13.260589519000064],[122.65067764300011,13.257117746000063],[122.65493235100007,13.25756524600007],[122.65291460700007,13.245327022000026],[122.65516744500007,13.243593162000025],[122.6551556500001,13.241529043000071],[122.65343358500002,13.235938229000055],[122.64890749800009,13.231705437000073],[122.64833548100012,13.228669641000067],[122.65186899200012,13.22765692300004],[122.65287445600006,13.225207844000067],[122.657627466,13.227994634000027],[122.66033646000005,13.227436656000066],[122.65913433100002,13.220057792000034],[122.65623141000003,13.217900309000072],[122.65712438900005,13.214542527000049],[122.66330607500004,13.212544961000049],[122.663525907,13.21107921600003],[122.66888380300009,13.211493526000027],[122.67727223800011,13.21724290900005],[122.69323409000003,13.217566446000035],[122.69781646900003,13.219901814000025],[122.70291340200004,13.225475459000052],[122.70090850200006,13.236165157000073],[122.69732216400007,13.240898291000065],[122.69695608500001,13.251173322000056],[122.69291756000007,13.260494334000043],[122.69323980600007,13.262793918000057],[122.68932121400007,13.265329835000045],[122.69101056400007,13.267999849000034],[122.68933257900005,13.269889897000041],[122.68618376900008,13.26987209300006],[122.68152864800004,13.267500999000049],[122.67905062600005,13.269313023000052],[122.67691000200011,13.273938676000057],[122.67696005500011,13.275419899000042],[122.68036471700009,13.277676942000028],[122.6787562080001,13.283898891000035],[122.68265131400005,13.29109399600003],[122.678674225,13.294961096000065],[122.6788658370001,13.297513110000068],[122.68074923400002,13.298369724000054],[122.67925030900005,13.30331469400005],[122.68106190500009,13.304951746000029],[122.67965402400011,13.308354559000065],[122.68043554400003,13.312900526000021],[122.67875243900005,13.314865852000025],[122.6800511030001,13.316490742000042],[122.67772956100009,13.321070162000069],[122.67914009900005,13.322297865000053],[122.68109740700004,13.321434643000032],[122.67899899800011,13.322674796000058],[122.67875403200003,13.33707953000004],[122.67426048700008,13.346815672000048],[122.67576227600011,13.353478094000025],[122.67424044600011,13.357709702000022],[122.67567193900004,13.36840365200004],[122.67778372700002,13.370187185000077],[122.67620402300008,13.374463558000059],[122.67677651800011,13.37868201300006],[122.67491056500012,13.382034668000074],[122.67178669800012,13.382742710000059],[122.67374103400005,13.38532268800003],[122.669931141,13.388892523000038],[122.67174941200005,13.393000604000065],[122.66748613300001,13.398927786000058],[122.66832567600011,13.40163347300006],[122.66699554200011,13.406289551000043],[122.66453623300004,13.408325578000074],[122.66463287800002,13.413187420000042],[122.66220501300006,13.415445675000058],[122.66328670200005,13.41902987900005],[122.66044403500007,13.420837291000055],[122.6597388460001,13.426264366000055],[122.65975664900009,13.425135853000029],[122.65028962300005,13.438331808000044],[122.65082395800005,13.442695970000045],[122.6495392920001,13.444670402000042]]]]}},{"type":"Feature","properties":{"shapeName":"San Antonio","shapeISO":"","shapeID":"30758251B10052680344935","shapeGroup":"PHL","shapeType":"ADM3","psgc_code":"0405641000","legacy_psgc_code":"045641000","province":"Quezon"},"geometry":{"type":"Polygon","coordinates":[[[121.27208522500007,13.887571265000076],[121.27160968300007,13.878059858000029],[121.27405599100007,13.875915683000073],[121.28264004100004,13.87390795600004],[121.28272368900002,13.872247323000067],[121.29068787300002,13.872114263000071],[121.29377954600011,13.873095914000032],[121.29597471000011,13.875880126000027],[121.2998538170001,13.875671105000038],[121.30141317400012,13.871760668000036],[121.30795183300006,13.867019690000063],[121.32009489100005,13.867621497000073],[121.32497587700004,13.867217554000035],[121.33145150100006,13.870016755000051],[121.33371116,13.86632551100007],[121.3358991880001,13.86644332800006],[121.33803672300007,13.864255300000025],[121.33896242700007,13.865416638000056],[121.34285038500002,13.862471215000028],[121.34761355500007,13.862437553000063],[121.35437069900001,13.867427596000027],[121.35786931100006,13.866986466000071],[121.3619217690001,13.869814126000051],[121.36854044100005,13.869130992000066],[121.37087022100002,13.867053481000028],[121.37428327600003,13.866905087000077],[121.37388261300009,13.870288463000065],[121.37078118500006,13.871015592000049],[121.36965339300002,13.874903506000066],[121.36334109400002,13.880602529000043],[121.3596556230001,13.882057320000058],[121.35752193000008,13.880731844000024],[121.35258282500001,13.883513907000065],[121.34583420100012,13.883291893000035],[121.33720179600004,13.888239222000038],[121.33397684300007,13.892935604000058],[121.32691118700006,13.911216487000047],[121.3333303930001,13.913643765000074],[121.3304288810001,13.915565677000075],[121.33310328800007,13.917996032000076],[121.32528683400005,13.928798738000069],[121.31645070200011,13.928918380000027],[121.30518937500005,13.919905413000038],[121.30246360600006,13.919207616000051],[121.30116250600008,13.919796382000072],[121.30180215300004,13.920828540000059],[121.29867438100007,13.920121700000038],[121.29622173700011,13.921256808000066],[121.29317113400009,13.918662275000031],[121.29080970400003,13.919645360000061],[121.28458657500005,13.914717042000063],[121.27354411800002,13.919190444000037],[121.27136913400011,13.921706294000046],[121.26992720600003,13.933389547000047],[121.26223797300008,13.94339578000006],[121.25574336700004,13.94382811500003],[121.24213681300012,13.948381851000022],[121.23696057100005,13.930894544000068],[121.2384656270001,13.92115149600005],[121.23739180100006,13.916645259000063],[121.24001423200002,13.910698823000075],[121.24042152600009,13.905063270000028],[121.24671108300004,13.899425680000036],[121.25006679100011,13.89944485500007],[121.25296014900005,13.896176008000054],[121.25519664,13.896254214000066],[121.25537834900001,13.894792390000077],[121.25797649000003,13.895589718000053],[121.26047617300003,13.892525773000045],[121.26158741400002,13.893692233000024],[121.2628037720001,13.890411925000024],[121.26883084700012,13.892223925000053],[121.26828895000006,13.891083215000037],[121.27261323900007,13.891021864000038],[121.27208522500007,13.887571265000076]]]}},{"type":"Feature","properties":{"shapeName":"San Francisco","shapeISO":"","shapeID":"30758251B48560847084049","shapeGroup":"PHL","shapeType":"ADM3","psgc_code":"0405642000","legacy_psgc_code":"045642000","province":"Quezon"},"geometry":{"type":"Polygon","coordinates":[[[122.49032907800006,13.40301835200006],[122.48926712500008,13.396323536000068],[122.49020322900003,13.393621539000037],[122.49603518000004,13.388930703000028],[122.49438036400011,13.384322978000057],[122.49524768000003,13.380836336000073],[122.49704513800009,13.380317078000076],[122.49724769800002,13.374238912000067],[122.50060856300001,13.37462750700007],[122.50183911200008,13.372668456000042],[122.50103451500001,13.369258639000066],[122.50432963600008,13.368797452000024],[122.50504788100011,13.366337352000073],[122.50269341300009,13.36317247200003],[122.50602740500005,13.36232684600003],[122.50706127300009,13.358819268000047],[122.50843915700011,13.359995052000045],[122.51098356200009,13.359347678000063],[122.51076575500008,13.353719581000064],[122.51225178900006,13.353256226000042],[122.51156090800009,13.35466711600003],[122.51616277000005,13.350051128000075],[122.51693236500012,13.345538275000024],[122.51885024400008,13.343179445000033],[122.51728551100007,13.338851288000058],[122.51903673800007,13.336149019000061],[122.52040546400008,13.336221461000036],[122.5207080020001,13.33079648100005],[122.52304359400011,13.328390426000055],[122.52066660800006,13.326307524000072],[122.5225453590001,13.31963938000007],[122.52145276400006,13.31771145700003],[122.52259539700003,13.31008930400003],[122.52044115400008,13.304267751000054],[122.5216423380001,13.303479096000046],[122.51793296500011,13.302580188000036],[122.519290468,13.300433487000078],[122.51794121800003,13.298219040000049],[122.51084273800006,13.298772308000025],[122.50999866400002,13.295377214000041],[122.51215121100006,13.290221703000043],[122.52195331400003,13.28639954700003],[122.52088525400006,13.285475366000071],[122.5234473800001,13.283769380000024],[122.52332450000006,13.280296465000049],[122.52241776500011,13.27867608200006],[122.52045233500007,13.279256717000067],[122.51925694700003,13.277817091000031],[122.5150258750001,13.27716175200004],[122.51455464700007,13.274524995000036],[122.51085070200008,13.27148293600004],[122.51255245400012,13.264558202000046],[122.51565521500004,13.261983459000021],[122.51630454500003,13.258621384000037],[122.5125909730001,13.252684189000036],[122.51404140800003,13.251625571000034],[122.5114362920001,13.248610553000049],[122.50787927600004,13.249800433000075],[122.50405754600001,13.248061747000065],[122.50321839900005,13.246309444000076],[122.50513949800006,13.24265457000007],[122.51098653200006,13.240577993000045],[122.51258877500004,13.23829829400006],[122.52103870600001,13.234218226000053],[122.52442176000011,13.228783374000045],[122.53337106700008,13.22365803300005],[122.54011708400003,13.216991655000072],[122.54063698700008,13.21836458200005],[122.54129358800003,13.214356979000058],[122.54561039500004,13.209210906000067],[122.54870236500005,13.198797755000044],[122.5514846960001,13.197722218000024],[122.55692513400004,13.191687204000061],[122.56464192300007,13.178826008000044],[122.56900976300005,13.178556763000074],[122.58722622200003,13.166536629000063],[122.59605596000006,13.164643707000039],[122.59895277900011,13.161975378000022],[122.60395226300011,13.165567643000031],[122.61232364600005,13.167869841000027],[122.61475204500005,13.171234944000048],[122.62421221000011,13.172307568000065],[122.62502962000008,13.176212081000074],[122.62721673900012,13.179066273000046],[122.630421995,13.180403238000054],[122.63176024200004,13.18372174700005],[122.6399533120001,13.186772894000057],[122.64036894900005,13.188706124000078],[122.63798386500002,13.190539987000022],[122.64100521500006,13.19512215800006],[122.64408584900002,13.197637818000032],[122.64652186500007,13.19691418800005],[122.65537235500005,13.201048593000053],[122.65779889300006,13.208398923000061],[122.663525907,13.21107921600003],[122.66330607500004,13.212544961000049],[122.65712438900005,13.214542527000049],[122.65623141000003,13.217900309000072],[122.65913433100002,13.220057792000034],[122.66033646000005,13.227436656000066],[122.657627466,13.227994634000027],[122.65287445600006,13.225207844000067],[122.65186899200012,13.22765692300004],[122.64833548100012,13.228669641000067],[122.64890749800009,13.231705437000073],[122.65343358500002,13.235938229000055],[122.6551556500001,13.241529043000071],[122.65516744500007,13.243593162000025],[122.65291460700007,13.245327022000026],[122.65493235100007,13.25756524600007],[122.65067764300011,13.257117746000063],[122.65017366300003,13.260589519000064],[122.64413169600004,13.265083256000025],[122.64550474000009,13.273008724000022],[122.6413167710001,13.277480452000077],[122.64024879200008,13.280980226000054],[122.6401625960001,13.291515006000054],[122.63781543800008,13.291810908000059],[122.63364772900002,13.300341924000065],[122.63105983700007,13.300512444000049],[122.63093947000004,13.302197583000066],[122.62807573700002,13.303707186000054],[122.62885310700005,13.307448596000029],[122.624675367,13.309153796000032],[122.62733347300002,13.312062666000031],[122.62229310200007,13.313451903000043],[122.6219420320001,13.31823147800003],[122.6119820350001,13.317300984000042],[122.60819002800008,13.315439128000037],[122.60915099700003,13.310213468000029],[122.6041920030001,13.310358486000041],[122.6011860320001,13.31474021400004],[122.596792047,13.316646112000058],[122.59653208800012,13.32359165500003],[122.5923361990001,13.341772479000042],[122.5942662650001,13.353547691000074],[122.5931143030001,13.359718290000046],[122.58990231000007,13.360399263000033],[122.58901033100005,13.363872039000057],[122.58458537000001,13.369745677000026],[122.58360041700007,13.377495171000021],[122.58189143200002,13.379817027000058],[122.58350944800009,13.382781823000073],[122.58377648100009,13.388469446000045],[122.58235749800008,13.39112128000005],[122.58328856500009,13.402830503000075],[122.586728676,13.422256203000074],[122.57135576600001,13.434772465000037],[122.56017881600008,13.441267100000061],[122.55930183700002,13.444738877000077],[122.55510235600002,13.446350444000075],[122.54807468400008,13.43836725500006],[122.53469744800009,13.436178813000026],[122.5173748520001,13.427702454000041],[122.50922371700005,13.42018130200006],[122.50623207600006,13.419348763000073],[122.50303030000009,13.414864540000053],[122.50345945000004,13.412139420000074],[122.49803066000004,13.412353990000042],[122.4933528900001,13.41025114000007],[122.4939751600001,13.404672150000067],[122.49032907800006,13.40301835200006]]]}},{"type":"Feature","properties":{"shapeName":"San Narciso","shapeISO":"","shapeID":"30758251B81535360880656","shapeGroup":"PHL","shapeType":"ADM3","psgc_code":"0405644000","legacy_psgc_code":"045644000","province":"Quezon"},"geometry":{"type":"Polygon","coordinates":[[[122.4003048730001,13.660564538000074],[122.40658230600002,13.654656423000063],[122.40372301600007,13.651040740000042],[122.41486926400012,13.651681555000039],[122.43926783200004,13.644753815000058],[122.44803354300007,13.635341785000037],[122.45348686600005,13.62395040000007],[122.45706182200001,13.619628137000063],[122.45688004400006,13.610660451000058],[122.46582753200005,13.595027594000044],[122.47173548700005,13.592892729000027],[122.47607173600011,13.587858270000027],[122.47985676700011,13.579296015000068],[122.49249803700002,13.567904173000045],[122.50032533400008,13.563145323000072],[122.49468453500003,13.55469331200004],[122.5099291780001,13.535954943000036],[122.51186147500005,13.52763993800005],[122.51670201000002,13.518679903000077],[122.522460668,13.512681806000046],[122.52434087800009,13.507935045000067],[122.52964245600003,13.507133644000021],[122.53072126500001,13.505222610000033],[122.53380357700007,13.505869896000036],[122.53448168600005,13.500599141000066],[122.5365160120001,13.500969019000024],[122.53605366500005,13.49686954300006],[122.53916680100008,13.494496163000065],[122.53756399800011,13.493848877000062],[122.54068174100007,13.491430516000037],[122.54265329900011,13.492431942000053],[122.54174575700006,13.487017981000065],[122.54443709000009,13.486454679000076],[122.548505384,13.478067734000035],[122.54881443900001,13.471594582000023],[122.55510235600002,13.446350444000075],[122.55930183700002,13.444738877000077],[122.56017881600008,13.441267100000061],[122.57135576600001,13.434772465000037],[122.586728676,13.422256203000074],[122.61990970900001,13.434219228000075],[122.63027070100009,13.435759700000062],[122.64142914500007,13.442839700000036],[122.64152369700003,13.440584658000034],[122.64365043100008,13.44075259300007],[122.64263585300012,13.441358515000047],[122.64337705800006,13.443811551000067],[122.64553008300004,13.445176310000022],[122.64694588000009,13.442093439000075],[122.6495392920001,13.444670402000042],[122.65079765700011,13.444501149000075],[122.65016188800007,13.446105217000024],[122.64549770700012,13.449453904000052],[122.64579681700002,13.452663293000057],[122.6433789460001,13.456434418000072],[122.62663798500012,13.473778116000062],[122.62436122200006,13.478491761000043],[122.62500645800003,13.480364782000038],[122.6188670900001,13.489154326000062],[122.61472712500006,13.488379119000058],[122.61230106500011,13.48954597900007],[122.60543808000011,13.498198290000062],[122.59855725900002,13.510612217000073],[122.59857659500005,13.51747569500003],[122.60070454200002,13.522051275000024],[122.58374438600003,13.526903314000037],[122.57528100800005,13.535306802000036],[122.56335219300001,13.554238343000065],[122.5649292920001,13.563009350000073],[122.57268342000009,13.565224304000026],[122.58061785400002,13.562793371000055],[122.58591430100012,13.55687701900007],[122.58996228500007,13.547404652000068],[122.59257810500003,13.545891894000022],[122.59435164900003,13.541178260000038],[122.60513297200009,13.532659182000032],[122.60731335900005,13.527696744000025],[122.60624204900012,13.524361370000065],[122.607212666,13.522177403000057],[122.61791855800004,13.513439711000046],[122.62293661800004,13.512917878000053],[122.63079381300008,13.515322527000023],[122.6331162680001,13.514285082000072],[122.6354071830001,13.515189860000078],[122.63707290700006,13.518996714000025],[122.63422480100007,13.528953963000049],[122.6270438790001,13.533620148000068],[122.62571185600007,13.532439173000057],[122.62273035600003,13.533383163000053],[122.6167424780001,13.539801021000073],[122.61205086300004,13.541168545000062],[122.603644099,13.552623614000026],[122.59536010200009,13.558698513000024],[122.59000596400006,13.558791606000057],[122.58769728000004,13.563534305000076],[122.58241123900007,13.565421560000061],[122.57997014400007,13.567880137000031],[122.57930203900003,13.571588104000057],[122.57473494400006,13.572677784000064],[122.57360606800012,13.574051014000077],[122.57462591100011,13.574799312000039],[122.56680477900011,13.578254341000047],[122.5638758550001,13.577197105000039],[122.54860309500009,13.582558664000032],[122.5450610800001,13.582397291000063],[122.54346477600006,13.585562891000052],[122.5476288640001,13.588366643000029],[122.54987530800008,13.595111982000049],[122.54646560900005,13.600926882000067],[122.5399445380001,13.602460505000067],[122.53743863500006,13.60555075600007],[122.53829257400002,13.607373970000026],[122.53721182100003,13.609364738000068],[122.53302327000006,13.609966674000077],[122.52896143100008,13.614248377000024],[122.52685286100007,13.61393948500006],[122.5212867670001,13.621479332000035],[122.51877324300006,13.628094240000053],[122.51256024800011,13.631164712000043],[122.49706499000001,13.646851930000025],[122.49719833600011,13.655094413000029],[122.50251293000008,13.661271641000042],[122.50120651200007,13.67107356300005],[122.49648844700005,13.671611749000022],[122.49295988400002,13.669828081000048],[122.489994195,13.672149843000057],[122.48913032400003,13.675693264000074],[122.48625760800007,13.67078036600003],[122.47785028800001,13.667179820000058],[122.47794098200006,13.669837150000035],[122.47561389300006,13.67181043200003],[122.47143165400007,13.670452130000058],[122.46935964900001,13.675597507000077],[122.46409698900004,13.676769167000032],[122.46335564200001,13.678368662000025],[122.46067903500011,13.67816107300007],[122.45901235500003,13.674913226000058],[122.45758329700004,13.674858262000043],[122.456191138,13.676521140000034],[122.45364458400002,13.676723517000028],[122.45879456600005,13.682555481000065],[122.45747336900001,13.682600857000068],[122.45737410800007,13.684266235000052],[122.45530093100001,13.683232880000048],[122.45618108200006,13.687467233000064],[122.45377129700012,13.688778153000044],[122.45347031800009,13.693294562000062],[122.44484208400002,13.693830652000031],[122.44232256300006,13.69045729800007],[122.44321967600001,13.696764749000067],[122.44116929400002,13.696484504000068],[122.44026022300011,13.693280946000073],[122.43966568400003,13.696350080000059],[122.43474440800003,13.696917803000076],[122.425251591,13.692676977000076],[122.42484804600008,13.691107650000049],[122.42255212200007,13.69266762500007],[122.41499266700009,13.688576389000048],[122.41741691700008,13.68224517300007],[122.4230289940001,13.677705993000075],[122.4227966740001,13.672184554000069],[122.41133695400003,13.67371982700007],[122.40793742000005,13.667633564000027],[122.4003048730001,13.660564538000074]]]}},{"type":"Feature","properties":{"shapeName":"Sariaya","shapeISO":"","shapeID":"30758251B55152096669132","shapeGroup":"PHL","shapeType":"ADM3","psgc_code":"0405645000","legacy_psgc_code":"045645000","province":"Quezon"},"geometry":{"type":"Polygon","coordinates":[[[121.42720971500012,13.838078787000029],[121.4306124310001,13.836064172000022],[121.42487732500001,13.835650523000027],[121.42395368700011,13.83423668200004],[121.42494565800007,13.831986484000026],[121.42751214400005,13.83471750800004],[121.42961843600006,13.834167226000034],[121.43642077100003,13.828306719000068],[121.4407367440001,13.829096767000067],[121.44295710200004,13.824241419000032],[121.44642278000003,13.830459961000031],[121.44933513900003,13.830687677000071],[121.45229543700009,13.826528877000044],[121.45009019500003,13.821878691000052],[121.45064150500002,13.820044984000049],[121.45665641300002,13.818242209000061],[121.4603869230001,13.816497863000052],[121.46409692100008,13.826584548000028],[121.47087491200011,13.836426412000037],[121.49473621200002,13.85266938600006],[121.49974425000005,13.854780963000053],[121.50102342100001,13.853756715000031],[121.51395859500008,13.859038314000031],[121.52191995400005,13.859112382000035],[121.53129145000003,13.865168267000058],[121.55411840500005,13.871572593000053],[121.56094759300004,13.877369335000026],[121.57074229600005,13.88274169500005],[121.5754159380001,13.875455689000034],[121.57451113200011,13.873498580000046],[121.57555996400004,13.875405691000026],[121.57138249400009,13.883153191000076],[121.58440324300011,13.890172180000036],[121.58197765700004,13.890231707000055],[121.573554392,13.899745947000042],[121.57621391100008,13.909378849000063],[121.57191509000006,13.914885128000037],[121.57342939500006,13.91837842600006],[121.57266497400008,13.920795439000074],[121.5650570250001,13.924915504000069],[121.56247381000003,13.931575185000042],[121.55923661600002,13.932861342000024],[121.56072986700008,13.93432189400005],[121.55604302100005,13.93937932800003],[121.55637001000002,13.942790916000035],[121.55469601200002,13.946192129000053],[121.55342636600005,13.952598465000051],[121.55081608300009,13.954430242000058],[121.55147683100006,13.959016227000063],[121.54857424700003,13.965417352000031],[121.54790793000006,13.971324965000065],[121.54436217200009,13.975959437000029],[121.5449808950001,13.977666874000022],[121.53113807800003,13.996434328000078],[121.53064871300012,14.00100883400006],[121.52609548300006,14.005913131000057],[121.52537207300009,14.009881249000045],[121.52290396700005,14.010136570000043],[121.5224571550001,14.012689783000042],[121.52088267400006,14.01229616300003],[121.52066990600008,14.015743],[121.519343047,14.014639774000045],[121.51888299600012,14.016119939000077],[121.5169827850001,14.016299959000037],[121.51714280300007,14.019160276000036],[121.51472253400004,14.020800459000043],[121.51534260300002,14.022420639000075],[121.51296941100009,14.02613305500006],[121.5121111520001,14.034472239000024],[121.5100770140001,14.035204528000065],[121.50964693900005,14.038075568000068],[121.50626445900002,14.040749006000055],[121.5048383830001,14.045092456000077],[121.49406640900008,14.054904308000062],[121.47868212900005,14.06108342400006],[121.47884427000008,14.053502026000046],[121.47439888200006,14.038031180000075],[121.47590429200011,14.033170829000028],[121.47071903200003,14.01875612300006],[121.46803496400003,14.015688295000075],[121.47200810200002,14.008287361000043],[121.46839052700011,14.001771485000063],[121.46682290700005,14.001665505000062],[121.4689071790001,13.99467082800004],[121.4602344870001,13.986854808000032],[121.4590096180001,13.980526140000052],[121.46154938600012,13.981561279000061],[121.46133657300004,13.980620096000052],[121.45779145400002,13.977986001000033],[121.45870467500004,13.976259008000056],[121.46047173300008,13.97707781400004],[121.46117655100011,13.97574596000004],[121.46362801400005,13.97574674200007],[121.4666342270001,13.968167645000051],[121.46659983500001,13.964619563000042],[121.4657637040001,13.957912150000027],[121.46148482400008,13.946709783000074],[121.46045894400004,13.92701657200007],[121.45742169300001,13.923301237000032],[121.457715817,13.922010615000033],[121.45993066900007,13.921758857000043],[121.45871955900009,13.91156569800006],[121.4548055140001,13.903763226000024],[121.45581955600005,13.896684933000074],[121.449761437,13.886619130000042],[121.44398598700002,13.88701401700007],[121.44161425200002,13.859514170000068],[121.44432219500004,13.850455741000076],[121.42636320600002,13.850469845000077],[121.42720971500012,13.838078787000029]]]}},{"type":"Feature","properties":{"shapeName":"Tagkawayan","shapeISO":"","shapeID":"30758251B29801061309945","shapeGroup":"PHL","shapeType":"ADM3","psgc_code":"0405646000","legacy_psgc_code":"045646000","province":"Quezon"},"geometry":{"type":"Polygon","coordinates":[[[122.79251799700012,14.013752262000025],[122.71850226100003,14.042740808000076],[122.67783639000004,14.056025183000031],[122.6416175170001,14.070068482000067],[122.538911374,14.116739880000068],[122.45199363600011,14.150213563000023],[122.44549226600009,14.14111649800003],[122.44662851400005,14.135111727000037],[122.43494321800006,14.124279698000066],[122.43217796400006,14.113516736000065],[122.42921870000009,14.110982998000054],[122.42701743000009,14.110995305000074],[122.42633569600002,14.107850184000029],[122.43058295700007,14.104613483000037],[122.43537285100001,14.075899598000035],[122.43934846900004,14.071375902000057],[122.43948927800011,14.068274582000072],[122.43773044400007,14.06768104300005],[122.43867889100011,14.065955935000034],[122.43609411700004,14.062082278000048],[122.43680593900001,14.060932777000062],[122.43907611800012,14.061680401000046],[122.44163378100006,14.058474011000044],[122.44230109800003,14.054321784000024],[122.43716957100003,14.056932295000024],[122.43739293600004,14.050909402000059],[122.4307989350001,14.052348292000033],[122.42806106100011,14.04923874900004],[122.42986488300005,14.047781013000076],[122.42720450200011,14.044190445000027],[122.42863267900009,14.041873630000055],[122.42737125200006,14.038637210000047],[122.42416652500003,14.03830583000007],[122.42324666700006,14.036682239000072],[122.41778482000007,14.040046142000051],[122.41400152500012,14.038785546000042],[122.41270851400009,14.039943372000039],[122.41261634600005,14.037911790000067],[122.41091132100007,14.036969071000044],[122.40793679700005,14.040281633000063],[122.4036105890001,14.040382566000062],[122.40255722600011,14.042984836000073],[122.39988377300006,14.04169786400007],[122.40145423700005,14.045320574000073],[122.39953161500011,14.048817580000048],[122.39656701700005,14.047163345000058],[122.3950187800001,14.047569506000059],[122.39580615800003,14.049650402000054],[122.3928954920001,14.048783038000067],[122.39156544600007,14.050030454000023],[122.39021189100004,14.047260233000031],[122.38752915000009,14.049133724000058],[122.38702182100008,14.047375506000037],[122.38842719800004,14.046173776000046],[122.38591520300008,14.044750240000042],[122.38587290300006,14.046989440000061],[122.38269800400008,14.046757563000028],[122.38181497300002,14.048827183000071],[122.38017414900003,14.045523885000023],[122.37764587600009,14.044066765000025],[122.37813963700012,14.042898913000045],[122.3767968200001,14.042991910000069],[122.37668060700003,14.040764635000073],[122.37890017500001,14.038951764000046],[122.37293366900008,14.030487502000028],[122.37718730100005,14.026752282000075],[122.37606695000011,14.024953414000038],[122.37330591000011,14.02445381800004],[122.37388260900002,14.022612868000067],[122.37736020500006,14.02317110000007],[122.37688868700002,14.02104868400005],[122.38026705100003,14.020754289000024],[122.37605296600009,14.01642570200005],[122.37555662300008,14.01207805100006],[122.36990736300004,14.009677450000027],[122.37261903400008,14.007018275000064],[122.37294515000008,14.004653129000076],[122.3744051110001,14.005938380000032],[122.37327091100008,14.000538859000073],[122.3752643790001,13.99936096600004],[122.37507117500002,13.992151119000027],[122.37222250100001,13.991221507000034],[122.37212140800011,13.989488876000053],[122.37383901100009,13.985960584000054],[122.39001003300007,13.975545691000036],[122.39330948600002,13.974790188000043],[122.39775358800011,13.978553409000028],[122.40127278900002,13.974994485000025],[122.40442380700006,13.974283495000066],[122.414174967,13.962553123000077],[122.41843741600007,13.954437382000037],[122.42148935400007,13.943531610000036],[122.43321602200001,13.944752536000067],[122.43343917000004,13.943436925000071],[122.43776370600006,13.943419859000073],[122.44794988900003,13.93476469500007],[122.44884026900002,13.931319691000056],[122.44756467900004,13.92909987400003],[122.44882319800001,13.92607952800006],[122.45217204100004,13.926047954000069],[122.45728688400004,13.930170080000039],[122.46662247900008,13.93366072200007],[122.47112206600002,13.933914323000067],[122.47308523900006,13.932267946000024],[122.472252636,13.931485242000065],[122.473925258,13.931615126000054],[122.47416486500003,13.935867485000074],[122.47660849500005,13.931307220000065],[122.47934284500002,13.93100065300007],[122.4804739010001,13.933069688000046],[122.48086164200004,13.930880890000026],[122.48389812700009,13.929066770000077],[122.48423186900004,13.925406573000032],[122.48501380500011,13.927196221000031],[122.49025107900002,13.928908980000074],[122.49329932300009,13.925974852000024],[122.49785090400007,13.925738055000068],[122.50290748200007,13.93003886300005],[122.50392104500008,13.92646475600003],[122.50490269800002,13.928449280000052],[122.50946176800005,13.925841174000027],[122.5074961570001,13.929058094000027],[122.50846458100011,13.932826299000055],[122.51055868800006,13.930651908000073],[122.51203268900008,13.930411432000028],[122.51142446300003,13.932562294000036],[122.51497236700004,13.928882405000024],[122.5176274690001,13.928851420000058],[122.52470197500008,13.92274431900006],[122.52843822000011,13.926096764000022],[122.5247993700001,13.935326670000052],[122.52763816600009,13.938530624000066],[122.5311032940001,13.938715598000044],[122.53071558700003,13.940240436000067],[122.53368855200006,13.943965472000059],[122.53281662200004,13.953864029000044],[122.52939066200008,13.958505927000033],[122.52575650900008,13.957725383000025],[122.52734750700006,13.959091271000034],[122.52591672500012,13.958803648000071],[122.52659045500002,13.95993648600006],[122.52756690000001,13.959427707000032],[122.53031252500011,13.962686435000023],[122.53121419900003,13.961810662000062],[122.53697040700001,13.963727343000073],[122.53803396,13.96110956900003],[122.54067739600009,13.960253450000039],[122.5437534570001,13.954134853000028],[122.5485354870001,13.95036959600003],[122.54862663100005,13.946712708000064],[122.55091044800008,13.945774870000037],[122.55241423100006,13.947554817000025],[122.57204341200008,13.955299199000024],[122.58387379100009,13.96181139600003],[122.59492760000012,13.962740007000036],[122.6201502670001,13.967995488000042],[122.62832535300004,13.972545667000077],[122.66522009700009,13.983192314000064],[122.79251799700012,14.013752262000025]]]}},{"type":"Feature","properties":{"shapeName":"City of Tayabas","shapeISO":"","shapeID":"30758251B70245066805584","shapeGroup":"PHL","shapeType":"ADM3","psgc_code":"0405647000","legacy_psgc_code":"045647000","province":"Quezon"},"geometry":{"type":"Polygon","coordinates":[[[121.74190521000003,14.056684970000049],[121.74310684000011,14.058980940000026],[121.74709797000003,14.06082630000003],[121.7544892730001,14.060963303000051],[121.75329448100001,14.062964220000026],[121.7540430250001,14.065195458000062],[121.75166783500003,14.06685089900003],[121.75258912000004,14.069125323000037],[121.74959494300003,14.069989028000066],[121.7490479170001,14.071255790000066],[121.75068895600009,14.072004334000042],[121.74598177200005,14.076898667000023],[121.74673031700002,14.07938901600005],[121.74191099200004,14.086188810000067],[121.73948844200004,14.085493799000062],[121.7297974810001,14.090591526000026],[121.72721017300012,14.089552925000078],[121.72255109000002,14.093940605000057],[121.71877251600006,14.095071302000065],[121.70971870000005,14.08790588000005],[121.7093753800001,14.08955812000005],[121.70334578000006,14.092690940000068],[121.70068502000004,14.092111590000059],[121.69717951700011,14.093754124000043],[121.69551431000002,14.092647950000071],[121.69678821000002,14.094615],[121.69395477300009,14.094916634000072],[121.69288052700006,14.093319037000072],[121.69048654900007,14.09715333400004],[121.68428355900005,14.098058313000024],[121.67443529000002,14.096266612000022],[121.66442156000005,14.085330960000022],[121.66270494000003,14.090309140000045],[121.65937901000007,14.090759750000075],[121.65695429000004,14.092905520000045],[121.65765618400007,14.101296310000066],[121.65332708000005,14.099037647000046],[121.64172159700001,14.099419476000037],[121.638117469,14.09626628500007],[121.62754504000009,14.095633750000047],[121.62208792000001,14.091362330000038],[121.61778555700005,14.090410199000075],[121.61030151700004,14.083057718000077],[121.60837052900001,14.084746620000033],[121.60201552700005,14.083858715000076],[121.60089159000006,14.075347360000023],[121.59878048300004,14.076286223000068],[121.59249005000004,14.074022231000072],[121.59362345700004,14.071558559000039],[121.5879808200001,14.063041777000024],[121.58231723500012,14.06232166500007],[121.57869721200007,14.065260501000068],[121.5740846010001,14.065766526000061],[121.56470754500003,14.06172078800006],[121.56402456100011,14.063280726000073],[121.55775738300008,14.063247458000035],[121.55439479400002,14.065434297000024],[121.55225870800007,14.064841625000042],[121.55214758200009,14.062137561000043],[121.52721787100006,14.061032169000043],[121.520486935,14.056508894000046],[121.51223407000009,14.058858155000053],[121.5060186400001,14.057448725000029],[121.49191249700004,14.067316409000057],[121.48737778300006,14.068562180000072],[121.48317533400007,14.068661724000037],[121.47859448800011,14.064792674000046],[121.47868212900005,14.06108342400006],[121.49406640900008,14.054904308000062],[121.5048383830001,14.045092456000077],[121.50626445900002,14.040749006000055],[121.50964693900005,14.038075568000068],[121.5100770140001,14.035204528000065],[121.5121111520001,14.034472239000024],[121.51296941100009,14.02613305500006],[121.51534260300002,14.022420639000075],[121.51472253400004,14.020800459000043],[121.51714280300007,14.019160276000036],[121.5169827850001,14.016299959000037],[121.51888299600012,14.016119939000077],[121.519343047,14.014639774000045],[121.52066990600008,14.015743],[121.52088267400006,14.01229616300003],[121.5224571550001,14.012689783000042],[121.52290396700005,14.010136570000043],[121.52537207300009,14.009881249000045],[121.52609548300006,14.005913131000057],[121.53064871300012,14.00100883400006],[121.53113807800003,13.996434328000078],[121.5449808950001,13.977666874000022],[121.54436217200009,13.975959437000029],[121.54790793000006,13.971324965000065],[121.54857424700003,13.965417352000031],[121.55147683100006,13.959016227000063],[121.55081608300009,13.954430242000058],[121.55342636600005,13.952598465000051],[121.55469601200002,13.946192129000053],[121.56729127500012,13.951044448000061],[121.57560858700003,13.95873444600005],[121.57616633100008,13.961014997000063],[121.5779949680001,13.960274053000035],[121.5846044110001,13.96608099100007],[121.58579722400009,13.964677681000069],[121.58492348700008,13.96952641200005],[121.59329090000006,13.96474784700007],[121.59648625500006,13.973657923000076],[121.59989804300005,13.976628730000073],[121.60250437900004,13.975871447000031],[121.60548777200006,13.96892077700005],[121.60675730100002,13.968682740000077],[121.6059003690001,13.973300651000045],[121.60982004000005,13.972459589000039],[121.60856638000007,13.975617542000066],[121.60939157400003,13.979410259000076],[121.61228211900004,13.980200728000057],[121.61227213100005,13.982100930000058],[121.61578902000008,13.985017824000067],[121.61361058000011,13.987897796000027],[121.61549363800009,13.988239331000045],[121.61510595000004,13.990113159000032],[121.6264972780001,13.984284178000053],[121.63062309400004,13.980536982000046],[121.63159389100008,13.983883006000042],[121.63451588900011,13.983814993000067],[121.63956693700004,13.99220242000007],[121.64614561200005,13.999491286000023],[121.64504355000008,14.005530934000035],[121.6491220480001,14.006884648000039],[121.64817618300003,14.008811087000026],[121.65019807700003,14.00821232900006],[121.65303303600001,14.009900196000046],[121.65290305200006,14.012342039000032],[121.65723708400003,14.018140638000034],[121.68533675000003,14.027357700000039],[121.69154146000005,14.035125120000032],[121.70079483000006,14.042732370000067],[121.70803322400002,14.046516504000067],[121.71544921600002,14.046142485000075],[121.72046920000003,14.044169583000041],[121.72658023400004,14.050374146000024],[121.73842907000005,14.056384560000026],[121.74018860000001,14.055376050000064],[121.74190521000003,14.056684970000049]]]}},{"type":"Feature","properties":{"shapeName":"Tiaong","shapeISO":"","shapeID":"30758251B22989008298037","shapeGroup":"PHL","shapeType":"ADM3","psgc_code":"0405648000","legacy_psgc_code":"045648000","province":"Quezon"},"geometry":{"type":"Polygon","coordinates":[[[121.40066449000005,13.973196815000051],[121.39581597100005,13.973529724000059],[121.3929239690001,13.972240156000055],[121.39314466700012,13.973822469000027],[121.39003424500004,13.975578943000073],[121.38336400600008,13.97744487500006],[121.37528701600002,13.982047700000066],[121.36758739200002,13.982958410000037],[121.3650569780001,13.981821377000074],[121.36041415200009,13.985486766000065],[121.35543533200007,13.985211862000028],[121.35268040900007,13.988253770000028],[121.34944853000002,13.987899814000059],[121.34675700100001,13.992754582000032],[121.34702787600008,13.997748523000041],[121.34455920700009,14.001385881000033],[121.34016482200002,14.003546805000042],[121.33909631000006,14.003020073000073],[121.33948608900005,13.999352093000027],[121.33163900400007,13.991656224000053],[121.3293513110001,13.985808889000054],[121.32560783400004,13.985424943000055],[121.32230795700002,13.982962256000064],[121.31800608100002,13.983665856000073],[121.31185507100008,13.981500032000042],[121.30509403600001,13.975159481000048],[121.29971602100011,13.972365693000029],[121.29882300700001,13.96993285600007],[121.29650904300001,13.971887738000078],[121.29011039500006,13.972933940000075],[121.28646736900009,13.975017004000051],[121.28442167000003,13.973587817000066],[121.27842933000011,13.974127137000039],[121.271568064,13.970141961000024],[121.2687327110001,13.966524442000036],[121.26162803600005,13.96823543100004],[121.25788830400006,13.96563635800004],[121.24647366500005,13.963490883000077],[121.24213681300012,13.948381851000022],[121.25574336700004,13.94382811500003],[121.26223797300008,13.94339578000006],[121.26992720600003,13.933389547000047],[121.27136913400011,13.921706294000046],[121.27354411800002,13.919190444000037],[121.28458657500005,13.914717042000063],[121.29080970400003,13.919645360000061],[121.29317113400009,13.918662275000031],[121.29622173700011,13.921256808000066],[121.29867438100007,13.920121700000038],[121.30180215300004,13.920828540000059],[121.30116250600008,13.919796382000072],[121.30246360600006,13.919207616000051],[121.30518937500005,13.919905413000038],[121.31645070200011,13.928918380000027],[121.32528683400005,13.928798738000069],[121.33310328800007,13.917996032000076],[121.3304288810001,13.915565677000075],[121.3333303930001,13.913643765000074],[121.32691118700006,13.911216487000047],[121.33397684300007,13.892935604000058],[121.33720179600004,13.888239222000038],[121.34583420100012,13.883291893000035],[121.35258282500001,13.883513907000065],[121.35752193000008,13.880731844000024],[121.3596556230001,13.882057320000058],[121.36334109400002,13.880602529000043],[121.36965339300002,13.874903506000066],[121.37078118500006,13.871015592000049],[121.37388261300009,13.870288463000065],[121.37428327600003,13.866905087000077],[121.3750440770001,13.859404078000068],[121.37956358200006,13.856001212000024],[121.3783460090001,13.852355187000057],[121.37944064800001,13.850237836000076],[121.38356483600012,13.848711901000058],[121.38767822800003,13.844806436000056],[121.39231832000007,13.845912751000071],[121.39553095000008,13.843121780000047],[121.39552782700002,13.84550994700004],[121.39811067200003,13.845612200000062],[121.39636026500011,13.855445344000032],[121.39304880200007,13.86315892400006],[121.38004844200009,13.883103646000052],[121.3780350290001,13.888469310000062],[121.37814151000009,13.894101945000045],[121.369948055,13.901719100000037],[121.37114792900002,13.906993549000049],[121.37370599600001,13.909468291000053],[121.37385918900009,13.91201836700003],[121.37095628300006,13.917059165000069],[121.372589446,13.920583797000063],[121.37533915900008,13.921125407000034],[121.37483921100011,13.922683578000033],[121.37658902800001,13.924325073000034],[121.37497253000004,13.927408084000035],[121.37657236300004,13.930249454000034],[121.37966211600008,13.930908384000077],[121.38330747600003,13.939475652000056],[121.38721799100006,13.940968816000066],[121.38853645800009,13.944834950000029],[121.39507959200012,13.953578449000076],[121.39421338800003,13.960696743000028],[121.40066449000005,13.973196815000051]]]}},{"type":"Feature","properties":{"shapeName":"Unisan","shapeISO":"","shapeID":"30758251B81181163877224","shapeGroup":"PHL","shapeType":"ADM3","psgc_code":"0405649000","legacy_psgc_code":"045649000","province":"Quezon"},"geometry":{"type":"Polygon","coordinates":[[[121.94890565800006,13.851504222000074],[121.95672506300002,13.847131328000046],[121.96108784600005,13.839225824000039],[121.96328883500007,13.841136536000022],[121.96818160500004,13.83948523500004],[121.96995256100001,13.841008257000055],[121.97532501800004,13.84048830200004],[121.9745990990001,13.838735257000053],[121.97979196900008,13.833730076000052],[121.97859660400002,13.829134550000049],[121.9824374640001,13.829125017000024],[121.97656402000007,13.820989117000067],[121.9788284760001,13.81972193200005],[121.97808300500003,13.817753564000043],[121.97940857800006,13.815532853000036],[121.97778737200008,13.814101723000022],[121.97943623100002,13.813317452000035],[121.98064205300011,13.805884823000042],[121.98545859600006,13.805203324000047],[121.98926503700011,13.802843550000034],[121.99257198200007,13.803222910000045],[122.00333283000009,13.809691027000042],[122.00633381000011,13.809498093000059],[122.01292330400008,13.801565272000062],[122.01546384400001,13.800854729000037],[122.017112988,13.803983938000044],[122.02060825400008,13.804044861000023],[122.0214368290001,13.80289706900004],[122.02819058500006,13.806748809000055],[122.029103297,13.810167818000025],[122.03271032500004,13.808096012000021],[122.03499173600005,13.809670653000069],[122.03159061200006,13.822382809000032],[122.0326145460001,13.823535676000063],[122.04198227600011,13.827662987000053],[122.04403759600007,13.823403023000026],[122.04936191000002,13.828515436000032],[122.04926663300012,13.826514627000051],[122.0516485490001,13.82594296700006],[122.05025557500005,13.82086815200006],[122.05536431300004,13.817912198000045],[122.05766366700004,13.820280268000033],[122.05794381800001,13.826485880000064],[122.06194636400005,13.82755127300004],[122.059041911,13.828704793000043],[122.05771449500003,13.833723892000023],[122.06190666700002,13.838519483000027],[122.05758139200009,13.840444039000033],[122.0602755860001,13.84668283600007],[122.05981618900012,13.849701861000028],[122.05696746900003,13.85105997200003],[122.04848755900002,13.862653599000055],[122.04252512200003,13.865303571000027],[122.0427569950001,13.866727930000025],[122.041730131,13.866131687000063],[122.0403915710001,13.87079471100003],[122.0425629560001,13.874469843000043],[122.04023952200009,13.87832155700005],[122.041630757,13.877890937000075],[122.04358511100008,13.88315775600006],[122.03593331800005,13.889053943000022],[122.03633081300006,13.891372668000031],[122.0346745810001,13.890412054000024],[122.03503895200004,13.893890142000032],[122.03421083600006,13.892664530000047],[122.03202460900002,13.894387011000049],[122.03106399400008,13.893459521000068],[122.02960651,13.897467604000042],[122.02283375800005,13.902470691000076],[122.01959615700002,13.910331424000049],[122.01857749400006,13.909381375000066],[122.01697824400003,13.910727278000024],[122.01388530600002,13.909771951000039],[122.00891584500005,13.91084077000005],[122.00967361100004,13.912618333000069],[122.00620346900007,13.91368770300005],[122.00539613,13.917773972000077],[122.0048989710001,13.913444049000077],[122.00224690300001,13.911514534000048],[122.0038435560001,13.909939530000031],[122.00062860000003,13.908088495000072],[121.99846418100003,13.91133721500006],[121.99503119000008,13.912264175000075],[121.99066618300003,13.91058730900005],[121.98479219900003,13.912393226000063],[121.97566718100006,13.908232550000037],[121.971913201,13.911074387000042],[121.96645819900004,13.90992949300005],[121.94201369900009,13.917526572000043],[121.9487582050001,13.90857068400004],[121.94833117700011,13.903889991000028],[121.94442516000004,13.900621226000055],[121.94466112000009,13.894095649000064],[121.9462631020001,13.891302821000068],[121.94167107500004,13.886329171000057],[121.94183804300008,13.88104951300005],[121.95178926800008,13.85741820000004],[121.9486850940001,13.851599521000026],[121.94873607400007,13.851527278000049],[121.94890565800006,13.851504222000074]]]}}]}
